order_id,customer_id,store_id,order_date,status,shipping_method
ORD-02497,CUST-0063,STR-007,2023-04-18,cancelled,click_and_collect
ORD-00956,CUST-0009,STR-008,2024-04-07,completed,standard
ORD-00983,CUST-0180,STR-009,2022-05-01,refunded,standard
ORD-02193,CUST-0817,STR-011,2023-01-20,completed,standard
ORD-00200,CUST-0120,STR-004,2022-02-25,processing,standard
ORD-01559,CUST-0213,STR-008,2024-03-05,shipped,next_day
ORD-01912,CUST-0135,STR-005,2024-04-19,completed,click_and_collect
ORD-01607,CUST-0205,STR-007,2023-02-09,completed,express
ORD-02053,CUST-0468,STR-009,2024-12-25,completed,standard
ORD-01196,CUST-0007,STR-005,2022-12-07,,standard
ORD-02780,CUST-0366,STR-001,2023-11-09,cancelled,standard
ORD-00736,CUST-0499,STR-007,2023-11-28,processing,click_and_collect
ORD-01519,CUST-0377,STR-001,2024-09-16,shipped,express
ORD-01910,CUST-0038,STR-001,2022-07-29,shipped,standard
ORD-00060,CUST-0351,STR-002,2024-06-10,completed,standard
ORD-02515,CUST-0289,STR-001,2024-02-16,shipped,express
ORD-01831,CUST-0028,STR-003,2023-01-14,shipped,standard
ORD-00276,CUST-0221,STR-012,2022-10-01,completed,click_and_collect
ORD-00215,CUST-0034,STR-002,2024-08-09,cancelled,express
ORD-01466,CUST-0112,STR-009,2024-10-29,refunded,standard
ORD-02944,CUST-0403,STR-012,2024-10-23,completed,click_and_collect
ORD-02293,CUST-0110,STR-009,2023-11-06,completed,next_day
ORD-02107,CUST-0408,STR-002,2022-11-18,refunded,express
ORD-01922,CUST-0023,STR-002,2022-10-22,completed,standard
ORD-00974,CUST-0039,STR-008,2023-06-26,shipped,standard
ORD-00465,CUST-0429,STR-004,2022-09-18,cancelled,express
ORD-02465,CUST-0443,STR-007,2022-03-04,refunded,standard
ORD-01316,CUST-0441,STR-007,2023-05-06,refunded,standard
ORD-01811,CUST-0142,STR-007,2023-08-25,completed,standard
ORD-02295,CUST-0302,STR-012,2023-06-16,refunded,click_and_collect
ORD-01477,CUST-0400,STR-005,2024-02-01,completed,next_day
ORD-01935,CUST-0081,STR-010,2022-09-26,completed,express
ORD-02800,CUST-0176,STR-006,2023-05-07,shipped,standard
ORD-00476,CUST-0061,STR-012,2023-08-20,completed,next_day
ORD-00169,CUST-0058,STR-003,2023-10-16,cancelled,express
ORD-02816,CUST-0352,STR-010,2022-12-27,shipped,next_day
ORD-02172,CUST-0267,STR-011,2022-04-05,shipped,click_and_collect
ORD-01104,CUST-0219,STR-002,2022-03-13,completed,standard
ORD-01251,CUST-0061,STR-001,2022-10-13,completed,express
ORD-00467,CUST-0214,STR-002,2022-10-26,completed,standard
ORD-01076,CUST-0373,STR-010,2024-02-22,completed,express
ORD-00352,CUST-0369,STR-005,2024-09-28,completed,express
ORD-02841,CUST-0401,STR-001,2023-09-29,completed,standard
ORD-00157,CUST-0431,STR-012,2024-12-09,completed,standard
ORD-01677,CUST-0431,STR-003,2024-05-16,completed,standard
ORD-00319,CUST-0030,STR-002,2024-04-19,completed,next_day
ORD-01156,CUST-0313,STR-004,2022-02-26,shipped,standard
ORD-02946,CUST-0156,STR-012,2022-07-05,cancelled,next_day
ORD-01099,CUST-0319,STR-006,2022-11-12,shipped,standard
ORD-01757,CUST-0329,STR-011,2022-07-08,cancelled,standard
ORD-00326,CUST-0222,STR-005,2024-07-30,cancelled,standard
ORD-00233,CUST-0326,STR-011,2023-04-09,completed,next_day
ORD-00441,CUST-0016,STR-005,2024-02-25,completed,express
ORD-01209,CUST-0049,STR-003,2024-02-02,cancelled,click_and_collect
ORD-00300,CUST-0495,STR-005,2023-12-22,completed,click_and_collect
ORD-00700,CUST-0337,STR-005,2024-07-23,cancelled,standard
ORD-01198,CUST-0230,STR-008,2023-01-08,completed,standard
ORD-02373,CUST-0495,STR-001,2022-10-23,cancelled,click_and_collect
ORD-01100,CUST-0014,STR-010,2024-09-19,shipped,standard
ORD-00201,CUST-0193,STR-001,2023-03-04,processing,express
ORD-01463,CUST-0427,STR-005,2024-07-07,completed,standard
ORD-02061,CUST-0201,STR-011,2023-07-18,completed,express
ORD-00781,CUST-0173,STR-009,2023-07-27,shipped,click_and_collect
ORD-01716,CUST-0068,STR-012,2023-06-11,completed,standard
ORD-00444,CUST-0173,STR-004,2024-08-19,completed,next_day
ORD-02423,CUST-0195,STR-001,2022-02-26,shipped,next_day
ORD-01602,CUST-0333,STR-008,2027-12-28,completed,express
ORD-02334,CUST-0247,STR-001,2023-09-13,completed,click_and_collect
ORD-02191,CUST-0048,STR-010,2022-05-14,cancelled,standard
ORD-01858,CUST-0031,STR-008,2022-01-09,completed,next_day
ORD-01242,CUST-0084,STR-006,2023-07-13,completed,express
ORD-00429,CUST-0022,STR-006,2022-10-25,cancelled,click_and_collect
ORD-02231,CUST-0145,STR-001,2022-11-04,processing,express
ORD-00015,CUST-0449,STR-005,2024-09-30,shipped,next_day
ORD-00244,CUST-0449,STR-012,2024-09-24,completed,next_day
ORD-01622,CUST-0330,STR-006,2024-02-25,completed,standard
ORD-01942,CUST-0332,STR-006,2024-02-11,shipped,express
ORD-02978,CUST-0469,STR-003,2022-11-05,completed,click_and_collect
ORD-01710,CUST-0208,STR-004,2024-01-01,shipped,standard
ORD-02558,CUST-0034,STR-012,2022-04-04,shipped,standard
ORD-02199,CUST-0268,STR-010,2023-07-12,processing,click_and_collect
ORD-00354,CUST-0055,STR-004,2024-02-04,refunded,standard
ORD-01022,CUST-0358,STR-006,2022-02-12,,express
ORD-00047,CUST-0369,STR-003,2024-08-28,,express
ORD-01276,CUST-0271,STR-011,2023-09-24,completed,express
ORD-00281,CUST-0374,STR-002,2022-07-12,refunded,click_and_collect
ORD-00597,CUST-0449,STR-005,2023-01-20,completed,standard
ORD-02889,CUST-0278,STR-007,2023-02-21,completed,next_day
ORD-00645,CUST-0142,STR-006,2022-01-24,completed,click_and_collect
ORD-01417,CUST-0128,STR-001,2024-05-28,completed,standard
ORD-01343,CUST-0295,STR-007,2022-12-30,processing,standard
ORD-01781,CUST-0309,STR-011,2023-04-01,completed,standard
ORD-00774,CUST-0219,STR-008,2022-04-04,,next_day
ORD-00998,CUST-0409,STR-011,2023-09-03,completed,next_day
ORD-00878,CUST-0463,STR-009,2024-03-14,processing,click_and_collect
ORD-02688,CUST-0220,STR-001,2024-09-24,refunded,click_and_collect
ORD-00558,CUST-0072,STR-004,2024-10-11,completed,click_and_collect
ORD-02076,CUST-0444,STR-009,2022-02-18,completed,standard
ORD-02482,CUST-0101,STR-005,2024-03-30,completed,standard
ORD-02204,CUST-0302,STR-009,2023-06-13,shipped,click_and_collect
ORD-01527,CUST-0180,STR-001,2024-12-28,shipped,standard
ORD-02928,CUST-0439,STR-008,2022-11-09,shipped,next_day
ORD-00165,CUST-0111,STR-010,2022-01-20,completed,click_and_collect
ORD-02590,CUST-0392,STR-004,2023-09-13,shipped,next_day
ORD-02386,CUST-0199,STR-005,2022-03-09,processing,click_and_collect
ORD-01714,CUST-0379,STR-010,2023-10-05,,standard
ORD-00962,CUST-0288,STR-004,2023-02-19,completed,express
ORD-00709,CUST-0016,STR-009,2022-10-29,shipped,next_day
ORD-00229,CUST-0152,STR-003,2023-09-21,cancelled,standard
ORD-02337,CUST-0425,STR-010,2022-04-21,completed,standard
ORD-00311,CUST-0134,STR-002,2024-03-19,completed,standard
ORD-01395,CUST-0324,STR-006,2022-02-06,shipped,standard
ORD-01259,CUST-0278,STR-011,2023-08-26,refunded,standard
ORD-00448,CUST-0090,STR-008,2022-11-30,refunded,standard
ORD-00808,CUST-0060,STR-003,2024-06-17,,next_day
ORD-02049,CUST-0264,STR-001,2023-02-03,shipped,standard
ORD-02585,CUST-0203,STR-007,2022-11-06,completed,next_day
ORD-02057,CUST-0029,STR-011,2022-03-31,,next_day
ORD-00715,CUST-0863,STR-007,2024-03-08,completed,standard
ORD-02876,CUST-0415,STR-008,2024-04-10,refunded,next_day
ORD-02308,CUST-0363,STR-008,2022-06-28,completed,click_and_collect
ORD-01431,CUST-0272,STR-003,2022-02-16,completed,next_day
ORD-02546,CUST-0162,STR-007,2022-10-20,processing,express
ORD-02768,CUST-0174,STR-003,2022-12-17,cancelled,click_and_collect
ORD-02354,CUST-0139,STR-010,2024-06-04,completed,next_day
ORD-01660,CUST-0038,STR-010,2023-05-15,shipped,express
ORD-01035,CUST-0059,STR-002,2022-11-28,cancelled,standard
ORD-00139,CUST-0499,STR-008,2022-08-16,shipped,standard
ORD-00905,CUST-0350,STR-012,2024-03-19,shipped,standard
ORD-02882,CUST-0496,STR-002,2024-10-30,refunded,express
ORD-00152,CUST-0261,STR-012,2024-11-24,refunded,standard
ORD-00225,CUST-0280,STR-008,2023-07-27,cancelled,standard
ORD-00020,CUST-0166,STR-005,2024-04-22,processing,express
ORD-02601,CUST-0090,STR-007,2023-05-08,completed,next_day
ORD-00040,CUST-0288,STR-008,2023-10-04,completed,standard
ORD-02078,CUST-0422,STR-001,2023-02-08,refunded,standard
ORD-02159,CUST-0354,STR-012,2022-04-20,completed,click_and_collect
ORD-02991,CUST-0450,STR-010,2023-02-04,shipped,standard
ORD-00012,CUST-0145,STR-003,2022-07-01,completed,standard
ORD-01652,CUST-0286,STR-008,2022-03-29,completed,click_and_collect
ORD-00024,CUST-0181,STR-009,2022-04-11,shipped,next_day
ORD-02407,CUST-0001,STR-005,2024-12-28,refunded,standard
ORD-02921,CUST-0234,STR-010,2024-08-17,cancelled,standard
ORD-01719,CUST-0094,STR-011,2022-12-01,completed,next_day
ORD-02137,CUST-0437,STR-009,2023-08-10,completed,standard
ORD-02813,CUST-0467,STR-011,2022-11-12,shipped,standard
ORD-02158,CUST-0112,STR-008,2024-11-04,refunded,standard
ORD-01581,CUST-0215,STR-008,2024-02-19,completed,next_day
ORD-00025,CUST-0081,STR-009,2023-04-15,completed,standard
ORD-00211,CUST-0380,STR-011,2022-08-13,completed,express
ORD-00913,CUST-0208,STR-007,2023-01-13,shipped,click_and_collect
ORD-02096,CUST-0302,STR-010,2024-05-18,completed,next_day
ORD-02223,CUST-0368,STR-004,2022-05-28,completed,standard
ORD-01486,CUST-0476,STR-006,2022-11-17,refunded,click_and_collect
ORD-02239,CUST-0036,STR-001,2023-09-23,shipped,express
ORD-01992,CUST-0047,STR-010,2024-08-05,completed,express
ORD-01993,CUST-0270,STR-012,2023-02-23,completed,express
ORD-00852,CUST-0016,STR-004,2022-01-12,completed,next_day
ORD-01495,CUST-0433,STR-003,2022-12-06,completed,standard
ORD-01618,CUST-0149,STR-005,2024-08-13,completed,next_day
ORD-01098,CUST-0322,STR-012,2022-12-03,completed,standard
ORD-02415,CUST-0432,STR-007,2023-01-08,shipped,standard
ORD-01758,CUST-0257,STR-003,2022-10-28,shipped,standard
ORD-01250,CUST-0909,STR-003,2024-11-20,completed,standard
ORD-01049,CUST-0366,STR-012,2022-09-26,processing,express
ORD-02632,CUST-0429,STR-009,2023-09-18,,standard
ORD-00701,CUST-0402,STR-006,2023-05-24,refunded,standard
ORD-00533,CUST-0413,STR-010,2023-05-18,completed,express
ORD-00187,CUST-0110,STR-003,2023-04-12,shipped,standard
ORD-01756,CUST-0228,STR-004,2024-02-26,refunded,standard
ORD-00451,CUST-0175,STR-011,2024-10-07,processing,click_and_collect
ORD-02375,CUST-0052,STR-009,2023-07-27,completed,standard
ORD-00239,CUST-0486,STR-005,2024-04-02,refunded,click_and_collect
ORD-02569,CUST-0117,STR-004,2024-11-28,refunded,click_and_collect
ORD-01824,CUST-0027,STR-012,2024-02-05,completed,standard
ORD-01478,CUST-0284,STR-004,2022-12-26,shipped,next_day
ORD-00567,CUST-0461,STR-009,2022-02-03,completed,next_day
ORD-02614,CUST-0418,STR-003,2024-07-13,completed,standard
ORD-00568,CUST-0255,STR-010,2023-08-12,completed,express
ORD-01661,CUST-0209,STR-003,2023-01-04,refunded,express
ORD-01984,CUST-0027,STR-002,2022-10-26,shipped,standard
ORD-00199,CUST-0168,STR-006,2023-03-04,completed,express
ORD-01455,CUST-0481,STR-011,2024-08-03,shipped,standard
ORD-02060,CUST-0010,STR-002,2022-11-04,completed,standard
ORD-00114,CUST-0312,STR-012,2022-07-27,completed,standard
ORD-01502,CUST-0398,STR-004,2022-11-29,completed,express
ORD-02376,CUST-0069,STR-003,2022-06-02,cancelled,standard
ORD-02731,CUST-0048,STR-004,2023-04-16,shipped,express
ORD-02975,CUST-0284,STR-007,2022-05-10,completed,click_and_collect
ORD-01967,CUST-0071,STR-006,2026-07-29,refunded,express
ORD-00186,CUST-0396,STR-002,2023-10-05,shipped,express
ORD-02235,CUST-0372,STR-009,2023-08-18,shipped,standard
ORD-00725,CUST-0269,STR-011,2022-05-18,completed,standard
ORD-00135,CUST-0485,STR-001,2023-05-27,processing,click_and_collect
ORD-01295,CUST-0449,STR-006,2024-10-01,refunded,standard
ORD-02042,CUST-0477,STR-004,2024-10-28,completed,standard
ORD-00666,CUST-0175,STR-009,2023-08-25,completed,click_and_collect
ORD-02605,CUST-0498,STR-004,2024-05-22,refunded,click_and_collect
ORD-00976,CUST-0259,STR-003,2027-01-13,shipped,express
ORD-00255,CUST-0177,STR-006,2023-05-25,completed,standard
ORD-01117,CUST-0335,STR-009,2022-01-28,completed,standard
ORD-02037,CUST-0228,STR-007,2023-05-12,shipped,standard
ORD-00056,CUST-0497,STR-001,2024-06-19,processing,standard
ORD-01413,CUST-0215,STR-012,2022-11-09,completed,standard
ORD-01168,CUST-0431,STR-006,2023-04-13,shipped,standard
ORD-01893,CUST-0487,STR-010,2022-04-30,completed,next_day
ORD-01697,CUST-0153,STR-008,2024-12-11,refunded,standard
ORD-00351,CUST-0188,STR-009,2024-05-19,shipped,standard
ORD-02827,CUST-0266,STR-008,2023-12-08,processing,express
ORD-01408,CUST-0401,STR-007,2022-09-24,completed,next_day
ORD-00473,CUST-0157,STR-004,2024-11-26,completed,standard
ORD-00458,CUST-0287,STR-001,2022-10-29,shipped,standard
ORD-01631,CUST-0251,STR-008,2022-12-14,shipped,standard
ORD-01835,CUST-0128,STR-004,2024-11-29,completed,standard
ORD-01516,CUST-0249,STR-010,2022-10-14,refunded,standard
ORD-01101,CUST-0495,STR-010,2023-03-13,completed,standard
ORD-00067,CUST-0015,STR-010,2022-11-10,completed,standard
ORD-02179,CUST-0430,STR-012,2022-05-06,completed,standard
ORD-02718,CUST-0316,STR-009,2022-02-10,completed,click_and_collect
ORD-01281,CUST-0216,STR-002,2022-05-21,completed,click_and_collect
ORD-02323,CUST-0154,STR-010,2022-08-08,completed,click_and_collect
ORD-01247,CUST-0312,STR-009,2022-08-19,completed,standard
ORD-00837,CUST-0318,STR-001,2022-06-24,refunded,standard
ORD-00726,CUST-0046,STR-003,2023-10-06,completed,standard
ORD-02507,CUST-0496,STR-009,2023-12-23,shipped,express
ORD-00554,CUST-0187,STR-003,2023-12-08,completed,standard
ORD-01779,CUST-0337,STR-004,2023-11-06,completed,click_and_collect
ORD-00866,CUST-0422,STR-005,2024-06-01,completed,standard
ORD-02701,CUST-0028,STR-006,2023-10-26,cancelled,next_day
ORD-00003,CUST-0474,STR-004,2022-10-16,cancelled,next_day
ORD-01528,CUST-0154,STR-008,2024-04-22,completed,standard
ORD-02328,CUST-0002,STR-008,2022-02-15,shipped,standard
ORD-02702,CUST-0405,STR-003,2022-10-25,completed,standard
ORD-00288,CUST-0350,STR-003,2022-12-29,completed,next_day
ORD-01179,CUST-0068,STR-005,2024-02-04,shipped,standard
ORD-02929,CUST-0124,STR-011,2023-02-26,shipped,standard
ORD-01815,CUST-0183,STR-010,2023-01-10,processing,express
ORD-00977,CUST-0364,STR-010,2022-04-12,shipped,standard
ORD-00221,CUST-0453,STR-005,2022-09-27,shipped,click_and_collect
ORD-02444,CUST-0370,STR-007,2024-12-30,shipped,standard
ORD-00268,CUST-0283,STR-010,2023-01-17,refunded,express
ORD-02967,CUST-0160,STR-010,2023-02-22,cancelled,click_and_collect
ORD-02897,CUST-0138,STR-006,2024-06-23,processing,express
ORD-00791,CUST-0471,STR-006,2022-05-23,completed,click_and_collect
ORD-02079,CUST-0357,STR-008,2024-09-30,refunded,standard
ORD-02266,CUST-0183,STR-006,2022-04-21,shipped,standard
ORD-02416,CUST-0068,STR-007,2024-09-02,processing,express
ORD-01966,CUST-0417,STR-010,2024-01-23,completed,standard
ORD-02664,CUST-0329,STR-011,2023-09-27,completed,express
ORD-00642,CUST-0276,STR-002,2023-11-12,completed,standard
ORD-01894,CUST-0359,STR-012,2024-07-13,shipped,standard
ORD-02350,CUST-0164,STR-010,2022-03-27,completed,express
ORD-00610,CUST-0115,STR-008,2023-07-19,shipped,standard
ORD-01380,CUST-0278,STR-012,2022-06-18,cancelled,express
ORD-00029,CUST-0419,STR-012,2022-06-23,cancelled,click_and_collect
ORD-02245,CUST-0380,STR-006,2024-01-26,refunded,next_day
ORD-02102,CUST-0078,STR-001,2023-05-12,shipped,standard
ORD-02849,CUST-0160,STR-012,2024-02-16,completed,express
ORD-01330,CUST-0233,STR-003,2022-09-10,completed,standard
ORD-02971,CUST-0347,STR-002,2024-08-22,cancelled,next_day
ORD-01400,CUST-0485,STR-009,2022-01-24,shipped,express
ORD-01875,CUST-0475,STR-002,2022-03-09,completed,next_day
ORD-01222,CUST-0378,STR-012,2022-01-05,shipped,standard
ORD-02084,CUST-0352,STR-011,2023-04-04,refunded,standard
ORD-02367,CUST-0481,STR-010,2022-09-16,completed,standard
ORD-02582,CUST-0206,STR-004,2024-12-31,processing,standard
ORD-02612,CUST-0302,STR-010,2024-08-17,processing,next_day
ORD-00545,CUST-0315,STR-001,2023-01-29,shipped,express
ORD-01243,CUST-0454,STR-003,2022-02-16,processing,standard
ORD-01059,CUST-0029,STR-006,2024-01-25,shipped,express
ORD-02279,CUST-0026,STR-012,2022-10-26,processing,standard
ORD-01230,CUST-0233,STR-002,2023-09-17,completed,standard
ORD-00143,CUST-0425,STR-012,2024-01-15,cancelled,click_and_collect
ORD-00278,CUST-0277,STR-011,2022-01-14,completed,click_and_collect
ORD-00586,CUST-0341,STR-003,2024-02-17,completed,standard
ORD-01802,CUST-0231,STR-005,2022-09-21,completed,next_day
ORD-01214,CUST-0246,STR-004,2024-12-02,shipped,click_and_collect
ORD-00480,CUST-0131,STR-008,2023-07-22,shipped,standard
ORD-00628,CUST-0179,STR-006,2022-12-03,completed,click_and_collect
ORD-00766,CUST-0114,STR-006,2024-01-28,cancelled,standard
ORD-00731,CUST-0087,STR-010,2022-10-16,completed,next_day
ORD-00122,CUST-0244,STR-009,2023-11-29,processing,standard
ORD-01306,CUST-0405,STR-006,2023-10-04,cancelled,standard
ORD-02476,CUST-0084,STR-012,2023-04-29,completed,standard
ORD-00213,CUST-0456,STR-008,2022-10-23,completed,next_day
ORD-01297,CUST-0237,STR-012,2022-06-01,completed,next_day
ORD-01300,CUST-0106,STR-007,2022-11-24,shipped,next_day
ORD-02911,CUST-0073,STR-011,2022-03-11,processing,standard
ORD-02243,CUST-0332,STR-007,2022-01-01,processing,click_and_collect
ORD-00955,CUST-0302,STR-006,2022-07-20,completed,click_and_collect
ORD-02715,CUST-0242,STR-010,2022-05-12,refunded,next_day
ORD-02428,CUST-0060,STR-010,2024-12-01,completed,standard
ORD-02988,CUST-0021,STR-008,2023-07-16,completed,click_and_collect
ORD-00573,CUST-0002,STR-004,2023-07-08,completed,express
ORD-01299,CUST-0385,STR-010,2023-06-22,completed,standard
ORD-00987,CUST-0008,STR-001,2023-06-10,completed,next_day
ORD-01361,CUST-0013,STR-011,2023-12-08,shipped,next_day
ORD-01321,CUST-0054,STR-010,2024-08-03,shipped,click_and_collect
ORD-00708,CUST-0492,STR-007,2022-08-30,refunded,next_day
ORD-01002,CUST-0323,STR-012,2022-02-26,refunded,standard
ORD-02847,CUST-0020,STR-002,2024-11-17,cancelled,standard
ORD-01416,CUST-0364,STR-010,2023-02-05,completed,next_day
ORD-02232,CUST-0042,STR-005,2023-12-20,completed,standard
ORD-00825,CUST-0271,STR-008,2023-02-10,completed,standard
ORD-00741,CUST-0076,STR-001,2022-01-05,completed,standard
ORD-02161,CUST-0408,STR-011,2022-08-24,completed,express
ORD-00240,CUST-0228,STR-003,2023-11-02,,standard
ORD-03000,CUST-0429,STR-009,2023-09-25,completed,express
ORD-02825,CUST-0165,STR-001,2023-02-26,completed,standard
ORD-01690,CUST-0222,STR-008,2023-01-24,completed,click_and_collect
ORD-00575,CUST-0183,STR-002,2024-03-05,cancelled,standard
ORD-01159,CUST-0221,STR-002,2023-03-24,completed,click_and_collect
ORD-00096,CUST-0163,STR-003,2023-11-01,shipped,next_day
ORD-02749,CUST-0256,STR-006,2023-07-10,completed,next_day
ORD-00320,CUST-0371,STR-006,2022-10-21,completed,standard
ORD-01794,CUST-0378,STR-006,2023-12-12,completed,next_day
ORD-02735,CUST-0314,STR-001,2023-03-10,shipped,next_day
ORD-02899,CUST-0139,STR-008,2023-12-18,,standard
ORD-02893,CUST-0032,STR-009,2024-05-03,shipped,next_day
ORD-00297,CUST-0043,STR-008,2022-08-02,processing,next_day
ORD-02478,CUST-0233,STR-007,2023-10-01,processing,next_day
ORD-01929,CUST-0274,STR-006,2023-08-01,refunded,standard
ORD-00529,CUST-0108,STR-001,2022-12-01,completed,click_and_collect
ORD-02584,CUST-0122,STR-005,2024-08-31,completed,click_and_collect
ORD-01865,CUST-0329,STR-007,2024-02-24,refunded,express
ORD-01888,CUST-0112,STR-006,2024-06-06,completed,express
ORD-02271,CUST-0315,STR-010,2022-11-09,completed,click_and_collect
ORD-01574,CUST-0106,STR-003,2022-05-23,completed,next_day
ORD-00940,CUST-0283,STR-002,2023-10-19,refunded,standard
ORD-00093,CUST-0095,STR-004,2024-06-13,completed,standard
ORD-02914,CUST-0007,STR-005,2024-06-19,cancelled,click_and_collect
ORD-01272,CUST-0254,STR-003,2023-07-09,cancelled,click_and_collect
ORD-01183,CUST-0241,STR-011,2024-11-01,completed,standard
ORD-00392,CUST-0102,STR-012,2023-08-07,completed,standard
ORD-00721,CUST-0254,STR-008,2023-07-31,completed,click_and_collect
ORD-01312,CUST-0464,STR-006,2024-12-23,shipped,express
ORD-02447,CUST-0046,STR-005,2022-11-11,shipped,express
ORD-01426,CUST-0480,STR-008,2023-05-08,processing,click_and_collect
ORD-02942,CUST-0180,STR-008,2023-07-11,refunded,standard
ORD-00646,CUST-0166,STR-003,2022-06-16,completed,express
ORD-02378,CUST-0467,STR-007,2022-01-04,shipped,standard
ORD-02132,CUST-0187,STR-007,2022-10-18,shipped,standard
ORD-00665,CUST-0182,STR-006,2022-03-28,completed,click_and_collect
ORD-02189,CUST-0019,STR-011,2023-05-11,shipped,express
ORD-01174,CUST-0418,STR-001,2024-05-24,processing,next_day
ORD-01303,CUST-0041,STR-005,2023-11-21,completed,click_and_collect
ORD-00262,CUST-0276,STR-003,2022-06-05,completed,click_and_collect
ORD-01473,CUST-0442,STR-001,2024-12-15,completed,express
ORD-00506,CUST-0274,STR-003,2022-01-18,completed,standard
ORD-01133,CUST-0062,STR-010,2022-02-18,processing,express
ORD-00876,CUST-0044,STR-005,2022-07-07,completed,standard
ORD-01268,CUST-0308,STR-007,2022-07-17,completed,next_day
ORD-01645,CUST-0412,STR-009,2023-03-05,shipped,standard
ORD-01996,CUST-0104,STR-011,2024-04-27,completed,click_and_collect
ORD-00561,CUST-0456,STR-009,2023-02-07,completed,express
ORD-02503,CUST-0259,STR-001,2022-03-19,completed,standard
ORD-01952,CUST-0201,STR-008,2024-06-23,processing,click_and_collect
ORD-01163,CUST-0150,STR-003,2023-03-02,completed,standard
ORD-02452,CUST-0361,STR-003,2024-07-10,completed,next_day
ORD-02501,CUST-0311,STR-009,2024-10-22,shipped,next_day
ORD-00986,CUST-0070,STR-004,2024-08-04,shipped,next_day
ORD-01244,CUST-0211,STR-007,2023-09-16,processing,next_day
ORD-00107,CUST-0962,STR-010,2024-11-20,processing,express
ORD-02048,CUST-0089,STR-010,2024-05-20,processing,next_day
ORD-02094,CUST-0391,STR-012,2024-05-21,completed,standard
ORD-01256,CUST-0474,STR-008,2022-01-27,completed,standard
ORD-01311,CUST-0022,STR-005,2022-10-05,processing,standard
ORD-01696,CUST-0097,STR-004,2022-12-25,completed,standard
ORD-02995,CUST-0066,STR-005,2024-03-30,refunded,click_and_collect
ORD-00771,CUST-0407,STR-001,2024-01-16,completed,standard
ORD-01928,CUST-0057,STR-012,2023-05-21,shipped,next_day
ORD-00552,CUST-0038,STR-005,2023-10-18,processing,express
ORD-01200,CUST-0407,STR-003,2024-01-05,completed,express
ORD-01873,CUST-0006,STR-005,2022-06-20,completed,standard
ORD-00177,CUST-0210,STR-006,2022-10-14,completed,standard
ORD-01407,CUST-0002,STR-009,2024-05-06,shipped,standard
ORD-02970,CUST-0493,STR-003,2023-06-28,completed,standard
ORD-02937,CUST-0281,STR-009,2022-02-16,completed,click_and_collect
ORD-01676,CUST-0162,STR-012,2022-01-25,shipped,standard
ORD-02750,CUST-0093,STR-007,2024-05-26,cancelled,next_day
ORD-02216,CUST-0388,STR-004,2023-08-12,shipped,next_day
ORD-00994,CUST-0110,STR-012,2023-06-09,completed,standard
ORD-02192,CUST-0009,STR-010,2023-09-18,completed,standard
ORD-00669,CUST-0358,STR-009,2023-07-19,completed,express
ORD-00010,CUST-0362,STR-009,2022-03-14,completed,standard
ORD-01013,CUST-0801,STR-005,2023-03-19,completed,standard
ORD-01140,CUST-0326,STR-010,2022-10-09,shipped,standard
ORD-02426,CUST-0070,STR-009,2024-09-14,completed,standard
ORD-00717,CUST-0497,STR-001,2022-05-16,completed,next_day
ORD-02090,CUST-0119,STR-006,2024-09-03,completed,standard
ORD-00439,CUST-0006,STR-012,2023-12-04,completed,standard
ORD-02496,CUST-0241,STR-002,2024-10-15,shipped,standard
ORD-01844,CUST-0282,STR-011,2022-12-30,completed,standard
ORD-00353,CUST-0044,STR-011,2024-11-08,completed,standard
ORD-01956,CUST-0099,STR-001,2023-05-17,shipped,standard
ORD-01351,CUST-0098,STR-001,2022-12-18,completed,standard
ORD-00653,CUST-0265,STR-005,2024-04-09,completed,standard
ORD-02302,CUST-0079,STR-004,2022-03-27,cancelled,next_day
ORD-00432,CUST-0282,STR-011,2023-04-10,shipped,express
ORD-02997,CUST-0255,STR-012,2023-08-28,completed,standard
ORD-01292,CUST-0084,STR-002,2024-04-18,completed,standard
ORD-02918,CUST-0343,STR-003,2022-03-03,completed,click_and_collect
ORD-02408,CUST-0225,STR-012,2022-08-28,shipped,express
ORD-00705,CUST-0061,STR-008,2022-03-04,completed,click_and_collect
ORD-02909,CUST-0459,STR-004,2022-12-28,refunded,standard
ORD-01636,CUST-0274,STR-007,2023-04-07,completed,standard
ORD-02687,CUST-0166,STR-006,2022-04-15,shipped,standard
ORD-02303,CUST-0275,STR-012,2024-05-15,shipped,click_and_collect
ORD-02692,CUST-0289,STR-001,2023-01-12,refunded,express
ORD-01596,CUST-0123,STR-010,2022-04-27,completed,express
ORD-01012,CUST-0303,STR-011,2022-02-27,completed,standard
ORD-02274,CUST-0326,STR-003,2023-05-28,completed,express
ORD-01206,CUST-0133,STR-010,2023-11-27,completed,click_and_collect
ORD-00505,CUST-0092,STR-009,2024-08-05,shipped,click_and_collect
ORD-01760,CUST-0372,STR-003,2024-08-28,refunded,next_day
ORD-00438,CUST-0349,STR-002,2024-07-15,shipped,standard
ORD-02793,CUST-0025,STR-004,2023-05-17,completed,click_and_collect
ORD-01412,CUST-0065,STR-004,2023-07-11,completed,standard
ORD-02234,CUST-0330,STR-012,2023-07-23,shipped,standard
ORD-02648,CUST-0169,STR-012,2024-01-17,completed,standard
ORD-01735,CUST-0478,STR-005,2027-08-30,completed,standard
ORD-02253,CUST-0086,STR-012,2024-10-30,completed,standard
ORD-00576,CUST-0467,STR-010,2022-06-26,completed,standard
ORD-00375,CUST-0250,STR-010,2024-06-05,completed,express
ORD-00317,CUST-0116,STR-003,2023-11-19,processing,standard
ORD-02541,CUST-0037,STR-004,2023-04-26,completed,standard
ORD-02835,CUST-0468,STR-002,2022-04-10,completed,standard
ORD-01511,CUST-0129,STR-007,2022-10-18,refunded,express
ORD-01257,CUST-0369,STR-007,2024-04-05,refunded,standard
ORD-01533,CUST-0010,STR-012,2022-06-03,completed,next_day
ORD-00243,CUST-0021,STR-007,2023-06-08,processing,express
ORD-02194,CUST-0346,STR-009,2023-04-17,completed,standard
ORD-02788,CUST-0460,STR-005,2024-06-02,completed,standard
ORD-02843,CUST-0488,STR-004,2022-03-08,completed,express
ORD-00050,CUST-0123,STR-009,2023-08-15,completed,standard
ORD-02963,CUST-0287,STR-001,2022-07-05,refunded,next_day
ORD-02126,CUST-0342,STR-011,2024-09-07,shipped,next_day
ORD-01041,CUST-0385,STR-006,2024-09-07,refunded,standard
ORD-02779,CUST-0246,STR-004,2024-05-20,completed,express
ORD-00082,CUST-0407,STR-005,2023-03-08,processing,standard
ORD-02233,CUST-0242,STR-004,2023-03-02,refunded,standard
ORD-01116,CUST-0121,STR-001,2023-10-08,cancelled,standard
ORD-00632,CUST-0353,STR-002,2022-11-22,completed,standard
ORD-00674,CUST-0047,STR-011,2024-10-05,shipped,click_and_collect
ORD-02867,CUST-0176,STR-003,2022-01-25,completed,click_and_collect
ORD-00072,CUST-0043,STR-003,2023-07-19,cancelled,express
ORD-02686,CUST-0146,STR-007,2023-12-24,completed,standard
ORD-02403,CUST-0060,STR-009,2024-04-06,shipped,standard
ORD-00400,CUST-0331,STR-011,2022-04-18,completed,express
ORD-00733,CUST-0129,STR-002,2024-12-30,completed,express
ORD-02020,CUST-0050,STR-001,2022-11-07,completed,next_day
ORD-00042,CUST-0066,STR-001,2022-09-06,processing,standard
ORD-00663,CUST-0067,STR-006,2024-12-18,completed,standard
ORD-01762,CUST-0417,STR-007,2023-07-13,cancelled,click_and_collect
ORD-01353,CUST-0073,STR-003,2023-06-04,completed,click_and_collect
ORD-02088,CUST-0269,STR-006,2024-12-18,shipped,standard
ORD-00203,CUST-0371,STR-009,2023-03-06,processing,click_and_collect
ORD-01564,CUST-0452,STR-007,2022-03-16,completed,express
ORD-01655,CUST-0174,STR-009,2022-11-30,completed,standard
ORD-00449,CUST-0352,STR-003,2022-06-07,processing,standard
ORD-01739,CUST-0032,STR-003,2023-11-13,cancelled,next_day
ORD-00635,CUST-0347,STR-009,2023-11-07,completed,next_day
ORD-02666,CUST-0153,STR-008,2022-08-12,completed,click_and_collect
ORD-00065,CUST-0361,STR-005,2022-04-28,completed,click_and_collect
ORD-02236,CUST-0491,STR-006,2024-05-15,shipped,standard
ORD-01164,CUST-0231,STR-012,2024-10-30,shipped,next_day
ORD-00623,CUST-0019,STR-005,2024-04-17,completed,click_and_collect
ORD-01009,CUST-0477,STR-003,2023-12-12,refunded,standard
ORD-00735,CUST-0252,STR-010,2023-01-09,completed,standard
ORD-02838,CUST-0240,STR-006,2022-01-11,processing,standard
ORD-00925,CUST-0180,STR-011,2023-06-27,completed,standard
ORD-02101,CUST-0272,STR-001,2023-12-06,completed,click_and_collect
ORD-00455,CUST-0034,STR-002,2024-01-03,cancelled,standard
ORD-01887,CUST-0078,STR-002,2022-04-09,completed,standard
ORD-01077,CUST-0144,STR-003,2023-12-04,completed,next_day
ORD-00274,CUST-0088,STR-001,2022-04-28,processing,click_and_collect
ORD-00798,CUST-0483,STR-001,2022-07-04,processing,express
ORD-01381,CUST-0133,STR-007,2022-04-14,refunded,next_day
ORD-00207,CUST-0360,STR-002,2024-03-09,completed,standard
ORD-02190,CUST-0480,STR-007,2022-12-10,completed,standard
ORD-02621,CUST-0118,STR-012,2023-12-25,completed,next_day
ORD-00112,CUST-0373,STR-003,2024-06-01,shipped,express
ORD-00779,CUST-0468,STR-007,2023-10-27,refunded,next_day
ORD-00826,CUST-0099,STR-007,2023-03-03,completed,express
ORD-02284,CUST-0401,STR-006,2024-09-04,shipped,click_and_collect
ORD-00265,CUST-0227,STR-001,2022-11-14,completed,standard
ORD-01088,CUST-0337,STR-005,2022-12-27,cancelled,express
ORD-01469,CUST-0613,STR-011,2022-10-24,refunded,express
ORD-01130,CUST-0181,STR-004,2023-03-02,refunded,click_and_collect
ORD-00049,CUST-0276,STR-008,2022-05-06,refunded,standard
ORD-01727,CUST-0439,STR-010,2024-06-29,shipped,standard
ORD-01090,CUST-0084,STR-011,2022-02-21,shipped,standard
ORD-02518,CUST-0385,STR-002,2024-06-17,completed,standard
ORD-01320,CUST-0267,STR-002,2023-06-07,shipped,standard
ORD-00059,CUST-0427,STR-005,2024-06-14,processing,click_and_collect
ORD-00588,CUST-0146,STR-006,2022-07-10,cancelled,next_day
ORD-02858,CUST-0354,STR-002,2024-06-30,completed,express
ORD-00408,CUST-0199,STR-002,2023-02-26,refunded,click_and_collect
ORD-02015,CUST-0137,STR-001,2024-01-21,completed,standard
ORD-02427,CUST-0442,STR-005,2023-11-20,processing,standard
ORD-00799,CUST-0284,STR-004,2024-03-14,completed,click_and_collect
ORD-01210,CUST-0058,STR-012,2022-11-11,cancelled,express
ORD-01248,CUST-0266,STR-011,2024-03-27,cancelled,next_day
ORD-02329,CUST-0458,STR-010,2022-07-24,completed,express
ORD-02450,CUST-0500,STR-008,2022-02-26,shipped,standard
ORD-00356,CUST-0299,STR-011,2024-08-01,shipped,click_and_collect
ORD-00860,CUST-0414,STR-010,2024-10-14,shipped,next_day
ORD-01640,CUST-0286,STR-006,2023-12-07,completed,click_and_collect
ORD-00698,CUST-0009,STR-012,2023-06-07,completed,express
ORD-00214,CUST-0307,STR-012,2022-11-20,shipped,standard
ORD-00468,CUST-0144,STR-008,2023-12-01,cancelled,next_day
ORD-02653,CUST-0435,STR-006,2024-08-09,completed,standard
ORD-02796,CUST-0112,STR-004,2023-02-09,processing,standard
ORD-00469,CUST-0158,STR-008,2024-03-01,refunded,click_and_collect
ORD-02607,CUST-0346,STR-011,2022-04-25,shipped,click_and_collect
ORD-02360,CUST-0039,STR-005,2024-08-16,completed,standard
ORD-01641,CUST-0049,STR-006,2024-07-14,refunded,express
ORD-02880,CUST-0478,STR-012,2024-09-25,completed,standard
ORD-01728,CUST-0279,STR-001,2022-10-16,shipped,express
ORD-02357,CUST-0405,STR-007,2023-05-07,shipped,click_and_collect
ORD-01506,CUST-0255,STR-007,2024-09-12,refunded,standard
ORD-02709,CUST-0246,STR-008,2022-04-19,completed,standard
ORD-01986,CUST-0244,STR-006,2024-12-22,completed,next_day
ORD-01203,CUST-0443,STR-007,2022-11-07,shipped,click_and_collect
ORD-00621,CUST-0119,STR-007,2023-02-24,cancelled,click_and_collect
ORD-00551,CUST-0041,STR-001,2022-08-30,processing,standard
ORD-00778,CUST-0121,STR-009,2023-12-15,completed,standard
ORD-02723,CUST-0047,STR-001,2022-01-02,processing,standard
ORD-01788,CUST-0119,STR-007,2024-05-25,completed,standard
ORD-01089,CUST-0433,STR-011,2024-10-17,processing,standard
ORD-01770,CUST-0403,STR-011,2023-11-15,cancelled,next_day
ORD-01818,CUST-0474,STR-011,2024-03-28,completed,next_day
ORD-01246,CUST-0352,STR-010,2023-08-06,completed,next_day
ORD-02138,CUST-0112,STR-011,2023-08-15,completed,standard
ORD-02356,CUST-0122,STR-011,2024-05-18,completed,standard
ORD-01948,CUST-0359,STR-002,2024-07-13,shipped,express
ORD-01401,CUST-0115,STR-012,2023-06-14,completed,standard
ORD-00032,CUST-0104,STR-002,2024-08-23,shipped,standard
ORD-01191,CUST-0090,STR-003,2024-03-05,completed,standard
ORD-00547,CUST-0237,STR-010,2022-11-19,cancelled,standard
ORD-01165,CUST-0017,STR-009,2023-10-05,completed,next_day
ORD-01707,CUST-0363,STR-005,2022-09-28,completed,standard
ORD-00330,CUST-0281,STR-007,2023-09-21,completed,express
ORD-00423,CUST-0223,STR-009,2024-09-27,completed,standard
ORD-00173,CUST-0166,STR-003,2024-03-22,completed,next_day
ORD-00965,CUST-0350,STR-011,2022-05-29,shipped,next_day
ORD-01141,CUST-0026,STR-012,2024-08-12,completed,standard
ORD-01812,CUST-0440,STR-006,2023-09-15,shipped,express
ORD-00407,CUST-0147,STR-008,2024-11-14,completed,standard
ORD-00371,CUST-0238,STR-008,2024-02-29,completed,standard
ORD-02812,CUST-0032,STR-012,2024-09-06,completed,standard
ORD-02349,CUST-0253,STR-011,2023-05-18,completed,next_day
ORD-02758,CUST-0412,STR-007,2022-09-28,completed,standard
ORD-01711,CUST-0374,STR-002,2024-07-06,refunded,express
ORD-01338,CUST-0313,STR-001,2023-12-31,completed,standard
ORD-02522,CUST-0145,STR-009,2022-11-11,,standard
ORD-02178,CUST-0088,STR-011,2023-07-08,refunded,next_day
ORD-00960,CUST-0483,STR-004,2022-01-04,cancelled,standard
ORD-00516,CUST-0407,STR-005,2022-10-19,,standard
ORD-01959,CUST-0498,STR-008,2023-06-13,cancelled,standard
ORD-00164,CUST-0038,STR-004,2024-06-24,completed,standard
ORD-02240,CUST-0308,STR-012,2024-10-24,shipped,standard
ORD-02300,CUST-0339,STR-003,2022-12-08,cancelled,click_and_collect
ORD-02537,CUST-0112,STR-010,2024-12-15,completed,express
ORD-02389,CUST-0279,STR-003,2024-08-09,processing,standard
ORD-02117,CUST-0159,STR-011,2022-04-24,shipped,next_day
ORD-02819,CUST-0304,STR-005,2022-11-30,refunded,standard
ORD-00312,CUST-0255,STR-004,2022-03-15,completed,standard
ORD-00614,CUST-0491,STR-002,2023-08-03,completed,click_and_collect
ORD-00868,CUST-0339,STR-011,2023-06-16,cancelled,standard
ORD-00061,CUST-0438,STR-008,2023-12-10,completed,next_day
ORD-02974,CUST-0304,STR-006,2024-05-29,completed,standard
ORD-00562,CUST-0303,STR-009,2024-07-23,shipped,standard
ORD-00968,CUST-0324,STR-009,2023-01-18,completed,standard
ORD-01599,CUST-0006,STR-012,2022-10-20,shipped,standard
ORD-01280,CUST-0171,STR-004,2024-12-30,completed,standard
ORD-00812,CUST-0204,STR-012,2022-04-22,completed,standard
ORD-02324,CUST-0179,STR-007,2022-11-11,shipped,click_and_collect
ORD-01806,CUST-0383,STR-007,2024-04-27,completed,standard
ORD-02560,CUST-0049,STR-003,2024-03-22,completed,standard
ORD-01033,CUST-0452,STR-003,2022-10-17,shipped,next_day
ORD-02805,CUST-0048,STR-005,2024-02-06,completed,standard
ORD-02773,CUST-0236,STR-002,2022-12-10,completed,standard
ORD-01558,CUST-0373,STR-007,2024-07-13,shipped,express
ORD-00531,CUST-0236,STR-006,2024-02-02,completed,next_day
ORD-02414,CUST-0312,STR-009,2024-02-18,shipped,click_and_collect
ORD-01333,CUST-0106,STR-009,2024-01-06,completed,click_and_collect
ORD-02948,CUST-0317,STR-004,2024-03-20,shipped,standard
ORD-02250,CUST-0158,STR-008,2023-03-13,completed,standard
ORD-00446,CUST-0400,STR-001,2024-06-29,completed,express
ORD-02902,CUST-0475,STR-006,2023-04-02,refunded,click_and_collect
ORD-00224,CUST-0248,STR-006,2024-04-10,completed,express
ORD-01154,CUST-0212,STR-006,2022-09-28,completed,standard
ORD-00125,CUST-0272,STR-006,2023-10-08,processing,standard
ORD-02215,CUST-0387,STR-007,2023-09-09,completed,click_and_collect
ORD-00821,CUST-0496,STR-002,2022-04-10,completed,standard
ORD-02533,CUST-0067,STR-004,2023-08-11,shipped,click_and_collect
ORD-01546,CUST-0175,STR-002,2024-06-22,,standard
ORD-01867,CUST-0113,STR-010,2022-08-03,completed,standard
ORD-02919,CUST-0102,STR-011,2024-05-27,shipped,next_day
ORD-02992,CUST-0269,STR-011,2024-08-19,shipped,next_day
ORD-01352,CUST-0195,STR-010,2024-11-09,completed,click_and_collect
ORD-01572,CUST-0425,STR-002,2022-05-01,cancelled,express
ORD-00639,CUST-0359,STR-009,2022-08-20,shipped,click_and_collect
ORD-01703,CUST-0039,STR-007,2024-11-02,completed,express
ORD-00409,CUST-0427,STR-012,2023-09-14,completed,click_and_collect
ORD-02198,CUST-0427,STR-001,2023-12-13,cancelled,click_and_collect
ORD-02468,CUST-0017,STR-004,2023-04-18,completed,click_and_collect
ORD-01120,CUST-0164,STR-005,2022-12-23,completed,standard
ORD-01277,CUST-0138,STR-008,2024-01-20,shipped,standard
ORD-01356,CUST-0151,STR-003,2022-10-23,shipped,standard
ORD-02916,CUST-0009,STR-011,2023-08-29,shipped,standard
ORD-02511,CUST-0099,STR-008,2024-05-10,processing,next_day
ORD-02756,CUST-0057,STR-003,2024-12-17,completed,express
ORD-01669,CUST-0292,STR-008,2024-01-21,completed,next_day
ORD-01871,CUST-0407,STR-002,2023-06-28,completed,standard
ORD-00077,CUST-0068,STR-005,2023-08-11,completed,next_day
ORD-00137,CUST-0371,STR-004,2023-02-14,completed,standard
ORD-01580,CUST-0491,STR-006,2022-02-09,shipped,next_day
ORD-00195,CUST-0320,STR-007,2023-04-07,completed,standard
ORD-00401,CUST-0113,STR-004,2022-10-09,shipped,express
ORD-02616,CUST-0076,STR-006,2024-08-06,completed,standard
ORD-02484,CUST-0286,STR-012,2024-07-24,cancelled,standard
ORD-00904,CUST-0476,STR-007,2022-04-02,completed,express
ORD-01327,CUST-0134,STR-012,2022-01-08,completed,next_day
ORD-02516,CUST-0445,STR-009,2024-10-03,completed,express
ORD-01978,CUST-0442,STR-009,2022-01-09,completed,standard
ORD-01398,CUST-0451,STR-012,2023-02-15,completed,next_day
ORD-01961,CUST-0072,STR-001,2023-07-17,completed,express
ORD-02851,CUST-0312,STR-003,2022-02-15,shipped,standard
ORD-02385,CUST-0314,STR-002,2023-10-24,completed,next_day
ORD-01096,CUST-0238,STR-011,2023-02-04,completed,next_day
ORD-01544,CUST-0487,STR-007,2022-03-06,completed,standard
ORD-01487,CUST-0282,STR-006,2023-03-25,completed,standard
ORD-02208,CUST-0001,STR-011,2024-10-31,completed,click_and_collect
ORD-02667,CUST-0175,STR-010,2024-11-21,refunded,next_day
ORD-02221,CUST-0199,STR-006,2022-04-16,shipped,standard
ORD-02517,CUST-0221,STR-001,2024-01-19,completed,standard
ORD-02432,CUST-0118,STR-012,2022-09-24,completed,standard
ORD-00395,CUST-0018,STR-011,2022-03-22,completed,click_and_collect
ORD-02200,CUST-0128,STR-010,2024-05-14,completed,standard
ORD-02456,CUST-0239,STR-006,2024-07-30,completed,standard
ORD-01208,CUST-0115,STR-012,2022-05-12,completed,standard
ORD-01608,CUST-0207,STR-008,2024-12-19,refunded,standard
ORD-00456,CUST-0449,STR-003,2022-11-28,completed,click_and_collect
ORD-02425,CUST-0175,STR-008,2024-03-13,completed,next_day
ORD-00959,CUST-0332,STR-007,2023-09-05,completed,click_and_collect
ORD-01899,CUST-0490,STR-007,2023-06-18,cancelled,express
ORD-00292,CUST-0484,STR-002,2022-05-15,shipped,standard
ORD-01686,CUST-0110,STR-007,2022-09-10,completed,standard
ORD-00256,CUST-0326,STR-005,2022-11-25,cancelled,click_and_collect
ORD-02370,CUST-0389,STR-006,2023-06-25,completed,express
ORD-01044,CUST-0370,STR-008,2022-04-21,completed,next_day
ORD-00702,CUST-0396,STR-009,2023-02-03,completed,standard
ORD-02493,CUST-0120,STR-009,2022-03-14,cancelled,standard
ORD-00257,CUST-0206,STR-006,2022-12-19,completed,standard
ORD-00350,CUST-0464,STR-008,2022-03-15,completed,click_and_collect
ORD-00835,CUST-0455,STR-012,2022-02-22,processing,standard
ORD-01768,CUST-0282,STR-009,2023-02-25,completed,standard
ORD-01499,CUST-0464,STR-011,2023-12-06,completed,standard
ORD-01377,CUST-0061,STR-007,2022-02-17,completed,express
ORD-01666,CUST-0137,STR-001,2022-09-05,,standard
ORD-02054,CUST-0482,STR-005,2024-06-21,shipped,standard
ORD-00291,CUST-0080,STR-010,2024-07-20,cancelled,express
ORD-01688,CUST-0026,STR-003,2024-09-06,completed,next_day
ORD-00343,CUST-0458,STR-001,2023-12-06,completed,standard
ORD-00788,CUST-0156,STR-005,2024-12-10,shipped,next_day
ORD-02122,CUST-0126,STR-005,2022-07-25,completed,standard
ORD-00394,CUST-0014,STR-011,2023-10-26,shipped,next_day
ORD-00166,CUST-0399,STR-011,2024-07-23,completed,express
ORD-00294,CUST-0466,STR-011,2022-07-22,completed,click_and_collect
ORD-00422,CUST-0494,STR-004,2024-07-06,completed,next_day
ORD-01723,CUST-0280,STR-005,2024-12-05,completed,click_and_collect
ORD-00732,CUST-0419,STR-002,2023-08-07,completed,express
ORD-01715,CUST-0410,STR-011,2024-05-03,shipped,standard
ORD-00406,CUST-0104,STR-010,2023-02-05,completed,express
ORD-01985,CUST-0477,STR-004,2022-01-02,shipped,standard
ORD-01541,CUST-0406,STR-010,2022-07-10,completed,standard
ORD-02264,CUST-0377,STR-002,2024-11-20,processing,standard
ORD-00898,CUST-0140,STR-002,2024-04-27,completed,standard
ORD-01647,CUST-0486,STR-005,2022-02-13,cancelled,next_day
ORD-00952,CUST-0419,STR-005,2024-02-25,completed,standard
ORD-02131,CUST-0790,STR-002,2022-06-14,completed,standard
ORD-01150,CUST-0310,STR-012,2023-03-24,cancelled,click_and_collect
ORD-01425,CUST-0491,STR-001,2023-07-20,completed,standard
ORD-00080,CUST-0352,STR-003,2024-02-29,refunded,standard
ORD-00650,CUST-0252,STR-009,2022-06-06,completed,next_day
ORD-00782,CUST-0494,STR-006,2023-10-12,refunded,standard
ORD-02710,CUST-0264,STR-009,2022-11-10,completed,express
ORD-00542,CUST-0876,STR-007,2022-07-09,completed,standard
ORD-02111,CUST-0375,STR-009,2022-11-15,refunded,next_day
ORD-02822,CUST-0165,STR-007,2023-02-28,completed,standard
ORD-02411,CUST-0489,STR-010,2023-09-21,shipped,standard
ORD-01601,CUST-0094,STR-009,2024-07-13,completed,standard
ORD-02247,CUST-0374,STR-003,2023-01-16,completed,standard
ORD-02278,CUST-0776,STR-010,2023-12-22,completed,next_day
ORD-01620,CUST-0375,STR-010,2023-09-08,completed,next_day
ORD-02810,CUST-0330,STR-001,2022-07-04,completed,next_day
ORD-02950,CUST-0477,STR-004,2023-04-21,cancelled,express
ORD-01454,CUST-0392,STR-010,2022-07-21,completed,standard
ORD-01571,CUST-0013,STR-012,2023-10-23,completed,next_day
ORD-00760,CUST-0176,STR-006,2023-01-09,shipped,express
ORD-00626,CUST-0388,STR-012,2024-09-29,completed,express
ORD-01513,CUST-0071,STR-005,2022-12-07,completed,standard
ORD-00630,CUST-0424,STR-004,2023-08-28,processing,standard
ORD-02949,CUST-0024,STR-009,2024-03-09,refunded,click_and_collect
ORD-01238,CUST-0437,STR-009,2023-09-05,processing,standard
ORD-02741,CUST-0424,STR-010,2024-10-21,completed,click_and_collect
ORD-00073,CUST-0383,STR-001,2023-12-20,processing,next_day
ORD-01896,CUST-0045,STR-008,2024-04-07,shipped,express
ORD-01507,CUST-0034,STR-001,2023-07-04,refunded,standard
ORD-00002,CUST-0141,STR-008,2022-12-13,completed,next_day
ORD-02483,CUST-0379,STR-011,2023-01-11,shipped,standard
ORD-00154,CUST-0249,STR-011,2024-12-11,processing,express
ORD-01700,CUST-0036,STR-004,2023-03-29,completed,click_and_collect
ORD-02540,CUST-0410,STR-005,2022-11-02,cancelled,express
ORD-02249,CUST-0182,STR-002,2022-06-30,shipped,standard
ORD-00198,CUST-0052,STR-001,2022-03-22,cancelled,standard
ORD-00945,CUST-0277,STR-012,2023-06-02,completed,standard
ORD-00267,CUST-0075,STR-001,2022-02-12,processing,express
ORD-02436,CUST-0409,STR-007,2022-08-20,refunded,express
ORD-02655,CUST-0032,STR-001,2023-02-05,shipped,click_and_collect
ORD-02799,CUST-0181,STR-008,2023-12-04,shipped,standard
ORD-02469,CUST-0473,STR-011,2022-07-25,completed,express
ORD-00856,CUST-0387,STR-002,2022-04-14,processing,click_and_collect
ORD-02095,CUST-0015,STR-009,2022-08-31,processing,express
ORD-00070,CUST-0301,STR-012,2024-11-23,,click_and_collect
ORD-01611,CUST-0066,STR-001,2024-03-26,processing,next_day
ORD-00979,CUST-0443,STR-008,2024-10-27,cancelled,next_day
ORD-01706,CUST-0156,STR-003,2022-06-23,completed,click_and_collect
ORD-02888,CUST-0293,STR-010,2024-04-17,shipped,click_and_collect
ORD-00659,CUST-0493,STR-011,2024-08-28,completed,next_day
ORD-02873,CUST-0039,STR-012,2022-03-25,refunded,standard
ORD-00234,CUST-0313,STR-007,2023-07-25,shipped,standard
ORD-02795,CUST-0282,STR-010,2022-06-05,completed,standard
ORD-00587,CUST-0039,STR-009,2024-10-17,completed,express
ORD-00410,CUST-0291,STR-005,2022-02-18,completed,standard
ORD-01633,CUST-0319,STR-012,2022-05-26,cancelled,express
ORD-00333,CUST-0198,STR-010,2023-07-14,refunded,standard
ORD-00323,CUST-0199,STR-008,2023-05-02,refunded,standard
ORD-00937,CUST-0147,STR-009,2024-05-20,completed,standard
ORD-02115,CUST-0163,STR-001,2022-12-30,,click_and_collect
ORD-01849,CUST-0202,STR-007,2023-04-23,cancelled,next_day
ORD-01386,CUST-0143,STR-007,2024-07-03,refunded,next_day
ORD-00387,CUST-0140,STR-006,2023-10-06,cancelled,standard
ORD-00549,CUST-0232,STR-006,2023-09-20,shipped,express
ORD-01777,CUST-0442,STR-009,2023-04-07,completed,standard
ORD-01184,CUST-0307,STR-001,2023-12-04,cancelled,standard
ORD-02166,CUST-0324,STR-003,2023-10-22,shipped,standard
ORD-02489,CUST-0205,STR-001,2022-09-28,completed,express
ORD-00841,CUST-0217,STR-005,2024-01-30,shipped,standard
ORD-00263,CUST-0449,STR-011,2023-06-24,shipped,next_day
ORD-01725,CUST-0307,STR-009,2023-07-10,shipped,next_day
ORD-01283,CUST-0416,STR-009,2022-12-23,processing,standard
ORD-02574,CUST-0233,STR-004,2023-09-14,completed,standard
ORD-02697,CUST-0352,STR-004,2023-04-19,completed,click_and_collect
ORD-02575,CUST-0368,STR-012,2023-02-06,cancelled,standard
ORD-01934,CUST-0201,STR-003,2022-07-05,completed,express
ORD-01205,CUST-0424,STR-010,2023-01-04,shipped,standard
ORD-00719,CUST-0397,STR-003,2024-12-04,refunded,express
ORD-02298,CUST-0065,STR-011,2024-10-07,,next_day
ORD-01308,CUST-0063,STR-002,2022-06-13,,next_day
ORD-00193,CUST-0221,STR-005,2022-11-08,completed,standard
ORD-01329,CUST-0180,STR-002,2023-05-01,shipped,next_day
ORD-00036,CUST-0160,STR-006,2022-06-21,completed,standard
ORD-01848,CUST-0190,STR-004,2024-01-30,processing,standard
ORD-02733,CUST-0164,STR-006,2022-07-01,processing,standard
ORD-02671,CUST-0112,STR-005,2024-09-28,completed,standard
ORD-02678,CUST-0231,STR-003,2022-04-20,completed,standard
ORD-02570,CUST-0360,STR-006,2022-11-28,completed,express
ORD-02973,CUST-0459,STR-003,2022-09-26,completed,standard
ORD-00145,CUST-0188,STR-007,2022-10-18,processing,standard
ORD-01747,CUST-0316,STR-005,2022-04-01,completed,standard
ORD-00033,CUST-0209,STR-009,2023-08-06,cancelled,next_day
ORD-00984,CUST-0313,STR-003,2022-08-12,completed,standard
ORD-01726,CUST-0228,STR-010,2024-03-03,cancelled,standard
ORD-02144,CUST-0283,STR-009,2023-04-19,,standard
ORD-02248,CUST-0430,STR-008,2024-12-31,completed,standard
ORD-01548,CUST-0147,STR-009,2023-09-23,completed,standard
ORD-02105,CUST-0170,STR-005,2023-08-08,completed,standard
ORD-02957,CUST-0180,STR-009,2024-10-26,completed,click_and_collect
ORD-01442,CUST-0354,STR-002,2024-01-17,completed,standard
ORD-02197,CUST-0318,STR-003,2023-12-05,completed,standard
ORD-00359,CUST-0199,STR-006,2023-01-30,completed,click_and_collect
ORD-01805,CUST-0096,STR-002,2023-01-22,processing,express
ORD-00327,CUST-0065,STR-011,2024-04-11,shipped,express
ORD-02087,CUST-0077,STR-009,2024-02-18,shipped,standard
ORD-01367,CUST-0421,STR-011,2022-07-01,completed,next_day
ORD-01860,CUST-0294,STR-004,2022-09-08,shipped,standard
ORD-00309,CUST-0060,STR-003,2024-09-27,cancelled,standard
ORD-02789,CUST-0092,STR-010,2022-11-30,refunded,standard
ORD-01656,CUST-0058,STR-010,2022-03-08,processing,click_and_collect
ORD-01129,CUST-0236,STR-006,2024-12-22,processing,click_and_collect
ORD-00209,CUST-0072,STR-012,2022-03-21,completed,click_and_collect
ORD-02519,CUST-0069,STR-006,2023-12-10,completed,standard
ORD-00470,CUST-0350,STR-010,2022-10-09,completed,click_and_collect
ORD-00081,CUST-0223,STR-006,2023-08-15,cancelled,next_day
ORD-01021,CUST-0356,STR-011,2023-03-23,refunded,standard
ORD-00495,CUST-0492,STR-001,2023-05-15,completed,express
ORD-02026,CUST-0487,STR-008,2024-04-14,completed,next_day
ORD-02587,CUST-0042,STR-002,2022-04-24,shipped,express
ORD-01981,CUST-0012,STR-009,2024-04-10,completed,click_and_collect
ORD-01946,CUST-0274,STR-002,2024-02-11,completed,standard
ORD-02177,CUST-0116,STR-012,2022-01-23,completed,standard
ORD-00334,CUST-0295,STR-004,2023-10-11,completed,express
ORD-02832,CUST-0177,STR-010,2024-04-04,shipped,express
ORD-02703,CUST-0339,STR-009,2022-02-22,completed,express
ORD-02673,CUST-0352,STR-011,2023-10-10,completed,express
ORD-00660,CUST-0368,STR-004,2022-05-12,completed,standard
ORD-02817,CUST-0096,STR-008,2022-09-21,completed,standard
ORD-02952,CUST-0259,STR-008,2024-12-03,completed,standard
ORD-02212,CUST-0160,STR-001,2023-06-26,cancelled,express
ORD-02062,CUST-0308,STR-006,2023-01-07,completed,express
ORD-01020,CUST-0199,STR-012,2023-06-23,completed,express
ORD-01539,CUST-0238,STR-003,2024-05-17,shipped,click_and_collect
ORD-01484,CUST-0437,STR-002,2024-06-21,completed,express
ORD-01905,CUST-0001,STR-005,2023-07-03,completed,standard
ORD-00251,CUST-0364,STR-010,2024-03-17,completed,standard
ORD-00813,CUST-0136,STR-009,2024-08-11,cancelled,next_day
ORD-00009,CUST-0345,STR-002,2023-10-07,completed,express
ORD-00344,CUST-0070,STR-010,2024-03-17,completed,click_and_collect
ORD-01557,CUST-0114,STR-008,2024-12-06,completed,express
ORD-01446,CUST-0278,STR-005,2023-03-28,completed,standard
ORD-01512,CUST-0415,STR-004,2022-11-21,cancelled,standard
ORD-00661,CUST-0073,STR-012,2023-08-28,cancelled,next_day
ORD-01066,CUST-0165,STR-005,2022-07-27,cancelled,click_and_collect
ORD-01958,CUST-0224,STR-006,2024-10-25,shipped,next_day
ORD-02682,CUST-0406,STR-006,2024-08-20,completed,standard
ORD-01373,CUST-0086,STR-004,2024-10-03,completed,standard
ORD-02855,CUST-0434,STR-010,2024-04-20,completed,standard
ORD-01536,CUST-0074,STR-008,2022-03-18,completed,express
ORD-00820,CUST-0296,STR-007,2022-06-19,refunded,express
ORD-01302,CUST-0435,STR-009,2022-06-17,refunded,express
ORD-00585,CUST-0160,STR-009,2023-08-24,completed,standard
ORD-02512,CUST-0371,STR-012,2024-12-28,shipped,next_day
ORD-00463,CUST-0321,STR-007,2024-01-11,completed,express
ORD-01149,CUST-0359,STR-009,2023-04-05,shipped,next_day
ORD-01472,CUST-0238,STR-008,2023-12-07,shipped,standard
ORD-01776,CUST-0125,STR-012,2024-05-11,processing,next_day
ORD-01213,CUST-0798,STR-003,2024-10-26,processing,express
ORD-01185,CUST-0469,STR-009,2022-10-29,processing,standard
ORD-02930,CUST-0132,STR-010,2023-08-15,,next_day
ORD-01955,CUST-0263,STR-006,2024-10-16,completed,standard
ORD-01358,CUST-0341,STR-012,2023-07-11,processing,express
ORD-01526,CUST-0378,STR-006,2024-03-13,completed,standard
ORD-00162,CUST-0426,STR-002,2022-09-29,completed,standard
ORD-01987,CUST-0111,STR-009,2022-03-15,completed,standard
ORD-02446,CUST-0353,STR-009,2024-12-31,completed,express
ORD-02763,CUST-0447,STR-006,2022-05-09,completed,standard
ORD-00910,CUST-0224,STR-005,2023-09-29,shipped,express
ORD-00517,CUST-0130,STR-008,2024-08-10,completed,express
ORD-00492,CUST-0269,STR-006,2024-10-19,shipped,express
ORD-01366,CUST-0257,STR-009,2024-07-23,cancelled,click_and_collect
ORD-01594,CUST-0002,STR-007,2022-08-19,shipped,standard
ORD-01612,CUST-0091,STR-004,2024-02-12,refunded,next_day
ORD-02382,CUST-0022,STR-005,2024-11-23,completed,click_and_collect
ORD-02781,CUST-0241,STR-004,2022-09-15,completed,click_and_collect
ORD-00692,CUST-0249,STR-011,2024-05-19,completed,next_day
ORD-01630,CUST-0337,STR-004,2023-10-09,completed,standard
ORD-01659,CUST-0348,STR-003,2023-02-07,completed,standard
ORD-01496,CUST-0484,STR-005,2023-05-03,completed,standard
ORD-02326,CUST-0175,STR-006,2022-07-02,shipped,standard
ORD-00707,CUST-0461,STR-009,2022-02-05,completed,standard
ORD-01112,CUST-0344,STR-012,2023-01-13,shipped,express
ORD-00183,CUST-0225,STR-005,2022-10-03,completed,standard
ORD-01982,CUST-0005,STR-006,2023-06-03,completed,express
ORD-02556,CUST-0055,STR-012,2023-08-15,shipped,standard
ORD-00338,CUST-0229,STR-008,2022-12-25,completed,next_day
ORD-00242,CUST-0278,STR-012,2022-11-11,shipped,standard
ORD-00238,CUST-0331,STR-007,2023-02-01,shipped,standard
ORD-01740,CUST-0115,STR-001,2023-07-24,completed,standard
ORD-00489,CUST-0123,STR-011,2024-03-02,completed,standard
ORD-02542,CUST-0483,STR-002,2022-08-14,completed,click_and_collect
ORD-02491,CUST-0358,STR-001,2022-11-08,completed,standard
ORD-01654,CUST-0439,STR-003,2024-02-15,shipped,next_day
ORD-01331,CUST-0218,STR-009,2022-09-03,shipped,standard
ORD-01106,CUST-0425,STR-004,2022-07-22,,standard
ORD-02765,CUST-0277,STR-001,2024-05-02,completed,standard
ORD-02442,CUST-0138,STR-007,2024-08-13,completed,standard
ORD-02043,CUST-0064,STR-012,2024-05-14,processing,express
ORD-01135,CUST-0496,STR-009,2023-09-20,shipped,express
ORD-00329,CUST-0106,STR-004,2023-01-27,refunded,standard
ORD-01069,CUST-0113,STR-004,2023-05-06,completed,express
ORD-00938,CUST-0470,STR-011,2023-06-20,completed,next_day
ORD-01838,CUST-0158,STR-004,2022-07-26,completed,standard
ORD-01124,CUST-0087,STR-007,2022-01-31,processing,standard
ORD-01767,CUST-0262,STR-010,2024-03-10,cancelled,standard
ORD-00784,CUST-0478,STR-001,2022-03-29,completed,standard
ORD-01782,CUST-0189,STR-009,2022-08-03,completed,standard
ORD-01717,CUST-0368,STR-009,2024-12-28,completed,click_and_collect
ORD-02050,CUST-0419,STR-006,2022-01-02,refunded,next_day
ORD-00218,CUST-0264,STR-003,2022-10-20,completed,click_and_collect
ORD-02615,CUST-0346,STR-004,2024-07-22,,click_and_collect
ORD-02645,CUST-0142,STR-009,2023-05-03,,standard
ORD-01609,CUST-0298,STR-005,2024-09-19,completed,standard
ORD-02330,CUST-0190,STR-002,2023-07-22,completed,next_day
ORD-01415,CUST-0009,STR-007,2023-07-21,completed,standard
ORD-02672,CUST-0334,STR-011,2024-08-12,shipped,standard
ORD-00590,CUST-0109,STR-010,2023-04-20,completed,next_day
ORD-00600,CUST-0332,STR-010,2022-08-23,completed,click_and_collect
ORD-02241,CUST-0045,STR-009,2023-10-14,processing,standard
ORD-00997,CUST-0258,STR-004,2022-12-29,completed,express
ORD-01462,CUST-0133,STR-007,2024-04-04,processing,standard
ORD-01780,CUST-0163,STR-008,2022-03-09,completed,next_day
ORD-01093,CUST-0331,STR-001,2024-01-02,processing,next_day
ORD-00503,CUST-0447,STR-012,2024-08-21,completed,standard
ORD-02070,CUST-0340,STR-007,2024-11-18,completed,next_day
ORD-02811,CUST-0186,STR-012,2022-12-04,refunded,standard
ORD-01600,CUST-0010,STR-010,2022-11-16,processing,standard
ORD-01930,CUST-0428,STR-008,2024-02-15,,standard
ORD-00592,CUST-0386,STR-001,2024-05-10,shipped,standard
ORD-02218,CUST-0012,STR-002,2022-10-17,refunded,express
ORD-00437,CUST-0488,STR-004,2022-03-05,completed,standard
ORD-00261,CUST-0058,STR-004,2024-11-02,cancelled,standard
ORD-01576,CUST-0291,STR-009,2024-10-01,completed,express
ORD-02719,CUST-0001,STR-012,2024-03-30,completed,standard
ORD-00714,CUST-0461,STR-001,2022-12-03,completed,standard
ORD-02917,CUST-0426,STR-012,2024-01-23,cancelled,standard
ORD-01428,CUST-0453,STR-003,2023-12-28,refunded,standard
ORD-02454,CUST-0481,STR-011,2023-10-23,completed,express
ORD-01326,CUST-0407,STR-004,2024-04-23,completed,express
ORD-01270,CUST-0360,STR-010,2023-05-26,completed,standard
ORD-02418,CUST-0423,STR-007,2023-04-02,refunded,standard
ORD-00792,CUST-0418,STR-002,2023-01-25,completed,standard
ORD-00149,CUST-0150,STR-005,2022-11-21,completed,express
ORD-02309,CUST-0498,STR-009,2022-11-17,shipped,standard
ORD-02559,CUST-0429,STR-001,2024-12-29,shipped,standard
ORD-01882,CUST-0267,STR-009,2022-06-30,completed,standard
ORD-02868,CUST-0105,STR-005,2023-08-06,shipped,next_day
ORD-02480,CUST-0091,STR-011,2024-03-31,refunded,standard
ORD-00605,CUST-0266,STR-011,2023-02-17,completed,standard
ORD-00593,CUST-0071,STR-002,2022-01-09,processing,standard
ORD-00619,CUST-0126,STR-006,2023-11-20,completed,next_day
ORD-01443,CUST-0377,STR-002,2023-09-03,shipped,standard
ORD-01388,CUST-0028,STR-002,2022-10-10,completed,standard
ORD-01068,CUST-0371,STR-005,2022-06-23,refunded,click_and_collect
ORD-01543,CUST-0101,STR-008,2024-08-20,shipped,next_day
ORD-02010,CUST-0642,STR-003,2022-10-17,completed,standard
ORD-00315,CUST-0372,STR-006,2022-01-30,shipped,standard
ORD-00564,CUST-0162,STR-010,2023-06-27,completed,standard
ORD-01592,CUST-0016,STR-011,2024-07-26,cancelled,click_and_collect
ORD-00342,CUST-0088,STR-001,2024-01-13,refunded,next_day
ORD-01313,CUST-0226,STR-002,2023-12-16,refunded,express
ORD-00683,CUST-0272,STR-008,2022-02-24,shipped,standard
ORD-01579,CUST-0081,STR-001,2023-04-26,completed,click_and_collect
ORD-02388,CUST-0064,STR-009,2024-02-05,completed,standard
ORD-02339,CUST-0064,STR-006,2024-08-04,completed,standard
ORD-02086,CUST-0015,STR-005,2022-12-08,completed,express
ORD-02657,CUST-0472,STR-008,2022-08-05,completed,click_and_collect
ORD-01994,CUST-0188,STR-009,2024-05-18,cancelled,express
ORD-00462,CUST-0066,STR-009,2022-05-20,completed,next_day
ORD-01424,CUST-0358,STR-004,2024-07-03,refunded,next_day
ORD-00289,CUST-0420,STR-008,2022-03-21,completed,standard
ORD-02618,CUST-0186,STR-007,2022-03-07,cancelled,click_and_collect
ORD-02211,CUST-0466,STR-001,2024-04-17,refunded,standard
ORD-00269,CUST-0455,STR-007,2024-01-16,completed,express
ORD-02595,CUST-0072,STR-001,2022-06-17,shipped,standard
ORD-01538,CUST-0112,STR-012,2023-12-26,,next_day
ORD-02776,CUST-0194,STR-001,2022-11-03,,express
ORD-00116,CUST-0453,STR-002,2024-06-06,completed,next_day
ORD-00990,CUST-0132,STR-005,2022-08-25,completed,next_day
ORD-02071,CUST-0152,STR-009,2023-04-14,shipped,click_and_collect
ORD-00565,CUST-0297,STR-005,2022-01-09,completed,standard
ORD-02742,CUST-0356,STR-004,2024-12-25,,standard
ORD-00555,CUST-0417,STR-008,2024-03-25,shipped,express
ORD-00372,CUST-0196,STR-011,2024-01-19,,click_and_collect
ORD-01254,CUST-0098,STR-011,2023-11-07,cancelled,next_day
ORD-01125,CUST-0339,STR-002,2022-05-31,refunded,standard
ORD-01223,CUST-0277,STR-006,2024-03-22,completed,standard
ORD-00427,CUST-0254,STR-011,2024-01-08,completed,next_day
ORD-00538,CUST-0030,STR-007,2024-06-04,processing,standard
ORD-01947,CUST-0401,STR-012,2023-08-29,shipped,standard
ORD-02767,CUST-0152,STR-002,2022-02-28,cancelled,click_and_collect
ORD-02938,CUST-0159,STR-005,2024-07-05,cancelled,next_day
ORD-00273,CUST-0295,STR-001,2024-06-15,shipped,standard
ORD-02333,CUST-0140,STR-008,2023-12-19,shipped,next_day
ORD-02872,CUST-0053,STR-003,2023-08-05,shipped,express
ORD-01142,CUST-0083,STR-009,2024-04-26,shipped,standard
ORD-02543,CUST-0348,STR-007,2022-09-07,completed,next_day
ORD-02548,CUST-0387,STR-002,2022-08-16,cancelled,click_and_collect
ORD-02439,CUST-0174,STR-011,2022-02-13,completed,click_and_collect
ORD-01051,CUST-0389,STR-003,2024-05-05,completed,express
ORD-01833,CUST-0049,STR-002,2022-11-11,shipped,express
ORD-00361,CUST-0260,STR-001,2023-02-09,cancelled,next_day
ORD-01296,CUST-0065,STR-009,2022-04-16,completed,express
ORD-01190,CUST-0356,STR-006,2023-10-14,completed,express
ORD-00687,CUST-0203,STR-007,2022-04-05,completed,standard
ORD-01712,CUST-0107,STR-002,2023-03-22,refunded,click_and_collect
ORD-01490,CUST-0426,STR-007,2024-07-15,shipped,standard
ORD-00749,CUST-0307,STR-012,2024-11-05,completed,standard
ORD-00290,CUST-0056,STR-006,2024-11-27,completed,express
ORD-00817,CUST-0084,STR-004,2022-07-11,completed,click_and_collect
ORD-02890,CUST-0185,STR-008,2023-09-22,cancelled,standard
ORD-00679,CUST-0007,STR-004,2023-11-15,processing,standard
ORD-01692,CUST-0096,STR-009,2023-10-22,completed,express
ORD-02136,CUST-0482,STR-001,2024-10-09,completed,standard
ORD-01530,CUST-0090,STR-010,2022-01-28,shipped,express
ORD-01176,CUST-0483,STR-003,2023-06-14,completed,standard
ORD-01797,CUST-0294,STR-006,2022-06-18,processing,standard
ORD-00950,CUST-0355,STR-009,2024-06-07,completed,standard
ORD-02884,CUST-0417,STR-011,2023-11-21,completed,standard
ORD-00246,CUST-0216,STR-001,2023-07-28,completed,standard
ORD-00411,CUST-0106,STR-008,2024-03-06,processing,express
ORD-02762,CUST-0466,STR-008,2024-04-27,completed,standard
ORD-02398,CUST-0488,STR-011,2024-09-14,completed,standard
ORD-00995,CUST-0078,STR-007,2024-04-10,cancelled,express
ORD-00124,CUST-0437,STR-010,2024-09-23,shipped,standard
ORD-00865,CUST-0149,STR-010,2022-08-22,processing,standard
ORD-01545,CUST-0093,STR-010,2023-07-23,completed,express
ORD-00836,CUST-0186,STR-010,2023-04-18,completed,standard
ORD-00887,CUST-0399,STR-004,2024-03-30,cancelled,standard
ORD-00363,CUST-0326,STR-010,2024-04-24,completed,standard
ORD-00038,CUST-0291,STR-004,2024-10-07,completed,click_and_collect
ORD-02288,CUST-0252,STR-009,2024-11-11,shipped,standard
ORD-02359,CUST-0399,STR-002,2023-04-18,completed,standard
ORD-01411,CUST-0500,STR-002,2023-09-14,processing,standard
ORD-01215,CUST-0485,STR-007,2022-09-01,completed,standard
ORD-02287,CUST-0462,STR-007,2023-12-27,completed,standard
ORD-02067,CUST-0157,STR-007,2024-01-23,processing,standard
ORD-00703,CUST-0400,STR-004,2022-10-17,shipped,express
ORD-01977,CUST-0374,STR-008,2023-02-08,completed,click_and_collect
ORD-01480,CUST-0456,STR-005,2024-03-25,completed,standard
ORD-00713,CUST-0099,STR-005,2022-11-02,completed,next_day
ORD-01540,CUST-0115,STR-011,2023-02-10,completed,standard
ORD-01534,CUST-0190,STR-004,2022-12-30,completed,express
ORD-02922,CUST-0042,STR-012,2023-05-03,refunded,next_day
ORD-01097,CUST-0496,STR-010,2022-09-10,completed,express
ORD-02119,CUST-0140,STR-007,2024-07-29,completed,click_and_collect
ORD-02852,CUST-0139,STR-007,2023-06-13,shipped,next_day
ORD-01108,CUST-0493,STR-003,2024-10-06,shipped,click_and_collect
ORD-02927,CUST-0371,STR-010,2022-01-02,shipped,standard
ORD-01917,CUST-0295,STR-001,2023-11-11,shipped,express
ORD-02080,CUST-0404,STR-006,2022-01-10,completed,standard
ORD-02782,CUST-0423,STR-003,2023-12-07,processing,standard
ORD-00688,CUST-0219,STR-001,2023-01-31,completed,next_day
ORD-00216,CUST-0309,STR-011,2026-10-01,completed,standard
ORD-00206,CUST-0440,STR-002,2023-09-27,shipped,click_and_collect
ORD-00266,CUST-0427,STR-012,2023-05-18,processing,click_and_collect
ORD-02368,CUST-0321,STR-011,2022-11-22,completed,standard
ORD-01103,CUST-0148,STR-006,2023-03-31,completed,standard
ORD-01926,CUST-0449,STR-001,2023-01-13,completed,standard
ORD-00951,CUST-0324,STR-010,2024-09-11,completed,standard
ORD-00569,CUST-0169,STR-003,2023-02-15,,express
ORD-00174,CUST-0167,STR-009,2024-05-03,completed,standard
ORD-01604,CUST-0041,STR-012,2024-06-19,completed,click_and_collect
ORD-02366,CUST-0242,STR-010,2022-05-20,cancelled,next_day
ORD-02791,CUST-0315,STR-005,2023-07-26,shipped,standard
ORD-00953,CUST-0121,STR-009,2023-10-16,completed,next_day
ORD-01866,CUST-0210,STR-008,2022-02-22,cancelled,standard
ORD-00706,CUST-0288,STR-012,2023-03-28,refunded,standard
ORD-00050,CUST-0326,STR-009,2023-12-08,completed,standard
ORD-00345,CUST-0325,STR-006,2022-06-20,processing,standard
ORD-01687,CUST-0254,STR-005,2024-07-31,completed,standard
ORD-01109,CUST-0274,STR-005,2024-09-06,processing,standard
ORD-01965,CUST-0211,STR-005,2024-11-13,shipped,standard
ORD-00403,CUST-0103,STR-010,2023-04-16,completed,standard
ORD-02961,CUST-0403,STR-008,2024-11-28,,standard
ORD-00101,CUST-0489,STR-007,2024-03-26,completed,express
ORD-01634,CUST-0236,STR-001,2023-01-12,completed,standard
ORD-01467,CUST-0344,STR-012,2023-06-24,cancelled,express
ORD-00008,CUST-0373,STR-002,2024-11-04,processing,click_and_collect
ORD-02674,CUST-0112,STR-007,2022-11-01,cancelled,standard
ORD-00140,CUST-0370,STR-002,2025-07-04,shipped,next_day
ORD-00007,CUST-0443,STR-003,2022-08-27,completed,click_and_collect
ORD-00893,CUST-0049,STR-007,2022-02-14,shipped,standard
ORD-02265,CUST-0045,STR-005,2022-06-30,completed,standard
ORD-01954,CUST-0080,STR-002,2024-02-15,cancelled,click_and_collect
ORD-02769,CUST-0222,STR-010,2023-10-10,refunded,standard
ORD-02153,CUST-0445,STR-003,2022-09-12,cancelled,express
ORD-01629,CUST-0408,STR-005,2022-09-04,shipped,standard
ORD-01859,CUST-0418,STR-008,2022-02-09,completed,express
ORD-00249,CUST-0400,STR-012,2024-02-09,shipped,standard
ORD-01216,CUST-0093,STR-002,2024-06-12,completed,standard
ORD-02757,CUST-0217,STR-012,2023-12-17,completed,standard
ORD-01382,CUST-0351,STR-004,2022-09-01,completed,express
ORD-02527,CUST-0104,STR-005,2023-03-27,completed,standard
ORD-02504,CUST-0214,STR-012,2022-04-13,refunded,standard
ORD-00328,CUST-0228,STR-007,2023-11-23,shipped,standard
ORD-01976,CUST-0291,STR-012,2023-10-11,shipped,express
ORD-02114,CUST-0150,STR-006,2022-06-15,completed,standard
ORD-00374,CUST-0173,STR-004,2024-03-14,cancelled,standard
ORD-00302,CUST-0487,STR-003,2023-10-18,completed,express
ORD-00872,CUST-0458,STR-005,2022-10-11,completed,express
ORD-02713,CUST-0039,STR-011,2024-05-18,shipped,click_and_collect
ORD-00961,CUST-0315,STR-010,2024-08-19,refunded,standard
ORD-00026,CUST-0111,STR-009,2022-01-28,completed,next_day
ORD-01907,CUST-0496,STR-008,2022-12-04,cancelled,next_day
ORD-02112,CUST-0291,STR-002,2024-06-25,processing,express
ORD-01460,CUST-0117,STR-009,2023-01-16,completed,standard
ORD-02794,CUST-0370,STR-009,2024-02-09,completed,standard
ORD-01427,CUST-0422,STR-008,2024-04-29,completed,click_and_collect
ORD-00783,CUST-0066,STR-005,2022-09-01,shipped,standard
ORD-01019,CUST-0007,STR-011,2024-05-27,cancelled,standard
ORD-02171,CUST-0049,STR-006,2022-04-18,completed,express
ORD-01682,CUST-0108,STR-004,2023-09-22,completed,standard
ORD-01170,CUST-0173,STR-012,2022-11-23,completed,next_day
ORD-01237,CUST-0228,STR-007,2024-10-27,shipped,next_day
ORD-01843,CUST-0385,STR-008,2024-08-27,completed,standard
ORD-02502,CUST-0450,STR-002,2023-03-18,shipped,standard
ORD-02738,CUST-0499,STR-008,2022-08-12,completed,standard
ORD-00607,CUST-0002,STR-007,2022-05-06,completed,click_and_collect
ORD-01708,CUST-0445,STR-007,2024-01-22,shipped,express
ORD-01863,CUST-0098,STR-010,2022-10-12,refunded,next_day
ORD-02881,CUST-0062,STR-002,2024-04-01,shipped,click_and_collect
ORD-02006,CUST-0098,STR-001,2024-08-24,completed,click_and_collect
ORD-01610,CUST-0488,STR-005,2024-12-10,completed,express
ORD-01537,CUST-0351,STR-012,2022-04-23,shipped,standard
ORD-00058,CUST-0160,STR-009,2022-06-10,completed,standard
ORD-01671,CUST-0418,STR-008,2023-10-21,completed,click_and_collect
ORD-01314,CUST-0108,STR-006,2022-05-04,shipped,next_day
ORD-02966,CUST-0042,STR-009,2024-10-05,completed,next_day
ORD-00434,CUST-0384,STR-007,2022-08-06,processing,standard
ORD-01000,CUST-0318,STR-006,2024-01-16,completed,standard
ORD-02639,CUST-0084,STR-012,2022-11-24,completed,standard
ORD-02968,CUST-0434,STR-006,2022-07-27,completed,standard
ORD-02630,CUST-0170,STR-004,2024-06-09,completed,next_day
ORD-01132,CUST-0345,STR-012,2023-11-17,completed,standard
ORD-00172,CUST-0164,STR-009,2023-09-07,completed,next_day
ORD-02528,CUST-0041,STR-005,2022-11-19,refunded,standard
ORD-02752,CUST-0169,STR-009,2024-07-14,completed,standard
ORD-01345,CUST-0319,STR-001,2023-09-18,shipped,standard
ORD-02808,CUST-0186,STR-011,2022-12-19,completed,standard
ORD-01968,CUST-0274,STR-006,2022-10-20,completed,express
ORD-01307,CUST-0238,STR-012,2023-10-15,shipped,standard
ORD-02466,CUST-0633,STR-007,2024-09-16,shipped,standard
ORD-01883,CUST-0236,STR-011,2022-10-07,completed,next_day
ORD-00194,CUST-0174,STR-008,2024-06-04,shipped,next_day
ORD-02566,CUST-0104,STR-001,2022-07-31,completed,express
ORD-02488,CUST-0420,STR-008,2023-05-11,completed,standard
ORD-00768,CUST-0313,STR-006,2023-08-12,completed,standard
ORD-00911,CUST-0175,STR-009,2024-07-11,completed,standard
ORD-01644,CUST-0142,STR-001,2023-05-25,cancelled,standard
ORD-01239,CUST-0009,STR-012,2022-11-05,shipped,standard
ORD-02875,CUST-0397,STR-003,2023-02-18,processing,standard
ORD-02706,CUST-0355,STR-001,2023-06-28,completed,standard
ORD-00780,CUST-0387,STR-008,2023-07-27,completed,standard
ORD-01869,CUST-0375,STR-010,2022-06-16,completed,standard
ORD-02242,CUST-0040,STR-005,2024-08-21,completed,next_day
ORD-02896,CUST-0210,STR-011,2024-04-19,processing,standard
ORD-01419,CUST-0301,STR-007,2024-04-09,completed,standard
ORD-00964,CUST-0277,STR-007,2024-12-01,refunded,standard
ORD-00435,CUST-0459,STR-004,2024-10-30,processing,standard
ORD-02775,CUST-0200,STR-003,2023-11-24,completed,next_day
ORD-01698,CUST-0248,STR-006,2022-06-22,completed,click_and_collect
ORD-01658,CUST-0844,STR-005,2023-07-25,completed,next_day
ORD-01853,CUST-0281,STR-004,2023-03-12,completed,express
ORD-00377,CUST-0121,STR-009,2023-03-20,completed,standard
ORD-02074,CUST-0242,STR-001,2023-08-19,shipped,next_day
ORD-01438,CUST-0239,STR-009,2022-12-14,completed,standard
ORD-00903,CUST-0070,STR-012,2023-01-05,processing,standard
ORD-01508,CUST-0176,STR-010,2022-07-20,completed,express
ORD-00022,CUST-0114,STR-010,2023-02-27,completed,next_day
ORD-00948,CUST-0089,STR-009,2022-04-12,cancelled,standard
ORD-02859,CUST-0119,STR-009,2022-04-24,shipped,click_and_collect
ORD-02580,CUST-0065,STR-002,2022-09-06,shipped,standard
ORD-01187,CUST-0025,STR-002,2024-11-17,shipped,click_and_collect
ORD-00920,CUST-0302,STR-009,2024-09-12,cancelled,standard
ORD-02598,CUST-0468,STR-011,2022-05-16,processing,express
ORD-00478,CUST-0478,STR-010,2023-12-01,refunded,standard
ORD-01834,CUST-0162,STR-002,2022-10-18,,express
ORD-00831,CUST-0405,STR-002,2022-01-03,completed,click_and_collect
ORD-00245,CUST-0375,STR-010,2024-01-13,processing,click_and_collect
ORD-02419,CUST-0414,STR-008,2022-06-24,processing,standard
ORD-01107,CUST-0052,STR-006,2023-04-01,cancelled,click_and_collect
ORD-01301,CUST-0094,STR-012,2022-03-02,cancelled,standard
ORD-00109,CUST-0130,STR-007,2023-08-30,completed,next_day
ORD-00954,CUST-0025,STR-008,2022-10-11,completed,express
ORD-01336,CUST-0327,STR-007,2023-01-17,shipped,standard
ORD-01584,CUST-0416,STR-001,2022-06-04,cancelled,standard
ORD-02269,CUST-0161,STR-006,2024-06-04,completed,standard
ORD-00988,CUST-0160,STR-009,2023-08-24,completed,next_day
ORD-00647,CUST-0051,STR-008,2024-01-31,refunded,standard
ORD-02103,CUST-0075,STR-009,2023-05-02,completed,standard
ORD-02187,CUST-0423,STR-003,2022-06-05,completed,standard
ORD-00416,CUST-0395,STR-001,2023-09-11,processing,standard
ORD-02853,CUST-0195,STR-009,2023-04-20,completed,standard
ORD-01453,CUST-0040,STR-008,2023-11-06,completed,standard
ORD-00508,CUST-0434,STR-003,2024-01-23,completed,express
ORD-01234,CUST-0377,STR-012,2024-09-14,completed,click_and_collect
ORD-00802,CUST-0080,STR-010,2023-03-15,completed,standard
ORD-01874,CUST-0473,STR-003,2022-03-21,cancelled,express
ORD-00390,CUST-0074,STR-005,2024-05-13,processing,standard
ORD-01287,CUST-0245,STR-004,2024-02-21,processing,express
ORD-00103,CUST-0295,STR-009,2024-07-20,,click_and_collect
ORD-02031,CUST-0104,STR-012,2023-02-10,shipped,express
ORD-00648,CUST-0181,STR-006,2022-08-24,cancelled,click_and_collect
ORD-02681,CUST-0211,STR-002,2022-05-31,completed,standard
ORD-02030,CUST-0174,STR-005,2022-10-21,completed,express
ORD-02984,CUST-0412,STR-009,2023-07-14,shipped,standard
ORD-00625,CUST-0275,STR-012,2023-05-09,completed,next_day
ORD-00662,CUST-0342,STR-012,2023-09-02,completed,express
ORD-02635,CUST-0377,STR-006,2022-07-24,completed,express
ORD-01718,CUST-0054,STR-006,2023-11-27,completed,standard
ORD-00624,CUST-0231,STR-004,2023-04-30,completed,standard
ORD-00071,CUST-0429,STR-011,2022-05-14,cancelled,standard
ORD-00293,CUST-0419,STR-008,2024-04-07,completed,express
ORD-01872,CUST-0253,STR-010,2022-06-01,cancelled,standard
ORD-01175,CUST-0385,STR-006,2022-04-27,shipped,standard
ORD-02319,CUST-0124,STR-006,2024-12-15,processing,standard
ORD-01322,CUST-0172,STR-009,2023-09-06,completed,standard
ORD-00685,CUST-0173,STR-007,2023-06-07,completed,standard
ORD-01363,CUST-0275,STR-010,2022-07-06,shipped,next_day
ORD-02637,CUST-0061,STR-006,2027-09-16,,next_day
ORD-00543,CUST-0690,STR-001,2024-01-22,shipped,click_and_collect
ORD-01465,CUST-0174,STR-004,2024-04-01,completed,standard
ORD-02603,CUST-0213,STR-005,2024-12-01,completed,click_and_collect
ORD-00556,CUST-0168,STR-012,2024-05-14,refunded,click_and_collect
ORD-02384,CUST-0336,STR-006,2023-06-10,processing,standard
ORD-00066,CUST-0312,STR-011,2022-12-22,cancelled,standard
ORD-00466,CUST-0387,STR-011,2024-12-03,completed,express
ORD-02641,CUST-0180,STR-005,2023-09-19,shipped,standard
ORD-01693,CUST-0459,STR-008,2023-01-18,processing,express
ORD-00298,CUST-0255,STR-005,2022-04-23,completed,standard
ORD-00386,CUST-0115,STR-011,2026-05-31,processing,next_day
ORD-00608,CUST-0149,STR-004,2023-08-12,completed,standard
ORD-01192,CUST-0094,STR-003,2023-08-16,completed,express
ORD-01722,CUST-0466,STR-003,2024-12-12,processing,standard
ORD-01800,CUST-0483,STR-005,2022-07-22,completed,standard
ORD-01264,CUST-0482,STR-001,2022-09-16,shipped,next_day
ORD-01878,CUST-0245,STR-010,2022-07-16,refunded,standard
ORD-02728,CUST-0307,STR-007,2024-07-13,completed,standard
ORD-02183,CUST-0158,STR-008,2022-07-06,cancelled,express
ORD-01434,CUST-0057,STR-010,2022-11-13,completed,click_and_collect
ORD-02296,CUST-0186,STR-004,2022-09-20,refunded,standard
ORD-01298,CUST-0328,STR-010,2024-07-14,processing,standard
ORD-02104,CUST-0393,STR-006,2024-08-13,refunded,standard
ORD-02027,CUST-0202,STR-009,2022-12-07,processing,click_and_collect
ORD-02552,CUST-0235,STR-009,2022-02-14,completed,standard
ORD-02691,CUST-0423,STR-004,2024-02-12,completed,express
ORD-02435,CUST-0266,STR-008,2022-06-06,completed,standard
ORD-02586,CUST-0333,STR-001,2022-12-22,completed,standard
ORD-02797,CUST-0336,STR-008,2024-11-13,completed,standard
ORD-01720,CUST-0361,STR-005,2023-09-07,completed,standard
ORD-02025,CUST-0199,STR-005,2023-05-07,completed,standard
ORD-00494,CUST-0181,STR-007,2023-08-19,shipped,next_day
ORD-01414,CUST-0327,STR-007,2023-12-31,completed,next_day
ORD-00415,CUST-0498,STR-007,2024-02-03,shipped,click_and_collect
ORD-02646,CUST-0274,STR-009,2027-07-18,completed,next_day
ORD-01789,CUST-0481,STR-003,2024-09-09,processing,next_day
ORD-00785,CUST-0301,STR-011,2022-05-29,completed,click_and_collect
ORD-02143,CUST-0194,STR-009,2024-03-04,processing,standard
ORD-02611,CUST-0166,STR-009,2022-01-14,shipped,standard
ORD-02623,CUST-0071,STR-009,2022-05-23,completed,express
ORD-00365,CUST-0387,STR-003,2022-05-09,completed,next_day
ORD-00146,CUST-0169,STR-011,2024-07-27,processing,standard
ORD-00156,CUST-0374,STR-002,2024-01-01,refunded,click_and_collect
ORD-02499,CUST-0039,STR-011,2024-01-17,shipped,standard
ORD-00654,CUST-0409,STR-005,2023-10-21,completed,standard
ORD-02315,CUST-0075,STR-003,2023-03-17,refunded,standard
ORD-01995,CUST-0292,STR-010,2024-02-29,refunded,click_and_collect
ORD-02165,CUST-0496,STR-004,2022-09-11,completed,click_and_collect
ORD-00086,CUST-0157,STR-003,2023-01-17,processing,next_day
ORD-00999,CUST-0172,STR-001,2024-06-28,completed,express
ORD-02589,CUST-0072,STR-002,2022-01-03,cancelled,next_day
ORD-02040,CUST-0447,STR-006,2023-03-28,completed,standard
ORD-02577,CUST-0199,STR-009,2022-07-09,completed,standard
ORD-02600,CUST-0176,STR-003,2024-12-28,shipped,express
ORD-01931,CUST-0232,STR-001,2023-03-13,completed,next_day
ORD-00231,CUST-0382,STR-006,2022-11-07,cancelled,next_day
ORD-00644,CUST-0227,STR-002,2022-06-14,shipped,express
ORD-00932,CUST-0285,STR-009,2022-12-14,processing,standard
ORD-02579,CUST-0221,STR-001,2022-07-27,completed,standard
ORD-00118,CUST-0111,STR-007,2023-01-16,completed,next_day
ORD-01349,CUST-0174,STR-008,2023-10-04,completed,express
ORD-02874,CUST-0047,STR-012,2023-08-14,completed,standard
ORD-02332,CUST-0389,STR-011,2024-11-25,shipped,click_and_collect
ORD-01749,CUST-0160,STR-003,2022-07-17,processing,click_and_collect
ORD-01531,CUST-0356,STR-008,2024-04-19,completed,standard
ORD-01730,CUST-0170,STR-008,2024-12-06,shipped,standard
ORD-02716,CUST-0064,STR-003,2023-06-22,shipped,standard
ORD-00307,CUST-0213,STR-007,2023-01-24,processing,standard
ORD-00693,CUST-0269,STR-005,2022-03-24,completed,next_day
ORD-00680,CUST-0422,STR-010,2024-04-30,refunded,click_and_collect
ORD-01423,CUST-0366,STR-012,2024-10-31,completed,standard
ORD-02355,CUST-0349,STR-002,2022-11-16,shipped,next_day
ORD-00514,CUST-0060,STR-010,2024-02-23,shipped,standard
ORD-01529,CUST-0047,STR-003,2023-05-19,completed,standard
ORD-02021,CUST-0206,STR-006,2023-03-04,processing,standard
ORD-02647,CUST-0410,STR-005,2022-09-26,completed,standard
ORD-01628,CUST-0270,STR-007,2024-09-10,completed,standard
ORD-00696,CUST-0028,STR-002,2024-07-13,completed,next_day
ORD-02943,CUST-0253,STR-004,2023-04-24,cancelled,standard
ORD-01809,CUST-0461,STR-004,2024-05-17,shipped,express
ORD-00178,CUST-0104,STR-004,2023-06-09,shipped,standard
ORD-01318,CUST-0430,STR-009,2024-08-23,processing,standard
ORD-00413,CUST-0453,STR-001,2022-04-13,completed,standard
ORD-00454,CUST-0279,STR-002,2022-03-10,cancelled,click_and_collect
ORD-02989,CUST-0009,STR-005,2024-07-19,processing,express
ORD-02195,CUST-0053,STR-012,2024-06-12,completed,click_and_collect
ORD-02990,CUST-0435,STR-004,2024-12-28,shipped,express
ORD-02228,CUST-0440,STR-006,2023-08-11,completed,next_day
ORD-02429,CUST-0494,STR-005,2024-12-20,shipped,standard
ORD-02404,CUST-0743,STR-004,2024-07-20,completed,standard
ORD-02557,CUST-0427,STR-007,2022-12-10,processing,standard
ORD-00368,CUST-0292,STR-005,2023-10-16,processing,standard
ORD-00179,CUST-0405,STR-007,2023-02-13,refunded,next_day
ORD-02072,CUST-0220,STR-011,2024-05-02,completed,express
ORD-00578,CUST-0200,STR-007,2024-11-15,shipped,standard
ORD-02898,CUST-0142,STR-002,2024-11-10,completed,express
ORD-01901,CUST-0031,STR-011,2022-07-25,cancelled,standard
ORD-02142,CUST-0273,STR-012,2024-05-01,completed,standard
ORD-01422,CUST-0027,STR-005,2024-12-17,completed,express
ORD-00504,CUST-0493,STR-004,2022-06-07,completed,standard
ORD-01649,CUST-0364,STR-010,2023-02-22,shipped,click_and_collect
ORD-01983,CUST-0307,STR-003,2024-01-29,completed,next_day
ORD-01825,CUST-0275,STR-008,2022-06-25,refunded,standard
ORD-00490,CUST-0210,STR-012,2022-11-04,shipped,next_day
ORD-01918,CUST-0304,STR-010,2022-02-12,completed,standard
ORD-02306,CUST-0119,STR-006,2022-06-16,shipped,standard
ORD-00226,CUST-0457,STR-003,2024-09-25,processing,click_and_collect
ORD-02977,CUST-0101,STR-001,2024-01-02,cancelled,express
ORD-01999,CUST-0187,STR-004,2024-11-08,completed,express
ORD-02704,CUST-0284,STR-001,2023-06-14,shipped,standard
ORD-02886,CUST-0840,STR-009,2022-09-05,shipped,standard
ORD-02377,CUST-0166,STR-005,2022-07-19,processing,standard
ORD-02305,CUST-0138,STR-012,2023-10-29,processing,standard
ORD-02383,CUST-0257,STR-007,2023-04-01,completed,express
ORD-02395,CUST-0454,STR-006,2024-09-10,completed,express
ORD-00223,CUST-0325,STR-001,2023-05-03,shipped,standard
ORD-00287,CUST-0036,STR-003,2024-10-17,completed,standard
ORD-01823,CUST-0165,STR-005,2024-10-11,shipped,standard
ORD-02257,CUST-0487,STR-010,2024-01-17,completed,express
ORD-02675,CUST-0121,STR-004,2023-11-28,cancelled,standard
ORD-00158,CUST-0205,STR-011,2023-11-06,completed,next_day
ORD-00877,CUST-0256,STR-011,2023-07-08,refunded,click_and_collect
ORD-00083,CUST-0060,STR-009,2023-01-17,processing,next_day
ORD-01842,CUST-0221,STR-007,2022-12-23,refunded,standard
ORD-00253,CUST-0222,STR-011,2023-03-19,completed,click_and_collect
ORD-00751,CUST-0280,STR-009,2022-03-15,processing,standard
ORD-00982,CUST-0479,STR-009,2024-02-04,,standard
ORD-00992,CUST-0395,STR-012,2022-03-14,completed,standard
ORD-02176,CUST-0241,STR-004,2024-07-16,completed,standard
ORD-00013,CUST-0252,STR-009,2022-12-31,completed,next_day
ORD-00640,CUST-0378,STR-003,2023-01-04,completed,standard
ORD-00092,CUST-0085,STR-008,2025-10-30,completed,standard
ORD-02777,CUST-0116,STR-005,2022-06-13,completed,express
ORD-02860,CUST-0011,STR-010,2022-03-02,refunded,next_day
ORD-02572,CUST-0356,STR-010,2024-02-27,shipped,standard
ORD-00442,CUST-0318,STR-006,2024-10-01,shipped,standard
ORD-01792,CUST-0107,STR-012,2022-07-01,shipped,click_and_collect
ORD-01810,CUST-0380,STR-001,2024-07-15,shipped,standard
ORD-00196,CUST-0300,STR-011,2024-12-26,completed,next_day
ORD-00880,CUST-0217,STR-002,2022-04-01,cancelled,click_and_collect
ORD-01997,CUST-0015,STR-006,2023-03-01,completed,standard
ORD-02460,CUST-0246,STR-003,2023-06-13,completed,standard
ORD-00720,CUST-0322,STR-003,2024-01-25,completed,standard
ORD-00370,CUST-0210,STR-008,2023-10-27,shipped,express
ORD-00039,CUST-0078,STR-001,2024-04-12,completed,click_and_collect
ORD-00969,CUST-0003,STR-010,2022-10-13,processing,standard
ORD-01857,CUST-0356,STR-008,2023-05-17,completed,express
ORD-02581,CUST-0416,STR-010,2023-01-20,shipped,standard
ORD-02833,CUST-0126,STR-012,2023-05-23,processing,standard
ORD-02836,CUST-0153,STR-004,2024-04-11,cancelled,express
ORD-01266,CUST-0005,STR-006,2023-08-27,completed,standard
ORD-02669,CUST-0495,STR-007,2023-10-06,completed,click_and_collect
ORD-01597,CUST-0462,STR-005,2023-03-24,refunded,express
ORD-01755,CUST-0144,STR-003,2024-09-11,cancelled,standard
ORD-00606,CUST-0097,STR-011,2023-05-13,completed,express
ORD-01964,CUST-0113,STR-004,2024-01-19,shipped,express
ORD-02341,CUST-0483,STR-006,2024-10-21,completed,standard
ORD-00716,CUST-0391,STR-007,2022-06-03,completed,next_day
ORD-02654,CUST-0338,STR-003,2023-02-25,cancelled,next_day
ORD-01083,CUST-0460,STR-003,2022-08-27,shipped,standard
ORD-00167,CUST-0253,STR-011,2024-11-04,completed,click_and_collect
ORD-02754,CUST-0213,STR-001,2024-06-09,processing,standard
ORD-00260,CUST-0363,STR-008,2024-06-15,completed,standard
ORD-01436,CUST-0249,STR-006,2022-03-24,shipped,next_day
ORD-01786,CUST-0028,STR-003,2023-09-12,completed,standard
ORD-01885,CUST-0037,STR-004,2022-06-13,processing,standard
ORD-02251,CUST-0380,STR-009,2023-06-19,completed,standard
ORD-01822,CUST-0239,STR-010,2023-03-14,completed,standard
ORD-00159,CUST-0434,STR-012,2022-06-12,completed,express
ORD-02529,CUST-0252,STR-012,2023-07-24,refunded,next_day
ORD-02372,CUST-0409,STR-012,2023-12-03,shipped,express
ORD-00084,CUST-0289,STR-007,2022-03-11,completed,click_and_collect
ORD-00824,CUST-0093,STR-001,2022-03-07,shipped,click_and_collect
ORD-00004,CUST-0015,STR-010,2023-02-04,,standard
ORD-00197,CUST-0458,STR-012,2022-11-09,completed,standard
ORD-01123,CUST-0281,STR-008,2023-01-14,completed,standard
ORD-00419,CUST-0355,STR-003,2024-03-25,completed,standard
ORD-02445,CUST-0478,STR-004,2024-02-02,processing,standard
ORD-00264,CUST-0069,STR-007,2023-08-25,completed,standard
ORD-01553,CUST-0491,STR-001,2023-04-11,shipped,click_and_collect
ORD-00098,CUST-0189,STR-006,2022-01-04,shipped,standard
ORD-02806,CUST-0412,STR-004,2022-10-05,shipped,next_day
ORD-01376,CUST-0057,STR-010,2026-11-11,refunded,standard
ORD-01004,CUST-0352,STR-001,2023-08-28,processing,click_and_collect
ORD-02695,CUST-0107,STR-010,2023-06-02,completed,express
ORD-02506,CUST-0499,STR-007,2024-03-01,cancelled,next_day
ORD-01497,CUST-0468,STR-001,2022-12-22,shipped,standard
ORD-02002,CUST-0997,STR-004,2027-08-17,completed,standard
ORD-00975,CUST-0054,STR-009,2023-08-25,completed,standard
ORD-01026,CUST-0113,STR-004,2022-07-15,completed,next_day
ORD-01153,CUST-0246,STR-006,2024-11-28,completed,click_and_collect
ORD-01396,CUST-0032,STR-008,2023-03-25,shipped,express
ORD-01517,CUST-0380,STR-005,2022-11-11,cancelled,next_day
ORD-02430,CUST-0211,STR-005,2024-01-18,completed,express
ORD-00539,CUST-0190,STR-002,2024-09-23,processing,express
ORD-01733,CUST-0150,STR-011,2022-05-27,shipped,standard
ORD-01435,CUST-0389,STR-010,2024-02-26,processing,standard
ORD-01663,CUST-0009,STR-003,2024-07-07,,express
ORD-01904,CUST-0444,STR-003,2024-01-04,refunded,next_day
ORD-00655,CUST-0088,STR-010,2022-03-27,completed,click_and_collect
ORD-01121,CUST-0369,STR-005,2023-12-02,completed,standard
ORD-02449,CUST-0049,STR-006,2022-08-07,processing,next_day
ORD-00459,CUST-0262,STR-001,2023-06-29,completed,standard
ORD-02344,CUST-0191,STR-006,2023-12-06,refunded,standard
ORD-00208,CUST-0460,STR-006,2023-05-25,completed,standard
ORD-01285,CUST-0210,STR-006,2023-03-12,completed,express
ORD-00767,CUST-0201,STR-006,2024-09-29,shipped,next_day
ORD-02139,CUST-0201,STR-007,2024-05-18,completed,standard
ORD-00697,CUST-0260,STR-006,2022-05-13,completed,next_day
ORD-00045,CUST-0456,STR-006,2022-12-06,cancelled,click_and_collect
ORD-01347,CUST-0029,STR-003,2022-03-07,completed,express
ORD-01374,CUST-0169,STR-001,2023-03-23,,standard
ORD-00712,CUST-0452,STR-003,2024-12-18,shipped,standard
ORD-02387,CUST-0153,STR-003,2022-08-23,refunded,express
ORD-01171,CUST-0320,STR-004,2025-06-17,shipped,next_day
ORD-01775,CUST-0464,STR-012,2024-06-13,refunded,express
ORD-02039,CUST-0267,STR-002,2023-09-13,completed,express
ORD-01294,CUST-0462,STR-011,2024-07-26,processing,standard
ORD-00170,CUST-0092,STR-002,2023-09-16,processing,standard
ORD-00668,CUST-0272,STR-009,2022-02-16,completed,standard
ORD-00512,CUST-0296,STR-012,2024-04-09,cancelled,express
ORD-02761,CUST-0154,STR-004,2023-03-13,completed,click_and_collect
ORD-01518,CUST-0420,STR-005,2023-10-21,cancelled,standard
ORD-00756,CUST-0296,STR-004,2022-03-20,cancelled,standard
ORD-00205,CUST-0261,STR-002,2022-02-03,,express
ORD-02170,CUST-0307,STR-005,2022-07-20,cancelled,standard
ORD-00513,CUST-0440,STR-008,2022-03-16,refunded,standard
ORD-00908,CUST-0153,STR-009,2023-05-28,completed,express
ORD-02133,CUST-0059,STR-010,2024-05-26,completed,express
ORD-01045,CUST-0066,STR-011,2023-04-14,completed,standard
ORD-01403,CUST-0013,STR-002,2023-11-13,shipped,express
ORD-00180,CUST-0141,STR-002,2022-11-25,processing,click_and_collect
ORD-00310,CUST-0379,STR-005,2024-03-26,completed,standard
ORD-02089,CUST-0489,STR-002,2024-06-02,refunded,click_and_collect
ORD-00126,CUST-0300,STR-003,2024-06-02,completed,standard
ORD-02272,CUST-0317,STR-012,2022-02-16,completed,click_and_collect
ORD-02273,CUST-0329,STR-007,2022-07-11,,click_and_collect
ORD-00519,CUST-0180,STR-008,2024-06-06,completed,standard
ORD-00515,CUST-0102,STR-001,2022-10-29,refunded,click_and_collect
ORD-02934,CUST-0086,STR-006,2024-08-02,completed,standard
ORD-02883,CUST-0156,STR-003,2023-09-11,processing,standard
ORD-02147,CUST-0305,STR-002,2022-12-10,completed,express
ORD-02869,CUST-0161,STR-011,2024-04-18,cancelled,standard
ORD-02277,CUST-0016,STR-009,2023-07-09,completed,click_and_collect
ORD-00842,CUST-0432,STR-003,2023-05-30,completed,standard
ORD-00753,CUST-0498,STR-011,2024-07-14,completed,next_day
ORD-00075,CUST-0096,STR-006,2022-02-11,completed,standard
ORD-02023,CUST-0106,STR-006,2022-07-02,completed,standard
ORD-00340,CUST-0283,STR-011,2023-07-30,completed,standard
ORD-00460,CUST-0071,STR-006,2024-09-10,completed,click_and_collect
ORD-02202,CUST-0003,STR-001,2023-11-28,cancelled,next_day
ORD-02399,CUST-0389,STR-010,2024-10-06,completed,express
ORD-00541,CUST-0168,STR-010,2022-06-19,completed,click_and_collect
ORD-02495,CUST-0374,STR-012,2023-06-05,completed,next_day
ORD-00524,CUST-0225,STR-008,2024-11-18,cancelled,click_and_collect
ORD-01309,CUST-0294,STR-008,2023-10-08,completed,click_and_collect
ORD-00535,CUST-0132,STR-002,2023-04-03,completed,standard
ORD-00870,CUST-0460,STR-002,2024-06-29,cancelled,next_day
ORD-02620,CUST-0021,STR-008,2024-12-04,completed,standard
ORD-00981,CUST-0135,STR-012,2022-07-04,shipped,standard
ORD-02100,CUST-0412,STR-002,2023-03-17,completed,next_day
ORD-00811,CUST-0286,STR-009,2022-11-02,completed,standard
ORD-02036,CUST-0320,STR-011,2023-04-17,completed,click_and_collect
ORD-02561,CUST-0226,STR-005,2024-03-30,completed,next_day
ORD-00691,CUST-0175,STR-006,2024-05-30,completed,express
ORD-00723,CUST-0285,STR-002,2024-10-04,processing,express
ORD-01766,CUST-0181,STR-010,2024-10-08,cancelled,next_day
ORD-01667,CUST-0304,STR-002,2022-05-01,completed,click_and_collect
ORD-01387,CUST-0146,STR-010,2023-07-14,shipped,express
ORD-01151,CUST-0268,STR-010,2023-07-07,completed,standard
ORD-00790,CUST-0330,STR-007,2022-01-14,cancelled,click_and_collect
ORD-02505,CUST-0263,STR-009,2022-07-21,completed,standard
ORD-00943,CUST-0162,STR-008,2022-09-30,completed,standard
ORD-01701,CUST-0404,STR-005,2023-03-14,completed,express
ORD-01365,CUST-0466,STR-009,2022-09-17,shipped,standard
ORD-01335,CUST-0368,STR-001,2022-08-19,shipped,standard
ORD-00818,CUST-0399,STR-012,2023-12-15,completed,standard
ORD-02863,CUST-0382,STR-008,2022-03-11,,express
ORD-00921,CUST-0041,STR-003,2024-01-04,completed,standard
ORD-01505,CUST-0171,STR-010,2022-10-02,completed,standard
ORD-02222,CUST-0349,STR-005,2023-06-13,refunded,express
ORD-02412,CUST-0180,STR-007,2022-11-03,processing,standard
ORD-00789,CUST-0367,STR-008,2023-03-31,processing,click_and_collect
ORD-02082,CUST-0003,STR-005,2022-02-17,cancelled,standard
ORD-00672,CUST-0453,STR-012,2023-03-31,completed,standard
ORD-01741,CUST-0007,STR-010,2022-05-16,processing,next_day
ORD-02340,CUST-0135,STR-004,2023-06-22,processing,standard
ORD-02091,CUST-0161,STR-011,2024-07-18,shipped,standard
ORD-00501,CUST-0151,STR-003,2023-07-25,completed,standard
ORD-01027,CUST-0459,STR-007,2022-04-06,completed,click_and_collect
ORD-01016,CUST-0466,STR-002,2023-11-21,refunded,standard
ORD-01699,CUST-0460,STR-007,2024-06-25,refunded,click_and_collect
ORD-01067,CUST-0021,STR-009,2022-07-20,shipped,standard
ORD-01868,CUST-0396,STR-010,2024-04-01,completed,next_day
ORD-01828,CUST-0208,STR-011,2024-05-16,shipped,express
ORD-02108,CUST-0348,STR-011,2022-02-02,refunded,standard
ORD-00848,CUST-0232,STR-002,2024-08-04,shipped,standard
ORD-02311,CUST-0209,STR-006,2022-05-28,shipped,standard
ORD-00418,CUST-0045,STR-012,2023-07-14,refunded,express
ORD-00132,CUST-0091,STR-007,2024-12-26,processing,click_and_collect
ORD-01459,CUST-0386,STR-004,2022-05-06,processing,standard
ORD-01384,CUST-0356,STR-005,2022-10-17,completed,standard
ORD-02571,CUST-0014,STR-004,2024-01-08,completed,standard
ORD-02007,CUST-0425,STR-004,2022-12-08,processing,express
ORD-00553,CUST-0477,STR-011,2023-09-12,completed,express
ORD-01143,CUST-0041,STR-006,2024-12-10,cancelled,next_day
ORD-01448,CUST-0467,STR-002,2024-01-17,cancelled,express
ORD-02772,CUST-0041,STR-011,2022-12-10,cancelled,next_day
ORD-00472,CUST-0305,STR-009,2023-10-26,refunded,standard
ORD-00426,CUST-0206,STR-006,2023-12-13,completed,click_and_collect
ORD-00958,CUST-0353,STR-001,2024-03-09,completed,standard
ORD-00464,CUST-0222,STR-001,2024-03-19,shipped,express
ORD-00108,CUST-0145,STR-001,2024-09-29,completed,next_day
ORD-01626,CUST-0419,STR-001,2024-01-28,completed,standard
ORD-02744,CUST-0069,STR-001,2023-11-11,completed,next_day
ORD-01005,CUST-0352,STR-012,2022-02-18,refunded,standard
ORD-02258,CUST-0168,STR-006,2022-04-29,cancelled,standard
ORD-01724,CUST-0371,STR-005,2024-01-28,processing,click_and_collect
ORD-00546,CUST-0304,STR-005,2024-12-13,refunded,standard
ORD-00280,CUST-0376,STR-004,2023-01-03,completed,click_and_collect
ORD-01323,CUST-0494,STR-002,2022-01-03,completed,standard
ORD-01291,CUST-0284,STR-006,2022-02-04,completed,click_and_collect
ORD-01332,CUST-0393,STR-001,2023-03-03,cancelled,standard
ORD-02901,CUST-0116,STR-001,2024-03-07,completed,standard
ORD-01672,CUST-0071,STR-001,2023-07-31,shipped,standard
ORD-02544,CUST-0343,STR-010,2024-02-24,completed,express
ORD-02976,CUST-0443,STR-011,2023-04-17,refunded,next_day
ORD-00285,CUST-0451,STR-010,2022-05-02,completed,standard
ORD-00373,CUST-0078,STR-010,2023-03-21,shipped,express
ORD-02743,CUST-0076,STR-011,2023-06-27,refunded,express
ORD-02209,CUST-0252,STR-011,2023-01-06,completed,standard
ORD-00250,CUST-0303,STR-011,2022-07-14,completed,standard
ORD-00131,CUST-0207,STR-008,2023-08-10,processing,standard
ORD-01064,CUST-0067,STR-003,2024-06-07,completed,standard
ORD-01368,CUST-0150,STR-010,2022-09-25,completed,standard
ORD-02320,CUST-0168,STR-005,2022-02-02,refunded,standard
ORD-00800,CUST-0062,STR-011,2022-05-10,completed,standard
ORD-00796,CUST-0341,STR-008,2023-01-06,processing,express
ORD-02755,CUST-0033,STR-012,2023-05-30,completed,next_day
ORD-00550,CUST-0121,STR-005,2023-03-08,completed,click_and_collect
ORD-02210,CUST-0328,STR-007,2023-11-03,,standard
ORD-01158,CUST-0305,STR-007,2023-11-22,processing,standard
ORD-01138,CUST-0126,STR-006,2023-03-28,completed,next_day
ORD-02745,CUST-0453,STR-008,2022-07-28,completed,standard
ORD-01729,CUST-0051,STR-007,2023-10-15,cancelled,express
ORD-00776,CUST-0091,STR-008,2024-12-19,completed,click_and_collect
ORD-02826,CUST-0410,STR-005,2024-05-30,processing,standard
ORD-01924,CUST-0144,STR-004,2024-03-27,completed,click_and_collect
ORD-02125,CUST-0400,STR-011,2024-04-30,completed,next_day
ORD-00572,CUST-0478,STR-005,2022-05-21,completed,standard
ORD-02940,CUST-0221,STR-001,2022-02-17,processing,standard
ORD-02613,CUST-0426,STR-006,2023-10-09,completed,next_day
ORD-02824,CUST-0440,STR-011,2022-07-08,cancelled,express
ORD-01339,CUST-0144,STR-002,2024-10-10,completed,standard
ORD-00637,CUST-0311,STR-004,2022-02-11,completed,express
ORD-00827,CUST-0341,STR-005,2022-08-01,completed,standard
ORD-00896,CUST-0248,STR-012,2024-11-22,completed,next_day
ORD-02109,CUST-0480,STR-008,2024-03-09,shipped,standard
ORD-02092,CUST-0279,STR-002,2023-02-14,completed,express
ORD-02862,CUST-0439,STR-001,2024-12-16,cancelled,standard
ORD-00511,CUST-0282,STR-009,2024-12-11,cancelled,standard
ORD-02712,CUST-0194,STR-005,2022-02-24,,standard
ORD-02316,CUST-0211,STR-009,2024-11-30,shipped,click_and_collect
ORD-02433,CUST-0018,STR-002,2023-10-30,shipped,standard
ORD-02831,CUST-0389,STR-010,2023-02-26,shipped,express
ORD-01675,CUST-0086,STR-010,2024-01-30,processing,next_day
ORD-01582,CUST-0276,STR-008,2024-01-24,refunded,next_day
ORD-02531,CUST-0355,STR-004,2024-12-04,shipped,standard
ORD-02840,CUST-0183,STR-006,2022-08-19,completed,next_day
ORD-00627,CUST-0052,STR-002,2023-04-15,completed,standard
ORD-01704,CUST-0153,STR-012,2024-06-26,,next_day
ORD-01925,CUST-0204,STR-005,2024-07-30,processing,standard
ORD-00914,CUST-0056,STR-007,2023-12-12,completed,standard
ORD-02803,CUST-0032,STR-008,2024-12-20,cancelled,standard
ORD-00795,CUST-0238,STR-006,2022-12-05,shipped,next_day
ORD-00638,CUST-0239,STR-002,2022-08-25,completed,standard
ORD-01839,CUST-0194,STR-002,2022-11-21,refunded,standard
ORD-01161,CUST-0479,STR-009,2022-04-09,completed,standard
ORD-01249,CUST-0195,STR-005,2024-12-29,completed,standard
ORD-02814,CUST-0461,STR-010,2022-08-22,completed,click_and_collect
ORD-02939,CUST-0102,STR-011,2024-01-02,completed,standard
ORD-01953,CUST-0172,STR-004,2023-02-11,completed,next_day
ORD-00972,CUST-0428,STR-011,2023-07-29,refunded,express
ORD-02451,CUST-0024,STR-002,2022-11-13,shipped,standard
ORD-02068,CUST-0195,STR-009,2023-03-03,completed,standard
ORD-02238,CUST-0469,STR-011,2022-03-17,completed,next_day
ORD-02746,CUST-0412,STR-005,2023-06-08,cancelled,standard
ORD-01062,CUST-0226,STR-007,2023-02-07,refunded,standard
ORD-00671,CUST-0470,STR-004,2023-12-29,cancelled,standard
ORD-02140,CUST-0349,STR-002,2024-07-25,completed,click_and_collect
ORD-01217,CUST-0009,STR-005,2022-04-04,refunded,standard
ORD-02684,CUST-0387,STR-001,2023-10-28,shipped,standard
ORD-02219,CUST-0044,STR-010,2022-01-04,cancelled,standard
ORD-00833,CUST-0061,STR-003,2024-05-18,cancelled,standard
ORD-02903,CUST-0237,STR-005,2022-03-22,completed,standard
ORD-01228,CUST-0257,STR-010,2023-02-22,processing,express
ORD-01014,CUST-0297,STR-002,2026-05-23,completed,standard
ORD-01560,CUST-0462,STR-002,2023-09-01,completed,next_day
ORD-02592,CUST-0038,STR-001,2023-06-22,processing,click_and_collect
ORD-02044,CUST-0183,STR-011,2022-08-01,processing,express
ORD-02254,CUST-0276,STR-012,2024-04-12,processing,express
ORD-01570,CUST-0156,STR-011,2024-11-20,cancelled,express
ORD-00398,CUST-0385,STR-002,2022-05-08,shipped,click_and_collect
ORD-01145,CUST-0170,STR-005,2023-08-22,completed,click_and_collect
ORD-01328,CUST-0440,STR-005,2024-11-08,completed,standard
ORD-02631,CUST-0311,STR-002,2024-03-22,shipped,express
ORD-00528,CUST-0100,STR-007,2022-11-07,refunded,standard
ORD-01753,CUST-0413,STR-005,2024-05-10,completed,standard
ORD-02038,CUST-0330,STR-001,2022-06-18,completed,click_and_collect
ORD-02730,CUST-0208,STR-005,2023-03-09,completed,click_and_collect
ORD-01950,CUST-0402,STR-010,2022-06-27,shipped,express
ORD-02001,CUST-0277,STR-005,2024-05-26,refunded,standard
ORD-00305,CUST-0429,STR-007,2022-10-18,refunded,click_and_collect
ORD-00570,CUST-0332,STR-004,2022-02-12,completed,standard
ORD-00985,CUST-0042,STR-012,2024-01-13,processing,standard
ORD-00599,CUST-0211,STR-010,2023-05-26,completed,click_and_collect
ORD-02064,CUST-0256,STR-011,2022-10-06,completed,express
ORD-02417,CUST-0225,STR-010,2022-03-25,completed,next_day
ORD-01736,CUST-0468,STR-009,2022-02-04,completed,standard
ORD-02815,CUST-0120,STR-005,2024-01-22,completed,standard
ORD-00382,CUST-0066,STR-006,2023-04-14,refunded,standard
ORD-01980,CUST-0130,STR-009,2023-03-12,processing,click_and_collect
ORD-00381,CUST-0498,STR-008,2023-11-29,shipped,click_and_collect
ORD-00190,CUST-0224,STR-001,2023-11-01,processing,standard
ORD-01772,CUST-0418,STR-001,2024-09-27,,express
ORD-02267,CUST-0031,STR-005,2024-07-10,completed,click_and_collect
ORD-02972,CUST-0080,STR-012,2022-01-15,completed,standard
ORD-00477,CUST-0426,STR-006,2024-10-14,shipped,express
ORD-01114,CUST-0460,STR-011,2024-09-07,completed,standard
ORD-00017,CUST-0167,STR-004,2022-08-26,shipped,click_and_collect
ORD-01514,CUST-0441,STR-006,2023-10-13,completed,click_and_collect
ORD-02871,CUST-0437,STR-001,2024-06-30,,next_day
ORD-02285,CUST-0495,STR-006,2022-02-17,completed,click_and_collect
ORD-01532,CUST-0027,STR-010,2023-02-02,processing,standard
ORD-02563,CUST-0240,STR-001,2023-05-20,completed,standard
ORD-02297,CUST-0491,STR-012,2023-03-17,refunded,standard
ORD-00886,CUST-0423,STR-011,2022-09-14,,next_day
ORD-00928,CUST-0174,STR-012,2023-02-08,completed,standard
ORD-02314,CUST-0429,STR-001,2023-11-02,completed,standard
ORD-00845,CUST-0231,STR-007,2022-07-04,shipped,next_day
ORD-01549,CUST-0087,STR-004,2024-05-27,completed,next_day
ORD-02597,CUST-0392,STR-002,2024-06-12,shipped,next_day
ORD-00204,CUST-0384,STR-006,2023-03-07,cancelled,standard
ORD-01065,CUST-0076,STR-005,2024-04-21,shipped,click_and_collect
ORD-00922,CUST-0368,STR-007,2022-12-03,shipped,standard
ORD-00581,CUST-0019,STR-008,2023-12-29,,click_and_collect
ORD-02935,CUST-0105,STR-005,2024-07-14,completed,next_day
ORD-02391,CUST-0448,STR-006,2024-04-02,completed,standard
ORD-00433,CUST-0375,STR-006,2024-03-19,shipped,standard
ORD-01260,CUST-0246,STR-012,2022-08-31,completed,express
ORD-01091,CUST-0421,STR-003,2024-06-29,completed,next_day
ORD-01147,CUST-0312,STR-004,2023-06-14,processing,standard
ORD-02364,CUST-0412,STR-006,2024-06-13,cancelled,standard
ORD-02055,CUST-0299,STR-004,2022-10-12,shipped,express
ORD-00348,CUST-0230,STR-007,2023-07-13,processing,click_and_collect
ORD-02381,CUST-0815,STR-011,2022-05-15,completed,standard
ORD-02693,CUST-0173,STR-011,2022-08-02,refunded,standard
ORD-01304,CUST-0337,STR-012,2022-12-08,processing,express
ORD-02668,CUST-0321,STR-011,2022-04-21,refunded,click_and_collect
ORD-02400,CUST-0099,STR-001,2024-10-21,completed,next_day
ORD-00484,CUST-0339,STR-010,2022-08-17,refunded,click_and_collect
ORD-01371,CUST-0262,STR-007,2022-03-22,completed,standard
ORD-02353,CUST-0389,STR-002,2022-03-14,processing,next_day
ORD-00005,CUST-0145,STR-010,2024-06-30,processing,standard
ORD-02028,CUST-0002,STR-001,2022-10-17,shipped,click_and_collect
ORD-02722,CUST-0078,STR-011,2024-04-24,completed,standard
ORD-01204,CUST-0206,STR-004,2024-08-06,completed,click_and_collect
ORD-01024,CUST-0109,STR-007,2022-09-24,completed,standard
ORD-00498,CUST-0134,STR-008,2023-03-25,cancelled,next_day
ORD-00888,CUST-0451,STR-007,2023-06-14,completed,next_day
ORD-01169,CUST-0418,STR-009,2023-07-29,shipped,standard
ORD-01900,CUST-0053,STR-001,2027-03-16,shipped,express
ORD-01450,CUST-0282,STR-002,2023-10-30,,standard
ORD-01957,CUST-0276,STR-010,2022-11-01,completed,standard
ORD-01503,CUST-0304,STR-007,2022-02-24,cancelled,click_and_collect
ORD-01855,CUST-0076,STR-005,2023-04-30,cancelled,click_and_collect
ORD-02022,CUST-0443,STR-009,2023-02-21,completed,next_day
ORD-02839,CUST-0436,STR-006,2022-10-17,cancelled,standard
ORD-01903,CUST-0283,STR-003,2022-11-14,cancelled,standard
ORD-02459,CUST-0488,STR-008,2023-04-28,shipped,click_and_collect
ORD-00068,CUST-0428,STR-002,2022-05-08,cancelled,standard
ORD-00100,CUST-0093,STR-007,2023-09-30,processing,standard
ORD-01880,CUST-0405,STR-008,2022-10-04,completed,next_day
ORD-00832,CUST-0306,STR-006,2024-10-13,completed,standard
ORD-00332,CUST-0081,STR-011,2024-11-25,processing,standard
ORD-00090,CUST-0154,STR-010,2024-12-09,refunded,standard
ORD-00355,CUST-0443,STR-002,2025-06-14,shipped,next_day
ORD-02203,CUST-0109,STR-005,2024-04-03,cancelled,express
ORD-02156,CUST-0049,STR-007,2022-07-12,processing,standard
ORD-02747,CUST-0198,STR-001,2023-05-23,completed,express
ORD-00191,CUST-0325,STR-002,2022-07-08,completed,next_day
ORD-00161,CUST-0234,STR-003,2023-06-29,completed,click_and_collect
ORD-01224,CUST-0024,STR-006,2023-07-08,cancelled,standard
ORD-00404,CUST-0298,STR-006,2022-12-03,completed,next_day
ORD-01131,CUST-0104,STR-002,2024-02-22,completed,standard
ORD-01562,CUST-0357,STR-003,2022-08-14,,next_day
ORD-01793,CUST-0329,STR-003,2023-04-10,completed,standard
ORD-00762,CUST-0350,STR-009,2023-07-06,completed,standard
ORD-02947,CUST-0228,STR-005,2023-06-25,refunded,express
ORD-02981,CUST-0177,STR-003,2022-10-16,completed,express
ORD-00181,CUST-0488,STR-001,2024-03-09,processing,standard
ORD-00051,CUST-0467,STR-007,2023-09-19,shipped,standard
ORD-01820,CUST-0185,STR-005,2022-06-21,processing,standard
ORD-01324,CUST-0250,STR-007,2022-10-03,cancelled,standard
ORD-00718,CUST-0042,STR-005,2022-05-30,shipped,standard
ORD-02634,CUST-0201,STR-005,2022-01-09,cancelled,standard
ORD-01037,CUST-0035,STR-006,2024-12-10,cancelled,next_day
ORD-01061,CUST-0202,STR-006,2023-09-13,completed,standard
ORD-02066,CUST-0013,STR-012,2024-10-10,completed,click_and_collect
ORD-01073,CUST-0354,STR-010,2024-10-19,processing,express
ORD-02685,CUST-0087,STR-003,2023-05-01,completed,standard
ORD-00861,CUST-0253,STR-011,2022-05-14,refunded,express
ORD-02624,CUST-0221,STR-004,2023-10-31,refunded,click_and_collect
ORD-02226,CUST-0220,STR-003,2022-10-06,shipped,express
ORD-00141,CUST-0442,STR-007,2024-05-04,cancelled,standard
ORD-00497,CUST-0466,STR-007,2023-06-07,completed,standard
ORD-01397,CUST-0044,STR-003,2024-12-05,completed,standard
ORD-02513,CUST-0453,STR-009,2024-01-31,completed,standard
ORD-01595,CUST-0242,STR-007,2022-02-01,cancelled,standard
ORD-00095,CUST-0358,STR-004,2024-02-10,completed,standard
ORD-00786,CUST-0453,STR-002,2023-10-12,completed,standard
ORD-01795,CUST-0222,STR-007,2024-08-13,completed,standard
ORD-02441,CUST-0142,STR-009,2022-10-09,completed,standard
ORD-02280,CUST-0316,STR-008,2023-06-05,cancelled,express
ORD-00475,CUST-0186,STR-012,2023-10-20,processing,next_day
ORD-01195,CUST-0227,STR-001,2024-11-28,refunded,next_day
ORD-00936,CUST-0452,STR-005,2022-08-01,shipped,express
ORD-01186,CUST-0232,STR-010,2022-06-06,completed,standard
ORD-02662,CUST-0460,STR-010,2025-06-05,processing,next_day
ORD-01282,CUST-0308,STR-003,2022-03-18,cancelled,next_day
ORD-00192,CUST-0263,STR-002,2024-08-17,completed,standard
ORD-00325,CUST-0327,STR-012,2024-03-06,completed,standard
ORD-02969,CUST-0113,STR-004,2022-06-02,completed,next_day
ORD-00658,CUST-0130,STR-009,2024-12-19,completed,click_and_collect
ORD-02348,CUST-0414,STR-010,2024-06-29,completed,standard
ORD-00966,CUST-0186,STR-008,2024-07-19,completed,click_and_collect
ORD-02422,CUST-0398,STR-004,2022-10-21,refunded,standard
ORD-01845,CUST-0397,STR-002,2022-12-30,shipped,standard
ORD-00759,CUST-0292,STR-001,2022-09-13,cancelled,standard
ORD-02842,CUST-0278,STR-009,2024-09-28,refunded,click_and_collect
ORD-02576,CUST-0193,STR-006,2023-05-14,completed,express
ORD-02014,CUST-0209,STR-005,2024-02-13,completed,standard
ORD-00412,CUST-0085,STR-008,2023-08-08,completed,standard
ORD-02964,CUST-0060,STR-004,2024-02-05,shipped,standard
ORD-00105,CUST-0466,STR-008,2024-08-27,cancelled,standard
ORD-01470,CUST-0490,STR-006,2024-07-09,completed,standard
ORD-01555,CUST-0303,STR-010,2022-03-08,completed,express
ORD-02550,CUST-0343,STR-001,2024-07-11,shipped,express
ORD-01030,CUST-0145,STR-011,2024-07-23,refunded,next_day
ORD-01840,CUST-0441,STR-007,2023-11-14,completed,standard
ORD-02307,CUST-0364,STR-006,2022-11-21,refunded,express
ORD-01189,CUST-0019,STR-011,2022-11-06,refunded,next_day
ORD-02336,CUST-0253,STR-002,2024-04-20,completed,standard
ORD-01646,CUST-0379,STR-012,2024-11-18,cancelled,next_day
ORD-00618,CUST-0206,STR-011,2024-01-01,processing,next_day
ORD-02677,CUST-0162,STR-004,2023-05-03,shipped,standard
ORD-01554,CUST-0247,STR-012,2022-12-24,completed,standard
ORD-00730,CUST-0112,STR-008,2023-08-31,refunded,standard
ORD-01255,CUST-0305,STR-012,2022-08-06,shipped,standard
ORD-01826,CUST-0481,STR-002,2024-06-06,shipped,standard
ORD-01681,CUST-0178,STR-009,2022-05-07,completed,standard
ORD-01148,CUST-0452,STR-005,2023-06-25,,click_and_collect
ORD-02352,CUST-0199,STR-002,2024-07-31,completed,click_and_collect
ORD-01043,CUST-0142,STR-006,2023-09-29,completed,next_day
ORD-02289,CUST-0467,STR-010,2023-05-02,shipped,click_and_collect
ORD-00850,CUST-0206,STR-003,2023-02-07,refunded,express
ORD-01566,CUST-0109,STR-001,2024-08-22,completed,next_day
ORD-01763,CUST-0029,STR-011,2023-07-29,processing,next_day
ORD-02588,CUST-0037,STR-010,2023-06-13,refunded,click_and_collect
ORD-00991,CUST-0264,STR-003,2023-02-19,cancelled,standard
ORD-01348,CUST-0213,STR-012,2024-01-09,cancelled,next_day
ORD-02636,CUST-0074,STR-010,2022-12-15,refunded,standard
ORD-00764,CUST-0469,STR-006,2023-11-23,processing,standard
ORD-00417,CUST-0326,STR-012,2022-03-04,processing,standard
ORD-00440,CUST-0302,STR-008,2022-03-27,completed,express
ORD-01359,CUST-0193,STR-010,2023-01-10,shipped,standard
ORD-01144,CUST-0314,STR-007,2023-07-31,shipped,standard
ORD-00869,CUST-0351,STR-012,2024-11-16,refunded,express
ORD-00252,CUST-0226,STR-008,2024-12-06,shipped,click_and_collect
ORD-00384,CUST-0320,STR-006,2024-10-02,completed,standard
ORD-01642,CUST-0128,STR-010,2024-03-26,processing,express
ORD-00892,CUST-0001,STR-006,2023-05-25,completed,standard
ORD-02629,CUST-0697,STR-011,2022-10-19,completed,standard
ORD-01998,CUST-0035,STR-010,2023-11-02,completed,next_day
ORD-01796,CUST-0434,STR-008,2024-03-07,completed,standard
ORD-01275,CUST-0258,STR-006,2022-06-22,completed,standard
ORD-00729,CUST-0343,STR-006,2024-10-12,shipped,express
ORD-02312,CUST-0314,STR-007,2024-05-24,completed,standard
ORD-00594,CUST-0185,STR-007,2023-06-26,cancelled,standard
ORD-01619,CUST-0484,STR-002,2023-09-17,completed,standard
ORD-02670,CUST-0214,STR-011,2022-05-28,cancelled,standard
ORD-01139,CUST-0500,STR-005,2023-01-17,processing,standard
ORD-00689,CUST-0185,STR-007,2022-07-01,completed,express
ORD-02217,CUST-0344,STR-007,2024-11-14,completed,click_and_collect
ORD-01973,CUST-0238,STR-003,2024-11-30,completed,express
ORD-02362,CUST-0396,STR-012,2024-06-23,completed,click_and_collect
ORD-00115,CUST-0384,STR-005,2022-02-15,completed,click_and_collect
ORD-00102,CUST-0178,STR-011,2024-04-08,completed,standard
ORD-01678,CUST-0328,STR-003,2024-04-11,,standard
ORD-01305,CUST-0190,STR-006,2024-05-20,refunded,standard
ORD-01017,CUST-0184,STR-006,2023-05-14,refunded,standard
ORD-01988,CUST-0140,STR-004,2024-04-10,cancelled,standard
ORD-00566,CUST-0231,STR-004,2024-05-30,completed,standard
ORD-00414,CUST-0196,STR-012,2022-11-23,shipped,standard
ORD-01939,CUST-0400,STR-006,2025-11-02,completed,click_and_collect
ORD-02409,CUST-0175,STR-005,2022-04-16,refunded,standard
ORD-02998,CUST-0255,STR-003,2022-10-30,completed,standard
ORD-00754,CUST-0322,STR-011,2024-10-10,processing,express
ORD-01674,CUST-0180,STR-009,2023-08-03,shipped,express
ORD-00580,CUST-0400,STR-008,2024-07-26,shipped,standard
ORD-00129,CUST-0385,STR-004,2023-07-26,shipped,click_and_collect
ORD-02809,CUST-0146,STR-005,2027-05-21,completed,express
ORD-01856,CUST-0050,STR-006,2024-10-21,shipped,next_day
ORD-00739,CUST-0231,STR-012,2024-05-27,completed,express
ORD-02485,CUST-0127,STR-001,2023-04-22,completed,click_and_collect
ORD-02906,CUST-0032,STR-012,2023-03-06,shipped,next_day
ORD-01392,CUST-0405,STR-006,2023-01-30,completed,standard
ORD-00303,CUST-0328,STR-010,2024-02-21,completed,standard
ORD-01006,CUST-0162,STR-005,2022-06-20,completed,standard
ORD-00314,CUST-0074,STR-008,2022-03-26,cancelled,standard
ORD-01589,CUST-0153,STR-001,2022-04-09,cancelled,click_and_collect
ORD-00318,CUST-0036,STR-004,2023-08-13,completed,next_day
ORD-01603,CUST-0433,STR-012,2023-12-22,shipped,standard
ORD-02347,CUST-0336,STR-011,2022-01-04,processing,standard
ORD-02912,CUST-0098,STR-004,2023-02-07,cancelled,next_day
ORD-00770,CUST-0307,STR-008,2023-02-12,shipped,next_day
ORD-00043,CUST-0218,STR-008,2024-12-10,cancelled,express
ORD-02392,CUST-0293,STR-012,2022-02-21,cancelled,express
ORD-01504,CUST-0065,STR-005,2022-07-05,refunded,standard
ORD-02698,CUST-0296,STR-007,2022-10-28,shipped,standard
ORD-00540,CUST-0208,STR-007,2023-08-10,completed,standard
ORD-02256,CUST-0264,STR-006,2024-05-06,cancelled,standard
ORD-02651,CUST-0363,STR-005,2024-08-15,completed,express
ORD-00923,CUST-0057,STR-003,2024-12-18,processing,standard
ORD-01591,CUST-0308,STR-007,2023-08-30,cancelled,standard
ORD-00346,CUST-0303,STR-007,2024-01-18,completed,next_day
ORD-00062,CUST-0472,STR-004,2023-01-02,completed,standard
ORD-02363,CUST-0494,STR-001,2022-01-23,processing,click_and_collect
ORD-00453,CUST-0255,STR-006,2024-05-30,cancelled,click_and_collect
ORD-01201,CUST-0205,STR-006,2022-10-18,completed,standard
ORD-01876,CUST-0127,STR-005,2023-02-15,shipped,standard
ORD-01920,CUST-0458,STR-003,2024-05-28,,standard
ORD-00316,CUST-0180,STR-008,2022-04-26,completed,standard
ORD-01902,CUST-0808,STR-003,2022-08-16,completed,standard
ORD-01001,CUST-0374,STR-001,2023-11-14,shipped,standard
ORD-01862,CUST-0426,STR-011,2023-08-31,shipped,standard
ORD-02056,CUST-0048,STR-009,2022-06-14,completed,next_day
ORD-00864,CUST-0090,STR-006,2023-03-08,cancelled,click_and_collect
ORD-02553,CUST-0200,STR-005,2022-09-14,completed,express
ORD-00699,CUST-0362,STR-010,2024-05-11,refunded,express
ORD-01155,CUST-0022,STR-005,2024-06-05,shipped,standard
ORD-01389,CUST-0277,STR-002,2022-11-08,completed,next_day
ORD-00405,CUST-0921,STR-012,2023-06-29,cancelled,express
ORD-00272,CUST-0161,STR-002,2023-04-12,cancelled,standard
ORD-02892,CUST-0384,STR-010,2022-02-13,completed,express
ORD-00894,CUST-0254,STR-003,2022-07-19,completed,standard
ORD-00217,CUST-0277,STR-006,2022-07-17,refunded,standard
ORD-02462,CUST-0193,STR-006,2023-11-23,completed,standard
ORD-01971,CUST-0295,STR-002,2024-01-31,completed,standard
ORD-01474,CUST-0207,STR-012,2024-07-21,completed,standard
ORD-00544,CUST-0021,STR-003,2023-11-08,refunded,standard
ORD-01836,CUST-0017,STR-006,2022-09-25,completed,standard
ORD-00946,CUST-0333,STR-004,2022-11-30,completed,next_day
ORD-00853,CUST-0422,STR-008,2024-06-14,shipped,standard
ORD-01969,CUST-0385,STR-008,2024-10-05,completed,click_and_collect
ORD-01410,CUST-0240,STR-002,2022-05-04,shipped,standard
ORD-01166,CUST-0196,STR-010,2022-11-10,completed,click_and_collect
ORD-00636,CUST-0291,STR-004,2024-05-20,processing,standard
ORD-01705,CUST-0122,STR-007,2023-11-18,completed,next_day
ORD-02401,CUST-0067,STR-005,2024-02-22,,standard
ORD-00583,CUST-0050,STR-010,2022-08-27,processing,express
ORD-01229,CUST-0043,STR-009,2022-08-22,cancelled,express
ORD-00746,CUST-0396,STR-011,2024-05-30,cancelled,standard
ORD-01829,CUST-0209,STR-011,2022-01-05,shipped,next_day
ORD-00678,CUST-0016,STR-010,2024-04-29,completed,next_day
ORD-02724,CUST-0255,STR-009,2022-02-27,completed,standard
ORD-02923,CUST-0298,STR-011,2023-12-09,completed,click_and_collect
ORD-01456,CUST-0403,STR-005,2024-01-28,shipped,express
ORD-00128,CUST-0109,STR-002,2023-01-01,shipped,next_day
ORD-02578,CUST-0103,STR-002,2024-09-13,shipped,express
ORD-00035,CUST-0500,STR-001,2023-04-21,processing,next_day
ORD-00079,CUST-0136,STR-002,2024-01-15,cancelled,express
ORD-02979,CUST-0221,STR-009,2024-10-31,completed,standard
ORD-02606,CUST-0165,STR-009,2022-06-24,shipped,click_and_collect
ORD-01221,CUST-0057,STR-012,2022-04-27,shipped,express
ORD-02365,CUST-0013,STR-009,2023-12-03,shipped,standard
ORD-02168,CUST-0463,STR-005,2024-05-12,completed,click_and_collect
ORD-01662,CUST-0187,STR-004,2022-10-10,completed,click_and_collect
ORD-02525,CUST-0369,STR-001,2023-03-04,processing,express
ORD-02035,CUST-0486,STR-004,2023-07-25,cancelled,next_day
ORD-01509,CUST-0360,STR-004,2024-02-02,shipped,standard
ORD-02406,CUST-0370,STR-012,2024-10-20,completed,standard
ORD-01744,CUST-0238,STR-004,2024-02-13,processing,standard
ORD-00304,CUST-0723,STR-011,2023-11-09,shipped,standard
ORD-02458,CUST-0308,STR-002,2023-05-02,completed,standard
ORD-01054,CUST-0068,STR-002,2022-11-28,completed,express
ORD-00445,CUST-0438,STR-008,2024-04-20,completed,next_day
ORD-00259,CUST-0047,STR-011,2024-10-15,shipped,standard
ORD-00241,CUST-0269,STR-002,2024-08-22,processing,standard
ORD-01451,CUST-0142,STR-008,2022-11-15,refunded,express
ORD-01801,CUST-0198,STR-012,2023-06-07,completed,click_and_collect
ORD-00582,CUST-0333,STR-006,2022-01-16,processing,standard
ORD-00758,CUST-0445,STR-006,2024-03-10,refunded,standard
ORD-00369,CUST-0391,STR-008,2023-01-25,completed,standard
ORD-01790,CUST-0445,STR-002,2024-10-17,completed,next_day
ORD-01177,CUST-0139,STR-012,2022-09-27,cancelled,standard
ORD-02130,CUST-0015,STR-011,2023-10-19,completed,express
ORD-00557,CUST-0446,STR-003,2024-05-01,shipped,standard
ORD-01010,CUST-0456,STR-010,2024-06-16,processing,standard
ORD-02660,CUST-0425,STR-003,2024-11-14,completed,next_day
ORD-01286,CUST-0402,STR-009,2024-11-14,completed,standard
ORD-00926,CUST-0344,STR-009,2023-04-22,completed,standard
ORD-01713,CUST-0295,STR-009,2022-06-08,cancelled,express
ORD-01573,CUST-0392,STR-002,2024-04-02,processing,standard
ORD-00916,CUST-0391,STR-008,2024-09-06,processing,standard
ORD-00615,CUST-0439,STR-010,2024-12-21,processing,next_day
ORD-02659,CUST-0025,STR-004,2024-09-21,cancelled,click_and_collect
ORD-01590,CUST-0266,STR-011,2022-05-15,shipped,standard
ORD-00899,CUST-0319,STR-003,2024-02-11,cancelled,express
ORD-00915,CUST-0346,STR-007,2023-01-18,completed,standard
ORD-00313,CUST-0427,STR-007,2022-05-19,refunded,standard
ORD-01360,CUST-0473,STR-003,2022-06-11,refunded,standard
ORD-00275,CUST-0350,STR-006,2023-07-20,completed,click_and_collect
ORD-02182,CUST-0343,STR-001,2023-07-27,shipped,standard
ORD-01550,CUST-0294,STR-005,2022-01-23,completed,next_day
ORD-01040,CUST-0354,STR-008,2022-07-12,cancelled,standard
ORD-02953,CUST-0215,STR-010,2024-05-24,,standard
ORD-01759,CUST-0213,STR-010,2022-02-17,completed,standard
ORD-02077,CUST-0185,STR-012,2022-12-25,shipped,express
ORD-01047,CUST-0383,STR-002,2024-01-08,completed,click_and_collect
ORD-02169,CUST-0362,STR-004,2022-03-18,cancelled,express
ORD-00682,CUST-0414,STR-002,2023-08-11,completed,standard
ORD-01764,CUST-0133,STR-002,2024-06-30,shipped,standard
ORD-00755,CUST-0439,STR-010,2024-06-12,completed,standard
ORD-00431,CUST-0451,STR-002,2022-03-27,refunded,standard
ORD-02294,CUST-0392,STR-006,2022-12-12,refunded,standard
ORD-02650,CUST-0437,STR-002,2023-01-21,refunded,next_day
ORD-01639,CUST-0041,STR-005,2023-01-30,completed,next_day
ORD-01430,CUST-0187,STR-001,2022-06-07,processing,standard
ORD-01232,CUST-0051,STR-011,2024-11-06,completed,standard
ORD-00722,CUST-0454,STR-003,2024-04-23,refunded,standard
ORD-01606,CUST-0181,STR-012,2024-10-17,shipped,standard
ORD-00710,CUST-0223,STR-011,2024-02-23,shipped,express
ORD-00740,CUST-0032,STR-007,2024-10-13,shipped,next_day
ORD-01906,CUST-0401,STR-002,2023-05-20,completed,standard
ORD-02536,CUST-0007,STR-006,2024-04-04,cancelled,standard
ORD-00846,CUST-0007,STR-009,2024-01-21,completed,next_day
ORD-01743,CUST-0057,STR-004,2023-07-08,completed,standard
ORD-02431,CUST-0498,STR-007,2024-07-03,completed,click_and_collect
ORD-00909,CUST-0350,STR-005,2024-06-09,shipped,standard
ORD-00055,CUST-0047,STR-010,2022-12-04,completed,standard
ORD-02640,CUST-0283,STR-001,2023-01-31,processing,click_and_collect
ORD-02321,CUST-0021,STR-010,2024-09-19,shipped,click_and_collect
ORD-00487,CUST-0009,STR-003,2023-07-07,completed,standard
ORD-02009,CUST-0247,STR-011,2024-03-09,refunded,standard
ORD-00595,CUST-0087,STR-003,2022-08-01,completed,express
ORD-02748,CUST-0471,STR-005,2023-01-05,shipped,standard
ORD-00834,CUST-0199,STR-005,2022-09-24,completed,standard
ORD-00591,CUST-0468,STR-002,2023-09-01,completed,standard
ORD-02721,CUST-0116,STR-007,2024-02-03,refunded,express
ORD-01341,CUST-0366,STR-010,2022-10-23,completed,next_day
ORD-00279,CUST-0301,STR-002,2022-05-26,cancelled,express
ORD-01172,CUST-0111,STR-004,2023-04-16,completed,standard
ORD-02727,CUST-0405,STR-010,2024-08-01,shipped,click_and_collect
ORD-02798,CUST-0188,STR-010,2024-01-24,refunded,click_and_collect
ORD-01510,CUST-0438,STR-005,2022-11-06,cancelled,click_and_collect
ORD-02910,CUST-0120,STR-004,2022-04-19,,click_and_collect
ORD-01732,CUST-0626,STR-007,2023-11-23,shipped,next_day
ORD-01461,CUST-0258,STR-006,2023-01-06,completed,next_day
ORD-02770,CUST-0473,STR-012,2023-09-28,cancelled,standard
ORD-00236,CUST-0363,STR-009,2023-03-04,refunded,next_day
ORD-01515,CUST-0052,STR-010,2023-09-06,completed,next_day
ORD-01199,CUST-0307,STR-012,2023-04-23,processing,express
ORD-00577,CUST-0268,STR-012,2024-09-07,shipped,standard
ORD-02622,CUST-0095,STR-001,2022-01-14,processing,standard
ORD-02413,CUST-0350,STR-010,2024-11-04,completed,standard
ORD-00603,CUST-0058,STR-010,2026-01-02,completed,express
ORD-02113,CUST-0059,STR-001,2024-11-18,processing,standard
ORD-01452,CUST-0063,STR-006,2023-11-22,completed,standard
ORD-01689,CUST-0439,STR-001,2022-07-25,completed,standard
ORD-00031,CUST-0311,STR-005,2024-05-20,completed,standard
ORD-02011,CUST-0346,STR-005,2022-04-17,processing,click_and_collect
ORD-02155,CUST-0482,STR-001,2024-10-05,shipped,express
ORD-01383,CUST-0050,STR-009,2023-10-14,refunded,next_day
ORD-00212,CUST-0207,STR-011,2023-06-28,completed,standard
ORD-02463,CUST-0444,STR-011,2022-11-17,refunded,standard
ORD-02774,CUST-0222,STR-007,2023-08-24,processing,click_and_collect
ORD-01028,CUST-0277,STR-009,2024-11-11,completed,standard
ORD-01520,CUST-0425,STR-010,2023-03-04,completed,next_day
ORD-00537,CUST-0154,STR-002,2024-09-12,completed,standard
ORD-00622,CUST-0349,STR-009,2022-10-05,completed,standard
ORD-01731,CUST-0184,STR-008,2022-12-19,shipped,standard
ORD-00673,CUST-0308,STR-008,2022-09-11,refunded,standard
ORD-01271,CUST-0035,STR-012,2023-05-01,completed,click_and_collect
ORD-02661,CUST-0133,STR-004,2024-08-15,completed,standard
ORD-01746,CUST-0010,STR-006,2022-04-03,shipped,standard
ORD-02188,CUST-0163,STR-007,2023-07-02,refunded,next_day
ORD-02206,CUST-0465,STR-002,2023-03-17,completed,click_and_collect
ORD-00867,CUST-0027,STR-009,2022-12-18,shipped,standard
ORD-01178,CUST-0485,STR-010,2022-02-03,completed,standard
ORD-00254,CUST-0051,STR-005,2022-02-28,completed,standard
ORD-01052,CUST-0101,STR-001,2022-04-28,refunded,standard
ORD-01919,CUST-0378,STR-001,2024-05-30,completed,click_and_collect
ORD-02479,CUST-0432,STR-012,2023-10-14,completed,click_and_collect
ORD-00500,CUST-0082,STR-002,2022-04-13,cancelled,standard
ORD-00085,CUST-0462,STR-001,2024-08-31,completed,standard
ORD-01212,CUST-0285,STR-009,2023-09-26,completed,click_and_collect
ORD-00694,CUST-0870,STR-008,2023-12-03,processing,click_and_collect
ORD-01854,CUST-0257,STR-012,2022-02-23,completed,express
ORD-02500,CUST-0005,STR-001,2022-05-30,completed,standard
ORD-00163,CUST-0300,STR-010,2022-07-21,completed,standard
ORD-02443,CUST-0208,STR-011,2024-07-05,completed,standard
ORD-01355,CUST-0233,STR-005,2024-04-13,completed,standard
ORD-01078,CUST-0005,STR-010,2023-09-20,shipped,standard
ORD-02262,CUST-0133,STR-007,2022-09-18,completed,standard
ORD-02707,CUST-0237,STR-004,2024-08-11,processing,express
ORD-02472,CUST-0268,STR-005,2023-04-02,shipped,next_day
ORD-00858,CUST-0367,STR-010,2023-07-07,shipped,standard
ORD-01405,CUST-0286,STR-007,2024-04-19,completed,standard
ORD-00957,CUST-0143,STR-006,2024-02-16,completed,standard
ORD-01325,CUST-0133,STR-011,2022-08-26,refunded,standard
ORD-00748,CUST-0488,STR-010,2023-04-16,cancelled,express
ORD-02461,CUST-0176,STR-005,2024-08-05,completed,next_day
ORD-01784,CUST-0436,STR-001,2024-06-28,shipped,next_day
ORD-02740,CUST-0460,STR-009,2023-10-21,completed,standard
ORD-00704,CUST-0492,STR-001,2022-02-17,processing,standard
ORD-02596,CUST-0197,STR-002,2023-04-03,completed,standard
ORD-00202,CUST-0106,STR-007,2022-09-13,completed,next_day
ORD-01960,CUST-0255,STR-007,2022-05-27,shipped,standard
ORD-01778,CUST-0229,STR-001,2024-06-24,completed,standard
ORD-00728,CUST-0041,STR-010,2024-02-17,shipped,standard
ORD-02405,CUST-0242,STR-004,2023-04-08,refunded,express
ORD-00270,CUST-0461,STR-004,2024-01-02,completed,standard
ORD-01745,CUST-0499,STR-001,2024-10-17,completed,next_day
ORD-00563,CUST-0322,STR-002,2024-05-04,refunded,next_day
ORD-02870,CUST-0217,STR-005,2024-11-19,completed,click_and_collect
ORD-02213,CUST-0426,STR-012,2022-12-10,processing,standard
ORD-00283,CUST-0182,STR-003,2023-06-01,completed,standard
ORD-02845,CUST-0246,STR-012,2024-03-15,completed,standard
ORD-01056,CUST-0484,STR-003,2024-12-23,completed,standard
ORD-01567,CUST-0094,STR-012,2024-04-20,processing,next_day
ORD-02520,CUST-0361,STR-008,2023-05-11,,standard
ORD-01390,CUST-0473,STR-005,2022-11-02,shipped,standard
ORD-01761,CUST-0014,STR-003,2023-04-12,refunded,standard
ORD-00596,CUST-0363,STR-003,2024-11-09,shipped,standard
ORD-01991,CUST-0265,STR-006,2024-07-05,processing,next_day
ORD-02545,CUST-0404,STR-002,2022-09-12,refunded,next_day
ORD-00347,CUST-0267,STR-001,2022-12-08,completed,click_and_collect
ORD-02342,CUST-0139,STR-011,2024-09-26,shipped,next_day
ORD-00430,CUST-0082,STR-010,2023-02-26,shipped,standard
ORD-00970,CUST-0161,STR-002,2024-07-24,completed,click_and_collect
ORD-01342,CUST-0015,STR-010,2024-08-30,shipped,standard
ORD-02980,CUST-0361,STR-007,2024-04-08,completed,standard
ORD-02962,CUST-0439,STR-005,2024-08-11,cancelled,standard
ORD-02394,CUST-0258,STR-005,2022-06-19,,standard
ORD-00838,CUST-0067,STR-003,2024-12-23,completed,standard
ORD-02538,CUST-0018,STR-010,2023-02-01,shipped,standard
ORD-02547,CUST-0343,STR-004,2022-04-03,completed,standard
ORD-01817,CUST-0691,STR-012,2023-12-05,completed,standard
ORD-01471,CUST-0350,STR-011,2024-04-22,processing,next_day
ORD-02726,CUST-0090,STR-001,2022-12-19,processing,standard
ORD-01837,CUST-0072,STR-011,2022-04-05,completed,standard
ORD-01180,CUST-0280,STR-008,2022-07-28,processing,click_and_collect
ORD-01218,CUST-0408,STR-002,2024-09-21,refunded,click_and_collect
ORD-01420,CUST-0419,STR-002,2023-01-08,shipped,standard
ORD-00230,CUST-0498,STR-009,2024-11-12,completed,standard
ORD-00973,CUST-0224,STR-005,2022-10-16,processing,standard
ORD-02583,CUST-0152,STR-011,2023-11-03,completed,standard
ORD-00510,CUST-0194,STR-003,2026-09-15,processing,click_and_collect
ORD-01233,CUST-0237,STR-012,2022-05-10,shipped,click_and_collect
ORD-02829,CUST-0107,STR-002,2023-02-06,cancelled,click_and_collect
ORD-00518,CUST-0492,STR-001,2022-10-26,completed,standard
ORD-02492,CUST-0037,STR-002,2022-11-17,shipped,standard
ORD-00160,CUST-0127,STR-004,2023-01-10,completed,standard
ORD-00574,CUST-0257,STR-009,2022-09-08,refunded,standard
ORD-00322,CUST-0011,STR-011,2024-09-02,shipped,standard
ORD-02410,CUST-0368,STR-005,2024-04-26,completed,standard
ORD-00525,CUST-0260,STR-002,2022-11-11,shipped,standard
ORD-01197,CUST-0194,STR-009,2022-05-27,shipped,standard
ORD-00091,CUST-0171,STR-001,2023-09-26,completed,standard
ORD-00018,CUST-0357,STR-007,2024-09-17,processing,next_day
ORD-01337,CUST-0404,STR-003,2023-06-21,completed,standard
ORD-00383,CUST-0128,STR-008,2022-02-09,completed,express
ORD-02246,CUST-0270,STR-011,2023-07-20,completed,click_and_collect
ORD-01464,CUST-0335,STR-007,2022-10-22,completed,click_and_collect
ORD-00598,CUST-0314,STR-011,2024-12-16,completed,express
ORD-02699,CUST-0044,STR-003,2024-05-05,completed,next_day
ORD-00106,CUST-0092,STR-007,2024-02-25,completed,standard
ORD-00670,CUST-0357,STR-001,2023-11-28,completed,standard
ORD-00854,CUST-0300,STR-002,2022-10-11,processing,standard
ORD-01897,CUST-0133,STR-007,2024-09-02,completed,standard
ORD-00738,CUST-0435,STR-009,2023-10-15,shipped,standard
ORD-00247,CUST-0169,STR-007,2023-05-30,completed,standard
ORD-01128,CUST-0409,STR-010,2023-01-15,shipped,click_and_collect
ORD-02680,CUST-0161,STR-006,2024-07-13,completed,standard
ORD-00481,CUST-0219,STR-011,2022-08-10,shipped,standard
ORD-01803,CUST-0341,STR-011,2023-02-17,completed,standard
ORD-02310,CUST-0334,STR-002,2024-10-06,shipped,standard
ORD-02358,CUST-0209,STR-001,2024-07-19,cancelled,next_day
ORD-00014,CUST-0299,STR-004,2024-09-18,completed,standard
ORD-01085,CUST-0465,STR-011,2022-03-03,completed,express
ORD-01445,CUST-0081,STR-005,2022-08-19,completed,next_day
ORD-01637,CUST-0241,STR-007,2022-05-27,completed,click_and_collect
ORD-01468,CUST-0120,STR-003,2023-11-17,completed,standard
ORD-01008,CUST-0214,STR-012,2022-06-11,shipped,standard
ORD-00677,CUST-0369,STR-009,2022-01-22,completed,standard
ORD-00088,CUST-0308,STR-006,2024-04-01,completed,next_day
ORD-00897,CUST-0386,STR-009,2022-01-06,processing,next_day
ORD-00803,CUST-0410,STR-006,2022-06-04,completed,next_day
ORD-02818,CUST-0085,STR-010,2023-02-22,completed,standard
ORD-02644,CUST-0361,STR-009,2022-12-29,completed,standard
ORD-02532,CUST-0080,STR-008,2024-04-07,completed,standard
ORD-00155,CUST-0485,STR-002,2023-09-26,completed,standard
ORD-02700,CUST-0075,STR-009,2024-08-06,completed,standard
ORD-00652,CUST-0026,STR-001,2023-05-19,shipped,standard
ORD-02900,CUST-0171,STR-003,2022-05-05,completed,express
ORD-00509,CUST-0090,STR-012,2023-05-24,refunded,standard
ORD-00222,CUST-0378,STR-001,2024-02-28,completed,standard
ORD-01734,CUST-0079,STR-003,2023-09-12,cancelled,next_day
ORD-00633,CUST-0273,STR-003,2024-05-10,completed,standard
ORD-01402,CUST-0458,STR-003,2024-05-08,completed,express
ORD-00021,CUST-0468,STR-001,2023-03-25,completed,standard
ORD-01785,CUST-0381,STR-001,2024-06-15,processing,next_day
ORD-01523,CUST-0403,STR-006,2024-12-22,cancelled,standard
ORD-01889,CUST-0281,STR-005,2023-11-22,shipped,standard
ORD-00138,CUST-0106,STR-010,2023-05-17,processing,standard
ORD-02711,CUST-0408,STR-010,2022-10-28,completed,click_and_collect
ORD-00819,CUST-0142,STR-011,2024-11-13,refunded,standard
ORD-00099,CUST-0071,STR-008,2023-03-09,completed,standard
ORD-00884,CUST-0314,STR-007,2024-07-16,completed,standard
ORD-01293,CUST-0151,STR-007,2024-11-19,completed,next_day
ORD-00171,CUST-0276,STR-003,2022-08-11,completed,standard
ORD-02301,CUST-0454,STR-003,2022-12-04,completed,standard
ORD-01070,CUST-0096,STR-006,2024-01-17,completed,standard
ORD-02915,CUST-0191,STR-011,2024-09-04,refunded,click_and_collect
ORD-02059,CUST-0252,STR-006,2022-04-12,completed,standard
ORD-01334,CUST-0208,STR-005,2024-07-09,,standard
ORD-02127,CUST-0384,STR-009,2023-09-20,shipped,express
ORD-02018,CUST-0235,STR-001,2023-08-06,completed,express
ORD-01754,CUST-0220,STR-001,2024-01-09,shipped,click_and_collect
ORD-00339,CUST-0451,STR-003,2022-08-31,refunded,express
ORD-01007,CUST-0094,STR-008,2024-01-02,completed,standard
ORD-01050,CUST-0477,STR-003,2022-07-31,completed,standard
ORD-02821,CUST-0060,STR-010,2022-03-15,completed,click_and_collect
ORD-01003,CUST-0052,STR-002,2024-08-05,shipped,standard
ORD-02073,CUST-0425,STR-005,2023-05-08,processing,express
ORD-01851,CUST-0467,STR-012,2024-03-06,refunded,standard
ORD-00483,CUST-0275,STR-005,2022-07-16,shipped,standard
ORD-00775,CUST-0434,STR-003,2022-08-12,completed,standard
ORD-00041,CUST-0248,STR-009,2022-06-16,shipped,click_and_collect
ORD-00237,CUST-0031,STR-007,2024-09-11,completed,express
ORD-02106,CUST-0363,STR-004,2023-05-25,refunded,standard
ORD-00757,CUST-0001,STR-007,2023-05-02,completed,standard
ORD-01963,CUST-0189,STR-002,2024-09-26,completed,standard
ORD-02830,CUST-0334,STR-011,2022-04-23,processing,standard
ORD-02259,CUST-0347,STR-002,2024-02-08,cancelled,standard
ORD-01193,CUST-0348,STR-006,2023-06-18,shipped,standard
ORD-02343,CUST-0333,STR-006,2023-10-06,completed,next_day
ORD-01167,CUST-0250,STR-008,2022-05-12,completed,standard
ORD-01346,CUST-0111,STR-001,2022-11-02,processing,click_and_collect
ORD-02633,CUST-0131,STR-006,2023-06-02,completed,express
ORD-00873,CUST-0453,STR-006,2023-04-23,processing,next_day
ORD-01895,CUST-0399,STR-009,2022-10-26,completed,express
ORD-01439,CUST-0070,STR-004,2023-01-17,completed,express
ORD-02120,CUST-0365,STR-012,2024-05-18,completed,standard
ORD-01042,CUST-0193,STR-010,2024-11-07,processing,standard
ORD-00934,CUST-0131,STR-006,2023-02-03,refunded,standard
ORD-00044,CUST-0152,STR-002,2023-08-26,completed,next_day
ORD-00804,CUST-0122,STR-003,2024-01-15,completed,next_day
ORD-02099,CUST-0316,STR-010,2022-09-14,shipped,express
ORD-01102,CUST-0355,STR-008,2023-01-25,refunded,next_day
ORD-02931,CUST-0165,STR-012,2024-01-12,shipped,standard
ORD-02848,CUST-0398,STR-005,2022-06-12,completed,next_day
ORD-01235,CUST-0387,STR-011,2022-12-09,,next_day
ORD-00840,CUST-0064,STR-001,2024-04-10,refunded,click_and_collect
ORD-02162,CUST-0411,STR-004,2024-12-15,refunded,standard
ORD-01864,CUST-0154,STR-001,2023-06-22,completed,click_and_collect
ORD-00147,CUST-0176,STR-005,2023-11-09,completed,next_day
ORD-02032,CUST-0466,STR-004,2023-02-16,completed,standard
ORD-02705,CUST-0166,STR-003,2023-07-09,completed,next_day
ORD-01095,CUST-0078,STR-008,2022-12-31,completed,standard
ORD-01751,CUST-0263,STR-007,2024-12-06,completed,standard
ORD-00123,CUST-0381,STR-008,2022-12-15,completed,express
ORD-02986,CUST-0379,STR-006,2024-10-24,completed,click_and_collect
ORD-02523,CUST-0341,STR-001,2024-02-07,completed,standard
ORD-01657,CUST-0082,STR-003,2023-04-08,processing,click_and_collect
ORD-02865,CUST-0305,STR-006,2024-03-03,shipped,standard
ORD-00271,CUST-0360,STR-004,2022-09-21,cancelled,click_and_collect
ORD-02005,CUST-0154,STR-007,2023-05-04,,next_day
ORD-00048,CUST-0241,STR-002,2022-01-12,completed,standard
ORD-02069,CUST-0113,STR-005,2022-05-15,shipped,next_day
ORD-02514,CUST-0312,STR-009,2024-08-03,completed,express
ORD-00037,CUST-0251,STR-010,2022-10-17,processing,next_day
ORD-01827,CUST-0484,STR-001,2022-06-08,completed,standard
ORD-02834,CUST-0056,STR-012,2024-12-06,completed,next_day
ORD-01685,CUST-0041,STR-011,2024-12-24,completed,click_and_collect
ORD-02041,CUST-0349,STR-009,2023-05-16,,next_day
ORD-01018,CUST-0186,STR-007,2022-05-02,processing,next_day
ORD-00849,CUST-0417,STR-005,2024-12-22,processing,standard
ORD-00420,CUST-0426,STR-008,2022-01-28,completed,click_and_collect
ORD-01219,CUST-0047,STR-008,2024-07-03,shipped,next_day
ORD-02617,CUST-0486,STR-009,2022-11-25,completed,standard
ORD-02455,CUST-0411,STR-010,2022-06-20,completed,standard
ORD-01039,CUST-0275,STR-006,2022-06-17,shipped,next_day
ORD-02474,CUST-0428,STR-011,2024-05-04,processing,express
ORD-02926,CUST-0048,STR-005,2024-12-25,completed,next_day
ORD-00769,CUST-0322,STR-010,2024-11-15,completed,standard
ORD-00522,CUST-0261,STR-004,2024-01-31,shipped,standard
ORD-00450,CUST-0997,STR-012,2022-12-28,completed,standard
ORD-02286,CUST-0374,STR-010,2024-06-11,completed,standard
ORD-02593,CUST-0239,STR-011,2024-04-25,shipped,standard
ORD-01635,CUST-0147,STR-009,2023-07-09,completed,express
ORD-00980,CUST-0370,STR-005,2025-08-31,cancelled,standard
ORD-00747,CUST-0445,STR-001,2022-09-17,completed,standard
ORD-00656,CUST-0209,STR-004,2024-07-31,completed,next_day
ORD-00491,CUST-0012,STR-009,2023-02-25,processing,express
ORD-02220,CUST-0445,STR-012,2023-12-19,processing,standard
ORD-02965,CUST-0049,STR-011,2023-04-01,refunded,express
ORD-02658,CUST-0310,STR-011,2022-09-17,shipped,click_and_collect
ORD-00248,CUST-0413,STR-008,2024-10-10,shipped,click_and_collect
ORD-02227,CUST-0357,STR-001,2024-09-27,completed,express
ORD-01773,CUST-0390,STR-010,2022-08-31,refunded,standard
ORD-01369,CUST-0293,STR-012,2024-12-19,completed,express
ORD-01927,CUST-0155,STR-009,2025-07-03,processing,click_and_collect
ORD-02163,CUST-0024,STR-005,2022-04-26,completed,next_day
ORD-02737,CUST-0317,STR-010,2023-03-05,shipped,standard
ORD-00119,CUST-0093,STR-011,2022-01-11,completed,express
ORD-02764,CUST-0108,STR-009,2024-10-03,completed,next_day
ORD-02878,CUST-0487,STR-012,2022-06-19,cancelled,standard
ORD-00130,CUST-0453,STR-011,2023-10-13,cancelled,express
ORD-01679,CUST-0033,STR-006,2022-02-25,completed,click_and_collect
ORD-02508,CUST-0024,STR-006,2024-02-21,shipped,next_day
ORD-02908,CUST-0484,STR-006,2022-11-23,cancelled,standard
ORD-00094,CUST-0433,STR-006,2025-11-11,processing,next_day
ORD-01399,CUST-0474,STR-011,2023-12-20,completed,click_and_collect
ORD-00862,CUST-0417,STR-007,2023-08-23,shipped,standard
ORD-02164,CUST-0152,STR-006,2023-11-13,shipped,click_and_collect
ORD-01938,CUST-0498,STR-004,2023-04-18,cancelled,standard
ORD-01105,CUST-0236,STR-001,2024-03-07,completed,next_day
ORD-01521,CUST-0286,STR-007,2024-01-04,completed,standard
ORD-01832,CUST-0354,STR-006,2022-02-08,completed,standard
ORD-02708,CUST-0275,STR-005,2022-01-08,refunded,standard
ORD-00881,CUST-0250,STR-005,2023-04-05,shipped,standard
ORD-01031,CUST-0279,STR-008,2023-01-17,refunded,click_and_collect
ORD-01080,CUST-0094,STR-002,2023-05-06,,standard
ORD-02317,CUST-0489,STR-002,2024-11-02,completed,standard
ORD-02292,CUST-0302,STR-005,2024-07-04,completed,next_day
ORD-00089,CUST-0219,STR-005,2024-03-31,completed,next_day
ORD-00967,CUST-0065,STR-001,2022-09-29,shipped,express
ORD-00805,CUST-0277,STR-004,2023-09-23,completed,express
ORD-02124,CUST-0282,STR-012,2022-06-07,shipped,next_day
ORD-02628,CUST-0232,STR-003,2023-10-22,cancelled,standard
ORD-01923,CUST-0287,STR-002,2022-04-30,completed,click_and_collect
ORD-01949,CUST-0175,STR-001,2024-08-22,shipped,standard
ORD-01891,CUST-0250,STR-012,2024-08-13,refunded,click_and_collect
ORD-01075,CUST-0123,STR-007,2024-08-25,completed,express
ORD-02121,CUST-0125,STR-009,2024-07-03,completed,standard
ORD-01225,CUST-0001,STR-006,2022-11-28,refunded,standard
ORD-01605,CUST-0125,STR-007,2023-07-12,cancelled,next_day
ORD-02524,CUST-0337,STR-001,2023-08-29,completed,next_day
ORD-01344,CUST-0095,STR-005,2023-03-15,completed,standard
ORD-00452,CUST-0060,STR-002,2022-09-28,refunded,next_day
ORD-02185,CUST-0254,STR-006,2022-05-14,processing,standard
ORD-01979,CUST-0486,STR-001,2024-11-26,completed,standard
ORD-00184,CUST-0376,STR-007,2022-11-05,refunded,standard
ORD-01787,CUST-0150,STR-005,2024-08-26,completed,standard
ORD-02004,CUST-0163,STR-002,2022-05-06,completed,next_day
ORD-02535,CUST-0423,STR-005,2024-11-23,completed,next_day
ORD-00087,CUST-0295,STR-012,2024-03-28,completed,standard
ORD-00364,CUST-0423,STR-006,2024-12-22,,click_and_collect
ORD-00219,CUST-0207,STR-005,2022-08-04,completed,standard
ORD-00286,CUST-0870,STR-001,2026-06-29,refunded,next_day
ORD-01162,CUST-0209,STR-003,2022-10-05,completed,standard
ORD-02736,CUST-0146,STR-012,2023-12-30,completed,standard
ORD-00601,CUST-0066,STR-010,2022-09-03,completed,standard
ORD-02434,CUST-0398,STR-010,2024-08-24,processing,standard
ORD-00457,CUST-0338,STR-009,2023-06-23,completed,next_day
ORD-02626,CUST-0017,STR-009,2023-09-14,completed,click_and_collect
ORD-01944,CUST-0159,STR-001,2022-10-20,completed,standard
ORD-00806,CUST-0238,STR-012,2024-10-06,shipped,standard
ORD-01990,CUST-0164,STR-006,2023-02-08,completed,standard
ORD-00560,CUST-0847,STR-009,2022-10-30,cancelled,standard
ORD-02313,CUST-0106,STR-006,2023-01-12,completed,express
ORD-02331,CUST-0174,STR-004,2024-05-29,refunded,next_day
ORD-00153,CUST-0330,STR-003,2024-10-23,shipped,express
ORD-02299,CUST-0262,STR-009,2024-12-18,shipped,standard
ORD-01615,CUST-0470,STR-007,2022-09-06,cancelled,standard
ORD-01092,CUST-0350,STR-006,2023-02-04,completed,standard
ORD-02932,CUST-0030,STR-009,2022-03-06,completed,standard
ORD-02954,CUST-0031,STR-004,2023-06-16,processing,express
ORD-01914,CUST-0198,STR-004,2024-10-16,cancelled,click_and_collect
ORD-01617,CUST-0098,STR-010,2022-09-16,completed,standard
ORD-01194,CUST-0379,STR-012,2026-12-05,completed,standard
ORD-00828,CUST-0146,STR-001,2024-03-19,completed,standard
ORD-02649,CUST-0407,STR-006,2024-06-26,processing,next_day
ORD-01769,CUST-0205,STR-002,2024-03-28,completed,standard
ORD-02471,CUST-0034,STR-005,2023-11-04,completed,standard
ORD-02887,CUST-0477,STR-002,2022-03-05,completed,standard
ORD-02857,CUST-0077,STR-004,2024-02-10,processing,standard
ORD-02116,CUST-0414,STR-009,2024-10-09,completed,standard
ORD-02554,CUST-0242,STR-010,2022-04-22,completed,standard
ORD-01670,CUST-0096,STR-007,2024-12-28,completed,express
ORD-00579,CUST-0318,STR-011,2022-05-18,completed,click_and_collect
ORD-02760,CUST-0162,STR-004,2022-03-13,completed,express
ORD-00424,CUST-0307,STR-006,2024-08-25,shipped,click_and_collect
ORD-01288,CUST-0478,STR-003,2024-03-25,completed,standard
ORD-00121,CUST-0114,STR-002,2024-08-01,refunded,standard
ORD-01055,CUST-0417,STR-011,2022-06-01,shipped,next_day
ORD-00724,CUST-0083,STR-010,2022-05-17,completed,standard
ORD-02696,CUST-0244,STR-003,2024-02-23,completed,next_day
ORD-01583,CUST-0140,STR-004,2024-11-15,completed,click_and_collect
ORD-00006,CUST-0367,STR-012,2022-09-03,shipped,express
ORD-01441,CUST-0242,STR-001,2024-06-25,shipped,standard
ORD-00358,CUST-0488,STR-002,2027-08-20,completed,standard
ORD-01126,CUST-0221,STR-010,2024-12-25,processing,express
ORD-00227,CUST-0439,STR-006,2023-06-23,shipped,express
ORD-00857,CUST-0468,STR-005,2023-06-22,cancelled,next_day
ORD-01879,CUST-0279,STR-007,2023-10-26,completed,click_and_collect
ORD-00907,CUST-0195,STR-008,2025-06-26,refunded,standard
ORD-01945,CUST-0112,STR-003,2022-06-19,processing,express
ORD-02608,CUST-0400,STR-008,2022-04-17,shipped,next_day
ORD-02771,CUST-0431,STR-009,2024-07-08,shipped,standard
ORD-00176,CUST-0158,STR-007,2024-05-04,,express
ORD-02150,CUST-0011,STR-002,2024-07-03,shipped,click_and_collect
ORD-01241,CUST-0071,STR-006,2023-09-23,refunded,next_day
ORD-02844,CUST-0187,STR-009,2024-05-12,completed,next_day
ORD-01668,CUST-0187,STR-003,2023-06-22,completed,express
ORD-01015,CUST-0260,STR-010,2023-08-06,cancelled,standard
ORD-02665,CUST-0464,STR-003,2022-10-05,shipped,standard
ORD-02854,CUST-0102,STR-005,2023-07-13,shipped,standard
ORD-00773,CUST-0318,STR-004,2024-09-01,cancelled,standard
ORD-01651,CUST-0461,STR-001,2024-06-03,cancelled,click_and_collect
ORD-01524,CUST-0165,STR-012,2024-09-05,completed,standard
ORD-02186,CUST-0426,STR-011,2023-10-28,refunded,standard
ORD-00814,CUST-0351,STR-004,2024-02-02,shipped,standard
ORD-00885,CUST-0079,STR-009,2024-03-01,shipped,next_day
ORD-02180,CUST-0223,STR-006,2022-01-30,cancelled,standard
ORD-00941,CUST-0234,STR-009,2023-06-08,shipped,next_day
ORD-01535,CUST-0487,STR-010,2022-01-12,shipped,standard
ORD-02437,CUST-0059,STR-007,2025-12-17,cancelled,next_day
ORD-02151,CUST-0424,STR-008,2024-07-06,cancelled,click_and_collect
ORD-01975,CUST-0485,STR-003,2023-01-31,completed,click_and_collect
ORD-00134,CUST-0317,STR-004,2024-10-27,refunded,next_day
ORD-02856,CUST-0004,STR-002,2024-04-27,completed,standard
ORD-01146,CUST-0038,STR-005,2024-03-21,refunded,next_day
ORD-01432,CUST-0445,STR-008,2022-01-08,processing,next_day
ORD-01807,CUST-0161,STR-012,2023-05-08,completed,standard
ORD-00971,CUST-0250,STR-005,2023-01-14,completed,next_day
ORD-00111,CUST-0375,STR-001,2024-03-22,completed,next_day
ORD-01364,CUST-0388,STR-012,2024-04-27,cancelled,express
ORD-01060,CUST-0386,STR-001,2024-03-17,completed,next_day
ORD-00930,CUST-0375,STR-008,2022-06-23,shipped,standard
ORD-01290,CUST-0175,STR-001,2022-03-01,completed,standard
ORD-01632,CUST-0045,STR-010,2023-01-03,completed,click_and_collect
ORD-02148,CUST-0115,STR-005,2023-06-26,completed,next_day
ORD-01118,CUST-0090,STR-007,2024-11-07,shipped,standard
ORD-02599,CUST-0429,STR-004,2022-05-19,completed,click_and_collect
ORD-00023,CUST-0067,STR-010,2022-02-13,completed,click_and_collect
ORD-00695,CUST-0378,STR-009,2022-04-05,shipped,next_day
ORD-02837,CUST-0452,STR-012,2024-12-13,refunded,click_and_collect
ORD-01814,CUST-0195,STR-004,2024-01-01,shipped,next_day
ORD-00989,CUST-0212,STR-010,2023-03-13,shipped,standard
ORD-01494,CUST-0012,STR-003,2022-01-21,completed,next_day
ORD-02539,CUST-0314,STR-006,2023-08-01,completed,standard
ORD-01038,CUST-0371,STR-001,2022-07-13,completed,next_day
ORD-00532,CUST-0456,STR-012,2023-10-31,refunded,next_day
ORD-00148,CUST-0019,STR-003,2023-08-14,shipped,next_day
ORD-01310,CUST-0294,STR-001,2023-11-03,completed,next_day
ORD-01036,CUST-0221,STR-012,2022-07-22,refunded,click_and_collect
ORD-01816,CUST-0135,STR-002,2022-04-03,cancelled,standard
ORD-01127,CUST-0489,STR-009,2022-06-01,processing,express
ORD-00978,CUST-0461,STR-006,2022-04-19,completed,standard
ORD-01449,CUST-0207,STR-012,2023-04-19,refunded,standard
ORD-01429,CUST-0133,STR-002,2023-08-07,processing,next_day
ORD-00321,CUST-0289,STR-001,2022-09-03,completed,next_day
ORD-01813,CUST-0072,STR-007,2022-08-14,completed,express
ORD-01086,CUST-0421,STR-006,2022-10-18,completed,standard
ORD-01063,CUST-0291,STR-007,2023-09-12,shipped,standard
ORD-01578,CUST-0004,STR-009,2023-09-23,completed,express
ORD-01587,CUST-0436,STR-005,2022-10-18,cancelled,standard
ORD-01821,CUST-0102,STR-003,2022-08-23,refunded,express
ORD-02123,CUST-0720,STR-009,2022-12-13,completed,standard
ORD-01372,CUST-0271,STR-007,2024-06-03,completed,standard
ORD-01081,CUST-0189,STR-012,2022-09-01,shipped,standard
ORD-02494,CUST-0433,STR-004,2023-12-09,shipped,click_and_collect
ORD-01437,CUST-0461,STR-001,2023-08-11,cancelled,standard
ORD-01738,CUST-0024,STR-010,2023-07-03,completed,next_day
ORD-02019,CUST-0059,STR-006,2022-08-23,shipped,standard
ORD-01621,CUST-0254,STR-006,2024-08-20,refunded,next_day
ORD-02905,CUST-0063,STR-003,2023-02-14,refunded,next_day
ORD-02996,CUST-0346,STR-007,2022-04-05,shipped,express
ORD-00823,CUST-0395,STR-012,2022-08-26,shipped,standard
ORD-01568,CUST-0398,STR-002,2024-11-14,cancelled,express
ORD-00690,CUST-0234,STR-002,2023-03-12,completed,standard
ORD-00210,CUST-0191,STR-010,2022-11-19,completed,next_day
ORD-02751,CUST-0233,STR-010,2024-12-10,processing,standard
ORD-01113,CUST-0094,STR-010,2023-11-23,completed,express
ORD-01122,CUST-0344,STR-002,2024-02-09,completed,next_day
ORD-02591,CUST-0392,STR-011,2024-04-09,completed,click_and_collect
ORD-00797,CUST-0383,STR-006,2023-06-29,shipped,standard
ORD-02663,CUST-0299,STR-010,2023-09-01,shipped,express
ORD-01202,CUST-0294,STR-012,2022-11-06,completed,standard
ORD-02778,CUST-0275,STR-004,2023-06-29,shipped,click_and_collect
ORD-01551,CUST-0116,STR-007,2022-10-08,refunded,standard
ORD-02052,CUST-0078,STR-007,2024-10-12,completed,next_day
ORD-02895,CUST-0139,STR-010,2024-06-10,completed,next_day
ORD-02530,CUST-0212,STR-006,2024-04-26,completed,next_day
ORD-01943,CUST-0347,STR-005,2022-05-12,shipped,standard
ORD-01406,CUST-0384,STR-011,2024-07-28,completed,express
ORD-02146,CUST-0392,STR-006,2023-01-06,completed,click_and_collect
ORD-00144,CUST-0220,STR-002,2023-06-22,refunded,standard
ORD-00258,CUST-0276,STR-012,2023-04-12,completed,standard
ORD-01721,CUST-0237,STR-012,2024-10-03,cancelled,next_day
ORD-02255,CUST-0105,STR-002,2024-01-21,completed,standard
ORD-02196,CUST-0223,STR-006,2022-12-26,cancelled,standard
ORD-02261,CUST-0273,STR-010,2022-03-26,completed,next_day
ORD-02083,CUST-0176,STR-004,2022-10-13,refunded,standard
ORD-01665,CUST-0223,STR-001,2022-09-22,completed,click_and_collect
ORD-01394,CUST-0283,STR-012,2022-08-26,completed,click_and_collect
ORD-02081,CUST-0172,STR-009,2022-08-14,completed,click_and_collect
ORD-01737,CUST-0445,STR-001,2024-07-15,,standard
ORD-02643,CUST-0169,STR-003,2023-10-17,shipped,standard
ORD-00019,CUST-0121,STR-001,2024-11-05,shipped,standard
ORD-02982,CUST-0662,STR-007,2022-07-31,cancelled,standard
ORD-00750,CUST-0173,STR-012,2022-05-16,completed,standard
ORD-02956,CUST-0174,STR-001,2023-05-02,shipped,click_and_collect
ORD-02729,CUST-0197,STR-011,2023-06-13,completed,standard
ORD-01911,CUST-0314,STR-006,2022-09-16,cancelled,standard
ORD-00393,CUST-0064,STR-001,2024-09-04,shipped,click_and_collect
ORD-01263,CUST-0141,STR-011,2024-05-14,shipped,standard
ORD-01375,CUST-0266,STR-007,2023-08-21,shipped,express
ORD-02734,CUST-0024,STR-006,2024-03-11,completed,standard
ORD-00486,CUST-0284,STR-010,2023-03-27,shipped,standard
ORD-02850,CUST-0061,STR-002,2022-03-05,shipped,standard
ORD-01913,CUST-0066,STR-009,2022-06-24,cancelled,next_day
ORD-02565,CUST-0392,STR-004,2023-10-04,completed,next_day
ORD-00643,CUST-0436,STR-004,2023-03-28,completed,next_day
ORD-02885,CUST-0370,STR-011,2023-08-22,processing,express
ORD-01819,CUST-0118,STR-010,2026-09-24,completed,standard
ORD-02999,CUST-0175,STR-003,2024-03-10,completed,next_day
ORD-01492,CUST-0384,STR-011,2022-02-17,completed,next_day
ORD-00425,CUST-0372,STR-009,2023-10-19,shipped,express
ORD-01921,CUST-0199,STR-006,2023-05-08,completed,standard
ORD-01488,CUST-0081,STR-008,2022-06-28,refunded,standard
ORD-01094,CUST-0475,STR-006,2024-11-29,completed,standard
ORD-00649,CUST-0150,STR-005,2022-10-30,refunded,next_day
ORD-01798,CUST-0473,STR-010,2022-05-11,shipped,standard
ORD-02924,CUST-0016,STR-003,2024-03-22,cancelled,express
ORD-02325,CUST-0044,STR-006,2023-03-22,completed,click_and_collect
ORD-01585,CUST-0258,STR-001,2024-02-11,completed,click_and_collect
ORD-02085,CUST-0409,STR-012,2022-07-25,completed,click_and_collect
ORD-01491,CUST-0086,STR-009,2023-12-30,refunded,express
ORD-00235,CUST-0268,STR-007,2024-08-16,completed,standard
ORD-00711,CUST-0473,STR-004,2024-09-13,completed,click_and_collect
ORD-00917,CUST-0392,STR-006,2024-03-10,completed,standard
ORD-01252,CUST-0284,STR-010,2022-02-07,completed,standard
ORD-02534,CUST-0437,STR-002,2022-06-11,cancelled,next_day
ORD-02464,CUST-0116,STR-005,2022-02-08,completed,standard
ORD-01877,CUST-0455,STR-003,2023-03-06,completed,express
ORD-00794,CUST-0454,STR-002,2024-04-30,completed,standard
ORD-02610,CUST-0212,STR-003,2024-03-23,completed,standard
ORD-02717,CUST-0345,STR-011,2024-03-27,completed,next_day
ORD-02609,CUST-0078,STR-001,2023-06-30,completed,express
ORD-01616,CUST-0486,STR-005,2023-05-21,completed,next_day
ORD-02393,CUST-0142,STR-009,2023-04-20,shipped,next_day
ORD-00150,CUST-0345,STR-005,2022-09-21,completed,express
ORD-00744,CUST-0208,STR-010,2022-05-30,completed,standard
ORD-01852,CUST-0174,STR-008,2024-07-26,shipped,standard
ORD-01586,CUST-0059,STR-006,2024-12-16,completed,standard
ORD-00947,CUST-0078,STR-002,2024-10-20,completed,next_day
ORD-01892,CUST-0267,STR-009,2024-01-06,refunded,standard
ORD-01561,CUST-0265,STR-012,2022-03-10,completed,express
ORD-02345,CUST-0186,STR-009,2024-04-17,completed,next_day
ORD-01861,CUST-0153,STR-008,2023-10-25,completed,click_and_collect
ORD-01563,CUST-0021,STR-012,2024-02-28,completed,standard
ORD-00110,CUST-0151,STR-006,2024-07-03,completed,next_day
ORD-02173,CUST-0186,STR-010,2022-10-05,completed,next_day
ORD-00919,CUST-0328,STR-007,2022-01-13,cancelled,standard
ORD-01972,CUST-0150,STR-008,2022-01-13,shipped,express
ORD-01404,CUST-0409,STR-011,2023-09-26,completed,standard
ORD-00367,CUST-0164,STR-010,2024-01-11,refunded,click_and_collect
ORD-02338,CUST-0178,STR-004,2024-08-07,completed,click_and_collect
ORD-02470,CUST-0484,STR-012,2024-07-31,completed,express
ORD-02785,CUST-0151,STR-002,2024-09-03,cancelled,standard
ORD-00076,CUST-0236,STR-002,2023-05-21,completed,click_and_collect
ORD-02481,CUST-0384,STR-001,2024-06-26,completed,next_day
ORD-01886,CUST-0057,STR-011,2022-09-08,completed,standard
ORD-01025,CUST-0276,STR-005,2022-05-06,refunded,click_and_collect
ORD-01575,CUST-0347,STR-001,2022-12-30,cancelled,next_day
ORD-00399,CUST-0422,STR-002,2024-07-07,completed,standard
ORD-01613,CUST-0080,STR-010,2023-05-23,cancelled,click_and_collect
ORD-02149,CUST-0279,STR-008,2024-11-17,processing,standard
ORD-00011,CUST-0193,STR-004,2023-06-28,processing,standard
ORD-00357,CUST-0063,STR-001,2023-02-13,completed,standard
ORD-00053,CUST-0289,STR-002,2024-12-05,shipped,standard
ORD-02473,CUST-0378,STR-005,2023-09-20,refunded,next_day
ORD-02397,CUST-0025,STR-002,2023-05-16,refunded,standard
ORD-02656,CUST-0067,STR-011,2024-11-23,completed,standard
ORD-00306,CUST-0473,STR-007,2023-09-27,completed,express
ORD-00641,CUST-0026,STR-009,2022-06-01,cancelled,standard
ORD-02046,CUST-0415,STR-004,2023-04-29,cancelled,click_and_collect
ORD-01029,CUST-0060,STR-002,2024-06-28,completed,next_day
ORD-01691,CUST-0358,STR-008,2022-09-30,shipped,standard
ORD-00815,CUST-0274,STR-007,2022-03-24,completed,standard
ORD-00752,CUST-0092,STR-004,2024-04-02,processing,standard
ORD-01160,CUST-0153,STR-004,2023-11-02,completed,standard
ORD-01261,CUST-0412,STR-001,2023-02-22,completed,standard
ORD-00001,CUST-0143,STR-010,2023-10-06,completed,standard
ORD-02154,CUST-0214,STR-006,2022-07-14,cancelled,click_and_collect
ORD-01262,CUST-0471,STR-005,2023-06-01,refunded,standard
ORD-01370,CUST-0374,STR-011,2023-02-09,completed,standard
ORD-00436,CUST-0356,STR-005,2024-04-11,completed,next_day
ORD-02498,CUST-0143,STR-007,2024-05-31,shipped,standard
ORD-00918,CUST-0052,STR-002,2024-10-27,completed,next_day
ORD-00336,CUST-0472,STR-001,2022-07-04,shipped,standard
ORD-02955,CUST-0299,STR-002,2022-06-17,completed,standard
ORD-00385,CUST-0399,STR-004,2023-07-20,shipped,standard
ORD-00136,CUST-0190,STR-001,2024-03-08,completed,standard
ORD-00113,CUST-0125,STR-012,2024-07-27,shipped,standard
ORD-01489,CUST-0114,STR-006,2023-09-04,refunded,express
ORD-02933,CUST-0377,STR-008,2024-02-18,completed,click_and_collect
ORD-01664,CUST-0025,STR-006,2022-04-17,completed,express
ORD-02008,CUST-0383,STR-002,2024-10-23,shipped,standard
ORD-00054,CUST-0437,STR-010,2024-08-27,completed,standard
ORD-02486,CUST-0348,STR-004,2023-04-17,completed,standard
ORD-02490,CUST-0188,STR-006,2024-10-18,refunded,standard
ORD-00822,CUST-0061,STR-011,2024-07-31,completed,standard
ORD-00787,CUST-0018,STR-009,2024-05-21,completed,click_and_collect
ORD-00534,CUST-0169,STR-009,2024-04-08,refunded,standard
ORD-02013,CUST-0056,STR-007,2024-06-08,shipped,express
ORD-02766,CUST-0262,STR-006,2024-02-11,shipped,standard
ORD-00734,CUST-0256,STR-011,2023-01-18,completed,click_and_collect
ORD-01220,CUST-0314,STR-005,2024-12-14,completed,next_day
ORD-02230,CUST-0446,STR-001,2023-05-07,processing,express
ORD-02244,CUST-0205,STR-011,2024-02-25,completed,click_and_collect
ORD-00097,CUST-0037,STR-006,2022-02-25,refunded,standard
ORD-02275,CUST-0214,STR-009,2022-11-08,processing,standard
ORD-00902,CUST-0047,STR-006,2023-06-19,completed,standard
ORD-01418,CUST-0404,STR-005,2024-10-26,completed,next_day
ORD-02396,CUST-0396,STR-012,2022-09-08,completed,click_and_collect
ORD-00299,CUST-0158,STR-010,2022-12-22,completed,next_day
ORD-02440,CUST-0386,STR-001,2024-09-28,shipped,standard
ORD-02804,CUST-0039,STR-007,2022-07-17,refunded,click_and_collect
ORD-02951,CUST-0091,STR-002,2022-07-29,shipped,standard
ORD-00366,CUST-0221,STR-002,2024-07-02,,click_and_collect
ORD-01265,CUST-0447,STR-008,2024-05-21,completed,standard
ORD-02573,CUST-0368,STR-002,2024-09-05,processing,standard
ORD-00295,CUST-0467,STR-009,2024-12-25,cancelled,click_and_collect
ORD-01742,CUST-0433,STR-010,2022-10-04,shipped,standard
ORD-02290,CUST-0214,STR-011,2022-10-10,completed,standard
ORD-01479,CUST-0899,STR-003,2023-01-05,refunded,next_day
ORD-00859,CUST-0363,STR-002,2022-12-19,refunded,next_day
ORD-02327,CUST-0112,STR-010,2024-09-05,completed,standard
ORD-01500,CUST-0374,STR-004,2023-08-04,completed,standard
ORD-02000,CUST-0073,STR-002,2024-09-14,completed,standard
ORD-02739,CUST-0030,STR-012,2022-05-26,completed,express
ORD-02017,CUST-0094,STR-003,2022-06-05,completed,next_day
ORD-02129,CUST-0468,STR-001,2024-06-07,cancelled,standard
ORD-01752,CUST-0387,STR-012,2023-10-18,cancelled,express
ORD-02786,CUST-0299,STR-007,2023-08-08,processing,standard
ORD-01638,CUST-0400,STR-006,2023-05-05,completed,next_day
ORD-02003,CUST-0237,STR-003,2024-02-26,cancelled,click_and_collect
ORD-00727,CUST-0493,STR-007,2022-06-12,completed,standard
ORD-02689,CUST-0407,STR-004,2022-10-08,completed,next_day
ORD-02361,CUST-0159,STR-010,2024-04-09,completed,standard
ORD-01379,CUST-0380,STR-010,2024-07-30,refunded,standard
ORD-01614,CUST-0498,STR-007,2024-08-08,processing,next_day
ORD-00793,CUST-0450,STR-011,2026-04-09,completed,express
ORD-01680,CUST-0825,STR-004,2022-07-04,completed,standard
ORD-00855,CUST-0137,STR-007,2022-07-25,shipped,click_and_collect
ORD-00428,CUST-0071,STR-006,2024-08-13,cancelled,click_and_collect
ORD-00809,CUST-0036,STR-003,2023-05-20,refunded,express
ORD-02351,CUST-0191,STR-012,2022-03-17,completed,standard
ORD-02047,CUST-0013,STR-002,2024-03-23,completed,express
ORD-01011,CUST-0361,STR-004,2024-08-07,completed,standard
ORD-02925,CUST-0393,STR-001,2024-07-26,completed,express
ORD-00301,CUST-0379,STR-009,2023-01-01,completed,standard
ORD-00684,CUST-0371,STR-003,2024-11-01,completed,express
ORD-01057,CUST-0495,STR-012,2023-07-20,shipped,express
ORD-02732,CUST-0395,STR-011,2024-02-16,shipped,standard
ORD-01525,CUST-0137,STR-007,2022-12-11,completed,click_and_collect
ORD-02562,CUST-0326,STR-011,2024-11-28,cancelled,standard
ORD-02263,CUST-0053,STR-012,2024-01-28,completed,standard
ORD-01481,CUST-0013,STR-002,2022-02-09,completed,express
ORD-01433,CUST-0367,STR-004,2024-04-30,completed,next_day
ORD-02374,CUST-0052,STR-012,2024-06-29,shipped,next_day
ORD-01385,CUST-0097,STR-011,2022-01-25,completed,standard
ORD-01683,CUST-0496,STR-005,2024-01-19,shipped,click_and_collect
ORD-00341,CUST-0076,STR-008,2022-03-22,shipped,express
ORD-00389,CUST-0269,STR-009,2024-02-10,completed,standard
ORD-02167,CUST-0140,STR-002,2023-01-13,completed,click_and_collect
ORD-02828,CUST-0361,STR-003,2024-07-29,completed,express
ORD-02627,CUST-0220,STR-003,2022-04-08,,express
ORD-01542,CUST-0367,STR-002,2023-07-20,completed,standard
ORD-00924,CUST-0178,STR-012,2024-03-01,cancelled,standard
ORD-02291,CUST-0410,STR-012,2024-02-22,,standard
ORD-01258,CUST-0009,STR-006,2022-07-18,refunded,standard
ORD-00078,CUST-0116,STR-004,2023-02-13,completed,standard
ORD-01941,CUST-0250,STR-002,2022-01-05,completed,standard
ORD-00362,CUST-0359,STR-002,2022-06-05,shipped,standard
ORD-02283,CUST-0195,STR-001,2022-02-28,completed,standard
ORD-01916,CUST-0114,STR-011,2024-06-29,completed,click_and_collect
ORD-00963,CUST-0291,STR-010,2022-11-23,processing,standard
ORD-01593,CUST-0174,STR-010,2024-08-14,completed,standard
ORD-00120,CUST-0141,STR-005,2023-10-14,completed,standard
ORD-00485,CUST-0221,STR-004,2023-07-01,shipped,standard
ORD-00743,CUST-0348,STR-011,2023-11-18,processing,standard
ORD-02652,CUST-0167,STR-011,2024-03-07,,next_day
ORD-00631,CUST-0017,STR-002,2023-02-23,completed,click_and_collect
ORD-00402,CUST-0344,STR-007,2023-08-17,shipped,next_day
ORD-01440,CUST-0405,STR-007,2024-02-23,processing,standard
ORD-01774,CUST-0400,STR-003,2022-10-22,refunded,standard
ORD-01267,CUST-0246,STR-007,2023-08-14,shipped,standard
ORD-02134,CUST-0351,STR-002,2024-10-23,completed,express
ORD-00461,CUST-0246,STR-004,2024-03-05,cancelled,standard
ORD-00376,CUST-0031,STR-006,2022-05-18,processing,next_day
ORD-02304,CUST-0010,STR-010,2023-07-25,cancelled,standard
ORD-02369,CUST-0405,STR-011,2022-10-28,refunded,standard
ORD-02958,CUST-0328,STR-001,2023-09-12,cancelled,next_day
ORD-02135,CUST-0182,STR-007,2024-04-02,shipped,express
ORD-01393,CUST-0233,STR-001,2025-08-29,completed,next_day
ORD-00843,CUST-0129,STR-008,2022-08-15,completed,standard
ORD-01084,CUST-0415,STR-001,2024-04-25,processing,standard
ORD-01034,CUST-0131,STR-008,2022-02-20,completed,standard
ORD-00829,CUST-0296,STR-011,2022-10-03,completed,express
ORD-00745,CUST-0072,STR-006,2024-07-24,completed,next_day
ORD-00388,CUST-0331,STR-004,2022-09-04,completed,click_and_collect
ORD-00949,CUST-0063,STR-001,2022-01-31,completed,standard
ORD-02787,CUST-0431,STR-006,2022-01-21,completed,next_day
ORD-02225,CUST-0430,STR-002,2023-09-10,shipped,express
ORD-01119,CUST-0369,STR-008,2024-03-01,completed,express
ORD-00133,CUST-0465,STR-002,2024-05-06,shipped,standard
ORD-01627,CUST-0338,STR-006,2022-01-06,shipped,express
ORD-01643,CUST-0745,STR-001,2022-01-26,shipped,standard
ORD-02679,CUST-0250,STR-002,2023-11-07,refunded,standard
ORD-00151,CUST-0117,STR-001,2023-09-13,completed,standard
ORD-00681,CUST-0189,STR-010,2022-10-02,completed,standard
ORD-02335,CUST-0108,STR-011,2023-04-01,shipped,next_day
ORD-01765,CUST-0269,STR-002,2022-03-23,completed,express
ORD-02402,CUST-0130,STR-009,2023-10-19,processing,express
ORD-02638,CUST-0209,STR-010,2024-05-01,completed,standard
ORD-01476,CUST-0334,STR-008,2022-09-05,completed,express
ORD-01227,CUST-0388,STR-007,2023-04-11,cancelled,standard
ORD-00046,CUST-0315,STR-012,2023-05-30,completed,standard
ORD-00810,CUST-0467,STR-008,2023-03-15,shipped,standard
ORD-02759,CUST-0416,STR-008,2024-05-07,completed,next_day
ORD-02453,CUST-0102,STR-008,2024-11-01,completed,standard
ORD-00883,CUST-0360,STR-011,2024-02-10,completed,click_and_collect
ORD-01071,CUST-0104,STR-001,2023-05-09,shipped,click_and_collect
ORD-01748,CUST-0308,STR-003,2023-07-29,completed,express
ORD-00548,CUST-0115,STR-012,2024-03-16,completed,click_and_collect
ORD-01804,CUST-0437,STR-011,2022-03-02,refunded,express
ORD-01072,CUST-0208,STR-001,2023-07-01,processing,click_and_collect
ORD-02694,CUST-0481,STR-008,2022-05-18,completed,standard
ORD-02807,CUST-0238,STR-004,2022-10-17,completed,standard
ORD-00676,CUST-0255,STR-006,2022-07-15,cancelled,express
ORD-02201,CUST-0430,STR-008,2022-04-02,completed,next_day
ORD-01702,CUST-0372,STR-003,2024-10-06,processing,standard
ORD-02063,CUST-0421,STR-002,2022-02-02,completed,standard
ORD-00871,CUST-0494,STR-005,2024-11-06,completed,next_day
ORD-02380,CUST-0279,STR-004,2024-02-12,refunded,standard
ORD-00496,CUST-0012,STR-007,2024-01-07,processing,express
ORD-00521,CUST-0260,STR-003,2022-07-27,cancelled,standard
ORD-02207,CUST-0230,STR-002,2024-09-10,shipped,express
ORD-02642,CUST-0383,STR-011,2024-01-16,completed,standard
ORD-00742,CUST-0088,STR-003,2023-12-17,completed,standard
ORD-00493,CUST-0191,STR-003,2024-02-13,shipped,standard
ORD-00634,CUST-0213,STR-002,2022-12-07,cancelled,click_and_collect
ORD-02252,CUST-0767,STR-010,2022-07-31,,click_and_collect
ORD-00664,CUST-0129,STR-002,2022-03-25,completed,click_and_collect
ORD-00571,CUST-0344,STR-005,2024-05-23,completed,standard
ORD-01547,CUST-0254,STR-010,2023-01-22,completed,standard
ORD-01841,CUST-0153,STR-005,2024-05-26,completed,standard
ORD-02801,CUST-0324,STR-002,2023-09-08,completed,standard
ORD-00052,CUST-0329,STR-011,2022-11-09,completed,standard
ORD-01648,CUST-0201,STR-006,2023-11-24,shipped,standard
ORD-01447,CUST-0308,STR-002,2023-10-10,completed,standard
ORD-01684,CUST-0470,STR-008,2023-10-16,completed,next_day
ORD-01577,CUST-0495,STR-004,2023-04-23,processing,click_and_collect
ORD-01650,CUST-0103,STR-001,2024-08-17,completed,next_day
ORD-00906,CUST-0364,STR-011,2024-11-20,shipped,standard
ORD-00074,CUST-0045,STR-010,2022-06-30,completed,standard
ORD-01881,CUST-0475,STR-001,2023-09-14,completed,standard
ORD-00027,CUST-0204,STR-008,2023-08-03,completed,click_and_collect
ORD-01048,CUST-0065,STR-012,2022-01-27,completed,standard
ORD-02034,CUST-0002,STR-005,2024-12-24,completed,next_day
ORD-01932,CUST-0346,STR-010,2023-01-07,completed,standard
ORD-01884,CUST-0224,STR-008,2024-01-25,completed,express
ORD-01269,CUST-0004,STR-008,2022-10-08,shipped,standard
ORD-02907,CUST-0100,STR-003,2023-04-18,completed,standard
ORD-02820,CUST-0331,STR-009,2024-02-17,completed,standard
ORD-01624,CUST-0119,STR-001,2024-09-19,shipped,next_day
ORD-00895,CUST-0141,STR-001,2024-05-02,completed,express
ORD-02152,CUST-0296,STR-008,2024-07-08,completed,standard
ORD-01279,CUST-0154,STR-012,2024-07-29,completed,next_day
ORD-02714,CUST-0278,STR-009,2023-02-17,shipped,express
ORD-00847,CUST-0369,STR-002,2022-05-05,completed,next_day
ORD-01846,CUST-0289,STR-002,2024-03-09,shipped,standard
ORD-01188,CUST-0414,STR-012,2022-06-01,completed,express
ORD-00057,CUST-0390,STR-002,2024-03-16,shipped,click_and_collect
ORD-01799,CUST-0460,STR-003,2022-07-12,cancelled,standard
ORD-00168,CUST-0445,STR-009,2023-07-18,cancelled,standard
ORD-02281,CUST-0075,STR-010,2023-08-28,completed,standard
ORD-01082,CUST-0147,STR-001,2023-06-27,refunded,standard
ORD-01317,CUST-0405,STR-002,2023-08-18,refunded,standard
ORD-02467,CUST-0086,STR-007,2022-10-11,completed,next_day
ORD-00939,CUST-0274,STR-006,2024-08-31,completed,express
ORD-00763,CUST-0462,STR-010,2023-11-28,completed,standard
ORD-00686,CUST-0209,STR-012,2024-01-22,shipped,standard
ORD-00657,CUST-0488,STR-009,2022-05-13,completed,standard
ORD-00482,CUST-0093,STR-002,2022-04-22,completed,standard
ORD-00879,CUST-0137,STR-001,2023-04-15,completed,standard
ORD-00863,CUST-0249,STR-005,2024-09-20,completed,standard
ORD-02936,CUST-0219,STR-011,2022-07-16,completed,next_day
ORD-02390,CUST-0492,STR-006,2022-05-18,shipped,click_and_collect
ORD-01182,CUST-0026,STR-007,2023-04-11,processing,standard
ORD-02012,CUST-0241,STR-002,2024-05-24,refunded,next_day
ORD-02894,CUST-0019,STR-008,2022-03-13,cancelled,standard
ORD-02985,CUST-0449,STR-006,2024-04-07,,click_and_collect
ORD-00900,CUST-0276,STR-010,2023-05-25,refunded,express
ORD-01791,CUST-0343,STR-003,2023-04-24,shipped,next_day
ORD-01870,CUST-0111,STR-008,2024-05-08,completed,click_and_collect
ORD-00891,CUST-0421,STR-004,2022-08-10,processing,click_and_collect
ORD-01046,CUST-0143,STR-005,2023-07-25,completed,click_and_collect
ORD-02487,CUST-0389,STR-008,2022-02-14,cancelled,standard
ORD-02045,CUST-0444,STR-002,2024-09-07,completed,click_and_collect
ORD-00629,CUST-0342,STR-005,2022-11-18,completed,click_and_collect
ORD-02420,CUST-0064,STR-003,2024-05-09,completed,express
ORD-02346,CUST-0135,STR-011,2023-02-01,completed,standard
ORD-01501,CUST-0298,STR-009,2023-08-07,completed,next_day
ORD-00474,CUST-0343,STR-011,2022-10-13,completed,standard
ORD-00536,CUST-0079,STR-002,2024-11-01,shipped,express
ORD-00220,CUST-0155,STR-006,2024-08-04,cancelled,next_day
ORD-01653,CUST-0307,STR-012,2023-08-01,completed,standard
ORD-02097,CUST-0124,STR-001,2023-04-27,refunded,standard
ORD-01951,CUST-0209,STR-011,2022-05-03,completed,standard
ORD-00379,CUST-0175,STR-012,2022-09-20,processing,standard
ORD-02075,CUST-0337,STR-011,2023-05-15,shipped,next_day
ORD-02145,CUST-0250,STR-011,2023-04-12,completed,click_and_collect
ORD-02174,CUST-0313,STR-010,2022-08-09,completed,standard
ORD-00282,CUST-0199,STR-007,2024-08-29,shipped,standard
ORD-02568,CUST-0138,STR-005,2024-01-01,refunded,express
ORD-01694,CUST-0319,STR-012,2024-12-31,completed,standard
ORD-02260,CUST-0177,STR-010,2023-02-25,completed,next_day
ORD-01458,CUST-0238,STR-002,2023-06-24,processing,next_day
ORD-02224,CUST-0226,STR-011,2024-09-03,completed,express
ORD-01493,CUST-0223,STR-005,2024-05-07,shipped,express
ORD-02033,CUST-0020,STR-010,2023-04-26,processing,next_day
ORD-02753,CUST-0060,STR-010,2022-10-06,refunded,click_and_collect
ORD-02457,CUST-0154,STR-009,2023-05-03,completed,express
ORD-01236,CUST-0439,STR-011,2023-05-22,refunded,standard
ORD-01207,CUST-0336,STR-009,2022-03-24,refunded,next_day
ORD-02960,CUST-0115,STR-009,2022-01-01,completed,standard
ORD-01240,CUST-0421,STR-007,2022-12-16,shipped,next_day
ORD-02594,CUST-0036,STR-010,2022-05-28,cancelled,next_day
ORD-00844,CUST-0264,STR-002,2022-02-24,shipped,next_day
ORD-00188,CUST-0361,STR-005,2022-02-17,shipped,express
ORD-02864,CUST-0250,STR-010,2023-11-18,completed,standard
ORD-00378,CUST-0174,STR-011,2024-05-28,refunded,standard
ORD-00117,CUST-0156,STR-010,2023-05-15,completed,standard
ORD-01915,CUST-0013,STR-011,2024-08-09,completed,click_and_collect
ORD-02521,CUST-0254,STR-012,2022-08-10,completed,express
ORD-01771,CUST-0476,STR-010,2024-12-07,completed,next_day
ORD-02549,CUST-0005,STR-006,2023-04-20,completed,express
ORD-00675,CUST-0116,STR-001,2022-03-13,completed,next_day
ORD-01847,CUST-0262,STR-001,2024-05-03,completed,standard
ORD-02379,CUST-0248,STR-001,2022-01-22,processing,express
ORD-01134,CUST-0145,STR-010,2023-08-05,completed,standard
ORD-00996,CUST-0220,STR-008,2023-03-25,completed,standard
ORD-00931,CUST-0151,STR-011,2022-12-07,completed,standard
ORD-00929,CUST-0100,STR-003,2024-07-05,cancelled,next_day
ORD-01485,CUST-0124,STR-009,2026-01-14,completed,click_and_collect
ORD-00502,CUST-0086,STR-009,2022-07-08,refunded,click_and_collect
ORD-00397,CUST-0366,STR-004,2024-01-08,shipped,standard
ORD-01962,CUST-0084,STR-012,2023-08-23,processing,standard
ORD-02509,CUST-0083,STR-007,2024-12-09,processing,standard
ORD-02438,CUST-0242,STR-001,2022-06-10,completed,next_day
ORD-00284,CUST-0117,STR-006,2022-06-17,completed,next_day
ORD-00875,CUST-0243,STR-006,2022-07-11,completed,standard
ORD-00839,CUST-0488,STR-003,2022-01-16,completed,standard
ORD-01111,CUST-0325,STR-002,2023-08-22,completed,standard
ORD-01278,CUST-0448,STR-009,2023-08-29,processing,standard
ORD-01890,CUST-0255,STR-012,2022-06-03,,click_and_collect
ORD-01444,CUST-0604,STR-004,2022-04-06,cancelled,standard
ORD-01253,CUST-0130,STR-006,2023-03-30,,next_day
ORD-01565,CUST-0218,STR-010,2023-03-09,processing,click_and_collect
ORD-02448,CUST-0380,STR-011,2024-10-21,refunded,click_and_collect
ORD-02421,CUST-0462,STR-011,2023-08-12,completed,standard
ORD-00584,CUST-0283,STR-012,2022-09-03,completed,click_and_collect
ORD-01457,CUST-0019,STR-006,2022-07-28,completed,standard
ORD-01173,CUST-0226,STR-002,2022-09-09,shipped,express
ORD-01137,CUST-0198,STR-006,2022-03-11,shipped,standard
ORD-00335,CUST-0478,STR-010,2022-03-14,completed,standard
ORD-01588,CUST-0103,STR-008,2022-08-23,refunded,standard
ORD-00063,CUST-0270,STR-004,2026-04-14,shipped,standard
ORD-00499,CUST-0101,STR-001,2024-01-17,completed,standard
ORD-02604,CUST-0393,STR-012,2024-06-09,completed,standard
ORD-00016,CUST-0247,STR-005,2022-08-19,completed,express
ORD-00901,CUST-0282,STR-008,2024-11-03,completed,click_and_collect
ORD-01079,CUST-0306,STR-003,2024-01-31,shipped,standard
ORD-01053,CUST-0226,STR-008,2024-03-25,completed,next_day
ORD-00337,CUST-0491,STR-004,2022-05-16,shipped,next_day
ORD-02879,CUST-0374,STR-002,2024-08-17,cancelled,next_day
ORD-01970,CUST-0012,STR-010,2023-03-18,completed,standard
ORD-00142,CUST-0311,STR-011,2022-02-18,completed,standard
ORD-02683,CUST-0289,STR-004,2022-07-10,completed,express
ORD-02690,CUST-0032,STR-005,2024-04-21,cancelled,standard
ORD-00391,CUST-0196,STR-009,2024-06-28,completed,standard
ORD-02891,CUST-0394,STR-012,2025-06-15,processing,standard
ORD-01623,CUST-0169,STR-010,2022-11-06,completed,standard
ORD-00559,CUST-0020,STR-001,2023-12-04,shipped,standard
ORD-02983,CUST-0383,STR-007,2022-06-04,processing,standard
ORD-00421,CUST-0395,STR-005,2024-09-08,completed,standard
ORD-00777,CUST-0243,STR-009,2022-09-27,completed,standard
ORD-02475,CUST-0043,STR-006,2022-02-10,completed,express
ORD-02993,CUST-0465,STR-001,2024-03-04,processing,express
ORD-02276,CUST-0206,STR-003,2024-02-20,refunded,express
ORD-01598,CUST-0095,STR-011,2024-12-04,processing,standard
ORD-00882,CUST-0477,STR-008,2024-03-26,completed,next_day
ORD-02802,CUST-0320,STR-006,2023-10-03,shipped,standard
ORD-00296,CUST-0165,STR-003,2023-02-10,shipped,express
ORD-00851,CUST-0273,STR-009,2024-07-04,shipped,next_day
ORD-01284,CUST-0884,STR-007,2022-05-09,completed,express
ORD-01936,CUST-0475,STR-003,2024-01-06,refunded,standard
ORD-02994,CUST-0389,STR-007,2024-03-28,completed,standard
ORD-00228,CUST-0494,STR-009,2023-04-11,completed,standard
ORD-00530,CUST-0034,STR-004,2022-12-06,processing,standard
ORD-02725,CUST-0179,STR-011,2024-08-27,completed,click_and_collect
ORD-00324,CUST-0326,STR-008,2022-11-10,shipped,standard
ORD-01830,CUST-0126,STR-012,2023-06-24,completed,standard
ORD-02051,CUST-0163,STR-010,2022-10-05,refunded,express
ORD-01315,CUST-0448,STR-007,2023-08-21,completed,standard
ORD-01226,CUST-0290,STR-010,2024-07-12,shipped,standard
ORD-02029,CUST-0156,STR-011,2022-02-05,refunded,standard
ORD-02237,CUST-0443,STR-011,2024-04-22,completed,click_and_collect
ORD-02214,CUST-0018,STR-003,2023-05-08,processing,express
ORD-00527,CUST-0142,STR-007,2022-04-01,completed,standard
ORD-02181,CUST-0159,STR-005,2023-08-31,cancelled,standard
ORD-00182,CUST-0311,STR-010,2022-07-27,shipped,standard
ORD-01552,CUST-0240,STR-003,2024-06-07,completed,standard
ORD-01556,CUST-0135,STR-011,2023-09-17,shipped,click_and_collect
ORD-02904,CUST-0264,STR-006,2022-11-01,shipped,click_and_collect
ORD-01937,CUST-0196,STR-010,2022-01-11,completed,standard
ORD-01625,CUST-0053,STR-010,2024-03-31,refunded,next_day
ORD-01808,CUST-0430,STR-003,2023-03-27,refunded,next_day
ORD-01074,CUST-0459,STR-012,2023-07-04,shipped,standard
ORD-00030,CUST-0376,STR-007,2022-11-07,refunded,express
ORD-00651,CUST-0022,STR-006,2022-03-24,processing,standard
ORD-01933,CUST-0472,STR-003,2023-04-09,completed,standard
ORD-02093,CUST-0432,STR-003,2023-10-13,shipped,express
ORD-02866,CUST-0044,STR-012,2024-09-01,shipped,express
ORD-02160,CUST-0391,STR-004,2022-01-27,shipped,express
ORD-02270,CUST-0156,STR-002,2023-01-12,completed,standard
ORD-00944,CUST-0349,STR-003,2023-04-22,completed,click_and_collect
ORD-01498,CUST-0089,STR-001,2023-05-17,completed,standard
ORD-01378,CUST-0380,STR-011,2023-04-27,processing,standard
ORD-01032,CUST-0217,STR-005,2022-04-06,completed,express
ORD-01023,CUST-0389,STR-003,2022-01-17,shipped,standard
ORD-00189,CUST-0250,STR-001,2022-05-04,cancelled,standard
ORD-01357,CUST-0093,STR-004,2023-07-07,completed,click_and_collect
ORD-00104,CUST-0206,STR-007,2023-09-13,completed,next_day
ORD-02268,CUST-0458,STR-001,2024-04-14,cancelled,standard
ORD-00765,CUST-0176,STR-007,2022-12-18,refunded,standard
ORD-02282,CUST-0263,STR-011,2022-10-29,cancelled,express
ORD-02784,CUST-0267,STR-010,2023-04-02,processing,express
ORD-02157,CUST-0230,STR-003,2024-04-28,refunded,standard
ORD-01909,CUST-0021,STR-010,2024-12-09,completed,next_day
ORD-00277,CUST-0276,STR-012,2023-11-08,cancelled,express
ORD-00479,CUST-0495,STR-007,2024-03-16,,standard
ORD-01340,CUST-0082,STR-005,2023-05-07,completed,standard
ORD-00830,CUST-0431,STR-010,2024-01-22,shipped,click_and_collect
ORD-01319,CUST-0279,STR-010,2024-02-14,shipped,standard
ORD-02619,CUST-0494,STR-003,2022-10-13,completed,standard
ORD-00526,CUST-0226,STR-012,2023-07-02,completed,standard
ORD-00761,CUST-0101,STR-003,2023-08-26,completed,click_and_collect
ORD-01211,CUST-0206,STR-005,2022-08-01,completed,next_day
ORD-01274,CUST-0157,STR-003,2023-12-11,shipped,standard
ORD-01289,CUST-0417,STR-007,2023-06-11,shipped,standard
ORD-00611,CUST-0113,STR-008,2022-02-05,processing,express
ORD-02567,CUST-0361,STR-007,2022-03-16,completed,standard
ORD-02024,CUST-0242,STR-010,2023-06-01,cancelled,express
ORD-00801,CUST-0368,STR-012,2023-01-17,completed,standard
ORD-00589,CUST-0052,STR-006,2023-06-26,shipped,standard
ORD-02184,CUST-0173,STR-007,2022-01-17,refunded,standard
ORD-02141,CUST-0321,STR-011,2023-01-16,completed,standard
ORD-02920,CUST-0372,STR-003,2023-03-14,refunded,standard
ORD-01231,CUST-0098,STR-003,2022-11-18,completed,click_and_collect
ORD-02877,CUST-0107,STR-001,2024-04-29,shipped,standard
ORD-00874,CUST-0478,STR-001,2022-05-07,completed,next_day
ORD-01709,CUST-0191,STR-010,2024-05-30,completed,standard
ORD-00523,CUST-0236,STR-006,2023-08-07,cancelled,next_day
ORD-01421,CUST-0384,STR-005,2023-01-17,completed,standard
ORD-01157,CUST-0059,STR-004,2024-08-03,shipped,standard
ORD-01850,CUST-0359,STR-007,2023-11-26,completed,standard
ORD-01940,CUST-0055,STR-010,2023-05-14,refunded,standard
ORD-02065,CUST-0217,STR-003,2024-07-13,processing,click_and_collect
ORD-01482,CUST-0229,STR-001,2022-01-23,completed,next_day
ORD-01362,CUST-0058,STR-007,2022-08-05,completed,standard
ORD-02783,CUST-0084,STR-005,2022-11-09,shipped,standard
ORD-00890,CUST-0058,STR-010,2023-05-24,refunded,click_and_collect
ORD-01783,CUST-0248,STR-001,2022-07-29,completed,click_and_collect
ORD-02526,CUST-0122,STR-009,2022-10-04,completed,express
ORD-02128,CUST-0022,STR-001,2022-06-15,completed,standard
ORD-01898,CUST-0335,STR-005,2023-04-01,,express
ORD-01409,CUST-0453,STR-007,2024-06-24,completed,next_day
ORD-01673,CUST-0064,STR-009,2022-09-05,refunded,express
ORD-00667,CUST-0194,STR-005,2023-07-28,cancelled,next_day
ORD-01273,CUST-0178,STR-009,2023-10-20,completed,standard
ORD-00617,CUST-0056,STR-012,2024-05-20,completed,next_day
ORD-01569,CUST-0258,STR-006,2022-04-06,completed,next_day
ORD-02322,CUST-0254,STR-003,2023-11-13,shipped,click_and_collect
ORD-02987,CUST-0135,STR-006,2023-03-28,cancelled,standard
ORD-00175,CUST-0242,STR-005,2023-09-20,shipped,click_and_collect
ORD-00064,CUST-0007,STR-010,2023-07-18,shipped,standard
ORD-02676,CUST-0023,STR-012,2022-06-28,completed,click_and_collect
ORD-02959,CUST-0111,STR-006,2024-05-01,shipped,standard
ORD-02058,CUST-0139,STR-010,2023-01-06,processing,next_day
ORD-00331,CUST-0334,STR-008,2024-04-24,completed,standard
ORD-02118,CUST-0390,STR-007,2022-04-08,refunded,click_and_collect
ORD-02792,CUST-0212,STR-001,2023-10-24,completed,standard
ORD-02318,CUST-0101,STR-005,2022-05-28,shipped,standard
ORD-02551,CUST-0981,STR-005,2024-03-02,completed,click_and_collect
ORD-02016,CUST-0195,STR-011,2023-02-06,refunded,standard
ORD-00889,CUST-0295,STR-002,2022-05-10,completed,standard
ORD-00380,CUST-0190,STR-007,2023-10-31,shipped,click_and_collect
ORD-00935,CUST-0280,STR-009,2023-07-01,completed,standard
ORD-00604,CUST-0106,STR-008,2022-09-10,shipped,express
ORD-02175,CUST-0390,STR-002,2024-11-06,completed,standard
ORD-01750,CUST-0147,STR-009,2024-01-13,completed,click_and_collect
ORD-00471,CUST-0176,STR-009,2022-05-09,completed,standard
ORD-00396,CUST-0068,STR-008,2022-05-20,completed,next_day
ORD-00609,CUST-0008,STR-008,2024-12-20,processing,standard
ORD-00185,CUST-0225,STR-004,2023-06-18,completed,click_and_collect
ORD-01245,CUST-0249,STR-001,2024-07-25,processing,standard
ORD-02823,CUST-0452,STR-011,2022-04-21,completed,express
ORD-00620,CUST-0117,STR-007,2022-02-03,completed,next_day
ORD-02229,CUST-0071,STR-010,2023-01-25,processing,standard
ORD-02424,CUST-0133,STR-012,2022-01-05,shipped,click_and_collect
ORD-01974,CUST-0118,STR-011,2022-10-02,processing,next_day
ORD-01908,CUST-0423,STR-001,2024-06-13,shipped,express
ORD-02602,CUST-0291,STR-006,2022-12-05,shipped,standard
ORD-02790,CUST-0239,STR-012,2022-01-22,shipped,standard
ORD-00807,CUST-0011,STR-010,2023-06-04,processing,next_day
ORD-02846,CUST-0117,STR-002,2023-12-08,refunded,express
ORD-01087,CUST-0229,STR-002,2023-07-30,completed,standard
ORD-00912,CUST-0099,STR-009,2022-03-01,completed,standard
ORD-02098,CUST-0224,STR-012,2022-05-02,completed,click_and_collect
ORD-01989,CUST-0110,STR-006,2022-07-31,completed,express
ORD-02205,CUST-0359,STR-011,2024-06-06,completed,standard
ORD-00127,CUST-0252,STR-004,2022-09-27,completed,standard
ORD-01152,CUST-0458,STR-010,2022-05-06,completed,express
ORD-00308,CUST-0321,STR-012,2024-07-08,completed,standard
ORD-02625,CUST-0181,STR-006,2022-02-09,,standard
ORD-02861,CUST-0350,STR-006,2022-08-21,shipped,click_and_collect
ORD-01136,CUST-0294,STR-008,2023-09-26,completed,express
ORD-00447,CUST-0290,STR-007,2022-04-10,completed,click_and_collect
ORD-00927,CUST-0487,STR-005,2024-05-29,shipped,standard
ORD-01058,CUST-0291,STR-002,2023-02-20,shipped,express
ORD-01110,CUST-0108,STR-004,2022-11-09,completed,click_and_collect
ORD-02371,CUST-0359,STR-004,2023-10-12,completed,standard
ORD-00602,CUST-0119,STR-004,2022-05-28,completed,standard
ORD-00349,CUST-0283,STR-001,2022-01-22,completed,standard
ORD-02477,CUST-0074,STR-010,2022-03-19,completed,express
ORD-00028,CUST-0127,STR-001,2022-09-11,shipped,click_and_collect
ORD-00507,CUST-0011,STR-009,2022-04-27,completed,standard
ORD-02913,CUST-0144,STR-006,2022-06-18,processing,next_day
ORD-02941,CUST-0150,STR-012,2024-01-20,cancelled,standard
ORD-00520,CUST-0283,STR-008,2024-09-08,shipped,standard
ORD-00613,CUST-0051,STR-005,2024-11-23,shipped,standard
ORD-00993,CUST-0288,STR-011,2023-03-31,completed,express
ORD-00612,CUST-0486,STR-009,2022-10-24,shipped,next_day
ORD-02720,CUST-0246,STR-008,2022-04-23,completed,standard
ORD-01181,CUST-0254,STR-006,2024-04-27,refunded,standard
ORD-00942,CUST-0218,STR-010,2022-11-14,refunded,standard
ORD-02555,CUST-0440,STR-008,2024-12-11,refunded,standard
ORD-02510,CUST-0081,STR-001,2022-08-18,completed,express
ORD-01350,CUST-0171,STR-010,2022-02-23,completed,next_day
ORD-00069,CUST-0100,STR-011,2022-02-04,shipped,click_and_collect
ORD-01695,CUST-0352,STR-003,2022-07-12,completed,standard
ORD-01522,CUST-0367,STR-009,2024-06-06,cancelled,standard
ORD-01115,CUST-0059,STR-009,2024-03-23,processing,standard
ORD-02110,CUST-0110,STR-003,2024-05-25,refunded,standard
ORD-00488,CUST-0209,STR-004,2022-12-06,completed,standard
ORD-02945,CUST-0224,STR-006,2022-06-29,processing,next_day
ORD-00772,CUST-0233,STR-002,2023-11-03,completed,click_and_collect
ORD-00360,CUST-0310,STR-012,2023-08-13,refunded,standard
ORD-00816,CUST-0199,STR-011,2023-10-19,completed,standard
ORD-01354,CUST-0058,STR-008,2022-12-09,completed,express
ORD-00933,CUST-0336,STR-009,2022-05-18,shipped,standard
ORD-01475,CUST-0090,STR-011,2022-07-31,completed,express
ORD-02564,CUST-0472,STR-008,2022-01-09,processing,express
ORD-00034,CUST-0009,STR-008,2024-02-03,completed,express
ORD-00616,CUST-0610,STR-006,2024-05-09,completed,express
ORD-01391,CUST-0178,STR-009,2024-10-14,shipped,standard
ORD-00232,CUST-0273,STR-006,2024-12-23,completed,standard
ORD-01483,CUST-0095,STR-007,2023-01-11,completed,express
ORD-00443,CUST-0389,STR-002,2022-07-08,completed,express
ORD-00737,CUST-0225,STR-004,2023-04-20,cancelled,standard
