order_item_id,order_id,product_id,quantity,unit_price,discount_pct
OI-000001,ORD-02497,PROD-0105,4,195.57,10
OI-000002,ORD-00956,PROD-0138,2,185.21,30
OI-000003,ORD-00956,PROD-0011,1,5.24,15
OI-000004,ORD-00956,PROD-0050,4,51.22,5
OI-000005,ORD-00983,PROD-0093,4,171.06,10
OI-000006,ORD-02193,PROD-0081,1,170.25,0
OI-000007,ORD-02193,PROD-0036,10,997.7,0
OI-000008,ORD-00200,PROD-0048,1,86.61,5
OI-000009,ORD-00200,PROD-0082,1,17.15,0
OI-000010,ORD-01559,PROD-0106,1,29.3,0
OI-000011,ORD-01559,PROD-0043,2,150.23,30
OI-000012,ORD-01912,PROD-0117,3,38.64,0
OI-000013,ORD-01912,PROD-0127,3,775.68,0
OI-000014,ORD-01912,PROD-0094,2,64.56,25
OI-000015,ORD-01912,PROD-0080,2,340.69,0
OI-000016,ORD-01607,PROD-0075,1,36.21,5
OI-000017,ORD-02053,PROD-0005,10,23.99,0
OI-000018,ORD-02053,PROD-0013,2,43.1,10
OI-000019,ORD-01196,PROD-0109,3,114.02,0
OI-000020,ORD-02780,PROD-0016,3,840.18,10
OI-000021,ORD-02780,PROD-0119,1,303.45,25
OI-000022,ORD-00736,PROD-0042,1,191.03,0
OI-000023,ORD-01519,PROD-0131,1,54.35,0
OI-000024,ORD-01519,PROD-0098,3,35.21,0
OI-000025,ORD-01910,PROD-0015,1,308.01,0
OI-000026,ORD-00060,PROD-0098,3,30.16,15
OI-000027,ORD-00060,PROD-0054,1,40.3,5
OI-000028,ORD-00060,PROD-0087,1,195.56,15
OI-000029,ORD-02515,PROD-0003,1,67.88,0
OI-000030,ORD-02515,PROD-0033,1,140.51,0
OI-000031,ORD-01831,PROD-0063,2,98.31,0
OI-000032,ORD-01831,PROD-0031,1,855.59,0
OI-000033,ORD-01831,PROD-0080,1,393.5,0
OI-000034,ORD-00276,PROD-0113,3,69.11,30
OI-000035,ORD-00276,PROD-0095,1,82.34,0
OI-000036,ORD-00276,PROD-0009,1,162.16,0
OI-000037,ORD-00215,PROD-0053,5,49.38,15
OI-000038,ORD-00215,PROD-0087,1,204.15,15
OI-000039,ORD-00215,PROD-0150,2,350.64,15
OI-000040,ORD-01466,PROD-0034,1,68.5,0
OI-000041,ORD-01466,PROD-0071,2,467.63,0
OI-000042,ORD-01466,PROD-0013,1,45.91,0
OI-000043,ORD-02944,PROD-0118,1,184.35,0
OI-000044,ORD-02293,PROD-0091,4,476.35,0
OI-000045,ORD-02293,PROD-0006,4,31.56,15
OI-000046,ORD-02293,PROD-0051,2,26.12,0
OI-000047,ORD-02293,PROD-0057,1,43.34,0
OI-000048,ORD-02107,PROD-0027,2,409.28,0
OI-000049,ORD-01922,PROD-0060,2,59.99,0
OI-000050,ORD-00974,PROD-0067,5,234.46,0
OI-000051,ORD-00974,PROD-0110,1,214.92,0
OI-000052,ORD-00465,PROD-0079,2,41.11,5
OI-000053,ORD-02465,PROD-0045,1,46.42,10
OI-000054,ORD-02465,PROD-0037,1,452.4,15
OI-000055,ORD-02465,PROD-0007,1,307.85,15
OI-000056,ORD-01316,PROD-0105,4,193.26,5
OI-000057,ORD-01316,PROD-0100,1,25.22,0
OI-000058,ORD-01811,PROD-0005,1,25.15,15
OI-000059,ORD-02295,PROD-0075,2,35.19,10
OI-000060,ORD-02295,PROD-0035,1,89.08,0
OI-000061,ORD-01477,PROD-0068,1,28.58,30
OI-000062,ORD-01935,PROD-0113,2,70.57,10
OI-000063,ORD-01935,PROD-0089,1,281.5,0
OI-000064,ORD-01935,PROD-0050,4,50.94,5
OI-000065,ORD-02800,PROD-0098,10,32.26,15
OI-000066,ORD-02800,PROD-0122,1,739.22,0
OI-000067,ORD-02800,PROD-0143,1,48.3,30
OI-000068,ORD-02800,PROD-0060,1,61.44,0
OI-000069,ORD-00476,PROD-0071,5,461.19,0
OI-000070,ORD-00476,PROD-0117,2,43.76,15
OI-000071,ORD-00169,PROD-0005,1,22.46,0
OI-000072,ORD-00169,PROD-0041,5,41.02,10
OI-000073,ORD-02816,PROD-0083,2,155.81,0
OI-000074,ORD-02172,PROD-0133,2,532.78,0
OI-000075,ORD-02172,PROD-0043,1,163.7,0
OI-000076,ORD-02172,PROD-0073,5,187.26,25
OI-000077,ORD-01104,PROD-0007,1,329.92,0
OI-000078,ORD-01251,PROD-0088,2,54.39,0
OI-000079,ORD-01251,PROD-0086,1,100.07,0
OI-000080,ORD-01251,PROD-0075,2,33.9,0
OI-000081,ORD-00467,PROD-0035,1,98.11,5
OI-000082,ORD-00467,PROD-0012,2,322.13,0
OI-000083,ORD-01076,PROD-0076,2,48.97,0
OI-000084,ORD-00352,PROD-0097,1,134.16,20
OI-000085,ORD-00352,PROD-0108,2,275.49,5
OI-000086,ORD-00352,PROD-0081,1,196.53,0
OI-000087,ORD-00352,PROD-0112,1,149.85,25
OI-000088,ORD-02841,PROD-0116,2,240.26,0
OI-000089,ORD-02841,PROD-0148,1,178.67,0
OI-000090,ORD-00157,PROD-0067,10,233.44,0
OI-000091,ORD-00157,PROD-0124,2,16.17,15
OI-000092,ORD-01677,PROD-0046,10,177.91,0
OI-000093,ORD-00319,PROD-0057,2,42.48,25
OI-000094,ORD-00319,PROD-0031,1,780.49,0
OI-000095,ORD-00319,PROD-0002,1,110.94,0
OI-000096,ORD-00319,PROD-0030,1,389.83,0
OI-000097,ORD-00319,PROD-0149,2,42.76,15
OI-000098,ORD-01156,PROD-0012,2,280.16,20
OI-000099,ORD-01156,PROD-0063,3,107.81,0
OI-000100,ORD-01156,PROD-0138,1,189.04,15
OI-000101,ORD-02946,PROD-0008,2,239.71,0
OI-000102,ORD-02946,PROD-0072,3,177.7,30
OI-000103,ORD-02946,PROD-0021,2,179.7,20
OI-000104,ORD-01099,PROD-0098,1,33.02,0
OI-000105,ORD-01757,PROD-0126,3,17.9,0
OI-000106,ORD-00326,PROD-0135,1,22.53,0
OI-000107,ORD-00326,PROD-0093,4,159.31,10
OI-000108,ORD-00233,PROD-0054,2,35.03,5
OI-000109,ORD-00233,PROD-0148,3,182.04,15
OI-000110,ORD-00441,PROD-0007,1,302.25,15
OI-000111,ORD-01209,PROD-0070,5,353.44,0
OI-000112,ORD-01209,PROD-0094,3,65.92,25
OI-000113,ORD-00300,PROD-0081,1,170.35,0
OI-000114,ORD-00700,PROD-0095,1,83.4,15
OI-000115,ORD-00700,PROD-0103,5,505.51,0
OI-000116,ORD-01198,PROD-0144,0,11.05,20
OI-000117,ORD-01198,PROD-0112,1,164.98,0
OI-000118,ORD-02373,PROD-0133,1,583.96,0
OI-000119,ORD-01100,PROD-0037,1,496.26,0
OI-000120,ORD-00201,PROD-0138,1,190.65,0
OI-000121,ORD-00201,PROD-0098,3,32.73,25
OI-000122,ORD-01463,PROD-0023,1,15.25,5
OI-000123,ORD-02061,PROD-0006,4,29.3,15
OI-000124,ORD-02061,PROD-0091,1,447.69,0
OI-000125,ORD-02061,PROD-0092,1,35.72,0
OI-000126,ORD-00781,PROD-0117,2,41.28,25
OI-000127,ORD-00781,PROD-0052,2,14.04,5
OI-000128,ORD-01716,PROD-0111,10,397.42,15
OI-000129,ORD-01716,PROD-0091,2,456.4,0
OI-000130,ORD-01716,PROD-0037,1,517.02,5
OI-000131,ORD-01716,PROD-0029,3,30.97,0
OI-000132,ORD-01716,PROD-0121,1,7.47,0
OI-000133,ORD-00444,PROD-0111,2,334.4,25
OI-000134,ORD-00444,PROD-0145,2,155.16,0
OI-000135,ORD-00444,PROD-0127,3,764.5,10
OI-000136,ORD-00444,PROD-0033,3,159.38,0
OI-000137,ORD-02423,PROD-0094,2,73.4,20
OI-000138,ORD-01602,PROD-0070,1,303.58,0
OI-000139,ORD-02334,PROD-0055,10,27.39,0
OI-000140,ORD-02191,PROD-0138,1,175.44,5
OI-000141,ORD-01858,PROD-0135,3,20.58,0
OI-000142,ORD-01858,PROD-0077,1,36.75,0
OI-000143,ORD-01858,PROD-0055,2,25.55,0
OI-000144,ORD-01858,PROD-0145,2,131.21,0
OI-000145,ORD-01242,PROD-0004,1,256.93,0
OI-000146,ORD-01242,PROD-0034,3,67.56,0
OI-000147,ORD-01242,PROD-0113,1,70.93,0
OI-000148,ORD-00429,PROD-0028,1,267.83,0
OI-000149,ORD-02231,PROD-0149,1,49.83,0
OI-000150,ORD-00015,PROD-0036,5,992.25,0
OI-000151,ORD-00015,PROD-0057,2,45.01,0
OI-000152,ORD-00244,PROD-0085,2,65.82,0
OI-000153,ORD-00244,PROD-0145,1,151.72,15
OI-000154,ORD-01622,PROD-0029,1,32.02,0
OI-000155,ORD-01622,PROD-0023,5,15.24,10
OI-000156,ORD-01622,PROD-0046,1,161.08,5
OI-000157,ORD-01622,PROD-0012,1,283.09,0
OI-000158,ORD-01942,PROD-0054,3,37.97,10
OI-000159,ORD-02978,PROD-0002,2,104.05,20
OI-000160,ORD-01710,PROD-0082,1,17.14,0
OI-000161,ORD-02558,PROD-0124,1,15.75,0
OI-000162,ORD-02558,PROD-0012,2,307.77,0
OI-000163,ORD-02199,PROD-0109,2,110.28,0
OI-000164,ORD-00354,PROD-0043,2,160.84,0
OI-000165,ORD-00354,PROD-0056,1,164.86,0
OI-000166,ORD-01022,PROD-0136,1,657.65,0
OI-000167,ORD-01022,PROD-0031,1,753.84,30
OI-000168,ORD-01022,PROD-0094,1,78.53,0
OI-000169,ORD-00047,PROD-0093,4,177.36,0
OI-000170,ORD-01276,PROD-0059,2,145.0,0
OI-000171,ORD-01276,PROD-0133,1,520.51,0
OI-000172,ORD-00281,PROD-0068,1,27.33,0
OI-000173,ORD-00597,PROD-0125,1,182.58,0
OI-000174,ORD-00597,PROD-0048,2,89.92,0
OI-000175,ORD-02889,PROD-0032,1,437.52,10
OI-000176,ORD-00645,PROD-0040,1,38.38,10
OI-000177,ORD-00645,PROD-0079,2,42.82,0
OI-000178,ORD-00645,PROD-0085,1,62.52,0
OI-000179,ORD-00645,PROD-0076,3,50.07,0
OI-000180,ORD-00645,PROD-0080,1,363.76,5
OI-000181,ORD-01417,PROD-0002,2,107.61,0
OI-000182,ORD-01343,PROD-0005,2,22.61,10
OI-000183,ORD-01343,PROD-0048,1,95.36,0
OI-000184,ORD-01343,PROD-0115,2,213.62,25
OI-000185,ORD-01343,PROD-0139,3,117.64,25
OI-000186,ORD-01781,PROD-0062,1,263.79,0
OI-000187,ORD-00774,PROD-0077,2,37.05,0
OI-000188,ORD-00998,PROD-0141,1,30.73,0
OI-000189,ORD-00998,PROD-0044,1,414.8,0
OI-000190,ORD-00878,PROD-0093,1,171.75,0
OI-000191,ORD-02688,PROD-0013,3,43.14,5
OI-000192,ORD-00558,PROD-0032,1,429.08,0
OI-000193,ORD-00558,PROD-0053,1,52.66,0
OI-000194,ORD-02076,PROD-0280,1,23.19,0
OI-000195,ORD-02076,PROD-0040,1,39.38,0
OI-000196,ORD-02482,PROD-0056,2,139.6,0
OI-000197,ORD-02482,PROD-0047,1,495.56,0
OI-000198,ORD-02482,PROD-0090,2,47.01,0
OI-000199,ORD-02204,PROD-0148,2,188.38,5
OI-000200,ORD-02204,PROD-0021,5,158.46,25
OI-000201,ORD-01527,PROD-0080,2,350.87,15
OI-000202,ORD-01527,PROD-0096,4,20.29,0
OI-000203,ORD-01527,PROD-0015,4,282.29,0
OI-000204,ORD-02928,PROD-0066,1,95.25,10
OI-000205,ORD-02928,PROD-0140,5,189.46,0
OI-000206,ORD-02928,PROD-0043,1,146.25,0
OI-000207,ORD-02928,PROD-0046,1,155.87,5
OI-000208,ORD-02928,PROD-0116,1,262.61,0
OI-000209,ORD-00165,PROD-0120,2,807.12,25
OI-000210,ORD-02590,PROD-0007,1,320.42,0
OI-000211,ORD-02386,PROD-0138,1,188.88,0
OI-000212,ORD-02386,PROD-0102,4,540.46,0
OI-000213,ORD-01714,PROD-0077,1,43.87,0
OI-000214,ORD-00962,PROD-0004,1,259.52,0
OI-000215,ORD-00709,PROD-0083,0,160.12,0
OI-000216,ORD-00709,PROD-0126,1,17.07,0
OI-000217,ORD-00229,PROD-0144,2,9.66,0
OI-000218,ORD-00229,PROD-0011,1,5.49,-20
OI-000219,ORD-02337,PROD-0117,2,40.64,10
OI-000220,ORD-02337,PROD-0031,3,741.73,0
OI-000221,ORD-02337,PROD-0017,3,18.08,0
OI-000222,ORD-02337,PROD-0011,1,5.17,0
OI-000223,ORD-00311,PROD-0070,3,306.39,0
OI-000224,ORD-00311,PROD-0139,1,124.56,0
OI-000225,ORD-01395,PROD-0023,1,17.59,15
OI-000226,ORD-01395,PROD-0007,1,338.98,25
OI-000227,ORD-01259,PROD-0016,4,968.51,15
OI-000228,ORD-01259,PROD-0105,1,211.79,0
OI-000229,ORD-00448,PROD-0145,1,140.95,0
OI-000230,ORD-00448,PROD-0079,1,42.2,25
OI-000231,ORD-00448,PROD-0040,2,40.23,30
OI-000232,ORD-00448,PROD-0130,4,81.03,0
OI-000233,ORD-00808,PROD-0091,2,432.85,0
OI-000234,ORD-02049,PROD-0129,1,108.81,5
OI-000235,ORD-02049,PROD-0087,2,217.32,0
OI-000236,ORD-02585,PROD-0063,2,102.98,10
OI-000237,ORD-02057,PROD-0137,1,153.49,0
OI-000238,ORD-00715,PROD-0089,1,264.08,10
OI-000239,ORD-00715,PROD-0043,3,153.91,30
OI-000240,ORD-00715,PROD-0080,4,381.5,0
OI-000241,ORD-02876,PROD-0016,1,854.22,0
OI-000242,ORD-02876,PROD-0088,1,46.67,0
OI-000243,ORD-02308,PROD-0056,1,148.23,0
OI-000244,ORD-02308,PROD-0079,1,46.02,0
OI-000245,ORD-01431,PROD-0068,1,26.74,0
OI-000246,ORD-02546,PROD-0077,1,38.78,0
OI-000247,ORD-02768,PROD-0029,1,29.98,0
OI-000248,ORD-02354,PROD-0074,1,117.69,0
OI-000249,ORD-02354,PROD-0083,1,172.19,20
OI-000250,ORD-02354,PROD-0031,1,714.3,0
OI-000251,ORD-02354,PROD-0020,3,381.22,20
OI-000252,ORD-01660,PROD-0087,5,214.39,0
OI-000253,ORD-01660,PROD-0007,2,310.62,30
OI-000254,ORD-01035,PROD-0099,5,909.08,30
OI-000255,ORD-00139,PROD-0004,1,258.61,0
OI-000256,ORD-00139,PROD-0106,1,28.16,0
OI-000257,ORD-00139,PROD-0017,2,20.02,5
OI-000258,ORD-00139,PROD-0020,3,365.71,0
OI-000259,ORD-00905,PROD-0036,2,897.59,0
OI-000260,ORD-00905,PROD-0124,1,17.09,0
OI-000261,ORD-00905,PROD-0059,2,140.72,0
OI-000262,ORD-00905,PROD-0141,1,32.76,5
OI-000263,ORD-02882,PROD-0116,2,230.87,0
OI-000264,ORD-02882,PROD-0070,1,344.14,0
OI-000265,ORD-00152,PROD-0109,1,113.25,0
OI-000266,ORD-00225,PROD-0070,1,332.69,0
OI-000267,ORD-00225,PROD-0129,1,96.5,0
OI-000268,ORD-00225,PROD-0137,3,153.14,0
OI-000269,ORD-00020,PROD-0056,2,156.04,0
OI-000270,ORD-00020,PROD-0059,2,145.79,15
OI-000271,ORD-02601,PROD-0142,2,176.15,0
OI-000272,ORD-02601,PROD-0055,1,29.49,0
OI-000273,ORD-02601,PROD-0021,3,150.15,0
OI-000274,ORD-02601,PROD-0098,1,36.06,0
OI-000275,ORD-00040,PROD-0150,1,361.27,5
OI-000276,ORD-02078,PROD-0041,3,40.1,0
OI-000277,ORD-02078,PROD-0010,3,27.37,5
OI-000278,ORD-02159,PROD-0058,1,49.43,10
OI-000279,ORD-02159,PROD-0040,1,46.08,25
OI-000280,ORD-02159,PROD-0108,1,263.95,0
OI-000281,ORD-02991,PROD-0041,3,41.43,0
OI-000282,ORD-00012,PROD-0110,1,223.16,0
OI-000283,ORD-00012,PROD-0145,2,150.45,5
OI-000284,ORD-01652,PROD-0486,1,108.48,0
OI-000285,ORD-00024,PROD-0082,1,15.52,10
OI-000286,ORD-00024,PROD-0124,1,15.56,0
OI-000287,ORD-02407,PROD-0043,1,157.32,0
OI-000288,ORD-02921,PROD-0020,1,400.98,0
OI-000289,ORD-01719,PROD-0090,10,40.45,0
OI-000290,ORD-02137,PROD-0017,1,19.47,0
OI-000291,ORD-02813,PROD-0060,1,54.47,0
OI-000292,ORD-02813,PROD-0111,1,327.09,5
OI-000293,ORD-02813,PROD-0142,2,167.14,0
OI-000294,ORD-02813,PROD-0125,2,196.29,25
OI-000295,ORD-02813,PROD-0107,1,453.7,0
OI-000296,ORD-02158,PROD-0065,4,23.1,15
OI-000297,ORD-02158,PROD-0029,1,30.66,0
OI-000298,ORD-01581,PROD-0138,2,173.85,0
OI-000299,ORD-00025,PROD-0018,1,304.24,10
OI-000300,ORD-00025,PROD-0097,1,143.89,0
OI-000301,ORD-00025,PROD-0028,1,300.26,0
OI-000302,ORD-00025,PROD-0041,1,44.2,25
OI-000303,ORD-00211,PROD-0035,1,97.62,0
OI-000304,ORD-00913,PROD-0146,1,581.51,0
OI-000305,ORD-00913,PROD-0093,2,166.4,0
OI-000306,ORD-02096,PROD-0144,2,11.04,15
OI-000307,ORD-02223,PROD-0092,5,38.53,5
OI-000308,ORD-02223,PROD-0150,1,322.46,30
OI-000309,ORD-02223,PROD-0083,1,151.59,0
OI-000310,ORD-02223,PROD-0040,10,44.34,0
OI-000311,ORD-02223,PROD-0127,4,838.96,0
OI-000312,ORD-01486,PROD-0032,4,445.6,0
OI-000313,ORD-01486,PROD-0059,1,154.85,0
OI-000314,ORD-02239,PROD-0008,1,251.38,0
OI-000315,ORD-01992,PROD-0062,1,222.84,0
OI-000316,ORD-01993,PROD-0125,2,207.16,0
OI-000317,ORD-00852,PROD-0046,1,154.09,0
OI-000318,ORD-01495,PROD-0144,3,11.53,0
OI-000319,ORD-01495,PROD-0014,1,15.44,0
OI-000320,ORD-01495,PROD-0029,2,30.87,0
OI-000321,ORD-01495,PROD-0150,4,333.8,0
OI-000322,ORD-01618,PROD-0004,1,244.55,5
OI-000323,ORD-01098,PROD-0086,1,85.7,20
OI-000324,ORD-01098,PROD-0096,1,19.8,0
OI-000325,ORD-01098,PROD-0146,1,599.32,15
OI-000326,ORD-01098,PROD-0125,2,202.6,15
OI-000327,ORD-02415,PROD-0022,2,136.11,0
OI-000328,ORD-02415,PROD-0053,1,52.85,0
OI-000329,ORD-02415,PROD-0021,1,147.39,0
OI-000330,ORD-02415,PROD-0003,1,75.79,10
OI-000331,ORD-02415,PROD-0109,1,114.87,15
OI-000332,ORD-01758,PROD-0002,1,105.0,0
OI-000333,ORD-01250,PROD-0091,1,473.31,0
OI-000334,ORD-01250,PROD-0017,1,16.55,30
OI-000335,ORD-01049,PROD-0053,1,46.3,0
OI-000336,ORD-01049,PROD-0098,1,30.82,10
OI-000337,ORD-01049,PROD-0021,1,171.88,0
OI-000338,ORD-01049,PROD-0001,2,33.63,10
OI-000339,ORD-02632,PROD-0036,2,858.24,5
OI-000340,ORD-02632,PROD-0027,1,442.75,0
OI-000341,ORD-00701,PROD-0054,2,36.69,0
OI-000342,ORD-00701,PROD-0123,1,45.42,0
OI-000343,ORD-00533,PROD-0003,1,69.12,0
OI-000344,ORD-00533,PROD-0072,10,169.79,0
OI-000345,ORD-00187,PROD-0028,2,271.91,0
OI-000346,ORD-00187,PROD-0085,1,62.97,0
OI-000347,ORD-01756,PROD-0014,1,15.55,0
OI-000348,ORD-01756,PROD-0102,1,586.7,0
OI-000349,ORD-01756,PROD-0092,1,40.23,0
OI-000350,ORD-00451,PROD-0237,1,98.62,0
OI-000351,ORD-02375,PROD-0091,1,428.7,20
OI-000352,ORD-00239,PROD-0100,1,26.58,0
OI-000353,ORD-02569,PROD-0034,2,62.74,10
OI-000354,ORD-02569,PROD-0066,2,91.99,15
OI-000355,ORD-01824,PROD-0061,4,131.44,5
OI-000356,ORD-01478,PROD-0009,2,158.55,0
OI-000357,ORD-01478,PROD-0114,2,190.7,5
OI-000358,ORD-01478,PROD-0094,5,75.16,0
OI-000359,ORD-00567,PROD-0023,1,16.34,0
OI-000360,ORD-02614,PROD-0136,1,783.13,0
OI-000361,ORD-02614,PROD-0058,4,49.33,0
OI-000362,ORD-00568,PROD-0148,2,180.32,30
OI-000363,ORD-01661,PROD-0114,1,202.64,30
OI-000364,ORD-01661,PROD-0001,1,32.39,0
OI-000365,ORD-01661,PROD-0126,3,18.26,0
OI-000366,ORD-01661,PROD-0067,1,241.13,0
OI-000367,ORD-01984,PROD-0088,1,50.02,0
OI-000368,ORD-01984,PROD-0013,3,45.64,0
OI-000369,ORD-00199,PROD-0025,1,166.64,15
OI-000370,ORD-01455,PROD-0131,4,58.0,0
OI-000371,ORD-02060,PROD-0099,1,916.48,10
OI-000372,ORD-02060,PROD-0149,2,51.54,0
OI-000373,ORD-02060,PROD-0066,1,96.21,5
OI-000374,ORD-00114,PROD-0147,1,19.7,0
OI-000375,ORD-01502,PROD-0082,5,14.64,0
OI-000376,ORD-02376,PROD-0033,5,138.87,10
OI-000377,ORD-02376,PROD-0027,1,456.36,0
OI-000378,ORD-02376,PROD-0004,2,257.95,0
OI-000379,ORD-02376,PROD-0010,2,29.34,0
OI-000380,ORD-02376,PROD-0108,10,253.17,30
OI-000381,ORD-02731,PROD-0148,5,193.39,20
OI-000382,ORD-02975,PROD-0055,2,27.11,0
OI-000383,ORD-02975,PROD-0050,1,43.87,0
OI-000384,ORD-02975,PROD-0053,2,51.21,10
OI-000385,ORD-01967,PROD-0043,4,157.13,0
OI-000386,ORD-01967,PROD-0057,1,41.74,0
OI-000387,ORD-01967,PROD-0115,1,205.81,0
OI-000388,ORD-00186,PROD-0142,2,173.28,0
OI-000389,ORD-00186,PROD-0114,1,183.62,0
OI-000390,ORD-00186,PROD-0004,1,250.87,0
OI-000391,ORD-00186,PROD-0044,1,396.98,0
OI-000392,ORD-02235,PROD-0049,4,269.96,0
OI-000393,ORD-02235,PROD-0080,1,391.52,0
OI-000394,ORD-02235,PROD-0077,2,40.54,0
OI-000395,ORD-00725,PROD-0147,5,19.15,0
OI-000396,ORD-00135,PROD-0081,2,171.04,0
OI-000397,ORD-00135,PROD-0118,1,195.57,0
OI-000398,ORD-00135,PROD-0137,1,145.67,10
OI-000399,ORD-00135,PROD-0058,1,44.55,10
OI-000400,ORD-01295,PROD-0077,2,39.39,5
OI-000401,ORD-01295,PROD-0148,1,198.25,0
OI-000402,ORD-01295,PROD-0014,1,16.55,0
OI-000403,ORD-01295,PROD-0035,1,81.61,5
OI-000404,ORD-01295,PROD-0038,1,290.15,10
OI-000405,ORD-02042,PROD-0131,4,62.26,25
OI-000406,ORD-00666,PROD-0056,2,160.66,0
OI-000407,ORD-00666,PROD-0114,3,198.99,0
OI-000408,ORD-02605,PROD-0040,1,40.47,10
OI-000409,ORD-00976,PROD-0058,1,43.97,25
OI-000410,ORD-00255,PROD-0149,1,51.41,0
OI-000411,ORD-01117,PROD-0043,1,174.62,20
OI-000412,ORD-02037,PROD-0060,1,53.46,20
OI-000413,ORD-02037,PROD-0049,1,258.38,0
OI-000414,ORD-02037,PROD-0140,5,169.99,15
OI-000415,ORD-00056,PROD-0024,1,76.46,0
OI-000416,ORD-00056,PROD-0105,4,204.42,5
OI-000417,ORD-00056,PROD-0135,3,20.16,0
OI-000418,ORD-01413,PROD-0134,2,30.94,0
OI-000419,ORD-01168,PROD-0102,1,553.81,0
OI-000420,ORD-01893,PROD-0039,2,510.95,10
OI-000421,ORD-01697,PROD-0073,3,198.44,0
OI-000422,ORD-01697,PROD-0062,1,231.65,30
OI-000423,ORD-00351,PROD-0026,1,13.54,0
OI-000424,ORD-00351,PROD-0071,1,420.3,10
OI-000425,ORD-00351,PROD-0097,1,131.72,10
OI-000426,ORD-00351,PROD-0359,2,90.68,0
OI-000427,ORD-02827,PROD-0100,4,28.03,5
OI-000428,ORD-02827,PROD-0086,1,94.81,20
OI-000429,ORD-01408,PROD-0080,1,365.56,5
OI-000430,ORD-01408,PROD-0121,4,7.82,20
OI-000431,ORD-01408,PROD-0046,4,177.72,10
OI-000432,ORD-01408,PROD-0066,3,84.52,0
OI-000433,ORD-00473,PROD-0133,1,595.84,0
OI-000434,ORD-00473,PROD-0008,3,223.56,0
OI-000435,ORD-00458,PROD-0032,1,445.93,10
OI-000436,ORD-01631,PROD-0145,4,146.91,0
OI-000437,ORD-01631,PROD-0002,3,122.13,20
OI-000438,ORD-01631,PROD-0047,1,503.27,0
OI-000439,ORD-01835,PROD-0001,1,31.06,0
OI-000440,ORD-01835,PROD-0084,3,398.85,10
OI-000441,ORD-01516,PROD-0076,1,52.74,10
OI-000442,ORD-01516,PROD-0044,1,408.64,10
OI-000443,ORD-01516,PROD-0073,1,225.43,30
OI-000444,ORD-01516,PROD-0101,1,585.72,0
OI-000445,ORD-01101,PROD-0135,1,19.52,0
OI-000446,ORD-01101,PROD-0143,1,42.1,5
OI-000447,ORD-00067,PROD-0015,3,294.76,15
OI-000448,ORD-00067,PROD-0008,3,225.07,0
OI-000449,ORD-00067,PROD-0014,1,15.29,5
OI-000450,ORD-02179,PROD-0125,5,180.18,0
OI-000451,ORD-02179,PROD-0130,2,79.03,0
OI-000452,ORD-02718,PROD-0072,2,195.68,0
OI-000453,ORD-02718,PROD-0015,3,301.82,0
OI-000454,ORD-02718,PROD-0140,1,188.24,0
OI-000455,ORD-01281,PROD-0137,2,148.14,0
OI-000456,ORD-01281,PROD-0030,1,414.4,10
OI-000457,ORD-01281,PROD-0034,2,66.65,25
OI-000458,ORD-02323,PROD-0110,1,192.89,0
OI-000459,ORD-01247,PROD-0087,1,202.09,5
OI-000460,ORD-01247,PROD-0057,1,47.99,0
OI-000461,ORD-00837,PROD-0102,1,600.66,0
OI-000462,ORD-00726,PROD-0061,1,122.28,0
OI-000463,ORD-00726,PROD-0078,1,131.37,0
OI-000464,ORD-02507,PROD-0071,3,417.31,30
OI-000465,ORD-02507,PROD-0080,1,407.22,0
OI-000466,ORD-00554,PROD-0025,3,167.51,5
OI-000467,ORD-00554,PROD-0103,2,492.04,20
OI-000468,ORD-01779,PROD-0029,2,33.81,0
OI-000469,ORD-01779,PROD-0009,1,161.01,0
OI-000470,ORD-01779,PROD-0130,1,71.78,10
OI-000471,ORD-00866,PROD-0082,2,15.74,0
OI-000472,ORD-00866,PROD-0138,3,187.33,10
OI-000473,ORD-02701,PROD-0099,1,807.69,15
OI-000474,ORD-02701,PROD-0031,1,792.77,5
OI-000475,ORD-02701,PROD-0043,1,164.72,5
OI-000476,ORD-02701,PROD-0075,1,37.52,0
OI-000477,ORD-00003,PROD-0059,1,141.98,20
OI-000478,ORD-01528,PROD-0104,10,178.17,0
OI-000479,ORD-01528,PROD-0141,2,29.21,-13
OI-000480,ORD-02328,PROD-0106,1,31.4,0
OI-000481,ORD-02702,PROD-0114,3,188.7,0
OI-000482,ORD-00288,PROD-0085,2,61.37,0
OI-000483,ORD-01179,PROD-0148,3,195.51,0
OI-000484,ORD-01179,PROD-0123,2,46.97,15
OI-000485,ORD-01179,PROD-0094,2,76.3,10
OI-000486,ORD-01179,PROD-0063,5,95.52,0
OI-000487,ORD-01179,PROD-0037,1,435.81,0
OI-000488,ORD-02929,PROD-0050,0,47.96,0
OI-000489,ORD-02929,PROD-0066,1,89.58,25
OI-000490,ORD-01815,PROD-0026,1,13.87,0
OI-000491,ORD-00977,PROD-0040,4,44.08,5
OI-000492,ORD-00977,PROD-0084,1,443.82,0
OI-000493,ORD-00977,PROD-0007,2,330.02,0
OI-000494,ORD-00977,PROD-0102,1,586.03,0
OI-000495,ORD-00977,PROD-0064,5,352.64,0
OI-000496,ORD-00221,PROD-0070,4,329.21,15
OI-000497,ORD-00221,PROD-0132,1,313.7,0
OI-000498,ORD-02444,PROD-0090,1,42.22,0
OI-000499,ORD-02444,PROD-0121,1,6.83,10
OI-000500,ORD-00268,PROD-0113,1,68.68,0
OI-000501,ORD-00268,PROD-0072,1,165.8,15
OI-000502,ORD-00268,PROD-0086,1,101.14,10
OI-000503,ORD-02967,PROD-0094,2,78.3,0
OI-000504,ORD-02967,PROD-0048,1,94.58,15
OI-000505,ORD-02897,PROD-0076,1,44.72,0
OI-000506,ORD-02897,PROD-0090,2,38.9,25
OI-000507,ORD-02897,PROD-0010,2,30.0,0
OI-000508,ORD-02897,PROD-0088,4,52.87,25
OI-000509,ORD-00791,PROD-0082,2,17.23,0
OI-000510,ORD-00791,PROD-0048,1,86.74,0
OI-000511,ORD-02079,PROD-0093,1,166.82,0
OI-000512,ORD-02079,PROD-0045,1,53.03,0
OI-000513,ORD-02266,PROD-0017,2,19.04,0
OI-000514,ORD-02266,PROD-0023,1,15.21,0
OI-000515,ORD-02416,PROD-0064,1,343.82,10
OI-000516,ORD-02416,PROD-0011,2,6.24,0
OI-000517,ORD-02416,PROD-0043,2,165.79,0
OI-000518,ORD-02416,PROD-0065,1,24.62,0
OI-000519,ORD-01966,PROD-0031,3,785.43,0
OI-000520,ORD-01966,PROD-0004,2,254.78,15
OI-000521,ORD-01966,PROD-0131,1,51.73,0
OI-000522,ORD-01966,PROD-0009,2,179.43,20
OI-000523,ORD-02664,PROD-0088,5,52.74,0
OI-000524,ORD-02664,PROD-0048,5,98.03,0
OI-000525,ORD-02664,PROD-0108,1,263.75,0
OI-000526,ORD-02664,PROD-0111,5,382.12,0
OI-000527,ORD-02664,PROD-0089,2,282.49,0
OI-000528,ORD-00642,PROD-0144,3,11.54,10
OI-000529,ORD-00642,PROD-0100,1,24.78,0
OI-000530,ORD-00642,PROD-0111,1,351.57,10
OI-000531,ORD-01894,PROD-0126,3,17.53,0
OI-000532,ORD-01894,PROD-0089,3,313.1,0
OI-000533,ORD-01894,PROD-0026,1,13.97,0
OI-000534,ORD-02350,PROD-0049,3,233.85,0
OI-000535,ORD-02350,PROD-0070,4,338.18,0
OI-000536,ORD-02350,PROD-0106,1,31.43,0
OI-000537,ORD-02350,PROD-0126,1,15.78,10
OI-000538,ORD-00610,PROD-0063,1,104.96,0
OI-000539,ORD-00610,PROD-0037,2,481.28,0
OI-000540,ORD-00610,PROD-0045,1,49.08,5
OI-000541,ORD-00610,PROD-0107,3,459.11,0
OI-000542,ORD-01380,PROD-0045,1,47.89,0
OI-000543,ORD-01380,PROD-0089,5,286.75,0
OI-000544,ORD-00029,PROD-0035,4,97.06,0
OI-000545,ORD-00029,PROD-0034,2,71.3,0
OI-000546,ORD-00029,PROD-0074,1,114.48,0
OI-000547,ORD-00029,PROD-0073,2,188.04,0
OI-000548,ORD-00029,PROD-0032,3,464.64,0
OI-000549,ORD-02245,PROD-0109,1,116.95,0
OI-000550,ORD-02245,PROD-0014,2,15.88,-12
OI-000551,ORD-02102,PROD-0120,3,781.55,0
OI-000552,ORD-02102,PROD-0122,3,783.1,0
OI-000553,ORD-02849,PROD-0084,1,431.58,0
OI-000554,ORD-02849,PROD-0127,1,831.23,0
OI-000555,ORD-02849,PROD-0043,10,162.74,15
OI-000556,ORD-02849,PROD-0073,2,188.21,10
OI-000557,ORD-01330,PROD-0137,1,166.45,0
OI-000558,ORD-02971,PROD-0074,1,120.62,20
OI-000559,ORD-02971,PROD-0129,3,104.73,0
OI-000560,ORD-02971,PROD-0063,2,101.24,0
OI-000561,ORD-01400,PROD-0082,1,15.77,5
OI-000562,ORD-01875,PROD-0114,2,214.38,0
OI-000563,ORD-01875,PROD-0112,1,164.76,15
OI-000564,ORD-01222,PROD-0084,10,439.03,0
OI-000565,ORD-02084,PROD-0059,5,154.51,0
OI-000566,ORD-02367,PROD-0109,1,111.61,10
OI-000567,ORD-02582,PROD-0145,5,146.46,0
OI-000568,ORD-02582,PROD-0040,3,38.27,0
OI-000569,ORD-02582,PROD-0008,1,243.52,0
OI-000570,ORD-02612,PROD-0022,1,144.52,0
OI-000571,ORD-00545,PROD-0102,1,579.05,30
OI-000572,ORD-00545,PROD-0001,2,30.65,5
OI-000573,ORD-00545,PROD-0045,1,51.78,15
OI-000574,ORD-01243,PROD-0090,2,41.39,0
OI-000575,ORD-01243,PROD-0089,1,286.43,10
OI-000576,ORD-01059,PROD-0066,1,89.16,25
OI-000577,ORD-01059,PROD-0124,1,18.04,10
OI-000578,ORD-02279,PROD-0137,3,145.81,0
OI-000579,ORD-02279,PROD-0113,2,71.31,0
OI-000580,ORD-02279,PROD-0047,3,483.97,0
OI-000581,ORD-01230,PROD-0068,10,27.98,0
OI-000582,ORD-01230,PROD-0070,1,361.29,10
OI-000583,ORD-00143,PROD-0059,1,155.29,0
OI-000584,ORD-00143,PROD-0040,1,45.97,15
OI-000585,ORD-00143,PROD-0093,1,175.58,0
OI-000586,ORD-00278,PROD-0144,3,11.02,0
OI-000587,ORD-00278,PROD-0077,3,38.52,10
OI-000588,ORD-00278,PROD-0019,1,279.84,5
OI-000589,ORD-00586,PROD-0061,1,124.5,25
OI-000590,ORD-01802,PROD-0058,2,49.65,0
OI-000591,ORD-01214,PROD-0103,1,498.96,0
OI-000592,ORD-00480,PROD-0014,1,14.64,0
OI-000593,ORD-00480,PROD-0015,4,285.09,0
OI-000594,ORD-00480,PROD-0051,4,24.73,5
OI-000595,ORD-00480,PROD-0107,1,504.35,20
OI-000596,ORD-00628,PROD-0140,1,192.04,0
OI-000597,ORD-00628,PROD-0010,1,28.91,20
OI-000598,ORD-00766,PROD-0084,1,461.78,-9
OI-000599,ORD-00766,PROD-0056,3,146.02,0
OI-000600,ORD-00766,PROD-0068,1,25.52,10
OI-000601,ORD-00731,PROD-0124,1,17.05,0
OI-000602,ORD-00122,PROD-0017,2,18.03,0
OI-000603,ORD-00122,PROD-0094,1,66.56,5
OI-000604,ORD-00122,PROD-0140,1,167.24,30
OI-000605,ORD-01306,PROD-0038,2,262.75,20
OI-000606,ORD-02476,PROD-0113,2,69.94,20
OI-000607,ORD-00213,PROD-0077,1,40.6,0
OI-000608,ORD-00213,PROD-0071,2,455.46,0
OI-000609,ORD-00213,PROD-0003,4,69.94,0
OI-000610,ORD-00213,PROD-0013,5,44.74,0
OI-000611,ORD-01297,PROD-0087,2,204.31,-18
OI-000612,ORD-01300,PROD-0067,1,240.52,0
OI-000613,ORD-01300,PROD-0110,1,223.12,0
OI-000614,ORD-02911,PROD-0077,3,42.36,0
OI-000615,ORD-02243,PROD-0038,1,291.69,20
OI-000616,ORD-02243,PROD-0020,1,397.74,0
OI-000617,ORD-02243,PROD-0074,10,128.57,0
OI-000618,ORD-02243,PROD-0001,1,31.05,5
OI-000619,ORD-02243,PROD-0110,1,204.96,0
OI-000620,ORD-00955,PROD-0005,2,26.25,0
OI-000621,ORD-00955,PROD-0077,1,39.49,0
OI-000622,ORD-00955,PROD-0135,1,20.7,10
OI-000623,ORD-00955,PROD-0093,1,177.72,5
OI-000624,ORD-00955,PROD-0100,1,29.43,0
OI-000625,ORD-02715,PROD-0072,1,164.55,0
OI-000626,ORD-02428,PROD-0019,3,269.32,0
OI-000627,ORD-02428,PROD-0086,1,95.63,15
OI-000628,ORD-02988,PROD-0011,2,5.19,0
OI-000629,ORD-02988,PROD-0030,1,409.76,0
OI-000630,ORD-02988,PROD-0147,1,16.88,0
OI-000631,ORD-00573,PROD-0035,1,98.46,20
OI-000632,ORD-00573,PROD-0087,1,224.29,15
OI-000633,ORD-00573,PROD-0081,5,186.19,0
OI-000634,ORD-01299,PROD-0031,2,787.0,0
OI-000635,ORD-01299,PROD-0121,2,6.82,10
OI-000636,ORD-01299,PROD-0109,1,110.8,0
OI-000637,ORD-00987,PROD-0112,3,154.11,5
OI-000638,ORD-00987,PROD-0084,4,446.35,10
OI-000639,ORD-01361,PROD-0012,1,291.93,25
OI-000640,ORD-01321,PROD-0007,2,323.07,0
OI-000641,ORD-01321,PROD-0104,1,155.96,0
OI-000642,ORD-01321,PROD-0078,2,123.77,0
OI-000643,ORD-00708,PROD-0114,1,195.05,0
OI-000644,ORD-01002,PROD-0118,2,202.5,0
OI-000645,ORD-01002,PROD-0052,2,12.59,10
OI-000646,ORD-01002,PROD-0037,1,489.78,0
OI-000647,ORD-02847,PROD-0090,1,39.22,5
OI-000648,ORD-02847,PROD-0033,2,147.47,0
OI-000649,ORD-02847,PROD-0047,1,497.55,0
OI-000650,ORD-01416,PROD-0029,1,31.86,0
OI-000651,ORD-01416,PROD-0062,1,254.51,0
OI-000652,ORD-01416,PROD-0136,1,685.85,20
OI-000653,ORD-02232,PROD-0133,4,538.2,0
OI-000654,ORD-02232,PROD-0012,5,290.24,25
OI-000655,ORD-02232,PROD-0063,2,100.96,-19
OI-000656,ORD-02232,PROD-0034,1,59.78,0
OI-000657,ORD-00825,PROD-0129,2,100.5,0
OI-000658,ORD-00825,PROD-0055,1,28.67,10
OI-000659,ORD-00825,PROD-0006,1,28.69,0
OI-000660,ORD-00741,PROD-0078,2,122.61,0
OI-000661,ORD-00741,PROD-0030,1,416.18,25
OI-000662,ORD-00741,PROD-0005,2,24.9,0
OI-000663,ORD-02161,PROD-0078,1,127.84,0
OI-000664,ORD-02161,PROD-0147,2,18.55,0
OI-000665,ORD-02161,PROD-0086,1,96.14,20
OI-000666,ORD-00240,PROD-0058,3,49.45,0
OI-000667,ORD-00240,PROD-0078,1,136.11,0
OI-000668,ORD-00240,PROD-0061,1,140.38,15
OI-000669,ORD-00240,PROD-0105,1,217.87,10
OI-000670,ORD-03000,PROD-0141,1,32.89,10
OI-000671,ORD-02825,PROD-0127,2,772.27,0
OI-000672,ORD-02825,PROD-0113,1,78.13,0
OI-000673,ORD-01690,PROD-0030,4,442.92,20
OI-000674,ORD-00575,PROD-0140,1,191.39,0
OI-000675,ORD-00575,PROD-0065,1,22.07,0
OI-000676,ORD-00575,PROD-0090,1,42.63,0
OI-000677,ORD-00575,PROD-0042,3,181.36,20
OI-000678,ORD-01159,PROD-0126,1,15.58,0
OI-000679,ORD-01159,PROD-0031,1,739.25,10
OI-000680,ORD-00096,PROD-0072,1,191.42,0
OI-000681,ORD-02749,PROD-0107,1,443.01,0
OI-000682,ORD-00320,PROD-0129,2,107.72,0
OI-000683,ORD-01794,PROD-0023,2,17.61,0
OI-000684,ORD-01794,PROD-0119,2,289.86,15
OI-000685,ORD-01794,PROD-0141,3,31.19,25
OI-000686,ORD-02735,PROD-0122,0,807.05,0
OI-000687,ORD-02899,PROD-0070,1,347.63,0
OI-000688,ORD-02893,PROD-0099,1,921.64,0
OI-000689,ORD-00297,PROD-0032,3,411.49,0
OI-000690,ORD-02478,PROD-0093,3,162.28,0
OI-000691,ORD-01929,PROD-0071,2,429.45,0
OI-000692,ORD-01929,PROD-0101,1,598.19,0
OI-000693,ORD-00529,PROD-0064,1,318.39,0
OI-000694,ORD-00529,PROD-0115,4,215.71,20
OI-000695,ORD-02584,PROD-0032,2,473.58,0
OI-000696,ORD-02584,PROD-0076,2,48.99,0
OI-000697,ORD-01865,PROD-0126,1,15.91,15
OI-000698,ORD-01865,PROD-0105,2,217.71,15
OI-000699,ORD-01865,PROD-0104,2,172.29,0
OI-000700,ORD-01888,PROD-0053,4,49.07,0
OI-000701,ORD-02271,PROD-0137,1,159.67,10
OI-000702,ORD-02271,PROD-0025,2,174.72,0
OI-000703,ORD-02271,PROD-0035,2,97.25,0
OI-000704,ORD-02271,PROD-0094,5,69.4,10
OI-000705,ORD-01574,PROD-0025,1,189.2,15
OI-000706,ORD-00940,PROD-0110,1,197.69,10
OI-000707,ORD-00093,PROD-0037,1,447.24,0
OI-000708,ORD-02914,PROD-0034,1,63.7,5
OI-000709,ORD-02914,PROD-0110,5,223.39,0
OI-000710,ORD-01272,PROD-0136,1,773.1,15
OI-000711,ORD-01272,PROD-0005,1,26.01,0
OI-000712,ORD-01183,PROD-0048,3,87.26,25
OI-000713,ORD-01183,PROD-0108,2,259.68,15
OI-000714,ORD-00392,PROD-0058,1,49.09,30
OI-000715,ORD-00721,PROD-0005,1,26.05,0
OI-000716,ORD-01312,PROD-0101,1,574.01,5
OI-000717,ORD-02447,PROD-0132,3,299.59,0
OI-000718,ORD-02447,PROD-0044,1,363.61,0
OI-000719,ORD-02447,PROD-0054,1,38.77,0
OI-000720,ORD-02447,PROD-0029,1,32.51,0
OI-000721,ORD-01426,PROD-0095,1,77.02,0
OI-000722,ORD-01426,PROD-0117,2,45.54,15
OI-000723,ORD-01426,PROD-0070,3,328.71,0
OI-000724,ORD-01426,PROD-0090,1,41.98,0
OI-000725,ORD-02942,PROD-0127,1,879.15,10
OI-000726,ORD-00646,PROD-0049,1,232.23,15
OI-000727,ORD-00646,PROD-0129,1,94.44,15
OI-000728,ORD-02378,PROD-0005,1,23.69,0
OI-000729,ORD-02378,PROD-0054,0,40.76,0
OI-000730,ORD-02132,PROD-0146,1,653.05,0
OI-000731,ORD-02132,PROD-0059,1,144.34,20
OI-000732,ORD-02132,PROD-0002,1,110.74,5
OI-000733,ORD-02132,PROD-0065,1,23.06,5
OI-000734,ORD-02132,PROD-0003,1,73.59,0
OI-000735,ORD-00665,PROD-0041,3,39.25,0
OI-000736,ORD-00665,PROD-0093,1,172.77,0
OI-000737,ORD-00665,PROD-0135,3,23.69,0
OI-000738,ORD-02189,PROD-0076,2,46.97,0
OI-000739,ORD-02189,PROD-0078,2,115.23,0
OI-000740,ORD-02189,PROD-0127,2,813.1,0
OI-000741,ORD-01174,PROD-0134,2,35.04,0
OI-000742,ORD-01174,PROD-0142,3,176.38,0
OI-000743,ORD-01303,PROD-0068,1,28.5,0
OI-000744,ORD-00262,PROD-0056,1,145.76,0
OI-000745,ORD-01473,PROD-0068,1,24.18,0
OI-000746,ORD-01473,PROD-0082,2,15.95,15
OI-000747,ORD-01473,PROD-0032,2,488.95,0
OI-000748,ORD-01473,PROD-0100,1,24.98,0
OI-000749,ORD-00506,PROD-0024,2,76.96,0
OI-000750,ORD-01133,PROD-0121,2,7.84,0
OI-000751,ORD-01133,PROD-0082,1,15.71,0
OI-000752,ORD-01133,PROD-0039,3,461.82,0
OI-000753,ORD-01133,PROD-0078,5,134.25,15
OI-000754,ORD-00876,PROD-0075,2,33.65,20
OI-000755,ORD-00876,PROD-0016,2,992.34,0
OI-000756,ORD-00876,PROD-0131,1,57.48,25
OI-000757,ORD-00876,PROD-0087,2,229.72,0
OI-000758,ORD-00876,PROD-0127,1,786.34,20
OI-000759,ORD-01268,PROD-0149,0,43.07,0
OI-000760,ORD-01268,PROD-0055,1,28.11,25
OI-000761,ORD-01645,PROD-0062,2,221.32,0
OI-000762,ORD-01996,PROD-0138,1,194.5,0
OI-000763,ORD-01996,PROD-0135,1,19.86,5
OI-000764,ORD-00561,PROD-0126,1,16.19,10
OI-000765,ORD-00561,PROD-0121,1,7.31,0
OI-000766,ORD-00561,PROD-0040,3,40.14,5
OI-000767,ORD-00561,PROD-0082,1,16.98,0
OI-000768,ORD-00561,PROD-0030,2,410.29,5
OI-000769,ORD-02503,PROD-0044,2,406.62,25
OI-000770,ORD-01952,PROD-0040,2,41.88,0
OI-000771,ORD-01163,PROD-0045,1,51.72,0
OI-000772,ORD-02452,PROD-0098,1,34.27,20
OI-000773,ORD-02501,PROD-0014,1,14.12,0
OI-000774,ORD-02501,PROD-0118,5,181.68,0
OI-000775,ORD-02501,PROD-0054,1,36.21,0
OI-000776,ORD-02501,PROD-0309,2,151.58,0
OI-000777,ORD-02501,PROD-0067,1,220.96,5
OI-000778,ORD-00986,PROD-0126,1,16.24,20
OI-000779,ORD-01244,PROD-0004,2,250.94,0
OI-000780,ORD-01244,PROD-0131,1,58.6,0
OI-000781,ORD-01244,PROD-0085,10,67.64,10
OI-000782,ORD-01244,PROD-0001,3,30.69,15
OI-000783,ORD-00107,PROD-0058,1,45.74,0
OI-000784,ORD-00107,PROD-0057,2,44.88,5
OI-000785,ORD-02048,PROD-0062,1,264.3,0
OI-000786,ORD-02094,PROD-0085,1,64.14,0
OI-000787,ORD-01256,PROD-0135,3,22.47,15
OI-000788,ORD-01256,PROD-0033,1,157.95,0
OI-000789,ORD-01256,PROD-0083,4,167.35,25
OI-000790,ORD-01256,PROD-0078,1,115.72,0
OI-000791,ORD-01256,PROD-0144,4,10.05,5
OI-000792,ORD-01311,PROD-0142,1,146.82,0
OI-000793,ORD-01311,PROD-0115,1,213.03,20
OI-000794,ORD-01311,PROD-0140,2,175.39,0
OI-000795,ORD-01311,PROD-0113,4,72.37,0
OI-000796,ORD-01696,PROD-0148,1,193.56,0
OI-000797,ORD-01696,PROD-0004,1,275.27,0
OI-000798,ORD-02995,PROD-0068,2,24.84,0
OI-000799,ORD-02995,PROD-0145,2,155.33,0
OI-000800,ORD-00771,PROD-0126,1,17.98,25
OI-000801,ORD-00771,PROD-0057,1,44.92,0
OI-000802,ORD-00771,PROD-0061,1,140.36,0
OI-000803,ORD-01928,PROD-0103,1,444.59,0
OI-000804,ORD-01928,PROD-0024,10,73.52,0
OI-000805,ORD-01928,PROD-0126,1,16.02,5
OI-000806,ORD-01928,PROD-0020,0,434.68,0
OI-000807,ORD-00552,PROD-0138,2,199.94,0
OI-000808,ORD-01200,PROD-0037,3,509.76,0
OI-000809,ORD-01200,PROD-0111,2,343.6,0
OI-000810,ORD-01873,PROD-0085,3,63.26,0
OI-000811,ORD-00177,PROD-0113,2,64.91,0
OI-000812,ORD-01407,PROD-0089,1,315.56,0
OI-000813,ORD-01407,PROD-0083,1,154.71,5
OI-000814,ORD-01407,PROD-0107,2,505.48,0
OI-000815,ORD-01407,PROD-0115,10,234.97,10
OI-000816,ORD-02970,PROD-0048,1,81.2,25
OI-000817,ORD-02970,PROD-0095,4,75.7,10
OI-000818,ORD-02937,PROD-0030,2,429.91,5
OI-000819,ORD-02937,PROD-0007,1,350.7,0
OI-000820,ORD-01676,PROD-0014,1,15.6,15
OI-000821,ORD-02750,PROD-0080,0,338.25,0
OI-000822,ORD-02216,PROD-0066,3,91.65,0
OI-000823,ORD-00994,PROD-0113,1,64.84,30
OI-000824,ORD-00994,PROD-0073,1,205.17,0
OI-000825,ORD-00994,PROD-0121,2,6.74,0
OI-000826,ORD-02192,PROD-0099,1,844.61,0
OI-000827,ORD-02192,PROD-0006,1,34.56,0
OI-000828,ORD-02192,PROD-0128,1,27.58,0
OI-000829,ORD-02192,PROD-0100,4,29.36,0
OI-000830,ORD-00669,PROD-0041,2,40.01,0
OI-000831,ORD-00669,PROD-0097,1,147.16,0
OI-000832,ORD-00669,PROD-0130,2,74.65,0
OI-000833,ORD-00669,PROD-0048,2,95.66,15
OI-000834,ORD-00669,PROD-0033,1,151.36,10
OI-000835,ORD-00010,PROD-0149,1,52.05,0
OI-000836,ORD-00010,PROD-0077,10,41.0,0
OI-000837,ORD-01013,PROD-0087,3,201.56,0
OI-000838,ORD-01013,PROD-0040,2,44.37,15
OI-000839,ORD-01140,PROD-0063,1,108.21,0
OI-000840,ORD-02426,PROD-0053,1,45.72,15
OI-000841,ORD-02426,PROD-0138,1,198.11,0
OI-000842,ORD-02426,PROD-0118,1,191.89,0
OI-000843,ORD-02426,PROD-0049,4,269.81,0
OI-000844,ORD-00717,PROD-0115,1,240.65,15
OI-000845,ORD-00717,PROD-0082,2,15.63,5
OI-000846,ORD-02090,PROD-0107,1,498.19,10
OI-000847,ORD-00439,PROD-0029,1,31.09,15
OI-000848,ORD-00439,PROD-0094,10,74.31,0
OI-000849,ORD-02496,PROD-0138,1,171.63,0
OI-000850,ORD-01844,PROD-0069,5,8.26,10
OI-000851,ORD-01844,PROD-0100,5,28.48,0
OI-000852,ORD-00353,PROD-0001,2,28.59,0
OI-000853,ORD-00353,PROD-0003,2,75.17,0
OI-000854,ORD-01956,PROD-0122,1,762.27,0
OI-000855,ORD-01956,PROD-0149,10,50.95,10
OI-000856,ORD-01956,PROD-0104,1,164.84,5
OI-000857,ORD-01351,PROD-0112,2,153.26,5
OI-000858,ORD-01351,PROD-0074,1,107.23,0
OI-000859,ORD-00653,PROD-0058,1,48.52,0
OI-000860,ORD-00653,PROD-0108,10,234.39,0
OI-000861,ORD-00653,PROD-0149,1,49.27,15
OI-000862,ORD-02302,PROD-0100,2,28.15,0
OI-000863,ORD-00432,PROD-0123,2,43.67,0
OI-000864,ORD-00432,PROD-0149,1,50.07,0
OI-000865,ORD-02997,PROD-0045,3,48.16,0
OI-000866,ORD-02997,PROD-0148,2,185.26,0
OI-000867,ORD-02997,PROD-0077,1,38.35,30
OI-000868,ORD-02997,PROD-0025,1,181.39,0
OI-000869,ORD-02997,PROD-0049,3,273.22,30
OI-000870,ORD-01292,PROD-0111,2,344.32,0
OI-000871,ORD-01292,PROD-0049,2,251.77,20
OI-000872,ORD-02918,PROD-0041,2,38.26,10
OI-000873,ORD-02918,PROD-0084,1,448.48,10
OI-000874,ORD-02918,PROD-0035,2,89.7,0
OI-000875,ORD-02918,PROD-0012,5,279.9,0
OI-000876,ORD-02408,PROD-0079,2,40.19,0
OI-000877,ORD-00705,PROD-0125,2,200.17,5
OI-000878,ORD-00705,PROD-0021,3,178.91,0
OI-000879,ORD-02909,PROD-0138,1,168.66,0
OI-000880,ORD-02909,PROD-0043,2,176.87,0
OI-000881,ORD-01636,PROD-0082,1,16.07,0
OI-000882,ORD-01636,PROD-0003,1,63.27,0
OI-000883,ORD-01636,PROD-0064,1,300.94,0
OI-000884,ORD-02687,PROD-0057,3,41.75,0
OI-000885,ORD-02303,PROD-0030,2,395.06,0
OI-000886,ORD-02692,PROD-0123,1,49.74,0
OI-000887,ORD-02692,PROD-0146,1,616.65,0
OI-000888,ORD-02692,PROD-0060,1,59.18,10
OI-000889,ORD-02692,PROD-0055,1,27.79,15
OI-000890,ORD-01596,PROD-0002,1,107.17,0
OI-000891,ORD-01012,PROD-0041,4,42.16,20
OI-000892,ORD-01012,PROD-0239,1,63.65,0
OI-000893,ORD-01012,PROD-0081,3,171.8,0
OI-000894,ORD-02274,PROD-0022,1,159.84,30
OI-000895,ORD-02274,PROD-0014,1,14.59,0
OI-000896,ORD-02274,PROD-0105,1,212.52,5
OI-000897,ORD-01206,PROD-0127,10,824.71,15
OI-000898,ORD-01206,PROD-0086,1,89.73,15
OI-000899,ORD-01206,PROD-0067,3,254.16,5
OI-000900,ORD-01206,PROD-0029,3,30.38,0
OI-000901,ORD-00505,PROD-0128,1,26.93,15
OI-000902,ORD-00505,PROD-0143,1,45.47,10
OI-000903,ORD-01760,PROD-0044,1,375.37,25
OI-000904,ORD-01760,PROD-0075,1,39.73,10
OI-000905,ORD-01760,PROD-0038,2,288.14,0
OI-000906,ORD-01760,PROD-0012,1,281.65,5
OI-000907,ORD-00438,PROD-0106,2,31.9,0
OI-000908,ORD-00438,PROD-0145,2,131.5,-17
OI-000909,ORD-00438,PROD-0021,1,161.29,0
OI-000910,ORD-00438,PROD-0148,1,171.22,10
OI-000911,ORD-00438,PROD-0027,2,409.03,0
OI-000912,ORD-02793,PROD-0111,1,389.0,0
OI-000913,ORD-01412,PROD-0002,1,111.28,0
OI-000914,ORD-01412,PROD-0093,1,171.87,20
OI-000915,ORD-01412,PROD-0110,1,215.45,0
OI-000916,ORD-02234,PROD-0031,1,804.19,10
OI-000917,ORD-02234,PROD-0046,2,165.79,0
OI-000918,ORD-02648,PROD-0014,4,14.16,5
OI-000919,ORD-02648,PROD-0069,3,8.72,10
OI-000920,ORD-01735,PROD-0139,1,132.98,0
OI-000921,ORD-01735,PROD-0137,1,139.85,0
OI-000922,ORD-01735,PROD-0010,3,29.92,0
OI-000923,ORD-02253,PROD-0118,1,212.51,5
OI-000924,ORD-02253,PROD-0082,1,15.64,0
OI-000925,ORD-00576,PROD-0089,2,310.01,0
OI-000926,ORD-00375,PROD-0063,10,104.33,20
OI-000927,ORD-00317,PROD-0071,1,505.04,20
OI-000928,ORD-00317,PROD-0113,2,76.32,15
OI-000929,ORD-02541,PROD-0025,3,167.49,20
OI-000930,ORD-02541,PROD-0014,2,14.83,0
OI-000931,ORD-02541,PROD-0062,3,259.49,0
OI-000932,ORD-02541,PROD-0111,1,348.62,5
OI-000933,ORD-02835,PROD-0128,4,26.95,15
OI-000934,ORD-02835,PROD-0002,1,114.35,0
OI-000935,ORD-02835,PROD-0142,3,160.23,0
OI-000936,ORD-01511,PROD-0117,1,47.12,0
OI-000937,ORD-01511,PROD-0013,4,46.74,20
OI-000938,ORD-01257,PROD-0054,4,33.74,0
OI-000939,ORD-01257,PROD-0041,2,42.63,0
OI-000940,ORD-01533,PROD-0036,5,880.11,0
OI-000941,ORD-00243,PROD-0120,1,874.1,0
OI-000942,ORD-02194,PROD-0093,1,171.77,5
OI-000943,ORD-02194,PROD-0023,2,15.27,0
OI-000944,ORD-02194,PROD-0001,1,28.69,0
OI-000945,ORD-02788,PROD-0055,1,27.12,10
OI-000946,ORD-02843,PROD-0150,1,327.19,5
OI-000947,ORD-02843,PROD-0095,1,69.98,30
OI-000948,ORD-02843,PROD-0012,1,317.53,15
OI-000949,ORD-00050,PROD-0023,1,18.24,0
OI-000950,ORD-02963,PROD-0049,1,249.04,5
OI-000951,ORD-02963,PROD-0081,2,190.57,0
OI-000952,ORD-02126,PROD-0140,2,200.14,0
OI-000953,ORD-02126,PROD-0028,2,290.68,15
OI-000954,ORD-02126,PROD-0012,0,277.38,15
OI-000955,ORD-01041,PROD-0062,1,220.93,0
OI-000956,ORD-02779,PROD-0127,0,885.27,0
OI-000957,ORD-02779,PROD-0098,1,30.24,0
OI-000958,ORD-02779,PROD-0042,1,178.58,0
OI-000959,ORD-00082,PROD-0053,10,48.43,15
OI-000960,ORD-00082,PROD-0038,1,255.22,0
OI-000961,ORD-02233,PROD-0044,1,394.56,0
OI-000962,ORD-02233,PROD-0102,0,548.65,5
OI-000963,ORD-02233,PROD-0106,3,29.44,30
OI-000964,ORD-01116,PROD-0109,2,100.59,0
OI-000965,ORD-01116,PROD-0130,2,84.46,0
OI-000966,ORD-00632,PROD-0095,1,75.04,0
OI-000967,ORD-00674,PROD-0116,2,243.76,5
OI-000968,ORD-00674,PROD-0114,1,204.84,0
OI-000969,ORD-02867,PROD-0089,4,312.02,30
OI-000970,ORD-02867,PROD-0070,4,314.07,0
OI-000971,ORD-02867,PROD-0118,4,191.36,0
OI-000972,ORD-00072,PROD-0008,1,254.35,0
OI-000973,ORD-00072,PROD-0148,1,171.11,0
OI-000974,ORD-02686,PROD-0055,1,29.86,10
OI-000975,ORD-02686,PROD-0113,1,77.15,0
OI-000976,ORD-02403,PROD-0086,3,93.26,5
OI-000977,ORD-00400,PROD-0020,1,436.48,15
OI-000978,ORD-00400,PROD-0036,1,872.06,10
OI-000979,ORD-00400,PROD-0128,10,25.14,15
OI-000980,ORD-00733,PROD-0112,1,161.89,20
OI-000981,ORD-00733,PROD-0103,1,446.95,0
OI-000982,ORD-00733,PROD-0036,1,910.45,5
OI-000983,ORD-00733,PROD-0033,1,156.42,0
OI-000984,ORD-02020,PROD-0045,2,45.88,0
OI-000985,ORD-02020,PROD-0121,2,7.58,0
OI-000986,ORD-02020,PROD-0059,2,163.35,0
OI-000987,ORD-00042,PROD-0061,2,142.02,5
OI-000988,ORD-00042,PROD-0040,1,41.68,0
OI-000989,ORD-00663,PROD-0023,1,16.2,0
OI-000990,ORD-00663,PROD-0080,1,340.49,0
OI-000991,ORD-01762,PROD-0060,0,55.69,0
OI-000992,ORD-01353,PROD-0074,3,106.75,10
OI-000993,ORD-01353,PROD-0010,2,25.08,0
OI-000994,ORD-01353,PROD-0083,1,182.86,0
OI-000995,ORD-02088,PROD-0069,3,8.9,0
OI-000996,ORD-02088,PROD-0041,0,41.52,0
OI-000997,ORD-00203,PROD-0147,2,18.68,15
OI-000998,ORD-01564,PROD-0028,1,304.53,20
OI-000999,ORD-01564,PROD-0115,1,232.66,10
OI-001000,ORD-01564,PROD-0127,1,797.15,5
OI-001001,ORD-01655,PROD-0046,1,162.03,10
OI-001002,ORD-01655,PROD-0079,3,39.29,0
OI-001003,ORD-01655,PROD-0082,10,17.28,5
OI-001004,ORD-01655,PROD-0106,1,30.46,15
OI-001005,ORD-01655,PROD-0141,2,29.75,5
OI-001006,ORD-00449,PROD-0048,1,92.21,20
OI-001007,ORD-00449,PROD-0136,2,672.0,0
OI-001008,ORD-00449,PROD-0071,2,474.21,5
OI-001009,ORD-00449,PROD-0127,1,862.66,0
OI-001010,ORD-01739,PROD-0080,1,366.47,20
OI-001011,ORD-01739,PROD-0073,4,228.15,20
OI-001012,ORD-01739,PROD-0101,2,573.83,10
OI-001013,ORD-00635,PROD-0076,1,47.39,5
OI-001014,ORD-00635,PROD-0006,1,32.13,0
OI-001015,ORD-00635,PROD-0149,2,48.79,0
OI-001016,ORD-02666,PROD-0090,5,45.51,25
OI-001017,ORD-00065,PROD-0019,1,292.14,0
OI-001018,ORD-02236,PROD-0067,1,229.29,0
OI-001019,ORD-02236,PROD-0058,1,46.64,10
OI-001020,ORD-02236,PROD-0006,1,29.04,10
OI-001021,ORD-01164,PROD-0083,5,177.74,20
OI-001022,ORD-01164,PROD-0121,1,7.83,0
OI-001023,ORD-00623,PROD-0047,1,420.48,5
OI-001024,ORD-00623,PROD-0127,10,791.21,0
OI-001025,ORD-01009,PROD-0008,1,265.05,10
OI-001026,ORD-00735,PROD-0056,1,168.32,10
OI-001027,ORD-00735,PROD-0052,1,12.04,25
OI-001028,ORD-00735,PROD-0066,2,92.6,30
OI-001029,ORD-00735,PROD-0113,2,71.66,0
OI-001030,ORD-02838,PROD-0112,3,154.01,0
OI-001031,ORD-02838,PROD-0069,1,8.65,5
OI-001032,ORD-00925,PROD-0146,1,661.18,10
OI-001033,ORD-00925,PROD-0091,1,469.33,0
OI-001034,ORD-00925,PROD-0140,3,201.67,0
OI-001035,ORD-00925,PROD-0053,1,48.85,10
OI-001036,ORD-02101,PROD-0127,1,765.41,15
OI-001037,ORD-02101,PROD-0098,1,30.72,0
OI-001038,ORD-00455,PROD-0109,1,112.9,20
OI-001039,ORD-01887,PROD-0119,0,267.54,0
OI-001040,ORD-01887,PROD-0014,4,14.44,-11
OI-001041,ORD-01077,PROD-0099,10,906.55,0
OI-001042,ORD-01077,PROD-0043,2,161.98,5
OI-001043,ORD-01077,PROD-0046,1,168.31,0
OI-001044,ORD-01077,PROD-0090,1,45.67,0
OI-001045,ORD-00274,PROD-0115,2,216.57,5
OI-001046,ORD-00274,PROD-0030,2,418.62,0
OI-001047,ORD-00798,PROD-0099,1,815.09,0
OI-001048,ORD-00798,PROD-0037,3,494.14,15
OI-001049,ORD-00798,PROD-0106,0,28.96,0
OI-001050,ORD-00798,PROD-0090,1,45.64,25
OI-001051,ORD-00798,PROD-0116,1,247.31,0
OI-001052,ORD-01381,PROD-0020,2,417.15,5
OI-001053,ORD-01381,PROD-0086,1,88.29,0
OI-001054,ORD-01381,PROD-0101,2,562.04,0
OI-001055,ORD-00207,PROD-0102,1,514.19,0
OI-001056,ORD-00207,PROD-0078,1,113.15,0
OI-001057,ORD-00207,PROD-0039,1,495.82,20
OI-001058,ORD-02190,PROD-0125,2,213.26,15
OI-001059,ORD-02190,PROD-0119,1,261.29,0
OI-001060,ORD-02190,PROD-0140,2,192.5,0
OI-001061,ORD-02621,PROD-0016,5,899.33,0
OI-001062,ORD-02621,PROD-0013,1,46.57,0
OI-001063,ORD-00112,PROD-0016,1,950.78,0
OI-001064,ORD-00112,PROD-0111,2,367.6,0
OI-001065,ORD-00779,PROD-0013,2,44.89,0
OI-001066,ORD-00779,PROD-0131,1,60.14,0
OI-001067,ORD-00826,PROD-0139,2,119.92,0
OI-001068,ORD-00826,PROD-0136,2,710.34,0
OI-001069,ORD-02284,PROD-0060,1,51.56,10
OI-001070,ORD-02284,PROD-0125,3,193.96,0
OI-001071,ORD-02284,PROD-0056,1,161.97,0
OI-001072,ORD-02284,PROD-0134,5,32.53,20
OI-001073,ORD-00265,PROD-0079,5,45.16,15
OI-001074,ORD-01088,PROD-0084,1,433.6,5
OI-001075,ORD-01469,PROD-0146,1,682.96,0
OI-001076,ORD-01469,PROD-0017,1,16.79,0
OI-001077,ORD-01130,PROD-0113,2,75.09,0
OI-001078,ORD-01130,PROD-0140,1,194.39,5
OI-001079,ORD-01130,PROD-0145,4,147.15,30
OI-001080,ORD-00049,PROD-0137,2,154.91,30
OI-001081,ORD-00049,PROD-0109,3,120.24,15
OI-001082,ORD-01727,PROD-0110,4,194.29,10
OI-001083,ORD-01090,PROD-0001,1,28.74,25
OI-001084,ORD-01090,PROD-0089,2,298.75,0
OI-001085,ORD-01090,PROD-0083,2,184.98,0
OI-001086,ORD-02518,PROD-0134,3,31.32,0
OI-001087,ORD-01320,PROD-0078,2,119.72,25
OI-001088,ORD-01320,PROD-0089,3,270.06,0
OI-001089,ORD-01320,PROD-0003,1,67.9,0
OI-001090,ORD-00059,PROD-0114,4,213.03,0
OI-001091,ORD-00059,PROD-0043,1,165.84,10
OI-001092,ORD-00059,PROD-0072,1,164.99,-8
OI-001093,ORD-00588,PROD-0123,1,44.02,25
OI-001094,ORD-02858,PROD-0093,10,159.23,20
OI-001095,ORD-00408,PROD-0056,2,153.79,20
OI-001096,ORD-02015,PROD-0057,1,47.4,0
OI-001097,ORD-02427,PROD-0148,4,178.88,0
OI-001098,ORD-00799,PROD-0004,1,263.71,10
OI-001099,ORD-00799,PROD-0079,3,45.66,0
OI-001100,ORD-00799,PROD-0133,1,559.6,0
OI-001101,ORD-00799,PROD-0116,1,267.56,5
OI-001102,ORD-01210,PROD-0056,1,150.82,0
OI-001103,ORD-01210,PROD-0037,3,494.1,30
OI-001104,ORD-01248,PROD-0022,1,153.35,0
OI-001105,ORD-02329,PROD-0025,3,193.76,0
OI-001106,ORD-02329,PROD-0140,2,174.1,0
OI-001107,ORD-02329,PROD-0138,1,198.66,5
OI-001108,ORD-02450,PROD-0150,2,349.11,10
OI-001109,ORD-00356,PROD-0100,3,28.56,0
OI-001110,ORD-00356,PROD-0070,3,311.8,0
OI-001111,ORD-00356,PROD-0040,1,43.66,10
OI-001112,ORD-00860,PROD-0034,2,64.36,0
OI-001113,ORD-00860,PROD-0097,1,137.65,10
OI-001114,ORD-00860,PROD-0088,1,51.1,0
OI-001115,ORD-01640,PROD-0098,1,36.63,0
OI-001116,ORD-00698,PROD-0127,3,764.35,0
OI-001117,ORD-00214,PROD-0086,2,90.94,0
OI-001118,ORD-00468,PROD-0077,1,37.71,0
OI-001119,ORD-00468,PROD-0001,2,34.04,10
OI-001120,ORD-02653,PROD-0018,1,313.44,0
OI-001121,ORD-02796,PROD-0103,1,475.91,0
OI-001122,ORD-02796,PROD-0130,1,74.98,15
OI-001123,ORD-02796,PROD-0051,1,25.91,0
OI-001124,ORD-02796,PROD-0144,3,11.63,10
OI-001125,ORD-00469,PROD-0078,1,130.64,0
OI-001126,ORD-00469,PROD-0125,1,200.26,10
OI-001127,ORD-00469,PROD-0143,3,48.31,15
OI-001128,ORD-00469,PROD-0024,2,68.3,0
OI-001129,ORD-02607,PROD-0080,1,344.35,0
OI-001130,ORD-02360,PROD-0005,1,25.93,0
OI-001131,ORD-02360,PROD-0024,4,73.82,0
OI-001132,ORD-01641,PROD-0098,1,31.09,0
OI-001133,ORD-02880,PROD-0089,1,260.69,20
OI-001134,ORD-02880,PROD-0047,3,448.14,5
OI-001135,ORD-01728,PROD-0056,2,144.92,15
OI-001136,ORD-01728,PROD-0024,3,66.08,20
OI-001137,ORD-02357,PROD-0061,3,132.2,0
OI-001138,ORD-02357,PROD-0073,1,210.48,0
OI-001139,ORD-01506,PROD-0090,1,41.95,0
OI-001140,ORD-01506,PROD-0034,1,63.38,15
OI-001141,ORD-01506,PROD-0125,1,194.29,0
OI-001142,ORD-02709,PROD-0033,1,137.4,15
OI-001143,ORD-01986,PROD-0039,0,451.33,5
OI-001144,ORD-01986,PROD-0108,1,260.01,0
OI-001145,ORD-01986,PROD-0133,5,551.6,0
OI-001146,ORD-01203,PROD-0003,1,63.73,0
OI-001147,ORD-00621,PROD-0080,1,343.62,-5
OI-001148,ORD-00551,PROD-0095,3,80.26,10
OI-001149,ORD-00778,PROD-0042,1,187.73,20
OI-001150,ORD-02723,PROD-0392,10,118.66,0
OI-001151,ORD-01788,PROD-0125,3,218.5,0
OI-001152,ORD-01788,PROD-0042,1,177.4,0
OI-001153,ORD-01788,PROD-0101,2,596.04,20
OI-001154,ORD-01089,PROD-0111,1,379.78,5
OI-001155,ORD-01770,PROD-0043,1,154.18,25
OI-001156,ORD-01770,PROD-0008,3,251.75,0
OI-001157,ORD-01818,PROD-0075,3,37.76,10
OI-001158,ORD-01818,PROD-0113,5,65.49,0
OI-001159,ORD-01818,PROD-0144,5,10.95,20
OI-001160,ORD-01246,PROD-0121,1,7.94,0
OI-001161,ORD-01246,PROD-0066,1,83.82,10
OI-001162,ORD-01246,PROD-0041,1,40.51,0
OI-001163,ORD-02138,PROD-0051,1,22.92,0
OI-001164,ORD-02356,PROD-0086,1,95.48,0
OI-001165,ORD-01948,PROD-0048,2,86.38,20
OI-001166,ORD-01401,PROD-0100,1,28.16,0
OI-001167,ORD-00032,PROD-0115,1,236.59,5
OI-001168,ORD-00032,PROD-0027,1,465.83,25
OI-001169,ORD-01191,PROD-0091,1,491.05,10
OI-001170,ORD-01191,PROD-0072,2,197.64,0
OI-001171,ORD-00547,PROD-0085,4,67.17,0
OI-001172,ORD-00547,PROD-0079,1,46.28,0
OI-001173,ORD-00547,PROD-0004,4,237.29,-16
OI-001174,ORD-01165,PROD-0028,1,306.67,0
OI-001175,ORD-01165,PROD-0048,5,93.13,10
OI-001176,ORD-01707,PROD-0032,3,481.86,0
OI-001177,ORD-01707,PROD-0053,3,51.82,15
OI-001178,ORD-00330,PROD-0057,4,45.97,15
OI-001179,ORD-00423,PROD-0027,2,439.34,0
OI-001180,ORD-00423,PROD-0017,2,19.21,0
OI-001181,ORD-00423,PROD-0149,1,52.04,0
OI-001182,ORD-00423,PROD-0072,1,195.61,30
OI-001183,ORD-00173,PROD-0112,1,146.09,0
OI-001184,ORD-00965,PROD-0096,1,18.72,20
OI-001185,ORD-00965,PROD-0047,2,477.34,0
OI-001186,ORD-01141,PROD-0011,1,5.82,0
OI-001187,ORD-01141,PROD-0104,3,183.32,20
OI-001188,ORD-01141,PROD-0079,1,41.47,5
OI-001189,ORD-01141,PROD-0130,1,79.3,5
OI-001190,ORD-01812,PROD-0023,2,14.98,5
OI-001191,ORD-00407,PROD-0114,1,200.99,0
OI-001192,ORD-00371,PROD-0068,1,26.02,5
OI-001193,ORD-00371,PROD-0144,1,9.84,30
OI-001194,ORD-00371,PROD-0044,1,381.51,0
OI-001195,ORD-00371,PROD-0089,1,315.24,25
OI-001196,ORD-00371,PROD-0079,1,39.75,5
OI-001197,ORD-02812,PROD-0046,1,169.16,0
OI-001198,ORD-02812,PROD-0069,1,7.86,0
OI-001199,ORD-02349,PROD-0027,1,399.14,0
OI-001200,ORD-02349,PROD-0068,4,27.51,10
OI-001201,ORD-02758,PROD-0048,2,87.91,0
OI-001202,ORD-01711,PROD-0140,1,182.32,0
OI-001203,ORD-01338,PROD-0022,1,157.15,0
OI-001204,ORD-02522,PROD-0087,1,223.65,5
OI-001205,ORD-02522,PROD-0146,1,596.12,0
OI-001206,ORD-02522,PROD-0051,2,25.12,0
OI-001207,ORD-02178,PROD-0034,4,65.68,5
OI-001208,ORD-02178,PROD-0094,1,72.63,0
OI-001209,ORD-02178,PROD-0045,1,45.96,0
OI-001210,ORD-02178,PROD-0019,4,295.17,0
OI-001211,ORD-00960,PROD-0004,1,263.72,0
OI-001212,ORD-00960,PROD-0215,1,92.73,0
OI-001213,ORD-00516,PROD-0139,1,119.09,10
OI-001214,ORD-00516,PROD-0040,5,44.76,5
OI-001215,ORD-01959,PROD-0064,2,339.14,0
OI-001216,ORD-00164,PROD-0045,1,48.35,0
OI-001217,ORD-02240,PROD-0041,1,41.91,0
OI-001218,ORD-02240,PROD-0072,1,164.74,10
OI-001219,ORD-02300,PROD-0001,1,34.69,20
OI-001220,ORD-02537,PROD-0108,1,246.87,0
OI-001221,ORD-02537,PROD-0140,2,192.25,0
OI-001222,ORD-02537,PROD-0116,1,265.06,30
OI-001223,ORD-02537,PROD-0085,2,60.81,0
OI-001224,ORD-02537,PROD-0122,1,775.39,0
OI-001225,ORD-02389,PROD-0063,2,111.57,0
OI-001226,ORD-02389,PROD-0130,1,78.27,0
OI-001227,ORD-02389,PROD-0145,1,154.54,0
OI-001228,ORD-02389,PROD-0132,4,290.07,0
OI-001229,ORD-02117,PROD-0097,1,129.41,0
OI-001230,ORD-02819,PROD-0016,1,979.38,0
OI-001231,ORD-02819,PROD-0143,2,44.55,-12
OI-001232,ORD-02819,PROD-0106,1,28.06,0
OI-001233,ORD-00312,PROD-0008,1,223.35,0
OI-001234,ORD-00312,PROD-0003,2,66.73,0
OI-001235,ORD-00312,PROD-0027,2,479.52,0
OI-001236,ORD-00312,PROD-0129,1,103.25,0
OI-001237,ORD-00312,PROD-0121,3,6.87,20
OI-001238,ORD-00614,PROD-0094,1,71.8,0
OI-001239,ORD-00614,PROD-0003,2,71.59,10
OI-001240,ORD-00614,PROD-0087,10,212.93,5
OI-001241,ORD-00614,PROD-0014,0,13.93,0
OI-001242,ORD-00868,PROD-0018,2,289.36,0
OI-001243,ORD-00061,PROD-0096,1,19.79,0
OI-001244,ORD-00061,PROD-0100,3,26.58,0
OI-001245,ORD-02974,PROD-0099,2,953.23,0
OI-001246,ORD-00562,PROD-0041,3,41.99,25
OI-001247,ORD-00968,PROD-0030,2,407.08,0
OI-001248,ORD-01599,PROD-0058,5,46.5,0
OI-001249,ORD-01599,PROD-0145,4,144.58,15
OI-001250,ORD-01280,PROD-0006,2,30.45,25
OI-001251,ORD-01280,PROD-0051,1,23.97,15
OI-001252,ORD-01280,PROD-0011,1,5.56,15
OI-001253,ORD-00812,PROD-0015,1,280.4,0
OI-001254,ORD-00812,PROD-0019,2,321.26,0
OI-001255,ORD-02324,PROD-0098,10,35.33,5
OI-001256,ORD-01806,PROD-0034,1,65.58,0
OI-001257,ORD-01806,PROD-0085,3,57.22,0
OI-001258,ORD-01806,PROD-0068,2,27.06,5
OI-001259,ORD-02560,PROD-0136,1,712.66,0
OI-001260,ORD-02560,PROD-0100,1,27.78,0
OI-001261,ORD-02560,PROD-0101,0,606.69,0
OI-001262,ORD-02560,PROD-0077,1,38.96,0
OI-001263,ORD-01033,PROD-0073,3,198.34,0
OI-001264,ORD-01033,PROD-0070,1,338.72,0
OI-001265,ORD-02805,PROD-0042,2,162.48,0
OI-001266,ORD-02773,PROD-0065,0,22.36,0
OI-001267,ORD-02773,PROD-0059,1,153.54,5
OI-001268,ORD-01558,PROD-0096,2,17.5,10
OI-001269,ORD-00531,PROD-0056,3,144.82,0
OI-001270,ORD-02414,PROD-0123,2,49.54,0
OI-001271,ORD-02414,PROD-0124,1,16.38,10
OI-001272,ORD-01333,PROD-0104,4,176.29,0
OI-001273,ORD-01333,PROD-0003,5,73.39,0
OI-001274,ORD-01333,PROD-0108,1,251.74,0
OI-001275,ORD-01333,PROD-0116,1,249.3,0
OI-001276,ORD-02948,PROD-0145,2,130.99,5
OI-001277,ORD-02250,PROD-0009,3,185.27,5
OI-001278,ORD-00446,PROD-0003,4,70.48,15
OI-001279,ORD-00446,PROD-0083,1,164.83,0
OI-001280,ORD-00446,PROD-0021,2,153.41,10
OI-001281,ORD-00446,PROD-0004,5,234.86,0
OI-001282,ORD-02902,PROD-0038,1,307.62,0
OI-001283,ORD-02902,PROD-0147,2,17.08,0
OI-001284,ORD-00224,PROD-0040,1,40.27,0
OI-001285,ORD-00224,PROD-0107,3,506.46,20
OI-001286,ORD-00224,PROD-0094,1,65.28,0
OI-001287,ORD-00224,PROD-0125,4,205.29,0
OI-001288,ORD-01154,PROD-0095,2,73.57,10
OI-001289,ORD-00125,PROD-0139,1,124.93,0
OI-001290,ORD-00125,PROD-0020,4,419.18,5
OI-001291,ORD-02215,PROD-0077,2,44.28,0
OI-001292,ORD-02215,PROD-0047,1,486.72,0
OI-001293,ORD-00821,PROD-0001,1,28.96,10
OI-001294,ORD-00821,PROD-0073,5,200.59,0
OI-001295,ORD-02533,PROD-0070,2,350.4,0
OI-001296,ORD-01546,PROD-0067,1,256.85,10
OI-001297,ORD-01546,PROD-0034,1,67.98,5
OI-001298,ORD-01867,PROD-0090,3,44.34,0
OI-001299,ORD-01867,PROD-0260,1,75.19,0
OI-001300,ORD-02919,PROD-0141,1,31.67,0
OI-001301,ORD-02919,PROD-0054,1,40.68,25
OI-001302,ORD-02919,PROD-0088,2,52.99,0
OI-001303,ORD-02919,PROD-0048,2,87.13,0
OI-001304,ORD-02992,PROD-0089,5,281.69,0
OI-001305,ORD-01352,PROD-0089,2,299.5,15
OI-001306,ORD-01352,PROD-0149,3,43.03,5
OI-001307,ORD-01572,PROD-0114,2,189.83,20
OI-001308,ORD-01572,PROD-0145,1,151.84,0
OI-001309,ORD-00639,PROD-0019,2,312.37,5
OI-001310,ORD-00639,PROD-0134,1,33.17,10
OI-001311,ORD-01703,PROD-0108,1,269.4,-11
OI-001312,ORD-01703,PROD-0115,1,231.35,0
OI-001313,ORD-01703,PROD-0014,3,13.94,0
OI-001314,ORD-00409,PROD-0033,1,157.6,20
OI-001315,ORD-00409,PROD-0054,2,39.93,20
OI-001316,ORD-00409,PROD-0049,2,242.48,10
OI-001317,ORD-00409,PROD-0004,2,233.76,0
OI-001318,ORD-02198,PROD-0001,1,33.21,10
OI-001319,ORD-02198,PROD-0019,2,301.58,20
OI-001320,ORD-02468,PROD-0101,1,574.13,30
OI-001321,ORD-01120,PROD-0114,1,222.3,10
OI-001322,ORD-01120,PROD-0050,0,48.91,0
OI-001323,ORD-01277,PROD-0041,10,36.79,25
OI-001324,ORD-01356,PROD-0097,2,147.94,0
OI-001325,ORD-01356,PROD-0143,3,44.55,0
OI-001326,ORD-01356,PROD-0098,3,31.84,0
OI-001327,ORD-02916,PROD-0117,5,46.35,0
OI-001328,ORD-02916,PROD-0066,1,84.22,0
OI-001329,ORD-02916,PROD-0121,2,7.39,0
OI-001330,ORD-02511,PROD-0089,3,296.41,5
OI-001331,ORD-02756,PROD-0094,1,67.56,10
OI-001332,ORD-02756,PROD-0082,2,17.38,10
OI-001333,ORD-01669,PROD-0006,3,33.13,0
OI-001334,ORD-01669,PROD-0124,2,17.87,0
OI-001335,ORD-01669,PROD-0002,1,105.02,15
OI-001336,ORD-01669,PROD-0140,1,197.64,0
OI-001337,ORD-01669,PROD-0120,1,838.53,15
OI-001338,ORD-01871,PROD-0023,5,15.42,0
OI-001339,ORD-01871,PROD-0052,1,12.55,0
OI-001340,ORD-00077,PROD-0058,2,49.27,20
OI-001341,ORD-00077,PROD-0067,2,251.18,30
OI-001342,ORD-00077,PROD-0132,2,277.2,0
OI-001343,ORD-00077,PROD-0078,2,123.08,0
OI-001344,ORD-00077,PROD-0124,1,16.51,10
OI-001345,ORD-00137,PROD-0025,5,191.44,30
OI-001346,ORD-01580,PROD-0033,1,143.69,0
OI-001347,ORD-01580,PROD-0004,0,248.68,0
OI-001348,ORD-01580,PROD-0079,1,40.1,15
OI-001349,ORD-01580,PROD-0146,1,596.82,0
OI-001350,ORD-01580,PROD-0098,2,34.23,0
OI-001351,ORD-00195,PROD-0147,1,19.45,0
OI-001352,ORD-00195,PROD-0064,2,291.31,0
OI-001353,ORD-00195,PROD-0091,2,478.73,10
OI-001354,ORD-00401,PROD-0025,2,186.32,5
OI-001355,ORD-02616,PROD-0125,4,208.46,0
OI-001356,ORD-02484,PROD-0089,2,272.88,15
OI-001357,ORD-00904,PROD-0149,2,50.11,0
OI-001358,ORD-01327,PROD-0105,1,225.73,0
OI-001359,ORD-01327,PROD-0015,1,286.26,0
OI-001360,ORD-01327,PROD-0053,1,48.4,5
OI-001361,ORD-02516,PROD-0064,1,347.38,0
OI-001362,ORD-02516,PROD-0037,1,501.83,0
OI-001363,ORD-01978,PROD-0052,1,13.53,0
OI-001364,ORD-01398,PROD-0150,3,340.8,0
OI-001365,ORD-01398,PROD-0090,1,42.08,0
OI-001366,ORD-01398,PROD-0048,1,92.16,25
OI-001367,ORD-01961,PROD-0058,1,44.97,0
OI-001368,ORD-01961,PROD-0120,1,925.47,0
OI-001369,ORD-02851,PROD-0085,5,63.1,0
OI-001370,ORD-02851,PROD-0064,1,329.81,0
OI-001371,ORD-02385,PROD-0084,1,447.58,0
OI-001372,ORD-02385,PROD-0012,1,299.97,0
OI-001373,ORD-01096,PROD-0046,1,165.83,0
OI-001374,ORD-01096,PROD-0033,4,139.86,25
OI-001375,ORD-01544,PROD-0004,2,269.61,0
OI-001376,ORD-01544,PROD-0091,1,440.19,0
OI-001377,ORD-01487,PROD-0026,1,14.9,0
OI-001378,ORD-01487,PROD-0044,3,396.2,25
OI-001379,ORD-02208,PROD-0003,2,68.89,0
OI-001380,ORD-02667,PROD-0083,1,162.76,15
OI-001381,ORD-02667,PROD-0025,2,177.73,20
OI-001382,ORD-02221,PROD-0298,1,178.15,10
OI-001383,ORD-02221,PROD-0104,1,171.34,0
OI-001384,ORD-02221,PROD-0040,2,41.66,0
OI-001385,ORD-02221,PROD-0143,1,41.06,0
OI-001386,ORD-02517,PROD-0106,1,26.4,0
OI-001387,ORD-02432,PROD-0142,0,153.06,0
OI-001388,ORD-02432,PROD-0040,2,42.53,0
OI-001389,ORD-02432,PROD-0014,4,13.87,0
OI-001390,ORD-02432,PROD-0109,2,104.05,15
OI-001391,ORD-00395,PROD-0043,1,157.14,30
OI-001392,ORD-02200,PROD-0115,1,242.87,0
OI-001393,ORD-02200,PROD-0079,3,43.71,0
OI-001394,ORD-02456,PROD-0150,1,309.72,0
OI-001395,ORD-02456,PROD-0125,2,192.72,5
OI-001396,ORD-02456,PROD-0059,5,161.1,0
OI-001397,ORD-01208,PROD-0057,1,46.94,15
OI-001398,ORD-01208,PROD-0007,1,330.5,0
OI-001399,ORD-01208,PROD-0105,1,217.62,10
OI-001400,ORD-01208,PROD-0077,1,39.0,5
OI-001401,ORD-01208,PROD-0131,2,52.64,0
OI-001402,ORD-01608,PROD-0144,5,10.62,0
OI-001403,ORD-01608,PROD-0078,2,127.83,0
OI-001404,ORD-00456,PROD-0142,4,157.91,10
OI-001405,ORD-00456,PROD-0127,2,893.66,0
OI-001406,ORD-00456,PROD-0006,1,30.4,0
OI-001407,ORD-00456,PROD-0083,1,173.51,5
OI-001408,ORD-02425,PROD-0096,4,17.59,5
OI-001409,ORD-02425,PROD-0004,1,261.81,0
OI-001410,ORD-02425,PROD-0040,1,43.35,30
OI-001411,ORD-02425,PROD-0010,1,26.97,0
OI-001412,ORD-02425,PROD-0115,4,214.71,0
OI-001413,ORD-00959,PROD-0125,4,201.06,0
OI-001414,ORD-01899,PROD-0014,5,14.87,0
OI-001415,ORD-00292,PROD-0015,1,280.31,0
OI-001416,ORD-01686,PROD-0130,1,82.88,0
OI-001417,ORD-01686,PROD-0081,3,193.58,0
OI-001418,ORD-00256,PROD-0143,3,49.4,15
OI-001419,ORD-00256,PROD-0093,2,162.03,0
OI-001420,ORD-00256,PROD-0139,1,124.21,0
OI-001421,ORD-02370,PROD-0103,1,481.62,0
OI-001422,ORD-02370,PROD-0091,1,447.45,0
OI-001423,ORD-01044,PROD-0150,1,330.04,-8
OI-001424,ORD-01044,PROD-0080,1,390.01,0
OI-001425,ORD-00702,PROD-0086,2,92.93,0
OI-001426,ORD-02493,PROD-0094,2,72.4,0
OI-001427,ORD-00257,PROD-0064,4,307.94,5
OI-001428,ORD-00257,PROD-0119,2,260.9,0
OI-001429,ORD-00257,PROD-0118,1,191.05,15
OI-001430,ORD-00257,PROD-0134,1,29.71,0
OI-001431,ORD-00350,PROD-0065,10,23.2,10
OI-001432,ORD-00350,PROD-0137,2,152.35,0
OI-001433,ORD-00835,PROD-0124,3,18.25,0
OI-001434,ORD-00835,PROD-0049,1,259.5,0
OI-001435,ORD-00835,PROD-0145,2,128.04,0
OI-001436,ORD-01768,PROD-0095,1,73.84,0
OI-001437,ORD-01499,PROD-0078,4,126.6,25
OI-001438,ORD-01499,PROD-0096,2,19.99,0
OI-001439,ORD-01499,PROD-0133,1,532.11,0
OI-001440,ORD-01377,PROD-0028,1,300.1,0
OI-001441,ORD-01666,PROD-0095,2,80.76,0
OI-001442,ORD-02054,PROD-0099,10,860.62,10
OI-001443,ORD-02054,PROD-0073,2,203.85,0
OI-001444,ORD-00291,PROD-0066,2,85.51,10
OI-001445,ORD-01688,PROD-0125,1,190.72,0
OI-001446,ORD-00343,PROD-0097,10,141.84,0
OI-001447,ORD-00788,PROD-0141,2,32.52,0
OI-001448,ORD-00788,PROD-0023,1,17.38,25
OI-001449,ORD-02122,PROD-0051,2,24.18,0
OI-001450,ORD-00394,PROD-0044,1,403.8,15
OI-001451,ORD-00394,PROD-0121,1,6.66,0
OI-001452,ORD-00166,PROD-0061,1,121.85,0
OI-001453,ORD-00294,PROD-0136,4,700.69,5
OI-001454,ORD-00422,PROD-0096,1,21.31,5
OI-001455,ORD-01723,PROD-0062,2,223.84,10
OI-001456,ORD-00732,PROD-0113,1,72.89,0
OI-001457,ORD-00732,PROD-0126,2,18.32,0
OI-001458,ORD-00732,PROD-0033,1,148.36,0
OI-001459,ORD-00732,PROD-0095,1,74.08,0
OI-001460,ORD-01715,PROD-0133,2,631.07,0
OI-001461,ORD-00406,PROD-0128,3,27.73,0
OI-001462,ORD-00406,PROD-0065,1,21.41,0
OI-001463,ORD-01985,PROD-0145,1,148.16,0
OI-001464,ORD-01541,PROD-0024,3,67.12,0
OI-001465,ORD-02264,PROD-0037,1,495.53,20
OI-001466,ORD-02264,PROD-0034,2,63.19,0
OI-001467,ORD-00898,PROD-0006,1,33.5,0
OI-001468,ORD-01647,PROD-0044,2,366.4,0
OI-001469,ORD-00952,PROD-0025,2,168.57,0
OI-001470,ORD-00952,PROD-0125,10,191.0,10
OI-001471,ORD-02131,PROD-0097,1,136.75,25
OI-001472,ORD-02131,PROD-0118,2,190.93,-11
OI-001473,ORD-01150,PROD-0014,1,14.57,0
OI-001474,ORD-01425,PROD-0086,1,86.29,0
OI-001475,ORD-00080,PROD-0048,2,94.67,5
OI-001476,ORD-00080,PROD-0117,1,40.13,0
OI-001477,ORD-00080,PROD-0072,1,167.66,30
OI-001478,ORD-00080,PROD-0051,2,23.34,25
OI-001479,ORD-00650,PROD-0008,1,220.3,0
OI-001480,ORD-00650,PROD-0011,4,6.26,0
OI-001481,ORD-00650,PROD-0042,1,169.5,0
OI-001482,ORD-00782,PROD-0146,1,673.2,5
OI-001483,ORD-02710,PROD-0049,1,241.5,0
OI-001484,ORD-00542,PROD-0060,1,56.94,25
OI-001485,ORD-02111,PROD-0006,1,32.26,10
OI-001486,ORD-02111,PROD-0147,1,19.78,0
OI-001487,ORD-02822,PROD-0049,1,255.71,15
OI-001488,ORD-02411,PROD-0129,3,98.82,0
OI-001489,ORD-02411,PROD-0026,1,13.52,5
OI-001490,ORD-01601,PROD-0098,2,30.9,15
OI-001491,ORD-02247,PROD-0086,3,90.09,15
OI-001492,ORD-02247,PROD-0027,3,403.77,10
OI-001493,ORD-02278,PROD-0078,10,129.66,0
OI-001494,ORD-02278,PROD-0146,3,652.51,0
OI-001495,ORD-02278,PROD-0052,1,13.82,15
OI-001496,ORD-01620,PROD-0007,1,341.71,0
OI-001497,ORD-02810,PROD-0057,1,47.1,20
OI-001498,ORD-02810,PROD-0123,1,51.12,0
OI-001499,ORD-02950,PROD-0106,2,26.53,20
OI-001500,ORD-01454,PROD-0020,2,438.15,0
OI-001501,ORD-01571,PROD-0073,1,204.82,5
OI-001502,ORD-01571,PROD-0042,2,191.53,0
OI-001503,ORD-00760,PROD-0021,2,171.24,0
OI-001504,ORD-00760,PROD-0075,0,35.45,5
OI-001505,ORD-00760,PROD-0131,1,59.02,0
OI-001506,ORD-00626,PROD-0016,1,956.46,10
OI-001507,ORD-01513,PROD-0008,1,219.76,25
OI-001508,ORD-01513,PROD-0022,1,135.56,15
OI-001509,ORD-01513,PROD-0090,0,39.59,10
OI-001510,ORD-01513,PROD-0010,1,27.44,25
OI-001511,ORD-00630,PROD-0134,1,31.22,0
OI-001512,ORD-02949,PROD-0118,1,178.76,10
OI-001513,ORD-01238,PROD-0032,1,444.07,15
OI-001514,ORD-02741,PROD-0095,2,69.79,0
OI-001515,ORD-00073,PROD-0066,5,86.56,0
OI-001516,ORD-00073,PROD-0010,1,25.46,0
OI-001517,ORD-00073,PROD-0009,2,166.51,10
OI-001518,ORD-00073,PROD-0141,2,27.76,5
OI-001519,ORD-00073,PROD-0059,3,138.51,0
OI-001520,ORD-01896,PROD-0061,3,135.54,0
OI-001521,ORD-01896,PROD-0016,1,955.59,0
OI-001522,ORD-01896,PROD-0116,5,269.53,0
OI-001523,ORD-01507,PROD-0134,1,33.81,0
OI-001524,ORD-01507,PROD-0039,3,440.29,10
OI-001525,ORD-01507,PROD-0110,1,200.21,25
OI-001526,ORD-00002,PROD-0112,4,163.52,0
OI-001527,ORD-00002,PROD-0145,2,152.09,0
OI-001528,ORD-02483,PROD-0121,1,7.58,0
OI-001529,ORD-00154,PROD-0268,1,118.87,0
OI-001530,ORD-01700,PROD-0025,10,166.72,0
OI-001531,ORD-01700,PROD-0099,1,891.42,0
OI-001532,ORD-01700,PROD-0039,2,491.13,5
OI-001533,ORD-01700,PROD-0103,1,524.55,0
OI-001534,ORD-02540,PROD-0006,0,30.1,0
OI-001535,ORD-02540,PROD-0123,1,50.31,0
OI-001536,ORD-02540,PROD-0053,1,49.57,0
OI-001537,ORD-02249,PROD-0127,1,811.84,0
OI-001538,ORD-02249,PROD-0087,3,216.54,0
OI-001539,ORD-02249,PROD-0048,1,90.73,0
OI-001540,ORD-00198,PROD-0111,4,331.57,0
OI-001541,ORD-00198,PROD-0033,1,142.94,0
OI-001542,ORD-00198,PROD-0150,2,322.81,0
OI-001543,ORD-00198,PROD-0080,2,365.32,0
OI-001544,ORD-00198,PROD-0024,1,77.04,5
OI-001545,ORD-00945,PROD-0086,1,101.7,10
OI-001546,ORD-00945,PROD-0087,2,227.81,0
OI-001547,ORD-00945,PROD-0034,4,59.96,0
OI-001548,ORD-00267,PROD-0150,1,315.71,0
OI-001549,ORD-02436,PROD-0095,3,74.24,0
OI-001550,ORD-02436,PROD-0127,1,777.66,0
OI-001551,ORD-02436,PROD-0140,1,167.24,0
OI-001552,ORD-02436,PROD-0201,1,174.53,15
OI-001553,ORD-02655,PROD-0003,2,70.3,0
OI-001554,ORD-02799,PROD-0030,4,410.73,0
OI-001555,ORD-02799,PROD-0013,1,43.69,5
OI-001556,ORD-02469,PROD-0037,1,475.14,15
OI-001557,ORD-00856,PROD-0069,3,9.26,0
OI-001558,ORD-00856,PROD-0047,2,484.59,0
OI-001559,ORD-02095,PROD-0136,2,721.34,0
OI-001560,ORD-00070,PROD-0056,3,153.38,0
OI-001561,ORD-00070,PROD-0017,2,18.5,0
OI-001562,ORD-00070,PROD-0078,1,131.08,0
OI-001563,ORD-00070,PROD-0060,1,51.58,25
OI-001564,ORD-00070,PROD-0087,1,216.3,0
OI-001565,ORD-01611,PROD-0066,1,83.36,0
OI-001566,ORD-00979,PROD-0088,1,48.53,25
OI-001567,ORD-00979,PROD-0041,1,40.27,10
OI-001568,ORD-01706,PROD-0023,1,16.38,0
OI-001569,ORD-01706,PROD-0041,2,39.29,0
OI-001570,ORD-01706,PROD-0056,2,161.21,20
OI-001571,ORD-01706,PROD-0076,2,45.68,0
OI-001572,ORD-02888,PROD-0065,1,22.09,10
OI-001573,ORD-02888,PROD-0076,2,43.85,5
OI-001574,ORD-00659,PROD-0143,2,41.63,5
OI-001575,ORD-02873,PROD-0027,2,460.71,5
OI-001576,ORD-02873,PROD-0020,1,420.1,15
OI-001577,ORD-00234,PROD-0082,1,14.9,30
OI-001578,ORD-02795,PROD-0131,1,57.96,0
OI-001579,ORD-00587,PROD-0038,4,297.89,0
OI-001580,ORD-00587,PROD-0052,2,11.8,10
OI-001581,ORD-00587,PROD-0115,1,202.62,10
OI-001582,ORD-00410,PROD-0099,2,848.01,0
OI-001583,ORD-00410,PROD-0069,1,8.13,30
OI-001584,ORD-00410,PROD-0112,2,146.42,0
OI-001585,ORD-01633,PROD-0041,5,38.26,0
OI-001586,ORD-00333,PROD-0116,2,253.37,0
OI-001587,ORD-00333,PROD-0101,1,547.8,0
OI-001588,ORD-00323,PROD-0016,3,890.03,5
OI-001589,ORD-00937,PROD-0110,3,200.48,15
OI-001590,ORD-00937,PROD-0098,0,31.46,25
OI-001591,ORD-00937,PROD-0089,1,275.34,15
OI-001592,ORD-00937,PROD-0042,1,189.53,10
OI-001593,ORD-02115,PROD-0097,1,134.5,10
OI-001594,ORD-01849,PROD-0079,2,44.51,30
OI-001595,ORD-01849,PROD-0092,1,35.38,25
OI-001596,ORD-01849,PROD-0149,1,45.19,0
OI-001597,ORD-01386,PROD-0052,2,13.48,25
OI-001598,ORD-00387,PROD-0099,3,808.48,0
OI-001599,ORD-00387,PROD-0139,1,135.3,0
OI-001600,ORD-00549,PROD-0133,1,594.39,0
OI-001601,ORD-00549,PROD-0120,4,833.46,0
OI-001602,ORD-00549,PROD-0016,1,971.52,15
OI-001603,ORD-00549,PROD-0109,2,116.49,5
OI-001604,ORD-01777,PROD-0139,2,135.86,15
OI-001605,ORD-01777,PROD-0043,1,149.2,0
OI-001606,ORD-01184,PROD-0138,1,171.28,20
OI-001607,ORD-02166,PROD-0122,3,765.32,0
OI-001608,ORD-02166,PROD-0056,4,165.58,0
OI-001609,ORD-02166,PROD-0031,1,810.33,0
OI-001610,ORD-02489,PROD-0111,1,338.41,10
OI-001611,ORD-02489,PROD-0119,2,271.06,0
OI-001612,ORD-00841,PROD-0109,1,110.51,0
OI-001613,ORD-00841,PROD-0133,2,589.89,0
OI-001614,ORD-00841,PROD-0050,5,47.61,0
OI-001615,ORD-00841,PROD-0049,1,266.72,0
OI-001616,ORD-00841,PROD-0074,1,123.69,25
OI-001617,ORD-00263,PROD-0047,5,487.46,0
OI-001618,ORD-01725,PROD-0116,3,253.27,0
OI-001619,ORD-01725,PROD-0030,1,396.83,15
OI-001620,ORD-01725,PROD-0050,1,45.29,30
OI-001621,ORD-01283,PROD-0045,3,46.33,0
OI-001622,ORD-01283,PROD-0084,3,404.27,0
OI-001623,ORD-01283,PROD-0115,1,234.23,0
OI-001624,ORD-01283,PROD-0033,1,132.67,20
OI-001625,ORD-01283,PROD-0079,1,45.42,10
OI-001626,ORD-02574,PROD-0059,1,148.15,15
OI-001627,ORD-02574,PROD-0080,4,343.31,5
OI-001628,ORD-02697,PROD-0106,3,29.66,5
OI-001629,ORD-02575,PROD-0036,3,848.56,5
OI-001630,ORD-02575,PROD-0045,1,47.46,10
OI-001631,ORD-02575,PROD-0124,2,16.94,10
OI-001632,ORD-01934,PROD-0036,5,849.32,0
OI-001633,ORD-01205,PROD-0011,1,6.01,25
OI-001634,ORD-01205,PROD-0090,5,42.5,0
OI-001635,ORD-00719,PROD-0100,2,24.99,10
OI-001636,ORD-02298,PROD-0070,4,306.5,10
OI-001637,ORD-01308,PROD-0055,4,29.54,0
OI-001638,ORD-01308,PROD-0028,1,272.77,0
OI-001639,ORD-01308,PROD-0034,2,65.51,10
OI-001640,ORD-00193,PROD-0013,2,44.52,0
OI-001641,ORD-01329,PROD-0033,1,142.24,0
OI-001642,ORD-00036,PROD-0146,10,683.41,0
OI-001643,ORD-01848,PROD-0056,10,158.78,0
OI-001644,ORD-02733,PROD-0051,2,24.81,-18
OI-001645,ORD-02671,PROD-0051,1,27.26,10
OI-001646,ORD-02678,PROD-0111,2,374.98,30
OI-001647,ORD-02570,PROD-0139,1,138.53,0
OI-001648,ORD-02570,PROD-0085,1,56.96,0
OI-001649,ORD-02570,PROD-0073,1,218.51,20
OI-001650,ORD-02570,PROD-0075,1,36.71,0
OI-001651,ORD-02973,PROD-0149,1,50.06,0
OI-001652,ORD-02973,PROD-0093,1,181.55,0
OI-001653,ORD-00145,PROD-0011,1,5.81,0
OI-001654,ORD-00145,PROD-0132,2,332.17,0
OI-001655,ORD-00145,PROD-0084,1,430.97,15
OI-001656,ORD-00145,PROD-0007,1,343.34,0
OI-001657,ORD-00145,PROD-0143,1,43.71,0
OI-001658,ORD-01747,PROD-0142,1,176.52,10
OI-001659,ORD-01747,PROD-0071,1,420.26,0
OI-001660,ORD-00033,PROD-0009,1,173.21,0
OI-001661,ORD-00033,PROD-0035,2,90.64,0
OI-001662,ORD-00033,PROD-0084,1,400.63,0
OI-001663,ORD-00984,PROD-0070,1,345.58,10
OI-001664,ORD-00984,PROD-0145,2,153.03,0
OI-001665,ORD-00984,PROD-0086,1,92.44,0
OI-001666,ORD-01726,PROD-0060,1,51.59,0
OI-001667,ORD-01726,PROD-0106,3,28.62,10
OI-001668,ORD-01726,PROD-0133,1,593.06,0
OI-001669,ORD-01726,PROD-0057,10,44.86,0
OI-001670,ORD-02144,PROD-0100,2,25.81,0
OI-001671,ORD-02144,PROD-0050,1,44.77,0
OI-001672,ORD-02144,PROD-0130,1,81.11,5
OI-001673,ORD-02144,PROD-0147,3,18.84,0
OI-001674,ORD-02144,PROD-0070,1,330.38,0
OI-001675,ORD-02248,PROD-0022,1,139.89,0
OI-001676,ORD-02248,PROD-0096,2,21.05,10
OI-001677,ORD-02248,PROD-0087,1,215.88,10
OI-001678,ORD-02248,PROD-0109,1,103.48,0
OI-001679,ORD-02248,PROD-0037,1,519.14,5
OI-001680,ORD-01548,PROD-0040,2,41.98,0
OI-001681,ORD-02105,PROD-0068,1,25.98,0
OI-001682,ORD-02957,PROD-0075,1,35.36,10
OI-001683,ORD-02957,PROD-0036,1,824.61,0
OI-001684,ORD-02957,PROD-0078,3,120.17,0
OI-001685,ORD-02957,PROD-0008,5,251.27,5
OI-001686,ORD-02957,PROD-0122,1,750.08,10
OI-001687,ORD-01442,PROD-0122,2,763.89,0
OI-001688,ORD-02197,PROD-0079,1,38.24,0
OI-001689,ORD-02197,PROD-0098,1,34.68,0
OI-001690,ORD-00359,PROD-0114,1,217.24,0
OI-001691,ORD-00359,PROD-0092,2,33.88,0
OI-001692,ORD-01805,PROD-0003,2,75.56,0
OI-001693,ORD-01805,PROD-0036,1,969.33,0
OI-001694,ORD-01805,PROD-0020,1,427.87,15
OI-001695,ORD-00327,PROD-0106,2,27.02,5
OI-001696,ORD-00327,PROD-0085,4,57.21,0
OI-001697,ORD-02087,PROD-0051,1,24.2,20
OI-001698,ORD-01367,PROD-0054,1,40.04,0
OI-001699,ORD-01860,PROD-0097,2,134.27,15
OI-001700,ORD-01860,PROD-0089,3,260.94,5
OI-001701,ORD-01860,PROD-0128,2,25.42,0
OI-001702,ORD-00309,PROD-0066,1,87.38,5
OI-001703,ORD-00309,PROD-0014,1,15.06,30
OI-001704,ORD-00309,PROD-0135,1,20.13,0
OI-001705,ORD-02789,PROD-0119,1,316.86,10
OI-001706,ORD-01656,PROD-0063,2,107.52,15
OI-001707,ORD-01129,PROD-0084,3,397.64,0
OI-001708,ORD-00209,PROD-0113,2,64.99,0
OI-001709,ORD-00209,PROD-0114,2,207.81,0
OI-001710,ORD-00209,PROD-0006,1,33.51,0
OI-001711,ORD-00209,PROD-0090,2,40.41,5
OI-001712,ORD-02519,PROD-0014,1,15.83,5
OI-001713,ORD-02519,PROD-0128,1,25.83,0
OI-001714,ORD-00470,PROD-0070,1,335.01,0
OI-001715,ORD-00470,PROD-0014,0,14.74,0
OI-001716,ORD-00081,PROD-0016,5,849.37,0
OI-001717,ORD-01021,PROD-0060,1,51.78,0
OI-001718,ORD-00495,PROD-0100,2,25.85,0
OI-001719,ORD-02026,PROD-0011,1,6.16,0
OI-001720,ORD-02587,PROD-0134,1,29.89,0
OI-001721,ORD-02587,PROD-0027,4,401.22,20
OI-001722,ORD-02587,PROD-0097,1,130.24,25
OI-001723,ORD-02587,PROD-0048,1,92.62,15
OI-001724,ORD-02587,PROD-0122,2,772.79,0
OI-001725,ORD-01981,PROD-0070,2,361.35,0
OI-001726,ORD-01946,PROD-0021,3,162.15,0
OI-001727,ORD-02177,PROD-0086,4,96.84,0
OI-001728,ORD-02177,PROD-0102,1,536.03,20
OI-001729,ORD-00334,PROD-0055,4,27.36,0
OI-001730,ORD-00334,PROD-0090,1,40.12,0
OI-001731,ORD-02832,PROD-0054,1,35.76,10
OI-001732,ORD-02832,PROD-0062,2,247.73,5
OI-001733,ORD-02832,PROD-0072,3,187.32,0
OI-001734,ORD-02832,PROD-0084,2,429.02,0
OI-001735,ORD-02703,PROD-0077,2,39.47,15
OI-001736,ORD-02703,PROD-0098,1,34.04,0
OI-001737,ORD-02673,PROD-0076,1,50.75,0
OI-001738,ORD-02673,PROD-0043,2,175.81,0
OI-001739,ORD-00660,PROD-0044,1,360.41,10
OI-001740,ORD-02817,PROD-0102,1,591.4,0
OI-001741,ORD-02952,PROD-0104,1,158.54,15
OI-001742,ORD-02952,PROD-0019,3,293.42,0
OI-001743,ORD-02212,PROD-0117,1,39.23,0
OI-001744,ORD-02212,PROD-0034,4,71.43,0
OI-001745,ORD-02062,PROD-0123,5,47.75,0
OI-001746,ORD-02062,PROD-0067,3,252.45,20
OI-001747,ORD-01020,PROD-0111,1,341.6,30
OI-001748,ORD-01020,PROD-0050,1,49.97,0
OI-001749,ORD-01020,PROD-0100,1,28.33,0
OI-001750,ORD-01020,PROD-0095,1,69.63,0
OI-001751,ORD-01539,PROD-0052,2,11.69,-9
OI-001752,ORD-01539,PROD-0061,4,122.12,0
OI-001753,ORD-01539,PROD-0074,1,125.37,0
OI-001754,ORD-01539,PROD-0105,10,218.5,15
OI-001755,ORD-01539,PROD-0107,2,441.51,10
OI-001756,ORD-01484,PROD-0131,1,51.88,0
OI-001757,ORD-01905,PROD-0089,2,312.11,0
OI-001758,ORD-01905,PROD-0130,3,79.1,10
OI-001759,ORD-00251,PROD-0046,1,173.79,0
OI-001760,ORD-00251,PROD-0067,1,250.4,5
OI-001761,ORD-00813,PROD-0038,1,272.36,0
OI-001762,ORD-00813,PROD-0149,1,48.13,20
OI-001763,ORD-00009,PROD-0102,1,578.64,-17
OI-001764,ORD-00344,PROD-0084,4,428.64,0
OI-001765,ORD-01557,PROD-0119,1,293.85,0
OI-001766,ORD-01557,PROD-0017,10,16.83,20
OI-001767,ORD-01557,PROD-0279,1,110.79,0
OI-001768,ORD-01557,PROD-0014,3,15.17,5
OI-001769,ORD-01446,PROD-0017,5,19.22,0
OI-001770,ORD-01512,PROD-0149,1,46.35,15
OI-001771,ORD-00661,PROD-0036,1,877.69,10
OI-001772,ORD-00661,PROD-0027,3,457.28,10
OI-001773,ORD-01066,PROD-0076,2,44.93,0
OI-001774,ORD-01066,PROD-0070,2,313.32,0
OI-001775,ORD-01958,PROD-0028,3,305.7,0
OI-001776,ORD-02682,PROD-0148,1,179.12,0
OI-001777,ORD-02682,PROD-0046,2,155.97,0
OI-001778,ORD-01373,PROD-0122,1,716.57,25
OI-001779,ORD-01373,PROD-0110,2,219.88,30
OI-001780,ORD-01373,PROD-0020,2,436.14,20
OI-001781,ORD-02855,PROD-0090,1,44.88,15
OI-001782,ORD-02855,PROD-0130,5,75.46,0
OI-001783,ORD-02855,PROD-0037,2,468.62,0
OI-001784,ORD-02855,PROD-0066,1,83.88,20
OI-001785,ORD-01536,PROD-0143,1,49.85,10
OI-001786,ORD-00820,PROD-0046,1,168.11,0
OI-001787,ORD-00820,PROD-0108,1,278.35,25
OI-001788,ORD-01302,PROD-0075,3,33.33,15
OI-001789,ORD-00585,PROD-0006,1,32.99,0
OI-001790,ORD-02512,PROD-0124,1,18.07,0
OI-001791,ORD-00463,PROD-0136,3,771.63,5
OI-001792,ORD-01149,PROD-0110,1,192.18,0
OI-001793,ORD-01149,PROD-0017,2,18.88,20
OI-001794,ORD-01149,PROD-0116,1,257.65,5
OI-001795,ORD-01472,PROD-0030,2,394.6,0
OI-001796,ORD-01776,PROD-0001,1,31.17,0
OI-001797,ORD-01776,PROD-0070,1,332.39,15
OI-001798,ORD-01776,PROD-0113,1,65.39,0
OI-001799,ORD-01776,PROD-0016,2,905.01,10
OI-001800,ORD-01776,PROD-0083,1,157.65,0
OI-001801,ORD-01213,PROD-0125,2,214.13,0
OI-001802,ORD-01213,PROD-0094,2,73.01,20
OI-001803,ORD-01185,PROD-0101,2,535.49,0
OI-001804,ORD-02930,PROD-0105,1,213.4,0
OI-001805,ORD-02930,PROD-0112,1,156.17,0
OI-001806,ORD-02930,PROD-0069,4,8.37,0
OI-001807,ORD-02930,PROD-0033,2,138.35,15
OI-001808,ORD-02930,PROD-0039,2,481.22,0
OI-001809,ORD-01955,PROD-0077,4,43.6,10
OI-001810,ORD-01955,PROD-0092,1,40.4,0
OI-001811,ORD-01955,PROD-0038,1,306.38,0
OI-001812,ORD-01358,PROD-0095,1,76.7,5
OI-001813,ORD-01526,PROD-0065,4,24.55,10
OI-001814,ORD-01526,PROD-0114,2,195.24,-5
OI-001815,ORD-01526,PROD-0091,3,425.07,15
OI-001816,ORD-00162,PROD-0059,1,138.61,10
OI-001817,ORD-01987,PROD-0013,2,42.33,0
OI-001818,ORD-01987,PROD-0054,0,38.13,0
OI-001819,ORD-01987,PROD-0078,1,133.92,0
OI-001820,ORD-02446,PROD-0095,1,76.99,5
OI-001821,ORD-02763,PROD-0089,1,277.69,20
OI-001822,ORD-02763,PROD-0098,1,36.25,10
OI-001823,ORD-00910,PROD-0107,1,422.5,10
OI-001824,ORD-00910,PROD-0144,1,9.7,0
OI-001825,ORD-00517,PROD-0068,3,26.14,10
OI-001826,ORD-00517,PROD-0031,5,820.5,5
OI-001827,ORD-00492,PROD-0060,5,51.64,10
OI-001828,ORD-01366,PROD-0039,3,502.13,0
OI-001829,ORD-01366,PROD-0112,2,166.04,0
OI-001830,ORD-01366,PROD-0134,1,34.27,0
OI-001831,ORD-01366,PROD-0040,4,42.68,0
OI-001832,ORD-01594,PROD-0002,3,119.49,10
OI-001833,ORD-01594,PROD-0062,3,234.0,0
OI-001834,ORD-01612,PROD-0075,4,33.95,0
OI-001835,ORD-01612,PROD-0101,1,594.88,0
OI-001836,ORD-02382,PROD-0058,1,50.04,0
OI-001837,ORD-02382,PROD-0007,2,318.09,0
OI-001838,ORD-02382,PROD-0062,2,267.37,10
OI-001839,ORD-02382,PROD-0099,3,818.15,20
OI-001840,ORD-02382,PROD-0082,3,15.37,5
OI-001841,ORD-02781,PROD-0101,2,538.17,25
OI-001842,ORD-02781,PROD-0085,2,55.78,20
OI-001843,ORD-00692,PROD-0094,2,68.75,15
OI-001844,ORD-00692,PROD-0115,1,238.54,15
OI-001845,ORD-01630,PROD-0049,2,263.95,0
OI-001846,ORD-01630,PROD-0035,1,97.72,0
OI-001847,ORD-01630,PROD-0020,1,373.08,5
OI-001848,ORD-01630,PROD-0125,1,181.97,0
OI-001849,ORD-01630,PROD-0045,2,49.84,30
OI-001850,ORD-01659,PROD-0119,1,304.72,0
OI-001851,ORD-01496,PROD-0006,3,29.24,0
OI-001852,ORD-01496,PROD-0045,1,48.2,0
OI-001853,ORD-02326,PROD-0089,2,314.25,25
OI-001854,ORD-00707,PROD-0044,2,411.02,0
OI-001855,ORD-01112,PROD-0020,3,432.34,10
OI-001856,ORD-01112,PROD-0116,3,279.09,0
OI-001857,ORD-00183,PROD-0091,2,507.96,0
OI-001858,ORD-00183,PROD-0083,2,151.54,0
OI-001859,ORD-00183,PROD-0014,1,16.22,0
OI-001860,ORD-00183,PROD-0026,1,13.37,0
OI-001861,ORD-01982,PROD-0001,1,30.08,25
OI-001862,ORD-02556,PROD-0140,1,191.73,-17
OI-001863,ORD-00338,PROD-0047,2,438.88,0
OI-001864,ORD-00242,PROD-0042,1,166.96,0
OI-001865,ORD-00238,PROD-0004,1,265.27,0
OI-001866,ORD-00238,PROD-0035,4,87.35,10
OI-001867,ORD-00238,PROD-0119,1,297.04,0
OI-001868,ORD-01740,PROD-0071,1,468.65,10
OI-001869,ORD-01740,PROD-0059,1,144.35,5
OI-001870,ORD-00489,PROD-0018,1,343.99,20
OI-001871,ORD-00489,PROD-0087,1,210.82,5
OI-001872,ORD-02542,PROD-0012,1,307.87,10
OI-001873,ORD-02542,PROD-0032,1,443.06,0
OI-001874,ORD-02542,PROD-0025,4,184.22,0
OI-001875,ORD-02542,PROD-0100,2,28.38,20
OI-001876,ORD-02542,PROD-0093,2,168.33,0
OI-001877,ORD-02491,PROD-0070,1,321.25,0
OI-001878,ORD-01654,PROD-0132,1,329.87,0
OI-001879,ORD-01331,PROD-0045,1,49.08,0
OI-001880,ORD-01331,PROD-0013,2,48.68,10
OI-001881,ORD-01331,PROD-0114,3,197.61,20
OI-001882,ORD-01106,PROD-0109,2,117.3,15
OI-001883,ORD-01106,PROD-0143,1,43.78,10
OI-001884,ORD-02765,PROD-0041,1,41.9,0
OI-001885,ORD-02765,PROD-0107,2,494.92,0
OI-001886,ORD-02765,PROD-0008,1,244.45,0
OI-001887,ORD-02442,PROD-0058,1,45.3,20
OI-001888,ORD-02043,PROD-0099,2,915.38,0
OI-001889,ORD-01135,PROD-0089,4,271.18,0
OI-001890,ORD-00329,PROD-0022,1,148.5,10
OI-001891,ORD-00329,PROD-0487,2,145.49,5
OI-001892,ORD-01069,PROD-0084,4,397.21,0
OI-001893,ORD-00938,PROD-0114,1,212.98,0
OI-001894,ORD-01838,PROD-0062,1,257.99,5
OI-001895,ORD-01838,PROD-0018,1,295.26,0
OI-001896,ORD-01124,PROD-0079,1,45.0,0
OI-001897,ORD-01767,PROD-0144,1,10.86,0
OI-001898,ORD-01767,PROD-0075,10,35.08,5
OI-001899,ORD-00784,PROD-0048,2,85.11,0
OI-001900,ORD-00784,PROD-0058,3,46.29,0
OI-001901,ORD-00784,PROD-0016,3,916.87,0
OI-001902,ORD-01782,PROD-0058,1,45.08,0
OI-001903,ORD-01782,PROD-0021,2,152.35,25
OI-001904,ORD-01717,PROD-0074,1,114.96,0
OI-001905,ORD-01717,PROD-0012,2,317.17,0
OI-001906,ORD-02050,PROD-0073,2,214.49,0
OI-001907,ORD-02050,PROD-0030,3,423.81,0
OI-001908,ORD-02050,PROD-0070,1,337.46,5
OI-001909,ORD-00218,PROD-0034,3,70.13,0
OI-001910,ORD-00218,PROD-0066,1,96.44,0
OI-001911,ORD-00218,PROD-0076,1,52.11,0
OI-001912,ORD-02615,PROD-0033,2,142.01,0
OI-001913,ORD-02615,PROD-0334,3,168.87,0
OI-001914,ORD-02615,PROD-0080,2,389.57,0
OI-001915,ORD-02645,PROD-0137,2,151.14,15
OI-001916,ORD-02645,PROD-0007,1,325.31,0
OI-001917,ORD-02645,PROD-0026,1,14.19,25
OI-001918,ORD-02645,PROD-0055,1,29.99,10
OI-001919,ORD-01609,PROD-0065,3,20.85,30
OI-001920,ORD-01609,PROD-0001,2,32.7,0
OI-001921,ORD-01609,PROD-0036,1,977.96,20
OI-001922,ORD-02330,PROD-0124,1,15.19,5
OI-001923,ORD-01415,PROD-0143,2,45.39,0
OI-001924,ORD-02672,PROD-0001,2,29.62,5
OI-001925,ORD-00590,PROD-0046,5,153.42,0
OI-001926,ORD-00590,PROD-0095,4,77.8,0
OI-001927,ORD-00600,PROD-0024,2,76.54,5
OI-001928,ORD-00600,PROD-0128,3,25.19,0
OI-001929,ORD-00600,PROD-0049,1,265.09,20
OI-001930,ORD-02241,PROD-0049,1,263.43,10
OI-001931,ORD-00997,PROD-0145,2,135.49,0
OI-001932,ORD-00997,PROD-0009,3,158.23,10
OI-001933,ORD-01462,PROD-0057,1,41.07,0
OI-001934,ORD-01780,PROD-0079,1,45.21,10
OI-001935,ORD-01780,PROD-0035,1,88.1,5
OI-001936,ORD-01093,PROD-0020,1,367.94,30
OI-001937,ORD-01093,PROD-0121,3,7.03,5
OI-001938,ORD-00503,PROD-0150,2,305.97,20
OI-001939,ORD-02070,PROD-0119,1,266.74,0
OI-001940,ORD-02811,PROD-0137,1,148.59,0
OI-001941,ORD-01600,PROD-0033,1,141.39,0
OI-001942,ORD-01600,PROD-0005,1,25.36,0
OI-001943,ORD-01930,PROD-0122,10,726.14,10
OI-001944,ORD-00592,PROD-0140,1,184.87,15
OI-001945,ORD-00592,PROD-0046,1,150.75,0
OI-001946,ORD-00592,PROD-0122,10,702.25,0
OI-001947,ORD-02218,PROD-0053,5,43.83,0
OI-001948,ORD-02218,PROD-0010,1,26.69,10
OI-001949,ORD-02218,PROD-0040,2,45.28,15
OI-001950,ORD-02218,PROD-0072,1,164.47,5
OI-001951,ORD-00437,PROD-0014,1,14.93,10
OI-001952,ORD-00261,PROD-0053,1,45.79,0
OI-001953,ORD-01576,PROD-0105,4,195.11,0
OI-001954,ORD-01576,PROD-0092,10,34.41,0
OI-001955,ORD-01576,PROD-0012,1,283.64,30
OI-001956,ORD-02719,PROD-0097,1,138.93,25
OI-001957,ORD-02719,PROD-0049,1,253.29,0
OI-001958,ORD-00714,PROD-0032,1,426.08,20
OI-001959,ORD-02917,PROD-0082,1,14.44,0
OI-001960,ORD-01428,PROD-0120,2,900.21,0
OI-001961,ORD-02454,PROD-0087,2,228.57,30
OI-001962,ORD-02454,PROD-0110,1,213.67,0
OI-001963,ORD-01326,PROD-0124,1,16.0,0
OI-001964,ORD-01326,PROD-0078,1,133.12,0
OI-001965,ORD-01270,PROD-0136,1,776.47,0
OI-001966,ORD-01270,PROD-0124,4,15.8,10
OI-001967,ORD-02418,PROD-0104,5,176.7,20
OI-001968,ORD-02418,PROD-0057,2,48.36,0
OI-001969,ORD-00792,PROD-0040,1,41.81,0
OI-001970,ORD-00792,PROD-0095,3,72.17,0
OI-001971,ORD-00792,PROD-0090,1,45.85,0
OI-001972,ORD-00149,PROD-0006,1,31.17,10
OI-001973,ORD-02309,PROD-0145,3,129.27,0
OI-001974,ORD-02309,PROD-0004,1,239.9,10
OI-001975,ORD-02309,PROD-0069,1,8.43,15
OI-001976,ORD-02309,PROD-0125,1,200.92,0
OI-001977,ORD-02309,PROD-0120,1,860.77,30
OI-001978,ORD-02559,PROD-0037,1,477.45,0
OI-001979,ORD-02559,PROD-0103,2,514.74,0
OI-001980,ORD-01882,PROD-0017,2,18.83,5
OI-001981,ORD-01882,PROD-0019,2,264.73,20
OI-001982,ORD-02868,PROD-0128,1,23.97,0
OI-001983,ORD-02868,PROD-0044,2,362.82,30
OI-001984,ORD-02868,PROD-0010,1,25.47,20
OI-001985,ORD-02480,PROD-0051,3,22.92,10
OI-001986,ORD-00605,PROD-0123,3,52.45,0
OI-001987,ORD-00605,PROD-0109,1,103.68,0
OI-001988,ORD-00593,PROD-0085,2,61.12,0
OI-001989,ORD-00619,PROD-0040,3,40.65,15
OI-001990,ORD-00619,PROD-0041,2,37.57,10
OI-001991,ORD-00619,PROD-0037,4,455.73,0
OI-001992,ORD-00619,PROD-0089,2,259.73,20
OI-001993,ORD-01443,PROD-0036,1,890.19,0
OI-001994,ORD-01443,PROD-0074,2,108.83,5
OI-001995,ORD-01443,PROD-0208,1,130.46,0
OI-001996,ORD-01443,PROD-0116,1,270.82,0
OI-001997,ORD-01443,PROD-0131,2,57.26,0
OI-001998,ORD-01388,PROD-0111,1,392.17,0
OI-001999,ORD-01388,PROD-0112,1,156.05,25
OI-002000,ORD-01388,PROD-0080,3,402.04,5
OI-002001,ORD-01388,PROD-0032,10,494.76,0
OI-002002,ORD-01068,PROD-0129,3,107.85,0
OI-002003,ORD-01068,PROD-0063,2,103.54,0
OI-002004,ORD-01068,PROD-0149,1,47.7,15
OI-002005,ORD-01543,PROD-0045,3,49.62,0
OI-002006,ORD-02010,PROD-0128,3,28.04,0
OI-002007,ORD-02010,PROD-0071,2,480.71,10
OI-002008,ORD-00315,PROD-0099,1,934.68,0
OI-002009,ORD-00564,PROD-0142,1,149.48,0
OI-002010,ORD-00564,PROD-0063,1,104.89,0
OI-002011,ORD-00564,PROD-0107,3,480.99,0
OI-002012,ORD-00564,PROD-0002,10,119.52,-11
OI-002013,ORD-01592,PROD-0102,1,591.73,5
OI-002014,ORD-00342,PROD-0023,1,17.45,0
OI-002015,ORD-01313,PROD-0091,1,466.7,0
OI-002016,ORD-01313,PROD-0104,1,152.81,0
OI-002017,ORD-01313,PROD-0094,1,76.07,5
OI-002018,ORD-00683,PROD-0095,1,78.52,15
OI-002019,ORD-01579,PROD-0076,1,47.87,0
OI-002020,ORD-01579,PROD-0086,1,91.52,0
OI-002021,ORD-02388,PROD-0045,1,46.99,0
OI-002022,ORD-02339,PROD-0026,1,14.58,0
OI-002023,ORD-02339,PROD-0122,10,725.53,30
OI-002024,ORD-02339,PROD-0075,1,38.36,5
OI-002025,ORD-02086,PROD-0073,5,195.14,20
OI-002026,ORD-02086,PROD-0106,1,27.14,0
OI-002027,ORD-02086,PROD-0080,4,355.75,0
OI-002028,ORD-02657,PROD-0087,1,215.73,15
OI-002029,ORD-02657,PROD-0118,4,199.3,0
OI-002030,ORD-02657,PROD-0089,2,297.18,0
OI-002031,ORD-01994,PROD-0103,1,516.86,0
OI-002032,ORD-00462,PROD-0009,2,176.84,0
OI-002033,ORD-01424,PROD-0046,3,166.84,15
OI-002034,ORD-01424,PROD-0003,1,74.71,5
OI-002035,ORD-01424,PROD-0086,3,95.09,0
OI-002036,ORD-01424,PROD-0125,2,186.8,0
OI-002037,ORD-01424,PROD-0126,3,18.79,10
OI-002038,ORD-00289,PROD-0061,2,125.03,0
OI-002039,ORD-00289,PROD-0046,1,162.3,0
OI-002040,ORD-02618,PROD-0018,1,304.8,5
OI-002041,ORD-02618,PROD-0132,2,275.83,0
OI-002042,ORD-02211,PROD-0045,1,54.48,0
OI-002043,ORD-02211,PROD-0052,3,13.63,0
OI-002044,ORD-00269,PROD-0137,2,156.7,0
OI-002045,ORD-02595,PROD-0057,1,42.28,5
OI-002046,ORD-02595,PROD-0091,1,472.91,0
OI-002047,ORD-01538,PROD-0081,5,180.7,0
OI-002048,ORD-02776,PROD-0147,1,19.47,0
OI-002049,ORD-00116,PROD-0080,5,390.26,0
OI-002050,ORD-00116,PROD-0003,2,67.98,0
OI-002051,ORD-00990,PROD-0044,1,378.92,0
OI-002052,ORD-00990,PROD-0016,3,874.0,5
OI-002053,ORD-00990,PROD-0075,2,39.51,0
OI-002054,ORD-02071,PROD-0075,3,38.14,25
OI-002055,ORD-00565,PROD-0076,4,50.66,10
OI-002056,ORD-00565,PROD-0025,1,166.6,0
OI-002057,ORD-02742,PROD-0111,1,379.14,0
OI-002058,ORD-02742,PROD-0015,1,303.67,15
OI-002059,ORD-02742,PROD-0098,1,32.54,5
OI-002060,ORD-02742,PROD-0093,2,182.71,0
OI-002061,ORD-02742,PROD-0054,1,35.65,0
OI-002062,ORD-00555,PROD-0070,1,318.6,0
OI-002063,ORD-00555,PROD-0054,1,36.65,0
OI-002064,ORD-00555,PROD-0040,1,38.99,5
OI-002065,ORD-00372,PROD-0149,2,43.52,0
OI-002066,ORD-00372,PROD-0144,3,10.92,0
OI-002067,ORD-01254,PROD-0025,3,176.95,0
OI-002068,ORD-01125,PROD-0134,1,34.51,10
OI-002069,ORD-01223,PROD-0023,1,17.0,0
OI-002070,ORD-00427,PROD-0112,1,151.63,0
OI-002071,ORD-00427,PROD-0118,4,180.74,0
OI-002072,ORD-00427,PROD-0126,2,15.99,15
OI-002073,ORD-00538,PROD-0095,1,82.75,0
OI-002074,ORD-01947,PROD-0029,1,31.12,0
OI-002075,ORD-01947,PROD-0050,1,50.14,30
OI-002076,ORD-02767,PROD-0007,1,295.02,0
OI-002077,ORD-02938,PROD-0130,1,80.85,0
OI-002078,ORD-02938,PROD-0065,2,24.16,15
OI-002079,ORD-00273,PROD-0046,1,159.05,0
OI-002080,ORD-00273,PROD-0121,1,7.75,0
OI-002081,ORD-02333,PROD-0098,1,34.38,0
OI-002082,ORD-02872,PROD-0057,2,43.7,20
OI-002083,ORD-02872,PROD-0043,1,171.83,15
OI-002084,ORD-01142,PROD-0023,1,16.48,20
OI-002085,ORD-01142,PROD-0115,1,221.58,0
OI-002086,ORD-01142,PROD-0108,3,275.6,20
OI-002087,ORD-02543,PROD-0125,1,183.58,15
OI-002088,ORD-02543,PROD-0065,1,20.88,10
OI-002089,ORD-02543,PROD-0015,4,308.79,0
OI-002090,ORD-02543,PROD-0131,1,52.84,20
OI-002091,ORD-02543,PROD-0035,3,85.3,5
OI-002092,ORD-02548,PROD-0093,1,182.16,0
OI-002093,ORD-02439,PROD-0120,2,831.15,15
OI-002094,ORD-02439,PROD-0092,1,33.81,0
OI-002095,ORD-01051,PROD-0076,1,49.34,25
OI-002096,ORD-01051,PROD-0046,3,166.99,0
OI-002097,ORD-01833,PROD-0053,5,49.78,25
OI-002098,ORD-01833,PROD-0139,10,127.87,0
OI-002099,ORD-01833,PROD-0099,5,891.17,30
OI-002100,ORD-01833,PROD-0067,1,220.68,10
OI-002101,ORD-00361,PROD-0058,1,49.45,5
OI-002102,ORD-01296,PROD-0146,1,684.26,0
OI-002103,ORD-01190,PROD-0043,3,147.59,10
OI-002104,ORD-01190,PROD-0139,1,130.98,0
OI-002105,ORD-01190,PROD-0030,5,381.01,0
OI-002106,ORD-01190,PROD-0072,2,166.03,10
OI-002107,ORD-00687,PROD-0078,2,127.57,0
OI-002108,ORD-00687,PROD-0017,1,16.7,0
OI-002109,ORD-00687,PROD-0080,1,399.12,0
OI-002110,ORD-00687,PROD-0056,1,166.85,10
OI-002111,ORD-01712,PROD-0039,1,481.07,0
OI-002112,ORD-01490,PROD-0101,1,573.77,20
OI-002113,ORD-01490,PROD-0076,2,49.63,0
OI-002114,ORD-01490,PROD-0035,1,95.36,0
OI-002115,ORD-01490,PROD-0123,3,50.07,0
OI-002116,ORD-00749,PROD-0071,2,480.44,0
OI-002117,ORD-00290,PROD-0082,1,14.98,0
OI-002118,ORD-00817,PROD-0137,4,155.12,0
OI-002119,ORD-02890,PROD-0096,2,17.87,20
OI-002120,ORD-02890,PROD-0148,2,194.0,5
OI-002121,ORD-02890,PROD-0098,2,34.4,10
OI-002122,ORD-00679,PROD-0113,2,66.87,0
OI-002123,ORD-01692,PROD-0075,0,39.63,0
OI-002124,ORD-01692,PROD-0011,1,5.45,20
OI-002125,ORD-02136,PROD-0023,2,16.34,5
OI-002126,ORD-02136,PROD-0131,1,59.68,-9
OI-002127,ORD-01530,PROD-0104,2,173.6,0
OI-002128,ORD-01176,PROD-0137,1,149.55,10
OI-002129,ORD-01176,PROD-0055,1,28.62,0
OI-002130,ORD-01176,PROD-0029,1,30.43,0
OI-002131,ORD-01176,PROD-0042,1,169.03,10
OI-002132,ORD-01176,PROD-0343,3,199.55,0
OI-002133,ORD-01797,PROD-0109,1,115.01,0
OI-002134,ORD-01797,PROD-0143,1,45.5,0
OI-002135,ORD-01797,PROD-0066,1,96.34,5
OI-002136,ORD-00950,PROD-0062,2,250.78,5
OI-002137,ORD-02884,PROD-0058,3,45.94,0
OI-002138,ORD-02884,PROD-0110,2,220.33,0
OI-002139,ORD-02884,PROD-0089,2,271.75,15
OI-002140,ORD-00246,PROD-0097,1,128.94,0
OI-002141,ORD-00246,PROD-0061,1,126.01,5
OI-002142,ORD-00411,PROD-0097,5,147.0,0
OI-002143,ORD-00411,PROD-0075,1,38.26,10
OI-002144,ORD-02762,PROD-0040,1,39.66,0
OI-002145,ORD-02398,PROD-0114,3,199.0,0
OI-002146,ORD-02398,PROD-0124,1,18.3,0
OI-002147,ORD-00995,PROD-0129,5,101.06,0
OI-002148,ORD-00995,PROD-0072,1,196.72,0
OI-002149,ORD-00124,PROD-0072,10,179.6,0
OI-002150,ORD-00124,PROD-0029,2,33.0,0
OI-002151,ORD-00124,PROD-0103,1,481.58,0
OI-002152,ORD-00865,PROD-0122,3,785.57,0
OI-002153,ORD-01545,PROD-0077,3,42.1,0
OI-002154,ORD-01545,PROD-0007,2,353.9,0
OI-002155,ORD-00836,PROD-0069,2,8.18,0
OI-002156,ORD-00836,PROD-0008,1,255.35,0
OI-002157,ORD-00836,PROD-0058,3,47.1,30
OI-002158,ORD-00836,PROD-0101,1,575.98,20
OI-002159,ORD-00887,PROD-0042,1,191.57,0
OI-002160,ORD-00887,PROD-0083,5,152.54,0
OI-002161,ORD-00363,PROD-0016,3,907.0,15
OI-002162,ORD-00363,PROD-0112,2,153.15,0
OI-002163,ORD-00038,PROD-0142,1,145.39,25
OI-002164,ORD-02288,PROD-0010,1,25.35,0
OI-002165,ORD-02288,PROD-0021,5,176.2,0
OI-002166,ORD-02288,PROD-0041,3,38.37,0
OI-002167,ORD-02288,PROD-0047,1,500.82,30
OI-002168,ORD-02359,PROD-0147,2,19.49,0
OI-002169,ORD-02359,PROD-0014,1,15.18,0
OI-002170,ORD-02359,PROD-0090,2,42.58,0
OI-002171,ORD-01411,PROD-0054,1,39.63,15
OI-002172,ORD-01411,PROD-0011,2,5.25,0
OI-002173,ORD-01411,PROD-0097,2,144.78,0
OI-002174,ORD-01215,PROD-0133,2,622.12,0
OI-002175,ORD-02287,PROD-0048,2,82.78,0
OI-002176,ORD-02287,PROD-0014,2,14.17,0
OI-002177,ORD-02287,PROD-0140,1,187.25,0
OI-002178,ORD-02287,PROD-0141,10,27.64,15
OI-002179,ORD-02287,PROD-0110,1,192.88,10
OI-002180,ORD-02067,PROD-0096,1,19.55,0
OI-002181,ORD-02067,PROD-0008,3,221.27,0
OI-002182,ORD-00703,PROD-0070,2,325.34,15
OI-002183,ORD-00703,PROD-0057,4,44.63,0
OI-002184,ORD-01977,PROD-0093,1,151.6,0
OI-002185,ORD-01977,PROD-0118,1,211.11,0
OI-002186,ORD-01977,PROD-0064,2,309.2,0
OI-002187,ORD-01480,PROD-0011,2,5.29,5
OI-002188,ORD-01480,PROD-0100,3,25.46,0
OI-002189,ORD-01480,PROD-0128,1,28.57,0
OI-002190,ORD-01480,PROD-0021,1,166.26,0
OI-002191,ORD-00713,PROD-0125,1,217.01,0
OI-002192,ORD-00713,PROD-0064,1,323.91,0
OI-002193,ORD-00713,PROD-0126,2,15.42,0
OI-002194,ORD-01540,PROD-0132,1,321.03,0
OI-002195,ORD-01534,PROD-0106,3,30.21,0
OI-002196,ORD-01534,PROD-0093,4,162.63,20
OI-002197,ORD-01534,PROD-0084,1,454.91,20
OI-002198,ORD-01534,PROD-0140,10,202.2,0
OI-002199,ORD-02922,PROD-0117,2,45.42,5
OI-002200,ORD-02922,PROD-0073,4,222.93,0
OI-002201,ORD-01097,PROD-0030,5,398.06,20
OI-002202,ORD-01097,PROD-0029,1,33.71,0
OI-002203,ORD-01097,PROD-0102,1,532.76,15
OI-002204,ORD-02119,PROD-0103,1,483.88,0
OI-002205,ORD-02852,PROD-0012,1,284.89,10
OI-002206,ORD-02852,PROD-0144,1,10.01,0
OI-002207,ORD-02852,PROD-0028,2,275.4,20
OI-002208,ORD-02852,PROD-0056,2,141.3,0
OI-002209,ORD-01108,PROD-0052,1,12.54,0
OI-002210,ORD-02927,PROD-0448,2,65.87,15
OI-002211,ORD-02927,PROD-0045,1,53.45,0
OI-002212,ORD-01917,PROD-0105,2,206.73,0
OI-002213,ORD-02080,PROD-0070,2,343.67,10
OI-002214,ORD-02080,PROD-0078,1,124.32,0
OI-002215,ORD-02782,PROD-0108,1,251.99,0
OI-002216,ORD-02782,PROD-0015,1,270.36,0
OI-002217,ORD-00688,PROD-0081,1,183.11,25
OI-002218,ORD-00216,PROD-0132,5,305.53,0
OI-002219,ORD-00206,PROD-0116,1,263.22,0
OI-002220,ORD-00206,PROD-0084,1,437.75,0
OI-002221,ORD-00206,PROD-0093,1,165.5,5
OI-002222,ORD-00266,PROD-0090,4,42.93,20
OI-002223,ORD-00266,PROD-0023,1,16.59,0
OI-002224,ORD-00266,PROD-0147,1,18.58,0
OI-002225,ORD-00266,PROD-0092,1,38.28,0
OI-002226,ORD-02368,PROD-0055,1,29.3,0
OI-002227,ORD-01103,PROD-0133,1,622.81,0
OI-002228,ORD-01103,PROD-0080,2,387.66,30
OI-002229,ORD-01103,PROD-0009,1,166.2,25
OI-002230,ORD-01926,PROD-0002,0,108.69,10
OI-002231,ORD-00951,PROD-0132,1,274.14,0
OI-002232,ORD-00951,PROD-0036,3,852.12,10
OI-002233,ORD-00569,PROD-0016,1,998.7,0
OI-002234,ORD-00569,PROD-0067,1,228.19,0
OI-002235,ORD-00174,PROD-0067,2,250.24,10
OI-002236,ORD-00174,PROD-0145,1,135.89,0
OI-002237,ORD-00174,PROD-0112,1,156.07,15
OI-002238,ORD-01604,PROD-0118,1,176.64,0
OI-002239,ORD-01604,PROD-0030,4,372.49,0
OI-002240,ORD-02366,PROD-0094,1,78.26,30
OI-002241,ORD-02791,PROD-0045,1,46.6,10
OI-002242,ORD-00953,PROD-0067,1,241.51,5
OI-002243,ORD-01866,PROD-0077,1,40.92,0
OI-002244,ORD-01866,PROD-0125,1,204.66,0
OI-002245,ORD-00706,PROD-0132,2,292.58,0
OI-002246,ORD-00050,PROD-0089,3,264.25,0
OI-002247,ORD-00050,PROD-0063,1,108.76,0
OI-002248,ORD-00345,PROD-0068,1,28.13,0
OI-002249,ORD-01687,PROD-0085,3,62.74,0
OI-002250,ORD-01109,PROD-0052,2,12.04,15
OI-002251,ORD-01109,PROD-0050,5,50.73,0
OI-002252,ORD-01965,PROD-0074,3,125.89,25
OI-002253,ORD-00403,PROD-0145,3,131.55,10
OI-002254,ORD-00403,PROD-0122,3,701.06,0
OI-002255,ORD-02961,PROD-0006,1,33.13,0
OI-002256,ORD-00101,PROD-0107,2,436.36,0
OI-002257,ORD-01634,PROD-0043,1,150.16,10
OI-002258,ORD-01467,PROD-0052,4,13.32,0
OI-002259,ORD-00008,PROD-0113,1,65.03,15
OI-002260,ORD-00008,PROD-0091,3,432.48,0
OI-002261,ORD-02674,PROD-0101,1,549.39,5
OI-002262,ORD-02674,PROD-0100,3,25.81,0
OI-002263,ORD-02674,PROD-0022,2,140.34,0
OI-002264,ORD-02674,PROD-0036,1,923.86,0
OI-002265,ORD-00140,PROD-0047,4,437.82,30
OI-002266,ORD-00007,PROD-0137,1,141.83,10
OI-002267,ORD-00893,PROD-0146,10,636.04,0
OI-002268,ORD-00893,PROD-0032,4,431.11,30
OI-002269,ORD-02265,PROD-0045,1,51.35,5
OI-002270,ORD-02265,PROD-0093,1,181.51,0
OI-002271,ORD-01954,PROD-0116,1,237.67,0
OI-002272,ORD-02769,PROD-0103,1,477.73,20
OI-002273,ORD-02769,PROD-0069,1,7.92,0
OI-002274,ORD-02769,PROD-0091,3,444.14,5
OI-002275,ORD-02153,PROD-0104,2,160.38,0
OI-002276,ORD-01629,PROD-0012,5,327.59,10
OI-002277,ORD-01859,PROD-0140,10,186.53,5
OI-002278,ORD-01859,PROD-0134,1,30.11,0
OI-002279,ORD-00249,PROD-0026,1,15.18,0
OI-002280,ORD-00249,PROD-0002,3,103.1,0
OI-002281,ORD-00249,PROD-0150,1,360.05,10
OI-002282,ORD-01216,PROD-0090,1,40.92,0
OI-002283,ORD-02757,PROD-0103,4,460.48,20
OI-002284,ORD-02757,PROD-0116,1,264.33,5
OI-002285,ORD-02757,PROD-0088,1,48.52,15
OI-002286,ORD-01382,PROD-0117,1,39.75,5
OI-002287,ORD-02527,PROD-0103,2,496.42,0
OI-002288,ORD-02527,PROD-0129,3,91.67,5
OI-002289,ORD-02504,PROD-0099,1,933.16,10
OI-002290,ORD-00328,PROD-0042,1,177.22,10
OI-002291,ORD-00328,PROD-0092,3,39.31,0
OI-002292,ORD-01976,PROD-0061,1,137.67,0
OI-002293,ORD-01976,PROD-0122,1,731.96,5
OI-002294,ORD-02114,PROD-0118,1,194.51,0
OI-002295,ORD-02114,PROD-0059,1,141.54,15
OI-002296,ORD-00374,PROD-0107,1,503.82,0
OI-002297,ORD-00302,PROD-0092,1,34.86,0
OI-002298,ORD-00872,PROD-0037,1,438.85,0
OI-002299,ORD-00872,PROD-0008,10,250.75,0
OI-002300,ORD-00872,PROD-0092,3,34.63,15
OI-002301,ORD-02713,PROD-0079,1,39.76,0
OI-002302,ORD-02713,PROD-0048,2,84.0,20
OI-002303,ORD-00961,PROD-0083,2,171.43,10
OI-002304,ORD-00961,PROD-0105,1,205.41,0
OI-002305,ORD-00961,PROD-0031,2,858.09,-18
OI-002306,ORD-00026,PROD-0020,1,383.63,30
OI-002307,ORD-01907,PROD-0086,1,85.88,5
OI-002308,ORD-02112,PROD-0065,1,21.9,0
OI-002309,ORD-02112,PROD-0106,5,31.81,10
OI-002310,ORD-01460,PROD-0067,2,222.3,0
OI-002311,ORD-01460,PROD-0124,2,17.22,0
OI-002312,ORD-01460,PROD-0099,2,813.69,20
OI-002313,ORD-01460,PROD-0057,1,46.15,15
OI-002314,ORD-02794,PROD-0116,1,250.46,15
OI-002315,ORD-02794,PROD-0019,1,301.17,15
OI-002316,ORD-02794,PROD-0118,1,214.38,10
OI-002317,ORD-02794,PROD-0150,5,306.42,0
OI-002318,ORD-01427,PROD-0129,1,97.78,0
OI-002319,ORD-01427,PROD-0098,1,32.42,0
OI-002320,ORD-01427,PROD-0087,5,216.14,20
OI-002321,ORD-01427,PROD-0012,1,271.38,10
OI-002322,ORD-00783,PROD-0124,2,18.23,10
OI-002323,ORD-01019,PROD-0007,3,353.31,15
OI-002324,ORD-02171,PROD-0085,2,64.36,0
OI-002325,ORD-02171,PROD-0010,1,25.3,0
OI-002326,ORD-02171,PROD-0057,1,47.19,0
OI-002327,ORD-02171,PROD-0150,1,357.1,0
OI-002328,ORD-02171,PROD-0041,1,39.45,0
OI-002329,ORD-01682,PROD-0142,2,164.2,0
OI-002330,ORD-01170,PROD-0027,1,468.75,0
OI-002331,ORD-01170,PROD-0104,1,168.33,0
OI-002332,ORD-01170,PROD-0077,3,37.35,0
OI-002333,ORD-01237,PROD-0132,1,318.37,0
OI-002334,ORD-01843,PROD-0075,4,36.59,10
OI-002335,ORD-01843,PROD-0113,2,67.36,5
OI-002336,ORD-02502,PROD-0072,2,192.89,0
OI-002337,ORD-02502,PROD-0025,3,180.69,20
OI-002338,ORD-02502,PROD-0134,1,30.77,20
OI-002339,ORD-02502,PROD-0097,2,148.27,15
OI-002340,ORD-02502,PROD-0135,3,19.9,20
OI-002341,ORD-02738,PROD-0027,1,477.95,0
OI-002342,ORD-00607,PROD-0122,1,748.1,10
OI-002343,ORD-01708,PROD-0093,5,157.96,0
OI-002344,ORD-01863,PROD-0019,10,281.17,10
OI-002345,ORD-02881,PROD-0123,1,49.62,5
OI-002346,ORD-02881,PROD-0016,4,949.3,25
OI-002347,ORD-02006,PROD-0088,2,50.03,0
OI-002348,ORD-02006,PROD-0014,1,14.25,10
OI-002349,ORD-02006,PROD-0102,2,494.71,10
OI-002350,ORD-02006,PROD-0036,2,863.34,0
OI-002351,ORD-01610,PROD-0116,1,238.39,0
OI-002352,ORD-01537,PROD-0132,3,330.43,0
OI-002353,ORD-01537,PROD-0137,1,167.22,10
OI-002354,ORD-00058,PROD-0066,1,101.4,0
OI-002355,ORD-01671,PROD-0056,1,148.68,0
OI-002356,ORD-01671,PROD-0024,3,68.38,0
OI-002357,ORD-01314,PROD-0076,1,47.42,0
OI-002358,ORD-02966,PROD-0024,2,75.4,5
OI-002359,ORD-02966,PROD-0016,1,846.13,0
OI-002360,ORD-02966,PROD-0114,3,185.12,0
OI-002361,ORD-00434,PROD-0103,2,475.89,10
OI-002362,ORD-01000,PROD-0008,5,225.12,0
OI-002363,ORD-01000,PROD-0019,2,298.29,5
OI-002364,ORD-01000,PROD-0066,1,85.74,20
OI-002365,ORD-01000,PROD-0022,3,146.6,0
OI-002366,ORD-02639,PROD-0150,0,340.08,0
OI-002367,ORD-02968,PROD-0041,3,41.34,0
OI-002368,ORD-02630,PROD-0135,4,21.29,0
OI-002369,ORD-02630,PROD-0143,2,45.6,0
OI-002370,ORD-02630,PROD-0014,3,13.96,15
OI-002371,ORD-01132,PROD-0041,3,44.06,0
OI-002372,ORD-01132,PROD-0110,1,209.27,0
OI-002373,ORD-00172,PROD-0031,1,707.54,0
OI-002374,ORD-00172,PROD-0135,3,20.99,0
OI-002375,ORD-00172,PROD-0105,1,206.43,0
OI-002376,ORD-00172,PROD-0061,1,135.98,5
OI-002377,ORD-02528,PROD-0107,1,489.29,5
OI-002378,ORD-02528,PROD-0003,3,75.52,0
OI-002379,ORD-02752,PROD-0096,1,17.98,5
OI-002380,ORD-02752,PROD-0150,2,297.16,-12
OI-002381,ORD-01345,PROD-0108,1,268.84,20
OI-002382,ORD-01345,PROD-0028,4,276.95,-16
OI-002383,ORD-02808,PROD-0012,2,276.63,20
OI-002384,ORD-02808,PROD-0070,1,358.67,10
OI-002385,ORD-01968,PROD-0050,3,44.52,10
OI-002386,ORD-01968,PROD-0107,1,454.76,0
OI-002387,ORD-01968,PROD-0117,4,40.15,0
OI-002388,ORD-01968,PROD-0077,5,41.92,5
OI-002389,ORD-01307,PROD-0119,4,265.65,5
OI-002390,ORD-02466,PROD-0042,3,177.37,0
OI-002391,ORD-01883,PROD-0087,1,202.0,15
OI-002392,ORD-01883,PROD-0138,2,181.02,0
OI-002393,ORD-01883,PROD-0007,1,301.59,0
OI-002394,ORD-00194,PROD-0021,1,150.56,0
OI-002395,ORD-02566,PROD-0080,1,390.16,0
OI-002396,ORD-02566,PROD-0005,1,24.03,0
OI-002397,ORD-02488,PROD-0048,1,88.79,0
OI-002398,ORD-02488,PROD-0003,1,66.42,0
OI-002399,ORD-02488,PROD-0064,5,293.41,10
OI-002400,ORD-00768,PROD-0076,5,47.47,0
OI-002401,ORD-00768,PROD-0015,3,309.63,0
OI-002402,ORD-00768,PROD-0147,2,18.49,10
OI-002403,ORD-00768,PROD-0072,1,178.43,0
OI-002404,ORD-00911,PROD-0090,1,41.57,5
OI-002405,ORD-01644,PROD-0009,1,171.1,20
OI-002406,ORD-01239,PROD-0007,3,313.68,0
OI-002407,ORD-01239,PROD-0098,2,36.01,10
OI-002408,ORD-01239,PROD-0112,1,163.27,0
OI-002409,ORD-02875,PROD-0144,1,10.3,0
OI-002410,ORD-02706,PROD-0101,2,627.04,-11
OI-002411,ORD-00780,PROD-0133,10,609.1,0
OI-002412,ORD-01869,PROD-0108,1,244.99,0
OI-002413,ORD-01869,PROD-0048,1,85.44,0
OI-002414,ORD-01869,PROD-0131,10,61.71,0
OI-002415,ORD-01869,PROD-0074,1,113.87,10
OI-002416,ORD-02242,PROD-0023,3,15.88,0
OI-002417,ORD-02896,PROD-0144,5,10.35,0
OI-002418,ORD-01419,PROD-0028,1,287.89,0
OI-002419,ORD-01419,PROD-0073,2,206.91,0
OI-002420,ORD-01419,PROD-0150,1,359.39,30
OI-002421,ORD-01419,PROD-0113,3,78.26,0
OI-002422,ORD-01419,PROD-0108,5,265.34,0
OI-002423,ORD-00964,PROD-0073,2,187.15,5
OI-002424,ORD-00435,PROD-0137,5,143.87,0
OI-002425,ORD-00435,PROD-0085,1,66.38,10
OI-002426,ORD-00435,PROD-0017,1,19.67,10
OI-002427,ORD-02775,PROD-0124,2,17.79,0
OI-002428,ORD-02775,PROD-0028,4,305.51,15
OI-002429,ORD-01698,PROD-0090,2,42.82,0
OI-002430,ORD-01658,PROD-0043,1,169.76,0
OI-002431,ORD-01658,PROD-0086,1,96.87,0
OI-002432,ORD-01853,PROD-0051,4,25.06,0
OI-002433,ORD-01853,PROD-0119,2,298.34,0
OI-002434,ORD-00377,PROD-0133,1,632.12,0
OI-002435,ORD-02074,PROD-0093,1,160.63,5
OI-002436,ORD-01438,PROD-0018,1,328.96,0
OI-002437,ORD-00903,PROD-0149,3,48.67,0
OI-002438,ORD-00903,PROD-0135,1,22.91,0
OI-002439,ORD-01508,PROD-0081,2,177.42,0
OI-002440,ORD-01508,PROD-0014,2,14.76,15
OI-002441,ORD-01508,PROD-0139,10,128.64,0
OI-002442,ORD-01508,PROD-0077,1,36.79,0
OI-002443,ORD-01508,PROD-0104,2,180.65,20
OI-002444,ORD-00022,PROD-0069,3,9.28,0
OI-002445,ORD-00022,PROD-0072,3,163.24,25
OI-002446,ORD-00948,PROD-0012,2,272.88,0
OI-002447,ORD-00948,PROD-0088,2,50.97,0
OI-002448,ORD-02859,PROD-0084,1,412.33,0
OI-002449,ORD-02580,PROD-0475,3,91.97,0
OI-002450,ORD-02580,PROD-0111,1,380.99,0
OI-002451,ORD-01187,PROD-0066,4,88.14,5
OI-002452,ORD-00920,PROD-0054,1,37.83,5
OI-002453,ORD-02598,PROD-0112,5,138.48,0
OI-002454,ORD-00478,PROD-0072,3,183.72,0
OI-002455,ORD-01834,PROD-0021,1,159.22,0
OI-002456,ORD-00831,PROD-0053,1,45.9,0
OI-002457,ORD-00245,PROD-0106,1,29.27,5
OI-002458,ORD-02419,PROD-0048,3,96.21,15
OI-002459,ORD-02419,PROD-0121,1,7.25,0
OI-002460,ORD-02419,PROD-0107,3,438.21,5
OI-002461,ORD-02419,PROD-0076,1,47.58,0
OI-002462,ORD-02419,PROD-0136,1,750.38,15
OI-002463,ORD-01107,PROD-0143,2,45.26,0
OI-002464,ORD-01301,PROD-0009,3,157.88,0
OI-002465,ORD-01301,PROD-0002,1,110.51,0
OI-002466,ORD-00109,PROD-0126,1,18.56,20
OI-002467,ORD-00109,PROD-0127,1,893.01,0
OI-002468,ORD-00109,PROD-0030,2,416.26,0
OI-002469,ORD-00109,PROD-0062,1,249.24,10
OI-002470,ORD-00109,PROD-0031,4,778.58,5
OI-002471,ORD-00954,PROD-0046,1,155.95,10
OI-002472,ORD-01336,PROD-0092,1,37.08,0
OI-002473,ORD-01336,PROD-0115,1,241.51,0
OI-002474,ORD-01584,PROD-0091,4,425.18,0
OI-002475,ORD-02269,PROD-0108,1,257.51,5
OI-002476,ORD-02269,PROD-0110,3,229.98,0
OI-002477,ORD-00988,PROD-0014,1,16.52,0
OI-002478,ORD-00647,PROD-0119,3,314.59,5
OI-002479,ORD-00647,PROD-0071,4,500.4,5
OI-002480,ORD-00647,PROD-0081,1,181.38,0
OI-002481,ORD-00647,PROD-0066,1,85.33,0
OI-002482,ORD-00647,PROD-0002,5,119.42,0
OI-002483,ORD-02103,PROD-0115,2,206.98,10
OI-002484,ORD-02103,PROD-0049,5,270.24,25
OI-002485,ORD-02103,PROD-0058,1,52.78,5
OI-002486,ORD-02103,PROD-0061,1,128.92,0
OI-002487,ORD-02103,PROD-0138,10,182.93,0
OI-002488,ORD-02187,PROD-0023,3,17.94,0
OI-002489,ORD-00416,PROD-0056,2,148.79,5
OI-002490,ORD-00416,PROD-0102,10,535.71,20
OI-002491,ORD-02853,PROD-0089,2,262.37,0
OI-002492,ORD-02853,PROD-0087,1,219.98,0
OI-002493,ORD-02853,PROD-0142,1,146.83,10
OI-002494,ORD-02853,PROD-0138,5,170.64,0
OI-002495,ORD-02853,PROD-0094,2,68.61,0
OI-002496,ORD-01453,PROD-0104,2,165.85,0
OI-002497,ORD-00508,PROD-0064,1,331.88,0
OI-002498,ORD-00508,PROD-0012,1,317.34,0
OI-002499,ORD-00508,PROD-0021,2,175.99,0
OI-002500,ORD-00508,PROD-0108,3,261.78,10
OI-002501,ORD-00508,PROD-0006,1,32.5,0
OI-002502,ORD-01234,PROD-0026,1,14.05,0
OI-002503,ORD-00802,PROD-0124,1,15.75,0
OI-002504,ORD-01874,PROD-0051,2,27.13,0
OI-002505,ORD-01874,PROD-0105,10,221.23,0
OI-002506,ORD-00390,PROD-0056,1,147.96,0
OI-002507,ORD-00390,PROD-0044,1,409.66,0
OI-002508,ORD-01287,PROD-0088,2,44.68,10
OI-002509,ORD-01287,PROD-0142,3,165.27,25
OI-002510,ORD-00103,PROD-0011,2,5.39,30
OI-002511,ORD-02031,PROD-0048,1,96.89,15
OI-002512,ORD-00648,PROD-0074,1,122.03,15
OI-002513,ORD-00648,PROD-0021,5,168.92,0
OI-002514,ORD-02681,PROD-0002,1,101.88,20
OI-002515,ORD-02681,PROD-0128,1,29.23,0
OI-002516,ORD-02030,PROD-0136,1,652.35,0
OI-002517,ORD-02984,PROD-0044,2,388.15,0
OI-002518,ORD-00625,PROD-0064,3,326.07,0
OI-002519,ORD-00662,PROD-0020,2,398.3,0
OI-002520,ORD-00662,PROD-0108,5,234.95,10
OI-002521,ORD-02635,PROD-0147,4,18.69,0
OI-002522,ORD-02635,PROD-0102,5,541.65,0
OI-002523,ORD-02635,PROD-0027,1,486.38,0
OI-002524,ORD-02635,PROD-0004,3,239.94,0
OI-002525,ORD-01718,PROD-0032,2,477.26,0
OI-002526,ORD-01718,PROD-0097,1,137.92,0
OI-002527,ORD-01718,PROD-0041,2,43.32,5
OI-002528,ORD-00624,PROD-0097,1,143.65,20
OI-002529,ORD-00624,PROD-0116,1,259.81,20
OI-002530,ORD-00071,PROD-0130,1,75.7,10
OI-002531,ORD-00071,PROD-0064,3,347.3,0
OI-002532,ORD-00293,PROD-0045,1,49.4,0
OI-002533,ORD-00293,PROD-0140,4,197.33,0
OI-002534,ORD-00293,PROD-0021,10,177.97,0
OI-002535,ORD-01872,PROD-0113,2,76.03,0
OI-002536,ORD-01175,PROD-0041,2,39.0,10
OI-002537,ORD-01175,PROD-0056,1,146.12,15
OI-002538,ORD-01175,PROD-0150,2,340.82,10
OI-002539,ORD-01175,PROD-0022,1,157.44,0
OI-002540,ORD-01175,PROD-0080,4,382.05,30
OI-002541,ORD-02319,PROD-0029,2,29.25,5
OI-002542,ORD-02319,PROD-0097,1,132.31,10
OI-002543,ORD-02319,PROD-0065,1,23.18,10
OI-002544,ORD-01322,PROD-0003,2,70.07,0
OI-002545,ORD-01322,PROD-0037,3,512.15,0
OI-002546,ORD-01322,PROD-0020,2,367.92,0
OI-002547,ORD-01322,PROD-0041,2,42.84,20
OI-002548,ORD-01322,PROD-0006,1,29.25,0
OI-002549,ORD-00685,PROD-0080,1,381.74,0
OI-002550,ORD-01363,PROD-0066,4,98.55,0
OI-002551,ORD-01363,PROD-0047,5,497.25,0
OI-002552,ORD-01363,PROD-0078,2,129.57,0
OI-002553,ORD-01363,PROD-0052,1,12.44,0
OI-002554,ORD-02637,PROD-0054,1,36.12,5
OI-002555,ORD-02637,PROD-0106,1,29.05,15
OI-002556,ORD-00543,PROD-0123,1,50.93,0
OI-002557,ORD-00543,PROD-0039,1,473.68,0
OI-002558,ORD-01465,PROD-0056,1,139.98,0
OI-002559,ORD-02603,PROD-0134,1,31.52,0
OI-002560,ORD-02603,PROD-0104,1,157.51,20
OI-002561,ORD-02603,PROD-0150,1,346.99,30
OI-002562,ORD-00556,PROD-0133,1,522.49,5
OI-002563,ORD-00556,PROD-0005,1,22.19,0
OI-002564,ORD-00556,PROD-0039,2,497.44,0
OI-002565,ORD-00556,PROD-0142,1,170.4,0
OI-002566,ORD-00556,PROD-0044,2,403.2,0
OI-002567,ORD-02384,PROD-0007,1,343.78,0
OI-002568,ORD-02384,PROD-0044,1,384.02,0
OI-002569,ORD-02384,PROD-0147,1,19.13,0
OI-002570,ORD-02384,PROD-0039,1,488.29,0
OI-002571,ORD-00066,PROD-0096,1,20.26,0
OI-002572,ORD-00466,PROD-0091,2,487.28,10
OI-002573,ORD-02641,PROD-0027,1,442.21,10
OI-002574,ORD-02641,PROD-0138,1,171.5,0
OI-002575,ORD-01693,PROD-0050,1,42.07,0
OI-002576,ORD-01693,PROD-0113,4,74.85,0
OI-002577,ORD-01693,PROD-0041,3,44.25,0
OI-002578,ORD-00298,PROD-0088,1,54.48,25
OI-002579,ORD-00298,PROD-0139,1,113.65,0
OI-002580,ORD-00386,PROD-0055,1,26.42,0
OI-002581,ORD-00608,PROD-0047,3,464.8,5
OI-002582,ORD-01192,PROD-0060,1,57.71,0
OI-002583,ORD-01192,PROD-0141,2,30.5,20
OI-002584,ORD-01192,PROD-0140,3,191.0,0
OI-002585,ORD-01722,PROD-0001,1,29.52,0
OI-002586,ORD-01800,PROD-0032,1,454.28,0
OI-002587,ORD-01800,PROD-0034,1,71.46,15
OI-002588,ORD-01800,PROD-0002,1,103.68,0
OI-002589,ORD-01264,PROD-0006,2,34.01,0
OI-002590,ORD-01264,PROD-0010,2,26.03,0
OI-002591,ORD-01264,PROD-0071,3,445.41,0
OI-002592,ORD-01264,PROD-0041,1,37.36,15
OI-002593,ORD-01878,PROD-0004,3,237.22,0
OI-002594,ORD-02728,PROD-0119,2,308.52,20
OI-002595,ORD-02183,PROD-0065,4,23.9,0
OI-002596,ORD-02183,PROD-0142,1,160.35,0
OI-002597,ORD-02183,PROD-0027,1,402.63,0
OI-002598,ORD-01434,PROD-0131,4,58.25,15
OI-002599,ORD-02296,PROD-0030,5,380.25,5
OI-002600,ORD-02296,PROD-0012,1,305.24,0
OI-002601,ORD-01298,PROD-0027,3,486.11,20
OI-002602,ORD-01298,PROD-0129,2,92.23,0
OI-002603,ORD-02104,PROD-0028,1,281.93,0
OI-002604,ORD-02104,PROD-0059,2,163.57,5
OI-002605,ORD-02027,PROD-0020,1,438.42,15
OI-002606,ORD-02027,PROD-0146,2,644.32,20
OI-002607,ORD-02552,PROD-0021,3,169.22,5
OI-002608,ORD-02552,PROD-0023,2,17.1,10
OI-002609,ORD-02552,PROD-0057,1,44.22,0
OI-002610,ORD-02552,PROD-0052,1,13.6,0
OI-002611,ORD-02691,PROD-0112,1,140.16,5
OI-002612,ORD-02691,PROD-0120,1,837.77,0
OI-002613,ORD-02691,PROD-0134,3,31.25,0
OI-002614,ORD-02691,PROD-0038,2,290.51,0
OI-002615,ORD-02691,PROD-0100,1,26.31,0
OI-002616,ORD-02435,PROD-0001,2,28.79,0
OI-002617,ORD-02435,PROD-0064,2,343.24,0
OI-002618,ORD-02435,PROD-0146,3,643.43,5
OI-002619,ORD-02435,PROD-0149,1,45.89,0
OI-002620,ORD-02586,PROD-0062,1,259.51,20
OI-002621,ORD-02586,PROD-0066,2,83.64,30
OI-002622,ORD-02797,PROD-0018,0,321.41,0
OI-002623,ORD-01720,PROD-0049,5,237.07,0
OI-002624,ORD-01720,PROD-0100,3,28.97,15
OI-002625,ORD-02025,PROD-0087,2,191.89,25
OI-002626,ORD-00494,PROD-0115,1,222.47,0
OI-002627,ORD-00494,PROD-0084,2,381.77,0
OI-002628,ORD-01414,PROD-0091,2,434.06,0
OI-002629,ORD-01414,PROD-0112,1,144.59,0
OI-002630,ORD-00415,PROD-0028,3,281.03,0
OI-002631,ORD-00415,PROD-0143,4,47.35,5
OI-002632,ORD-00415,PROD-0119,1,261.88,5
OI-002633,ORD-00415,PROD-0109,1,104.19,0
OI-002634,ORD-02646,PROD-0030,1,399.06,20
OI-002635,ORD-01789,PROD-0129,3,94.97,0
OI-002636,ORD-01789,PROD-0005,1,26.29,15
OI-002637,ORD-00785,PROD-0128,1,25.53,0
OI-002638,ORD-00785,PROD-0146,2,571.4,0
OI-002639,ORD-02143,PROD-0018,10,301.07,5
OI-002640,ORD-02143,PROD-0078,5,134.6,0
OI-002641,ORD-02143,PROD-0038,3,266.62,20
OI-002642,ORD-02143,PROD-0056,3,164.04,5
OI-002643,ORD-02611,PROD-0125,1,190.04,0
OI-002644,ORD-02611,PROD-0027,3,440.83,-16
OI-002645,ORD-02623,PROD-0034,1,69.74,0
OI-002646,ORD-02623,PROD-0011,2,5.96,0
OI-002647,ORD-02623,PROD-0038,1,276.3,0
OI-002648,ORD-00365,PROD-0047,0,454.01,5
OI-002649,ORD-00365,PROD-0088,1,53.47,0
OI-002650,ORD-00146,PROD-0067,5,256.22,20
OI-002651,ORD-00156,PROD-0142,1,170.05,0
OI-002652,ORD-00156,PROD-0043,1,153.06,0
OI-002653,ORD-00156,PROD-0121,2,7.27,0
OI-002654,ORD-00156,PROD-0096,1,17.8,0
OI-002655,ORD-00156,PROD-0107,1,487.28,20
OI-002656,ORD-02499,PROD-0067,2,223.91,0
OI-002657,ORD-02499,PROD-0039,3,477.38,0
OI-002658,ORD-00654,PROD-0099,1,904.55,0
OI-002659,ORD-00654,PROD-0142,2,160.12,0
OI-002660,ORD-02315,PROD-0086,1,98.29,5
OI-002661,ORD-02315,PROD-0095,1,77.64,25
OI-002662,ORD-02315,PROD-0020,1,406.35,0
OI-002663,ORD-02315,PROD-0094,4,74.88,20
OI-002664,ORD-02315,PROD-0089,1,265.57,0
OI-002665,ORD-01995,PROD-0094,2,68.18,5
OI-002666,ORD-02165,PROD-0045,0,54.74,0
OI-002667,ORD-00086,PROD-0116,1,245.07,30
OI-002668,ORD-00999,PROD-0092,4,37.77,0
OI-002669,ORD-02589,PROD-0082,1,14.95,-11
OI-002670,ORD-02589,PROD-0108,3,244.25,0
OI-002671,ORD-02589,PROD-0030,2,439.75,15
OI-002672,ORD-02589,PROD-0011,1,5.25,25
OI-002673,ORD-02040,PROD-0085,1,59.61,0
OI-002674,ORD-02577,PROD-0089,1,308.18,0
OI-002675,ORD-02577,PROD-0035,1,91.06,15
OI-002676,ORD-02600,PROD-0088,3,47.23,0
OI-002677,ORD-02600,PROD-0105,2,210.55,0
OI-002678,ORD-02600,PROD-0055,2,29.75,0
OI-002679,ORD-01931,PROD-0043,4,156.95,0
OI-002680,ORD-01931,PROD-0017,5,19.18,0
OI-002681,ORD-00231,PROD-0143,1,46.78,0
OI-002682,ORD-00231,PROD-0075,1,37.44,0
OI-002683,ORD-00644,PROD-0080,1,386.63,0
OI-002684,ORD-00932,PROD-0024,1,65.8,0
OI-002685,ORD-00932,PROD-0070,1,330.69,10
OI-002686,ORD-02579,PROD-0055,2,25.98,10
OI-002687,ORD-00118,PROD-0147,3,17.8,15
OI-002688,ORD-00118,PROD-0120,1,816.13,25
OI-002689,ORD-00118,PROD-0007,1,341.6,0
OI-002690,ORD-00118,PROD-0123,1,45.09,0
OI-002691,ORD-01349,PROD-0150,5,306.95,25
OI-002692,ORD-01349,PROD-0054,4,33.84,0
OI-002693,ORD-01349,PROD-0083,1,164.55,0
OI-002694,ORD-02874,PROD-0118,5,206.35,5
OI-002695,ORD-02332,PROD-0101,4,619.31,0
OI-002696,ORD-02332,PROD-0032,5,483.42,0
OI-002697,ORD-01749,PROD-0069,2,8.0,0
OI-002698,ORD-01531,PROD-0140,1,178.61,0
OI-002699,ORD-01730,PROD-0134,2,32.69,0
OI-002700,ORD-02716,PROD-0063,1,107.04,0
OI-002701,ORD-00307,PROD-0048,1,93.0,20
OI-002702,ORD-00307,PROD-0110,1,208.47,15
OI-002703,ORD-00307,PROD-0136,1,727.9,0
OI-002704,ORD-00693,PROD-0005,2,26.51,0
OI-002705,ORD-00680,PROD-0105,1,217.46,0
OI-002706,ORD-00680,PROD-0056,1,141.05,0
OI-002707,ORD-01423,PROD-0067,1,234.7,0
OI-002708,ORD-01423,PROD-0077,1,37.05,0
OI-002709,ORD-02355,PROD-0085,5,61.87,0
OI-002710,ORD-00514,PROD-0042,1,193.95,10
OI-002711,ORD-01529,PROD-0084,4,379.69,0
OI-002712,ORD-01529,PROD-0095,1,81.8,10
OI-002713,ORD-01529,PROD-0144,2,10.84,25
OI-002714,ORD-02021,PROD-0144,2,11.48,0
OI-002715,ORD-02021,PROD-0103,2,510.27,20
OI-002716,ORD-02021,PROD-0080,2,347.59,0
OI-002717,ORD-02647,PROD-0025,1,194.92,5
OI-002718,ORD-01628,PROD-0067,2,214.85,30
OI-002719,ORD-01628,PROD-0090,1,41.36,10
OI-002720,ORD-00696,PROD-0059,2,157.63,0
OI-002721,ORD-00696,PROD-0131,1,55.53,0
OI-002722,ORD-02943,PROD-0076,2,46.16,0
OI-002723,ORD-02943,PROD-0027,1,474.35,20
OI-002724,ORD-02943,PROD-0148,3,165.85,5
OI-002725,ORD-02943,PROD-0042,1,183.56,0
OI-002726,ORD-01809,PROD-0142,2,155.01,0
OI-002727,ORD-00178,PROD-0149,1,48.42,0
OI-002728,ORD-01318,PROD-0048,3,85.59,0
OI-002729,ORD-01318,PROD-0117,1,40.64,0
OI-002730,ORD-00413,PROD-0113,2,67.52,0
OI-002731,ORD-00413,PROD-0018,2,290.31,0
OI-002732,ORD-00413,PROD-0096,10,17.77,0
OI-002733,ORD-00454,PROD-0042,1,170.26,10
OI-002734,ORD-00454,PROD-0032,3,464.19,15
OI-002735,ORD-02989,PROD-0069,2,8.11,0
OI-002736,ORD-02195,PROD-0117,3,44.57,0
OI-002737,ORD-02990,PROD-0071,4,459.67,0
OI-002738,ORD-02990,PROD-0138,1,184.44,0
OI-002739,ORD-02228,PROD-0047,1,445.04,0
OI-002740,ORD-02228,PROD-0042,1,171.57,0
OI-002741,ORD-02228,PROD-0028,2,295.41,0
OI-002742,ORD-02429,PROD-0001,1,32.03,0
OI-002743,ORD-02429,PROD-0030,2,400.6,0
OI-002744,ORD-02404,PROD-0078,3,118.88,0
OI-002745,ORD-02404,PROD-0141,1,27.67,0
OI-002746,ORD-02404,PROD-0100,2,25.03,0
OI-002747,ORD-02404,PROD-0278,1,146.02,0
OI-002748,ORD-02557,PROD-0076,1,51.94,15
OI-002749,ORD-02557,PROD-0074,1,111.41,0
OI-002750,ORD-02557,PROD-0005,3,26.06,10
OI-002751,ORD-02557,PROD-0133,1,521.39,5
OI-002752,ORD-00368,PROD-0124,2,17.11,0
OI-002753,ORD-00368,PROD-0038,1,259.59,0
OI-002754,ORD-00179,PROD-0082,3,16.91,20
OI-002755,ORD-00179,PROD-0043,1,154.24,0
OI-002756,ORD-02072,PROD-0133,1,593.89,0
OI-002757,ORD-02072,PROD-0070,2,367.51,0
OI-002758,ORD-02072,PROD-0046,2,162.18,15
OI-002759,ORD-02072,PROD-0146,1,648.56,10
OI-002760,ORD-00578,PROD-0029,1,34.14,5
OI-002761,ORD-02898,PROD-0067,1,226.99,0
OI-002762,ORD-02898,PROD-0014,4,16.64,20
OI-002763,ORD-01901,PROD-0066,1,89.45,5
OI-002764,ORD-01901,PROD-0126,1,16.62,0
OI-002765,ORD-01901,PROD-0069,3,7.74,20
OI-002766,ORD-01901,PROD-0002,3,106.21,5
OI-002767,ORD-01901,PROD-0112,2,159.93,25
OI-002768,ORD-02142,PROD-0024,2,69.58,15
OI-002769,ORD-02142,PROD-0057,2,49.88,25
OI-002770,ORD-01422,PROD-0075,3,35.77,10
OI-002771,ORD-01422,PROD-0027,5,481.39,20
OI-002772,ORD-00504,PROD-0119,2,276.76,0
OI-002773,ORD-00504,PROD-0041,1,42.39,0
OI-002774,ORD-00504,PROD-0063,4,95.26,0
OI-002775,ORD-01649,PROD-0029,1,30.35,0
OI-002776,ORD-01649,PROD-0064,1,316.29,10
OI-002777,ORD-01649,PROD-0131,2,59.67,25
OI-002778,ORD-01983,PROD-0132,1,282.44,0
OI-002779,ORD-01983,PROD-0057,2,49.95,0
OI-002780,ORD-01825,PROD-0123,3,46.13,0
OI-002781,ORD-00490,PROD-0050,1,46.79,-16
OI-002782,ORD-00490,PROD-0027,3,463.39,0
OI-002783,ORD-00490,PROD-0008,3,262.73,5
OI-002784,ORD-00490,PROD-0028,3,297.71,0
OI-002785,ORD-00490,PROD-0036,2,846.06,15
OI-002786,ORD-01918,PROD-0134,1,33.35,15
OI-002787,ORD-01918,PROD-0025,2,161.47,25
OI-002788,ORD-02306,PROD-0011,3,6.09,0
OI-002789,ORD-02306,PROD-0140,1,190.27,5
OI-002790,ORD-00226,PROD-0066,1,84.3,0
OI-002791,ORD-00226,PROD-0068,2,29.39,0
OI-002792,ORD-00226,PROD-0027,10,444.78,0
OI-002793,ORD-02977,PROD-0034,1,71.48,20
OI-002794,ORD-01999,PROD-0041,1,43.99,0
OI-002795,ORD-01999,PROD-0038,1,292.17,0
OI-002796,ORD-02704,PROD-0060,2,56.15,0
OI-002797,ORD-02886,PROD-0029,2,29.99,0
OI-002798,ORD-02377,PROD-0085,2,66.86,10
OI-002799,ORD-02377,PROD-0060,1,62.01,10
OI-002800,ORD-02377,PROD-0110,2,206.86,0
OI-002801,ORD-02377,PROD-0128,1,28.03,0
OI-002802,ORD-02305,PROD-0140,4,166.76,0
OI-002803,ORD-02305,PROD-0061,10,142.07,15
OI-002804,ORD-02383,PROD-0065,1,23.4,0
OI-002805,ORD-02383,PROD-0015,2,267.84,5
OI-002806,ORD-02395,PROD-0075,4,37.63,10
OI-002807,ORD-02395,PROD-0124,5,18.07,10
OI-002808,ORD-00223,PROD-0118,4,188.42,0
OI-002809,ORD-00287,PROD-0148,2,163.25,10
OI-002810,ORD-01823,PROD-0137,3,151.04,15
OI-002811,ORD-01823,PROD-0053,4,48.31,10
OI-002812,ORD-02257,PROD-0020,1,371.92,0
OI-002813,ORD-02257,PROD-0143,1,41.61,0
OI-002814,ORD-02675,PROD-0027,2,435.39,10
OI-002815,ORD-00158,PROD-0125,2,187.12,20
OI-002816,ORD-00158,PROD-0026,3,14.44,0
OI-002817,ORD-00158,PROD-0145,10,141.41,5
OI-002818,ORD-00158,PROD-0102,2,580.6,0
OI-002819,ORD-00877,PROD-0044,2,393.34,0
OI-002820,ORD-00083,PROD-0107,4,506.56,0
OI-002821,ORD-01842,PROD-0098,1,36.62,0
OI-002822,ORD-01842,PROD-0040,1,40.4,5
OI-002823,ORD-01842,PROD-0132,1,288.3,0
OI-002824,ORD-00253,PROD-0149,3,43.27,15
OI-002825,ORD-00751,PROD-0141,1,31.27,0
OI-002826,ORD-00751,PROD-0087,1,220.71,0
OI-002827,ORD-00982,PROD-0031,2,733.64,0
OI-002828,ORD-00992,PROD-0146,3,638.34,0
OI-002829,ORD-00992,PROD-0140,1,182.1,25
OI-002830,ORD-00992,PROD-0114,2,205.08,25
OI-002831,ORD-00992,PROD-0052,2,12.11,10
OI-002832,ORD-02176,PROD-0149,3,47.11,0
OI-002833,ORD-00013,PROD-0128,1,25.1,0
OI-002834,ORD-00013,PROD-0078,1,117.67,0
OI-002835,ORD-00640,PROD-0084,2,404.99,30
OI-002836,ORD-00092,PROD-0058,3,44.29,0
OI-002837,ORD-02777,PROD-0017,1,17.62,25
OI-002838,ORD-02860,PROD-0063,4,101.45,0
OI-002839,ORD-02860,PROD-0068,1,24.74,0
OI-002840,ORD-02572,PROD-0017,4,18.99,0
OI-002841,ORD-02572,PROD-0020,3,413.48,30
OI-002842,ORD-00442,PROD-0136,2,718.34,30
OI-002843,ORD-01792,PROD-0123,10,51.1,0
OI-002844,ORD-01810,PROD-0085,1,67.62,20
OI-002845,ORD-01810,PROD-0078,2,117.63,0
OI-002846,ORD-00196,PROD-0082,1,17.39,0
OI-002847,ORD-00196,PROD-0088,2,49.6,0
OI-002848,ORD-00880,PROD-0060,4,59.18,0
OI-002849,ORD-01997,PROD-0110,1,192.12,0
OI-002850,ORD-02460,PROD-0042,1,182.78,0
OI-002851,ORD-02460,PROD-0033,1,135.84,0
OI-002852,ORD-02460,PROD-0027,1,422.85,10
OI-002853,ORD-00720,PROD-0080,2,346.55,0
OI-002854,ORD-00370,PROD-0134,1,30.53,0
OI-002855,ORD-00370,PROD-0092,3,40.05,5
OI-002856,ORD-00370,PROD-0045,2,53.45,0
OI-002857,ORD-00039,PROD-0023,1,15.46,0
OI-002858,ORD-00969,PROD-0043,2,173.36,0
OI-002859,ORD-01857,PROD-0066,1,96.12,20
OI-002860,ORD-01857,PROD-0127,2,812.73,0
OI-002861,ORD-01857,PROD-0042,1,166.02,15
OI-002862,ORD-02581,PROD-0052,1,14.18,0
OI-002863,ORD-02833,PROD-0102,2,534.29,0
OI-002864,ORD-02833,PROD-0055,2,28.19,10
OI-002865,ORD-02833,PROD-0030,1,438.65,0
OI-002866,ORD-02833,PROD-0144,4,9.86,-11
OI-002867,ORD-02833,PROD-0034,5,70.55,15
OI-002868,ORD-02836,PROD-0027,3,454.78,15
OI-002869,ORD-02836,PROD-0090,1,41.24,10
OI-002870,ORD-01266,PROD-0144,1,10.91,0
OI-002871,ORD-02669,PROD-0114,2,215.16,0
OI-002872,ORD-01597,PROD-0056,4,150.47,5
OI-002873,ORD-01597,PROD-0146,3,644.76,10
OI-002874,ORD-01597,PROD-0087,2,191.07,10
OI-002875,ORD-01755,PROD-0015,1,305.52,30
OI-002876,ORD-00606,PROD-0067,1,216.04,0
OI-002877,ORD-00606,PROD-0140,0,182.99,0
OI-002878,ORD-01964,PROD-0034,1,60.57,15
OI-002879,ORD-01964,PROD-0125,2,183.01,20
OI-002880,ORD-02341,PROD-0045,1,52.45,25
OI-002881,ORD-02341,PROD-0047,1,480.12,0
OI-002882,ORD-00716,PROD-0005,1,24.14,5
OI-002883,ORD-00716,PROD-0106,3,29.08,0
OI-002884,ORD-00716,PROD-0127,1,882.01,25
OI-002885,ORD-02654,PROD-0144,2,11.51,20
OI-002886,ORD-02654,PROD-0036,1,825.98,0
OI-002887,ORD-02654,PROD-0115,1,213.78,0
OI-002888,ORD-01083,PROD-0079,1,44.01,0
OI-002889,ORD-01083,PROD-0087,1,199.57,0
OI-002890,ORD-00167,PROD-0036,4,822.26,0
OI-002891,ORD-00167,PROD-0124,1,15.12,0
OI-002892,ORD-00167,PROD-0076,4,46.48,0
OI-002893,ORD-00167,PROD-0012,3,323.59,0
OI-002894,ORD-02754,PROD-0012,2,302.72,20
OI-002895,ORD-00260,PROD-0105,2,214.53,0
OI-002896,ORD-01436,PROD-0101,1,553.36,0
OI-002897,ORD-01436,PROD-0100,2,26.79,0
OI-002898,ORD-01786,PROD-0149,1,42.97,5
OI-002899,ORD-01885,PROD-0113,1,76.88,10
OI-002900,ORD-02251,PROD-0091,1,425.43,0
OI-002901,ORD-02251,PROD-0074,1,127.44,0
OI-002902,ORD-01822,PROD-0057,1,43.67,0
OI-002903,ORD-01822,PROD-0097,1,124.01,0
OI-002904,ORD-01822,PROD-0120,1,862.04,0
OI-002905,ORD-01822,PROD-0112,1,152.29,0
OI-002906,ORD-00159,PROD-0100,3,28.01,0
OI-002907,ORD-00159,PROD-0146,1,640.22,10
OI-002908,ORD-00159,PROD-0136,5,744.71,5
OI-002909,ORD-00159,PROD-0033,5,152.24,0
OI-002910,ORD-00159,PROD-0006,1,31.1,0
OI-002911,ORD-02529,PROD-0025,1,189.11,5
OI-002912,ORD-02529,PROD-0098,4,33.67,5
OI-002913,ORD-02529,PROD-0129,1,98.82,0
OI-002914,ORD-02529,PROD-0107,2,451.72,0
OI-002915,ORD-02372,PROD-0013,1,41.69,0
OI-002916,ORD-00084,PROD-0003,1,72.89,15
OI-002917,ORD-00084,PROD-0018,2,329.23,0
OI-002918,ORD-00084,PROD-0064,1,291.44,15
OI-002919,ORD-00084,PROD-0088,5,52.82,0
OI-002920,ORD-00084,PROD-0052,3,13.1,15
OI-002921,ORD-00824,PROD-0053,10,47.59,10
OI-002922,ORD-00824,PROD-0072,3,189.4,0
OI-002923,ORD-00004,PROD-0117,4,43.42,0
OI-002924,ORD-00004,PROD-0006,2,30.46,5
OI-002925,ORD-00197,PROD-0039,1,422.63,25
OI-002926,ORD-01123,PROD-0061,1,120.38,0
OI-002927,ORD-00419,PROD-0066,3,95.12,15
OI-002928,ORD-00419,PROD-0070,1,308.6,0
OI-002929,ORD-02445,PROD-0073,0,206.21,0
OI-002930,ORD-02445,PROD-0137,3,150.14,30
OI-002931,ORD-02445,PROD-0014,1,16.06,30
OI-002932,ORD-02445,PROD-0142,10,159.07,0
OI-002933,ORD-00264,PROD-0073,1,223.66,0
OI-002934,ORD-00264,PROD-0113,1,65.5,15
OI-002935,ORD-01553,PROD-0107,1,437.18,10
OI-002936,ORD-01553,PROD-0133,1,620.57,30
OI-002937,ORD-01553,PROD-0059,1,141.87,0
OI-002938,ORD-01553,PROD-0080,10,380.6,0
OI-002939,ORD-01553,PROD-0050,1,49.96,15
OI-002940,ORD-00098,PROD-0047,1,471.39,-12
OI-002941,ORD-02806,PROD-0029,1,28.32,0
OI-002942,ORD-02806,PROD-0126,2,16.0,0
OI-002943,ORD-01376,PROD-0012,1,305.88,0
OI-002944,ORD-01376,PROD-0013,1,46.03,5
OI-002945,ORD-01004,PROD-0054,1,34.15,0
OI-002946,ORD-02695,PROD-0104,1,172.08,0
OI-002947,ORD-02695,PROD-0078,2,125.14,5
OI-002948,ORD-02506,PROD-0080,1,358.45,5
OI-002949,ORD-02506,PROD-0049,1,243.18,20
OI-002950,ORD-01497,PROD-0135,2,23.5,0
OI-002951,ORD-02002,PROD-0009,2,164.4,0
OI-002952,ORD-00975,PROD-0117,1,47.02,5
OI-002953,ORD-01026,PROD-0067,4,232.98,5
OI-002954,ORD-01026,PROD-0025,10,175.47,5
OI-002955,ORD-01026,PROD-0005,1,23.42,0
OI-002956,ORD-01026,PROD-0106,1,27.65,5
OI-002957,ORD-01153,PROD-0137,1,166.82,15
OI-002958,ORD-01153,PROD-0125,1,196.84,0
OI-002959,ORD-01153,PROD-0111,1,392.23,5
OI-002960,ORD-01396,PROD-0080,1,397.31,0
OI-002961,ORD-01396,PROD-0039,1,480.02,15
OI-002962,ORD-01396,PROD-0122,5,782.32,5
OI-002963,ORD-01396,PROD-0058,1,50.81,5
OI-002964,ORD-01517,PROD-0068,3,29.48,15
OI-002965,ORD-01517,PROD-0001,1,34.58,0
OI-002966,ORD-02430,PROD-0037,1,520.66,5
OI-002967,ORD-02430,PROD-0015,2,297.56,0
OI-002968,ORD-02430,PROD-0006,1,32.25,0
OI-002969,ORD-00539,PROD-0137,2,143.16,0
OI-002970,ORD-00539,PROD-0021,1,161.77,0
OI-002971,ORD-01733,PROD-0135,2,23.05,0
OI-002972,ORD-01733,PROD-0118,1,205.32,0
OI-002973,ORD-01733,PROD-0023,2,15.08,0
OI-002974,ORD-01733,PROD-0066,1,85.34,15
OI-002975,ORD-01733,PROD-0067,2,247.04,25
OI-002976,ORD-01435,PROD-0059,1,150.94,0
OI-002977,ORD-01663,PROD-0034,2,68.32,0
OI-002978,ORD-01663,PROD-0012,3,277.03,5
OI-002979,ORD-01904,PROD-0129,1,107.88,0
OI-002980,ORD-01904,PROD-0108,1,257.69,25
OI-002981,ORD-01904,PROD-0039,1,425.58,5
OI-002982,ORD-01904,PROD-0011,2,5.28,0
OI-002983,ORD-00655,PROD-0098,1,36.32,0
OI-002984,ORD-00655,PROD-0083,1,165.94,15
OI-002985,ORD-00655,PROD-0096,4,21.24,10
OI-002986,ORD-01121,PROD-0069,1,8.52,30
OI-002987,ORD-01121,PROD-0091,1,456.15,0
OI-002988,ORD-02449,PROD-0113,2,75.09,0
OI-002989,ORD-02449,PROD-0056,2,159.32,25
OI-002990,ORD-02449,PROD-0054,1,35.6,0
OI-002991,ORD-02449,PROD-0029,2,33.78,10
OI-002992,ORD-00459,PROD-0049,3,250.14,0
OI-002993,ORD-02344,PROD-0141,1,30.88,0
OI-002994,ORD-02344,PROD-0038,1,271.77,0
OI-002995,ORD-00208,PROD-0054,1,37.88,10
OI-002996,ORD-01285,PROD-0036,4,832.36,0
OI-002997,ORD-01285,PROD-0060,1,62.15,0
OI-002998,ORD-00767,PROD-0115,2,212.27,10
OI-002999,ORD-02139,PROD-0086,3,93.78,25
OI-003000,ORD-00697,PROD-0089,2,294.25,0
OI-003001,ORD-00697,PROD-0040,4,39.87,0
OI-003002,ORD-00045,PROD-0002,2,101.8,10
OI-003003,ORD-00045,PROD-0021,4,154.64,0
OI-003004,ORD-00045,PROD-0106,2,30.0,0
OI-003005,ORD-00045,PROD-0058,1,50.67,10
OI-003006,ORD-01347,PROD-0061,4,139.7,15
OI-003007,ORD-01374,PROD-0016,1,843.78,0
OI-003008,ORD-01374,PROD-0023,4,16.74,0
OI-003009,ORD-01374,PROD-0074,2,128.25,10
OI-003010,ORD-00712,PROD-0126,2,18.49,0
OI-003011,ORD-00712,PROD-0054,2,34.22,10
OI-003012,ORD-00712,PROD-0133,2,575.01,0
OI-003013,ORD-00712,PROD-0128,1,26.7,15
OI-003014,ORD-02387,PROD-0032,1,423.28,10
OI-003015,ORD-02387,PROD-0064,1,327.83,0
OI-003016,ORD-02387,PROD-0141,1,27.81,0
OI-003017,ORD-02387,PROD-0049,1,246.34,20
OI-003018,ORD-01171,PROD-0062,2,249.09,15
OI-003019,ORD-01775,PROD-0024,1,67.2,15
OI-003020,ORD-02039,PROD-0100,1,26.85,0
OI-003021,ORD-01294,PROD-0141,1,32.37,15
OI-003022,ORD-00170,PROD-0121,4,7.25,0
OI-003023,ORD-00170,PROD-0006,1,31.71,10
OI-003024,ORD-00668,PROD-0080,1,373.8,25
OI-003025,ORD-00512,PROD-0013,1,45.43,0
OI-003026,ORD-00512,PROD-0031,1,829.09,0
OI-003027,ORD-02761,PROD-0107,5,444.11,0
OI-003028,ORD-01518,PROD-0086,2,97.1,0
OI-003029,ORD-00756,PROD-0123,1,48.08,0
OI-003030,ORD-00756,PROD-0033,1,156.94,0
OI-003031,ORD-00756,PROD-0060,2,58.57,15
OI-003032,ORD-00205,PROD-0123,1,50.96,0
OI-003033,ORD-02170,PROD-0007,1,337.96,10
OI-003034,ORD-00513,PROD-0131,5,57.62,0
OI-003035,ORD-00908,PROD-0098,1,35.56,0
OI-003036,ORD-00908,PROD-0029,2,31.42,0
OI-003037,ORD-00908,PROD-0081,1,177.2,0
OI-003038,ORD-00908,PROD-0015,1,307.83,0
OI-003039,ORD-02133,PROD-0021,2,164.05,0
OI-003040,ORD-02133,PROD-0111,1,394.82,0
OI-003041,ORD-02133,PROD-0071,2,473.83,10
OI-003042,ORD-02133,PROD-0051,1,26.41,15
OI-003043,ORD-01045,PROD-0091,1,447.49,5
OI-003044,ORD-01045,PROD-0003,2,64.95,10
OI-003045,ORD-01403,PROD-0148,4,184.57,0
OI-003046,ORD-01403,PROD-0072,1,168.49,0
OI-003047,ORD-01403,PROD-0112,1,140.29,0
OI-003048,ORD-01403,PROD-0130,4,70.79,15
OI-003049,ORD-01403,PROD-0108,2,232.68,10
OI-003050,ORD-00180,PROD-0113,3,73.27,0
OI-003051,ORD-00180,PROD-0093,1,179.4,10
OI-003052,ORD-00180,PROD-0027,1,470.61,25
OI-003053,ORD-00310,PROD-0041,1,43.55,5
OI-003054,ORD-02089,PROD-0086,3,87.48,0
OI-003055,ORD-00126,PROD-0069,1,8.66,0
OI-003056,ORD-02272,PROD-0067,3,229.09,5
OI-003057,ORD-02272,PROD-0041,3,37.2,0
OI-003058,ORD-02272,PROD-0131,1,54.21,20
OI-003059,ORD-02272,PROD-0120,2,862.35,5
OI-003060,ORD-02272,PROD-0051,2,23.11,0
OI-003061,ORD-02273,PROD-0120,1,839.88,10
OI-003062,ORD-02273,PROD-0075,1,36.63,0
OI-003063,ORD-02273,PROD-0037,2,458.54,0
OI-003064,ORD-00519,PROD-0068,2,27.45,0
OI-003065,ORD-00519,PROD-0002,1,103.29,0
OI-003066,ORD-00519,PROD-0147,1,16.81,15
OI-003067,ORD-00519,PROD-0079,2,40.09,0
OI-003068,ORD-00515,PROD-0123,10,43.27,0
OI-003069,ORD-00515,PROD-0136,2,781.43,0
OI-003070,ORD-00515,PROD-0149,4,47.84,10
OI-003071,ORD-00515,PROD-0037,4,466.97,0
OI-003072,ORD-02934,PROD-0134,3,34.96,10
OI-003073,ORD-02934,PROD-0046,1,153.68,0
OI-003074,ORD-02883,PROD-0080,2,400.14,0
OI-003075,ORD-02883,PROD-0098,1,34.08,0
OI-003076,ORD-02883,PROD-0061,2,120.58,0
OI-003077,ORD-02147,PROD-0007,3,345.67,0
OI-003078,ORD-02869,PROD-0058,1,46.56,0
OI-003079,ORD-02869,PROD-0072,1,192.88,20
OI-003080,ORD-02277,PROD-0052,3,13.61,0
OI-003081,ORD-02277,PROD-0105,1,203.08,0
OI-003082,ORD-02277,PROD-0044,3,372.73,15
OI-003083,ORD-02277,PROD-0141,1,32.78,5
OI-003084,ORD-00842,PROD-0143,1,43.22,0
OI-003085,ORD-00842,PROD-0049,2,245.66,0
OI-003086,ORD-00753,PROD-0001,2,29.56,30
OI-003087,ORD-00075,PROD-0106,1,30.16,5
OI-003088,ORD-00075,PROD-0110,4,210.01,5
OI-003089,ORD-02023,PROD-0096,3,17.93,0
OI-003090,ORD-00340,PROD-0015,2,268.26,0
OI-003091,ORD-00460,PROD-0101,1,524.16,0
OI-003092,ORD-00460,PROD-0128,1,25.49,0
OI-003093,ORD-00460,PROD-0037,1,454.18,0
OI-003094,ORD-02202,PROD-0072,3,189.18,5
OI-003095,ORD-02202,PROD-0101,1,587.5,0
OI-003096,ORD-02399,PROD-0100,1,26.56,0
OI-003097,ORD-02399,PROD-0106,1,29.43,5
OI-003098,ORD-02399,PROD-0105,2,200.86,0
OI-003099,ORD-00541,PROD-0037,1,474.31,10
OI-003100,ORD-02495,PROD-0018,1,330.92,0
OI-003101,ORD-00524,PROD-0114,2,214.04,0
OI-003102,ORD-01309,PROD-0039,3,476.32,5
OI-003103,ORD-01309,PROD-0010,1,28.0,25
OI-003104,ORD-00535,PROD-0143,2,45.48,10
OI-003105,ORD-00870,PROD-0048,1,88.3,20
OI-003106,ORD-02620,PROD-0147,2,17.39,5
OI-003107,ORD-00981,PROD-0119,1,312.66,0
OI-003108,ORD-02100,PROD-0115,2,236.7,10
OI-003109,ORD-00811,PROD-0103,3,498.86,0
OI-003110,ORD-00811,PROD-0011,2,6.12,0
OI-003111,ORD-02036,PROD-0110,2,224.89,0
OI-003112,ORD-02036,PROD-0096,1,17.54,10
OI-003113,ORD-02036,PROD-0066,1,85.23,0
OI-003114,ORD-02036,PROD-0147,1,17.35,0
OI-003115,ORD-02561,PROD-0121,2,7.32,5
OI-003116,ORD-00691,PROD-0103,1,472.01,10
OI-003117,ORD-00691,PROD-0044,0,414.5,0
OI-003118,ORD-00723,PROD-0078,1,115.18,5
OI-003119,ORD-00723,PROD-0093,2,184.2,15
OI-003120,ORD-00723,PROD-0014,1,16.34,0
OI-003121,ORD-00723,PROD-0134,1,33.67,0
OI-003122,ORD-01766,PROD-0066,2,91.32,20
OI-003123,ORD-01766,PROD-0081,2,196.3,5
OI-003124,ORD-01667,PROD-0083,1,176.71,0
OI-003125,ORD-01667,PROD-0084,3,414.45,10
OI-003126,ORD-01667,PROD-0029,2,28.75,0
OI-003127,ORD-01667,PROD-0030,2,440.11,20
OI-003128,ORD-01387,PROD-0012,1,269.59,20
OI-003129,ORD-01387,PROD-0034,1,62.53,0
OI-003130,ORD-01151,PROD-0067,10,231.69,5
OI-003131,ORD-01151,PROD-0006,1,33.75,15
OI-003132,ORD-00790,PROD-0146,3,603.84,0
OI-003133,ORD-02505,PROD-0107,2,457.83,15
OI-003134,ORD-02505,PROD-0046,1,168.47,0
OI-003135,ORD-00943,PROD-0050,2,48.5,15
OI-003136,ORD-00943,PROD-0046,2,179.18,0
OI-003137,ORD-01701,PROD-0006,1,33.3,0
OI-003138,ORD-01365,PROD-0019,1,268.0,0
OI-003139,ORD-01335,PROD-0139,5,137.67,10
OI-003140,ORD-01335,PROD-0081,2,183.61,0
OI-003141,ORD-00818,PROD-0010,1,28.06,0
OI-003142,ORD-00818,PROD-0088,1,54.09,30
OI-003143,ORD-00818,PROD-0014,1,15.26,10
OI-003144,ORD-02863,PROD-0008,1,251.46,15
OI-003145,ORD-00921,PROD-0107,2,475.37,0
OI-003146,ORD-00921,PROD-0068,3,28.55,25
OI-003147,ORD-00921,PROD-0142,10,157.17,5
OI-003148,ORD-00921,PROD-0067,2,241.81,0
OI-003149,ORD-01505,PROD-0113,2,69.08,20
OI-003150,ORD-02222,PROD-0065,1,20.65,20
OI-003151,ORD-02222,PROD-0058,1,48.43,25
OI-003152,ORD-02222,PROD-0103,10,440.51,0
OI-003153,ORD-02412,PROD-0086,4,88.27,15
OI-003154,ORD-02412,PROD-0015,1,284.46,0
OI-003155,ORD-02412,PROD-0047,1,412.32,15
OI-003156,ORD-00789,PROD-0082,4,16.2,5
OI-003157,ORD-02082,PROD-0012,2,313.67,0
OI-003158,ORD-00672,PROD-0011,1,5.59,0
OI-003159,ORD-01741,PROD-0036,2,871.85,0
OI-003160,ORD-02340,PROD-0038,2,283.28,0
OI-003161,ORD-02340,PROD-0011,2,5.7,0
OI-003162,ORD-02340,PROD-0113,3,69.75,0
OI-003163,ORD-02091,PROD-0015,10,291.06,20
OI-003164,ORD-00501,PROD-0032,1,458.67,0
OI-003165,ORD-00501,PROD-0086,1,96.53,5
OI-003166,ORD-00501,PROD-0055,1,29.7,0
OI-003167,ORD-01027,PROD-0018,1,297.77,5
OI-003168,ORD-01027,PROD-0116,2,271.71,0
OI-003169,ORD-01016,PROD-0067,2,241.11,15
OI-003170,ORD-01016,PROD-0012,1,282.43,10
OI-003171,ORD-01016,PROD-0149,2,50.66,15
OI-003172,ORD-01699,PROD-0219,1,139.34,5
OI-003173,ORD-01067,PROD-0034,1,66.82,0
OI-003174,ORD-01868,PROD-0128,1,28.71,15
OI-003175,ORD-01868,PROD-0149,1,46.43,20
OI-003176,ORD-01868,PROD-0145,1,133.88,0
OI-003177,ORD-01828,PROD-0115,2,212.69,0
OI-003178,ORD-02108,PROD-0144,2,10.99,30
OI-003179,ORD-00848,PROD-0125,1,184.93,15
OI-003180,ORD-00848,PROD-0084,1,434.2,0
OI-003181,ORD-00848,PROD-0077,3,36.5,5
OI-003182,ORD-02311,PROD-0127,1,836.03,0
OI-003183,ORD-02311,PROD-0086,5,94.99,10
OI-003184,ORD-00418,PROD-0015,1,266.66,5
OI-003185,ORD-00132,PROD-0027,1,428.58,0
OI-003186,ORD-01459,PROD-0080,1,359.67,15
OI-003187,ORD-01459,PROD-0065,1,22.72,0
OI-003188,ORD-01384,PROD-0099,1,947.6,15
OI-003189,ORD-01384,PROD-0062,1,222.44,0
OI-003190,ORD-02571,PROD-0049,1,256.68,0
OI-003191,ORD-02571,PROD-0009,1,159.33,0
OI-003192,ORD-02007,PROD-0042,1,192.27,0
OI-003193,ORD-00553,PROD-0023,1,16.25,0
OI-003194,ORD-00553,PROD-0133,2,608.84,5
OI-003195,ORD-01143,PROD-0079,10,43.85,0
OI-003196,ORD-01143,PROD-0041,1,42.06,0
OI-003197,ORD-01143,PROD-0060,1,61.69,0
OI-003198,ORD-01448,PROD-0006,1,34.37,20
OI-003199,ORD-01448,PROD-0094,2,69.47,0
OI-003200,ORD-02772,PROD-0150,1,311.18,10
OI-003201,ORD-02772,PROD-0087,2,204.31,0
OI-003202,ORD-02772,PROD-0122,1,730.24,0
OI-003203,ORD-02772,PROD-0107,1,425.13,0
OI-003204,ORD-00472,PROD-0007,1,353.04,20
OI-003205,ORD-00426,PROD-0056,1,161.23,10
OI-003206,ORD-00958,PROD-0058,1,52.85,0
OI-003207,ORD-00464,PROD-0124,2,15.26,15
OI-003208,ORD-00108,PROD-0028,1,265.82,30
OI-003209,ORD-00108,PROD-0150,2,326.94,5
OI-003210,ORD-01626,PROD-0130,1,84.12,0
OI-003211,ORD-02744,PROD-0103,5,464.32,0
OI-003212,ORD-01005,PROD-0083,3,168.32,0
OI-003213,ORD-01005,PROD-0041,1,43.89,0
OI-003214,ORD-01005,PROD-0138,2,169.31,0
OI-003215,ORD-02258,PROD-0129,1,98.12,10
OI-003216,ORD-01724,PROD-0149,1,42.91,10
OI-003217,ORD-01724,PROD-0033,1,142.32,0
OI-003218,ORD-00546,PROD-0085,5,67.37,0
OI-003219,ORD-00280,PROD-0042,2,173.34,10
OI-003220,ORD-01323,PROD-0094,1,65.03,15
OI-003221,ORD-01291,PROD-0006,2,33.44,0
OI-003222,ORD-01291,PROD-0081,2,169.65,5
OI-003223,ORD-01291,PROD-0135,2,20.07,0
OI-003224,ORD-01332,PROD-0139,2,130.21,0
OI-003225,ORD-02901,PROD-0047,2,435.36,0
OI-003226,ORD-02901,PROD-0112,3,162.73,15
OI-003227,ORD-01672,PROD-0094,10,72.24,0
OI-003228,ORD-02544,PROD-0081,1,196.2,0
OI-003229,ORD-02976,PROD-0051,1,23.5,0
OI-003230,ORD-02976,PROD-0120,2,918.98,15
OI-003231,ORD-02976,PROD-0017,1,17.8,0
OI-003232,ORD-00285,PROD-0396,1,93.24,0
OI-003233,ORD-00285,PROD-0020,1,412.99,5
OI-003234,ORD-00373,PROD-0121,1,7.96,10
OI-003235,ORD-00373,PROD-0035,5,85.14,0
OI-003236,ORD-00373,PROD-0150,1,348.92,15
OI-003237,ORD-00373,PROD-0096,2,19.76,5
OI-003238,ORD-02743,PROD-0144,1,10.1,0
OI-003239,ORD-02209,PROD-0078,1,121.97,0
OI-003240,ORD-02209,PROD-0117,1,41.5,0
OI-003241,ORD-02209,PROD-0121,2,7.11,0
OI-003242,ORD-02209,PROD-0059,3,161.8,0
OI-003243,ORD-00250,PROD-0073,3,227.11,15
OI-003244,ORD-00131,PROD-0099,1,831.2,15
OI-003245,ORD-00131,PROD-0021,2,179.01,0
OI-003246,ORD-01064,PROD-0113,3,66.19,15
OI-003247,ORD-01368,PROD-0073,3,188.84,0
OI-003248,ORD-01368,PROD-0047,1,499.79,20
OI-003249,ORD-01368,PROD-0130,2,74.46,0
OI-003250,ORD-01368,PROD-0054,10,37.97,10
OI-003251,ORD-01368,PROD-0149,2,43.95,0
OI-003252,ORD-02320,PROD-0041,1,39.29,0
OI-003253,ORD-02320,PROD-0120,3,805.74,15
OI-003254,ORD-00800,PROD-0066,2,99.34,0
OI-003255,ORD-00800,PROD-0028,0,294.17,5
OI-003256,ORD-00800,PROD-0085,4,58.98,0
OI-003257,ORD-00800,PROD-0103,2,495.72,0
OI-003258,ORD-00800,PROD-0014,1,16.29,10
OI-003259,ORD-00796,PROD-0030,1,369.65,0
OI-003260,ORD-00796,PROD-0074,0,114.8,10
OI-003261,ORD-02755,PROD-0128,1,26.22,0
OI-003262,ORD-02755,PROD-0143,1,44.46,0
OI-003263,ORD-02755,PROD-0038,1,291.92,0
OI-003264,ORD-00550,PROD-0139,1,129.4,0
OI-003265,ORD-02210,PROD-0027,3,434.36,0
OI-003266,ORD-01158,PROD-0010,2,28.86,0
OI-003267,ORD-01138,PROD-0007,4,348.5,5
OI-003268,ORD-02745,PROD-0136,2,705.4,10
OI-003269,ORD-02745,PROD-0067,2,259.55,0
OI-003270,ORD-01729,PROD-0080,1,406.8,15
OI-003271,ORD-00776,PROD-0102,1,601.34,0
OI-003272,ORD-00776,PROD-0003,1,74.09,0
OI-003273,ORD-00776,PROD-0050,1,45.2,15
OI-003274,ORD-02826,PROD-0097,2,145.86,0
OI-003275,ORD-02826,PROD-0058,3,53.04,0
OI-003276,ORD-02826,PROD-0131,1,56.93,0
OI-003277,ORD-02826,PROD-0063,1,114.73,0
OI-003278,ORD-02826,PROD-0090,1,39.5,0
OI-003279,ORD-01924,PROD-0048,1,89.31,20
OI-003280,ORD-02125,PROD-0133,1,627.94,0
OI-003281,ORD-02125,PROD-0048,1,83.38,15
OI-003282,ORD-00572,PROD-0103,1,444.12,0
OI-003283,ORD-00572,PROD-0035,1,96.45,10
OI-003284,ORD-00572,PROD-0017,2,18.57,0
OI-003285,ORD-00572,PROD-0031,1,716.37,0
OI-003286,ORD-02940,PROD-0016,3,861.91,0
OI-003287,ORD-02613,PROD-0116,0,254.41,0
OI-003288,ORD-02613,PROD-0079,1,46.43,0
OI-003289,ORD-02824,PROD-0119,1,281.62,10
OI-003290,ORD-02824,PROD-0007,1,352.06,15
OI-003291,ORD-02824,PROD-0001,2,33.13,25
OI-003292,ORD-02824,PROD-0019,4,268.62,0
OI-003293,ORD-01339,PROD-0014,1,14.06,0
OI-003294,ORD-01339,PROD-0047,3,425.08,0
OI-003295,ORD-00637,PROD-0005,2,22.73,0
OI-003296,ORD-00827,PROD-0078,2,134.12,0
OI-003297,ORD-00827,PROD-0018,3,300.01,0
OI-003298,ORD-00827,PROD-0043,1,153.34,0
OI-003299,ORD-00827,PROD-0133,1,571.51,0
OI-003300,ORD-00827,PROD-0011,1,5.7,5
OI-003301,ORD-00896,PROD-0004,2,262.86,0
OI-003302,ORD-02109,PROD-0117,2,42.53,10
OI-003303,ORD-02092,PROD-0017,1,19.64,25
OI-003304,ORD-02862,PROD-0067,1,228.56,5
OI-003305,ORD-02862,PROD-0072,5,169.08,0
OI-003306,ORD-02862,PROD-0130,5,85.07,0
OI-003307,ORD-02862,PROD-0027,1,477.23,5
OI-003308,ORD-00511,PROD-0111,1,376.49,0
OI-003309,ORD-02712,PROD-0065,1,22.58,0
OI-003310,ORD-02316,PROD-0116,3,248.0,0
OI-003311,ORD-02316,PROD-0029,1,34.14,10
OI-003312,ORD-02316,PROD-0134,2,30.72,30
OI-003313,ORD-02316,PROD-0052,1,11.88,25
OI-003314,ORD-02316,PROD-0019,1,306.47,0
OI-003315,ORD-02433,PROD-0030,2,432.58,15
OI-003316,ORD-02831,PROD-0109,1,114.09,0
OI-003317,ORD-01675,PROD-0076,1,46.03,0
OI-003318,ORD-01675,PROD-0056,1,169.53,15
OI-003319,ORD-01675,PROD-0051,2,24.99,0
OI-003320,ORD-01582,PROD-0042,2,172.28,5
OI-003321,ORD-01582,PROD-0093,4,154.71,0
OI-003322,ORD-02531,PROD-0096,4,18.45,0
OI-003323,ORD-02531,PROD-0032,1,451.45,0
OI-003324,ORD-02531,PROD-0122,1,693.17,0
OI-003325,ORD-02840,PROD-0132,2,300.58,0
OI-003326,ORD-02840,PROD-0081,1,174.99,0
OI-003327,ORD-00627,PROD-0005,4,24.09,25
OI-003328,ORD-00627,PROD-0069,5,8.36,0
OI-003329,ORD-00627,PROD-0039,1,440.02,-5
OI-003330,ORD-00627,PROD-0139,1,118.25,0
OI-003331,ORD-00627,PROD-0043,1,157.31,0
OI-003332,ORD-01704,PROD-0052,2,12.7,0
OI-003333,ORD-01704,PROD-0149,1,51.7,10
OI-003334,ORD-01925,PROD-0111,2,375.93,0
OI-003335,ORD-01925,PROD-0093,2,178.37,0
OI-003336,ORD-01925,PROD-0062,1,226.67,10
OI-003337,ORD-00914,PROD-0100,1,27.68,0
OI-003338,ORD-00914,PROD-0059,1,162.27,0
OI-003339,ORD-02803,PROD-0024,1,66.93,20
OI-003340,ORD-00795,PROD-0147,1,18.73,0
OI-003341,ORD-00795,PROD-0005,1,22.16,0
OI-003342,ORD-00638,PROD-0086,1,99.96,0
OI-003343,ORD-00638,PROD-0116,1,246.37,0
OI-003344,ORD-01839,PROD-0071,1,443.45,0
OI-003345,ORD-01839,PROD-0123,1,43.16,-19
OI-003346,ORD-01161,PROD-0039,1,438.87,0
OI-003347,ORD-01249,PROD-0033,2,154.95,0
OI-003348,ORD-02814,PROD-0089,1,301.3,0
OI-003349,ORD-02939,PROD-0099,1,892.88,0
OI-003350,ORD-02939,PROD-0061,2,140.19,0
OI-003351,ORD-01953,PROD-0062,3,233.62,10
OI-003352,ORD-00972,PROD-0077,1,39.48,0
OI-003353,ORD-00972,PROD-0148,1,196.3,5
OI-003354,ORD-02451,PROD-0026,1,14.01,15
OI-003355,ORD-02451,PROD-0015,1,313.36,15
OI-003356,ORD-02068,PROD-0145,1,144.16,0
OI-003357,ORD-02238,PROD-0120,5,852.58,15
OI-003358,ORD-02238,PROD-0005,1,25.1,0
OI-003359,ORD-02238,PROD-0007,2,325.77,0
OI-003360,ORD-02746,PROD-0038,2,296.44,0
OI-003361,ORD-01062,PROD-0133,4,619.35,0
OI-003362,ORD-00671,PROD-0132,1,312.94,0
OI-003363,ORD-00671,PROD-0117,1,44.03,0
OI-003364,ORD-02140,PROD-0128,2,25.85,10
OI-003365,ORD-02140,PROD-0042,1,169.33,0
OI-003366,ORD-01217,PROD-0081,1,170.98,20
OI-003367,ORD-01217,PROD-0033,4,160.24,0
OI-003368,ORD-02684,PROD-0068,2,25.78,10
OI-003369,ORD-02684,PROD-0013,2,46.34,0
OI-003370,ORD-02219,PROD-0013,1,49.79,-18
OI-003371,ORD-02219,PROD-0087,2,205.46,5
OI-003372,ORD-00833,PROD-0100,1,29.44,20
OI-003373,ORD-00833,PROD-0016,2,988.23,0
OI-003374,ORD-02903,PROD-0135,1,19.53,0
OI-003375,ORD-01228,PROD-0032,4,487.66,0
OI-003376,ORD-01228,PROD-0148,1,173.88,0
OI-003377,ORD-01014,PROD-0147,2,19.21,10
OI-003378,ORD-01560,PROD-0079,2,43.36,0
OI-003379,ORD-02592,PROD-0032,1,438.61,0
OI-003380,ORD-02592,PROD-0148,1,186.15,0
OI-003381,ORD-02592,PROD-0050,1,51.27,0
OI-003382,ORD-02592,PROD-0012,2,325.56,0
OI-003383,ORD-02044,PROD-0141,1,30.28,0
OI-003384,ORD-02044,PROD-0133,1,566.03,10
OI-003385,ORD-02254,PROD-0099,5,867.87,25
OI-003386,ORD-01570,PROD-0009,2,186.48,0
OI-003387,ORD-01570,PROD-0076,2,51.59,0
OI-003388,ORD-01570,PROD-0059,1,151.08,0
OI-003389,ORD-01570,PROD-0073,1,195.68,0
OI-003390,ORD-00398,PROD-0087,3,206.38,0
OI-003391,ORD-00398,PROD-0010,1,25.24,0
OI-003392,ORD-00398,PROD-0098,2,35.71,0
OI-003393,ORD-01145,PROD-0094,1,65.7,0
OI-003394,ORD-01328,PROD-0097,5,126.49,10
OI-003395,ORD-01328,PROD-0106,1,26.37,0
OI-003396,ORD-01328,PROD-0005,2,26.02,5
OI-003397,ORD-01328,PROD-0027,1,450.41,0
OI-003398,ORD-02631,PROD-0104,1,167.12,10
OI-003399,ORD-02631,PROD-0150,0,347.66,0
OI-003400,ORD-00528,PROD-0054,1,35.18,0
OI-003401,ORD-00528,PROD-0016,1,968.48,20
OI-003402,ORD-01753,PROD-0019,3,286.61,0
OI-003403,ORD-02038,PROD-0150,1,332.37,0
OI-003404,ORD-02038,PROD-0129,1,91.58,30
OI-003405,ORD-02038,PROD-0065,3,21.0,30
OI-003406,ORD-02038,PROD-0074,10,122.92,15
OI-003407,ORD-02038,PROD-0123,1,47.06,30
OI-003408,ORD-02730,PROD-0146,2,579.5,15
OI-003409,ORD-02730,PROD-0033,1,134.0,0
OI-003410,ORD-01950,PROD-0062,4,264.49,5
OI-003411,ORD-02001,PROD-0132,1,282.7,0
OI-003412,ORD-00305,PROD-0115,2,216.37,0
OI-003413,ORD-00570,PROD-0076,1,48.93,15
OI-003414,ORD-00570,PROD-0022,1,145.48,15
OI-003415,ORD-00570,PROD-0136,1,732.54,25
OI-003416,ORD-00570,PROD-0109,3,112.09,0
OI-003417,ORD-00985,PROD-0038,1,256.81,5
OI-003418,ORD-00985,PROD-0083,2,178.16,0
OI-003419,ORD-00599,PROD-0027,1,405.94,10
OI-003420,ORD-02064,PROD-0124,1,16.0,0
OI-003421,ORD-02417,PROD-0071,2,504.81,10
OI-003422,ORD-02417,PROD-0114,3,208.23,0
OI-003423,ORD-01736,PROD-0130,1,79.04,25
OI-003424,ORD-01736,PROD-0108,1,276.92,0
OI-003425,ORD-02815,PROD-0038,3,261.45,10
OI-003426,ORD-02815,PROD-0123,3,47.69,15
OI-003427,ORD-02815,PROD-0033,2,151.66,0
OI-003428,ORD-02815,PROD-0104,2,163.53,10
OI-003429,ORD-00382,PROD-0086,1,92.86,10
OI-003430,ORD-01980,PROD-0070,3,366.99,0
OI-003431,ORD-01980,PROD-0010,3,28.34,10
OI-003432,ORD-01980,PROD-0021,1,176.19,0
OI-003433,ORD-00381,PROD-0020,1,414.43,25
OI-003434,ORD-00381,PROD-0018,1,314.18,5
OI-003435,ORD-00381,PROD-0127,3,810.07,10
OI-003436,ORD-00381,PROD-0143,10,42.26,0
OI-003437,ORD-00190,PROD-0087,5,220.4,5
OI-003438,ORD-01772,PROD-0143,1,45.96,0
OI-003439,ORD-02267,PROD-0137,1,170.02,0
OI-003440,ORD-02267,PROD-0104,3,165.99,0
OI-003441,ORD-02267,PROD-0075,1,39.76,30
OI-003442,ORD-02972,PROD-0099,2,915.03,0
OI-003443,ORD-00477,PROD-0091,1,455.02,30
OI-003444,ORD-00477,PROD-0044,2,418.47,0
OI-003445,ORD-01114,PROD-0049,1,273.03,10
OI-003446,ORD-01114,PROD-0071,1,477.91,0
OI-003447,ORD-00017,PROD-0042,1,180.78,30
OI-003448,ORD-01514,PROD-0002,2,108.74,0
OI-003449,ORD-01514,PROD-0035,3,88.66,0
OI-003450,ORD-02871,PROD-0148,1,171.76,0
OI-003451,ORD-02871,PROD-0096,10,20.99,25
OI-003452,ORD-02285,PROD-0405,2,54.99,0
OI-003453,ORD-02285,PROD-0149,2,48.3,0
OI-003454,ORD-01532,PROD-0018,1,345.08,0
OI-003455,ORD-01532,PROD-0008,1,240.74,0
OI-003456,ORD-01532,PROD-0138,2,174.65,0
OI-003457,ORD-02563,PROD-0487,5,15.91,5
OI-003458,ORD-02563,PROD-0045,10,46.2,20
OI-003459,ORD-02563,PROD-0037,1,525.88,0
OI-003460,ORD-02297,PROD-0048,10,94.04,10
OI-003461,ORD-02297,PROD-0132,1,303.53,0
OI-003462,ORD-02297,PROD-0072,1,165.46,15
OI-003463,ORD-00886,PROD-0085,2,56.06,15
OI-003464,ORD-00886,PROD-0092,2,39.15,0
OI-003465,ORD-00928,PROD-0127,1,872.35,0
OI-003466,ORD-00928,PROD-0040,1,42.65,30
OI-003467,ORD-02314,PROD-0105,1,231.7,30
OI-003468,ORD-02314,PROD-0075,1,38.54,0
OI-003469,ORD-02314,PROD-0112,3,145.01,0
OI-003470,ORD-00845,PROD-0041,3,43.16,0
OI-003471,ORD-00845,PROD-0105,1,223.53,0
OI-003472,ORD-01549,PROD-0042,1,173.96,0
OI-003473,ORD-02597,PROD-0050,1,49.55,20
OI-003474,ORD-00204,PROD-0092,2,33.21,0
OI-003475,ORD-01065,PROD-0038,5,294.65,10
OI-003476,ORD-01065,PROD-0118,4,195.48,0
OI-003477,ORD-00922,PROD-0112,4,148.64,0
OI-003478,ORD-00922,PROD-0091,1,423.01,0
OI-003479,ORD-00581,PROD-0019,1,270.37,0
OI-003480,ORD-02935,PROD-0112,2,154.98,-6
OI-003481,ORD-02935,PROD-0057,3,45.25,15
OI-003482,ORD-02935,PROD-0077,1,43.62,5
OI-003483,ORD-02391,PROD-0114,3,199.32,20
OI-003484,ORD-00433,PROD-0147,1,16.63,0
OI-003485,ORD-01260,PROD-0094,1,69.98,5
OI-003486,ORD-01260,PROD-0024,1,70.57,0
OI-003487,ORD-01260,PROD-0149,2,45.35,0
OI-003488,ORD-01091,PROD-0097,2,132.94,0
OI-003489,ORD-01091,PROD-0024,1,66.49,20
OI-003490,ORD-01147,PROD-0004,1,235.82,0
OI-003491,ORD-01147,PROD-0091,1,478.79,10
OI-003492,ORD-01147,PROD-0031,1,707.28,0
OI-003493,ORD-02364,PROD-0014,1,16.19,25
OI-003494,ORD-02364,PROD-0075,1,36.92,0
OI-003495,ORD-02364,PROD-0091,1,485.46,0
OI-003496,ORD-02364,PROD-0066,1,92.31,0
OI-003497,ORD-02055,PROD-0055,10,29.79,0
OI-003498,ORD-00348,PROD-0077,1,41.91,0
OI-003499,ORD-00348,PROD-0083,1,178.0,0
OI-003500,ORD-00348,PROD-0093,1,170.17,15
OI-003501,ORD-00348,PROD-0045,4,52.32,0
OI-003502,ORD-00348,PROD-0056,1,156.36,0
OI-003503,ORD-02381,PROD-0012,2,289.27,0
OI-003504,ORD-02693,PROD-0032,1,411.33,0
OI-003505,ORD-02693,PROD-0140,1,198.22,15
OI-003506,ORD-02693,PROD-0128,5,24.57,0
OI-003507,ORD-02693,PROD-0054,2,35.67,0
OI-003508,ORD-01304,PROD-0102,4,514.88,0
OI-003509,ORD-02668,PROD-0020,10,373.78,0
OI-003510,ORD-02668,PROD-0100,1,30.06,20
OI-003511,ORD-02668,PROD-0021,1,178.48,0
OI-003512,ORD-02400,PROD-0075,1,33.56,0
OI-003513,ORD-00484,PROD-0066,5,94.55,0
OI-003514,ORD-01371,PROD-0052,3,12.26,25
OI-003515,ORD-01371,PROD-0071,1,423.86,-16
OI-003516,ORD-02353,PROD-0087,5,222.03,0
OI-003517,ORD-00005,PROD-0097,1,149.27,0
OI-003518,ORD-00005,PROD-0087,1,192.52,10
OI-003519,ORD-00005,PROD-0145,1,142.22,0
OI-003520,ORD-00005,PROD-0104,1,181.55,10
OI-003521,ORD-00005,PROD-0133,1,586.16,0
OI-003522,ORD-02028,PROD-0022,1,145.07,15
OI-003523,ORD-02722,PROD-0067,1,220.76,15
OI-003524,ORD-02722,PROD-0137,4,150.28,0
OI-003525,ORD-02722,PROD-0098,1,33.67,0
OI-003526,ORD-02722,PROD-0005,1,22.73,0
OI-003527,ORD-01204,PROD-0040,1,45.97,0
OI-003528,ORD-01204,PROD-0140,2,188.16,0
OI-003529,ORD-01204,PROD-0100,1,29.58,0
OI-003530,ORD-01204,PROD-0029,2,31.21,5
OI-003531,ORD-01024,PROD-0066,3,95.67,15
OI-003532,ORD-01024,PROD-0139,1,123.18,0
OI-003533,ORD-00498,PROD-0133,1,589.48,0
OI-003534,ORD-00498,PROD-0134,3,32.05,0
OI-003535,ORD-00498,PROD-0021,5,171.76,0
OI-003536,ORD-00888,PROD-0115,1,207.96,0
OI-003537,ORD-01169,PROD-0030,3,421.64,0
OI-003538,ORD-01900,PROD-0097,1,131.75,15
OI-003539,ORD-01450,PROD-0068,4,26.55,0
OI-003540,ORD-01450,PROD-0093,1,183.64,20
OI-003541,ORD-01957,PROD-0042,1,195.89,20
OI-003542,ORD-01957,PROD-0079,3,46.22,10
OI-003543,ORD-01503,PROD-0129,1,90.19,0
OI-003544,ORD-01855,PROD-0032,2,407.01,10
OI-003545,ORD-02022,PROD-0057,10,45.72,10
OI-003546,ORD-02022,PROD-0114,10,195.67,5
OI-003547,ORD-02022,PROD-0111,2,353.05,0
OI-003548,ORD-02839,PROD-0060,3,51.88,20
OI-003549,ORD-02839,PROD-0133,5,560.85,15
OI-003550,ORD-01903,PROD-0009,1,182.83,0
OI-003551,ORD-01903,PROD-0081,3,192.35,0
OI-003552,ORD-02459,PROD-0046,3,167.21,0
OI-003553,ORD-02459,PROD-0145,1,145.7,5
OI-003554,ORD-00068,PROD-0110,2,192.11,5
OI-003555,ORD-00068,PROD-0091,5,492.64,10
OI-003556,ORD-00100,PROD-0031,1,715.78,0
OI-003557,ORD-00100,PROD-0122,1,742.32,0
OI-003558,ORD-01880,PROD-0055,1,29.23,0
OI-003559,ORD-00832,PROD-0117,3,41.42,0
OI-003560,ORD-00332,PROD-0018,2,305.32,0
OI-003561,ORD-00090,PROD-0032,1,484.76,0
OI-003562,ORD-00090,PROD-0001,3,34.37,0
OI-003563,ORD-00355,PROD-0096,1,19.78,5
OI-003564,ORD-00355,PROD-0087,1,191.61,0
OI-003565,ORD-02203,PROD-0013,3,47.08,0
OI-003566,ORD-02203,PROD-0074,5,113.54,15
OI-003567,ORD-02203,PROD-0067,2,257.51,0
OI-003568,ORD-02203,PROD-0030,1,383.68,0
OI-003569,ORD-02156,PROD-0090,1,42.57,5
OI-003570,ORD-02156,PROD-0032,1,484.61,30
OI-003571,ORD-02747,PROD-0141,2,32.43,0
OI-003572,ORD-00191,PROD-0099,1,893.91,0
OI-003573,ORD-00191,PROD-0110,1,226.94,10
OI-003574,ORD-00191,PROD-0023,2,17.38,0
OI-003575,ORD-00161,PROD-0072,1,171.53,20
OI-003576,ORD-01224,PROD-0083,1,176.24,15
OI-003577,ORD-01224,PROD-0092,1,38.41,0
OI-003578,ORD-01224,PROD-0142,3,158.45,0
OI-003579,ORD-01224,PROD-0095,2,83.79,0
OI-003580,ORD-00404,PROD-0105,3,209.36,10
OI-003581,ORD-01131,PROD-0084,3,451.15,0
OI-003582,ORD-01131,PROD-0021,2,169.04,0
OI-003583,ORD-01131,PROD-0063,2,99.49,15
OI-003584,ORD-01131,PROD-0066,0,95.16,0
OI-003585,ORD-01562,PROD-0065,2,23.65,0
OI-003586,ORD-01562,PROD-0122,1,732.14,0
OI-003587,ORD-01562,PROD-0039,2,429.34,0
OI-003588,ORD-01562,PROD-0018,1,341.22,0
OI-003589,ORD-01793,PROD-0057,1,42.04,-13
OI-003590,ORD-00762,PROD-0066,1,97.42,15
OI-003591,ORD-02947,PROD-0017,2,16.79,-13
OI-003592,ORD-02947,PROD-0034,1,66.18,25
OI-003593,ORD-02981,PROD-0112,1,137.14,0
OI-003594,ORD-00181,PROD-0121,2,7.76,0
OI-003595,ORD-00181,PROD-0041,1,43.91,0
OI-003596,ORD-00051,PROD-0072,2,180.97,0
OI-003597,ORD-00051,PROD-0052,1,14.04,10
OI-003598,ORD-00051,PROD-0011,1,5.63,-10
OI-003599,ORD-01820,PROD-0050,3,45.0,20
OI-003600,ORD-01820,PROD-0140,1,179.1,0
OI-003601,ORD-01820,PROD-0006,1,31.33,15
OI-003602,ORD-01324,PROD-0134,2,32.46,0
OI-003603,ORD-01324,PROD-0013,1,48.02,0
OI-003604,ORD-00718,PROD-0082,2,16.62,30
OI-003605,ORD-00718,PROD-0058,2,47.92,10
OI-003606,ORD-00718,PROD-0034,3,67.0,0
OI-003607,ORD-02634,PROD-0046,2,179.56,10
OI-003608,ORD-02634,PROD-0008,1,226.55,0
OI-003609,ORD-02634,PROD-0112,1,164.08,0
OI-003610,ORD-02634,PROD-0059,1,161.7,5
OI-003611,ORD-01037,PROD-0075,1,37.18,5
OI-003612,ORD-01061,PROD-0148,1,184.98,10
OI-003613,ORD-01061,PROD-0020,2,377.35,10
OI-003614,ORD-02066,PROD-0084,10,437.92,10
OI-003615,ORD-01073,PROD-0073,1,187.8,10
OI-003616,ORD-01073,PROD-0075,10,39.36,0
OI-003617,ORD-01073,PROD-0099,3,796.49,0
OI-003618,ORD-01073,PROD-0005,1,23.86,10
OI-003619,ORD-02685,PROD-0102,1,576.05,0
OI-003620,ORD-02685,PROD-0108,0,237.84,0
OI-003621,ORD-02685,PROD-0014,2,13.88,15
OI-003622,ORD-00861,PROD-0061,1,144.85,0
OI-003623,ORD-00861,PROD-0109,3,121.09,0
OI-003624,ORD-00861,PROD-0134,2,35.36,0
OI-003625,ORD-00861,PROD-0136,1,757.6,0
OI-003626,ORD-00861,PROD-0090,1,45.62,0
OI-003627,ORD-02624,PROD-0082,1,14.82,0
OI-003628,ORD-02226,PROD-0122,1,695.32,0
OI-003629,ORD-02226,PROD-0067,1,219.05,0
OI-003630,ORD-00141,PROD-0065,2,20.41,0
OI-003631,ORD-00141,PROD-0099,4,891.24,0
OI-003632,ORD-00497,PROD-0062,1,267.48,25
OI-003633,ORD-01397,PROD-0001,1,29.01,15
OI-003634,ORD-02513,PROD-0017,2,19.66,10
OI-003635,ORD-02513,PROD-0039,2,452.72,30
OI-003636,ORD-02513,PROD-0077,1,40.82,0
OI-003637,ORD-02513,PROD-0059,3,157.0,0
OI-003638,ORD-02513,PROD-0073,1,221.1,0
OI-003639,ORD-01595,PROD-0021,1,173.9,0
OI-003640,ORD-01595,PROD-0062,3,243.04,0
OI-003641,ORD-01595,PROD-0061,2,141.09,0
OI-003642,ORD-01595,PROD-0092,5,38.66,0
OI-003643,ORD-00095,PROD-0076,2,49.13,0
OI-003644,ORD-00095,PROD-0087,2,191.01,0
OI-003645,ORD-00095,PROD-0021,1,148.01,0
OI-003646,ORD-00786,PROD-0093,1,178.5,0
OI-003647,ORD-00786,PROD-0066,3,89.42,15
OI-003648,ORD-00786,PROD-0061,3,123.75,20
OI-003649,ORD-00786,PROD-0028,1,310.64,0
OI-003650,ORD-00786,PROD-0059,1,155.29,0
OI-003651,ORD-01795,PROD-0108,1,233.85,0
OI-003652,ORD-02441,PROD-0095,2,83.46,0
OI-003653,ORD-02441,PROD-0150,1,310.76,10
OI-003654,ORD-02441,PROD-0055,4,27.82,15
OI-003655,ORD-02441,PROD-0022,2,162.47,15
OI-003656,ORD-02280,PROD-0131,1,59.07,5
OI-003657,ORD-00475,PROD-0061,1,146.35,15
OI-003658,ORD-01195,PROD-0064,4,335.53,0
OI-003659,ORD-01195,PROD-0116,1,259.43,0
OI-003660,ORD-00936,PROD-0046,1,157.19,20
OI-003661,ORD-00936,PROD-0136,2,703.25,0
OI-003662,ORD-01186,PROD-0048,2,95.91,0
OI-003663,ORD-01186,PROD-0066,10,100.27,20
OI-003664,ORD-01186,PROD-0142,1,157.55,0
OI-003665,ORD-02662,PROD-0049,2,232.88,20
OI-003666,ORD-02662,PROD-0097,1,147.89,0
OI-003667,ORD-02662,PROD-0138,3,202.42,0
OI-003668,ORD-01282,PROD-0049,2,248.48,0
OI-003669,ORD-01282,PROD-0130,2,78.15,30
OI-003670,ORD-00192,PROD-0075,1,35.31,5
OI-003671,ORD-00325,PROD-0090,1,39.2,0
OI-003672,ORD-02969,PROD-0055,3,29.12,0
OI-003673,ORD-00658,PROD-0091,1,470.26,15
OI-003674,ORD-00658,PROD-0078,1,133.24,0
OI-003675,ORD-00658,PROD-0137,2,151.63,10
OI-003676,ORD-00658,PROD-0083,1,164.94,25
OI-003677,ORD-02348,PROD-0004,2,258.13,0
OI-003678,ORD-00966,PROD-0057,1,47.41,10
OI-003679,ORD-02422,PROD-0065,1,20.36,10
OI-003680,ORD-01845,PROD-0008,1,258.96,0
OI-003681,ORD-00759,PROD-0059,2,149.67,0
OI-003682,ORD-00759,PROD-0109,2,122.18,0
OI-003683,ORD-00759,PROD-0038,1,290.91,0
OI-003684,ORD-00759,PROD-0039,1,441.82,0
OI-003685,ORD-02842,PROD-0087,1,213.98,0
OI-003686,ORD-02842,PROD-0075,1,33.24,0
OI-003687,ORD-02842,PROD-0121,1,7.05,0
OI-003688,ORD-02842,PROD-0145,1,147.71,0
OI-003689,ORD-02842,PROD-0033,1,159.36,10
OI-003690,ORD-02576,PROD-0070,2,338.7,0
OI-003691,ORD-02576,PROD-0054,3,35.49,0
OI-003692,ORD-02576,PROD-0136,1,676.65,30
OI-003693,ORD-02014,PROD-0086,1,96.07,10
OI-003694,ORD-00412,PROD-0117,2,46.07,5
OI-003695,ORD-02964,PROD-0064,1,296.0,0
OI-003696,ORD-00105,PROD-0041,3,41.06,0
OI-003697,ORD-01470,PROD-0027,1,479.46,0
OI-003698,ORD-01470,PROD-0102,1,533.4,10
OI-003699,ORD-01470,PROD-0063,1,103.57,10
OI-003700,ORD-01555,PROD-0010,3,25.42,0
OI-003701,ORD-01555,PROD-0148,1,181.81,0
OI-003702,ORD-01555,PROD-0147,1,18.58,0
OI-003703,ORD-02550,PROD-0048,1,96.9,0
OI-003704,ORD-01030,PROD-0127,2,874.6,0
OI-003705,ORD-01030,PROD-0047,3,494.62,0
OI-003706,ORD-01030,PROD-0063,2,96.38,10
OI-003707,ORD-01030,PROD-0002,2,114.33,10
OI-003708,ORD-01840,PROD-0102,1,594.58,0
OI-003709,ORD-01840,PROD-0046,1,172.39,0
OI-003710,ORD-01840,PROD-0134,3,30.93,15
OI-003711,ORD-01840,PROD-0096,2,18.61,0
OI-003712,ORD-01840,PROD-0039,1,443.03,0
OI-003713,ORD-02307,PROD-0073,1,208.09,10
OI-003714,ORD-02307,PROD-0046,2,165.82,15
OI-003715,ORD-02307,PROD-0147,1,17.35,0
OI-003716,ORD-02307,PROD-0120,1,808.88,0
OI-003717,ORD-02307,PROD-0082,3,16.46,0
OI-003718,ORD-01189,PROD-0069,1,7.94,20
OI-003719,ORD-02336,PROD-0049,1,228.28,0
OI-003720,ORD-01646,PROD-0038,2,306.44,0
OI-003721,ORD-01646,PROD-0049,1,265.86,0
OI-003722,ORD-00618,PROD-0077,1,41.14,0
OI-003723,ORD-00618,PROD-0001,2,33.53,0
OI-003724,ORD-02677,PROD-0098,1,35.56,25
OI-003725,ORD-01554,PROD-0029,1,29.3,10
OI-003726,ORD-00730,PROD-0046,1,171.94,10
OI-003727,ORD-01255,PROD-0035,4,98.25,15
OI-003728,ORD-01255,PROD-0048,1,83.27,0
OI-003729,ORD-01826,PROD-0101,3,606.02,0
OI-003730,ORD-01826,PROD-0037,0,488.96,0
OI-003731,ORD-01826,PROD-0046,3,169.99,0
OI-003732,ORD-01826,PROD-0064,2,335.13,5
OI-003733,ORD-01681,PROD-0147,1,18.14,0
OI-003734,ORD-01681,PROD-0028,2,306.28,10
OI-003735,ORD-01681,PROD-0054,2,38.92,30
OI-003736,ORD-01148,PROD-0001,5,32.68,20
OI-003737,ORD-02352,PROD-0068,2,24.96,5
OI-003738,ORD-01043,PROD-0046,2,173.43,0
OI-003739,ORD-01043,PROD-0053,2,52.82,10
OI-003740,ORD-02289,PROD-0097,1,134.77,10
OI-003741,ORD-02289,PROD-0019,4,312.6,25
OI-003742,ORD-02289,PROD-0005,1,26.46,0
OI-003743,ORD-00850,PROD-0043,1,160.58,0
OI-003744,ORD-01566,PROD-0141,2,32.69,15
OI-003745,ORD-01763,PROD-0035,3,94.18,0
OI-003746,ORD-01763,PROD-0024,1,79.17,5
OI-003747,ORD-01763,PROD-0082,3,14.84,0
OI-003748,ORD-01763,PROD-0005,1,25.74,10
OI-003749,ORD-02588,PROD-0073,4,200.94,10
OI-003750,ORD-02588,PROD-0025,3,164.78,0
OI-003751,ORD-02588,PROD-0063,1,101.64,0
OI-003752,ORD-00991,PROD-0036,1,914.85,0
OI-003753,ORD-01348,PROD-0013,2,41.45,0
OI-003754,ORD-01348,PROD-0003,10,63.03,0
OI-003755,ORD-01348,PROD-0094,1,75.02,5
OI-003756,ORD-01348,PROD-0009,1,181.42,30
OI-003757,ORD-01348,PROD-0145,2,148.61,0
OI-003758,ORD-02636,PROD-0023,1,15.2,0
OI-003759,ORD-00764,PROD-0150,1,305.18,15
OI-003760,ORD-00764,PROD-0147,1,17.86,15
OI-003761,ORD-00417,PROD-0106,0,27.98,15
OI-003762,ORD-00417,PROD-0146,5,681.59,0
OI-003763,ORD-00417,PROD-0018,4,319.29,0
OI-003764,ORD-00417,PROD-0087,2,197.56,0
OI-003765,ORD-00417,PROD-0130,2,76.69,0
OI-003766,ORD-00440,PROD-0097,1,132.18,0
OI-003767,ORD-01359,PROD-0351,3,49.27,15
OI-003768,ORD-01359,PROD-0076,1,49.51,15
OI-003769,ORD-01359,PROD-0146,1,676.52,30
OI-003770,ORD-01359,PROD-0088,2,51.41,0
OI-003771,ORD-01144,PROD-0095,3,73.27,0
OI-003772,ORD-01144,PROD-0109,4,115.67,10
OI-003773,ORD-00869,PROD-0055,1,27.32,0
OI-003774,ORD-00869,PROD-0147,3,17.61,0
OI-003775,ORD-00252,PROD-0105,4,204.05,0
OI-003776,ORD-00384,PROD-0089,1,271.51,0
OI-003777,ORD-00384,PROD-0075,1,34.23,0
OI-003778,ORD-01642,PROD-0121,5,7.31,10
OI-003779,ORD-00892,PROD-0086,1,93.39,5
OI-003780,ORD-02629,PROD-0093,4,180.63,5
OI-003781,ORD-02629,PROD-0101,1,562.45,0
OI-003782,ORD-01998,PROD-0095,3,73.94,10
OI-003783,ORD-01796,PROD-0052,2,11.98,10
OI-003784,ORD-01796,PROD-0026,4,12.89,0
OI-003785,ORD-01796,PROD-0087,10,200.57,5
OI-003786,ORD-01796,PROD-0012,5,297.77,0
OI-003787,ORD-01275,PROD-0096,2,21.16,0
OI-003788,ORD-01275,PROD-0121,2,6.65,0
OI-003789,ORD-01275,PROD-0033,3,158.2,10
OI-003790,ORD-00729,PROD-0069,2,7.8,0
OI-003791,ORD-02312,PROD-0078,3,113.73,0
OI-003792,ORD-02312,PROD-0123,2,48.44,0
OI-003793,ORD-02312,PROD-0004,1,234.5,0
OI-003794,ORD-02312,PROD-0088,1,54.3,5
OI-003795,ORD-00594,PROD-0052,2,12.67,0
OI-003796,ORD-01619,PROD-0094,1,65.25,15
OI-003797,ORD-01619,PROD-0113,4,67.62,5
OI-003798,ORD-01619,PROD-0015,3,262.08,0
OI-003799,ORD-01619,PROD-0026,0,13.06,0
OI-003800,ORD-01619,PROD-0108,1,271.23,25
OI-003801,ORD-02670,PROD-0144,4,11.01,20
OI-003802,ORD-02670,PROD-0134,2,32.49,30
OI-003803,ORD-01139,PROD-0063,2,98.63,0
OI-003804,ORD-01139,PROD-0059,1,161.53,0
OI-003805,ORD-01139,PROD-0139,4,129.04,0
OI-003806,ORD-00689,PROD-0016,5,940.37,0
OI-003807,ORD-00689,PROD-0091,3,463.82,15
OI-003808,ORD-00689,PROD-0109,1,108.34,0
OI-003809,ORD-00689,PROD-0113,2,77.18,30
OI-003810,ORD-02217,PROD-0144,3,10.96,0
OI-003811,ORD-02217,PROD-0011,2,5.19,0
OI-003812,ORD-02217,PROD-0063,1,111.87,0
OI-003813,ORD-01973,PROD-0032,3,422.46,0
OI-003814,ORD-01973,PROD-0045,1,50.23,5
OI-003815,ORD-01973,PROD-0137,1,145.19,5
OI-003816,ORD-02362,PROD-0115,1,219.25,0
OI-003817,ORD-02362,PROD-0060,4,51.73,0
OI-003818,ORD-02362,PROD-0008,1,247.05,0
OI-003819,ORD-00115,PROD-0083,10,158.99,0
OI-003820,ORD-00115,PROD-0019,1,319.81,0
OI-003821,ORD-00102,PROD-0100,1,25.22,10
OI-003822,ORD-00102,PROD-0042,1,161.29,20
OI-003823,ORD-00102,PROD-0073,1,188.4,0
OI-003824,ORD-01678,PROD-0054,2,34.7,0
OI-003825,ORD-01305,PROD-0003,1,75.39,0
OI-003826,ORD-01305,PROD-0020,2,403.59,0
OI-003827,ORD-01017,PROD-0064,2,311.63,0
OI-003828,ORD-01017,PROD-0068,1,29.39,0
OI-003829,ORD-01017,PROD-0054,1,37.4,0
OI-003830,ORD-01988,PROD-0127,1,917.6,0
OI-003831,ORD-01988,PROD-0133,3,571.57,0
OI-003832,ORD-00566,PROD-0065,1,23.19,0
OI-003833,ORD-00566,PROD-0025,1,190.92,0
OI-003834,ORD-00566,PROD-0117,3,44.8,10
OI-003835,ORD-00414,PROD-0134,3,29.39,0
OI-003836,ORD-01939,PROD-0057,10,47.44,0
OI-003837,ORD-01939,PROD-0116,3,269.13,25
OI-003838,ORD-02409,PROD-0011,2,6.24,10
OI-003839,ORD-02409,PROD-0135,4,23.4,5
OI-003840,ORD-02409,PROD-0132,0,316.67,0
OI-003841,ORD-02998,PROD-0021,5,163.46,0
OI-003842,ORD-00754,PROD-0142,1,170.96,0
OI-003843,ORD-00754,PROD-0044,1,366.19,0
OI-003844,ORD-00754,PROD-0067,1,243.48,0
OI-003845,ORD-01674,PROD-0124,1,17.72,10
OI-003846,ORD-01674,PROD-0072,3,188.05,0
OI-003847,ORD-01674,PROD-0142,2,176.19,10
OI-003848,ORD-00580,PROD-0050,4,43.69,0
OI-003849,ORD-00129,PROD-0088,4,50.9,0
OI-003850,ORD-00129,PROD-0060,1,55.92,0
OI-003851,ORD-00129,PROD-0008,1,223.66,5
OI-003852,ORD-00129,PROD-0144,1,10.2,5
OI-003853,ORD-02809,PROD-0068,2,27.82,0
OI-003854,ORD-02809,PROD-0041,1,37.44,15
OI-003855,ORD-02809,PROD-0015,2,284.15,0
OI-003856,ORD-02809,PROD-0043,1,162.36,0
OI-003857,ORD-01856,PROD-0047,1,495.07,0
OI-003858,ORD-00739,PROD-0026,1,14.09,20
OI-003859,ORD-00739,PROD-0115,5,205.76,0
OI-003860,ORD-02485,PROD-0031,1,754.2,30
OI-003861,ORD-02485,PROD-0103,1,480.81,10
OI-003862,ORD-02906,PROD-0147,1,17.04,10
OI-003863,ORD-01392,PROD-0010,3,29.02,0
OI-003864,ORD-01392,PROD-0086,2,93.29,0
OI-003865,ORD-01392,PROD-0096,2,21.1,10
OI-003866,ORD-01392,PROD-0141,1,29.38,10
OI-003867,ORD-00303,PROD-0127,1,811.61,0
OI-003868,ORD-00303,PROD-0105,2,233.31,30
OI-003869,ORD-00303,PROD-0034,2,72.24,30
OI-003870,ORD-00303,PROD-0126,1,18.66,5
OI-003871,ORD-01006,PROD-0077,1,44.12,10
OI-003872,ORD-01006,PROD-0036,3,933.17,0
OI-003873,ORD-00314,PROD-0130,1,81.78,10
OI-003874,ORD-01589,PROD-0021,3,178.72,0
OI-003875,ORD-00318,PROD-0148,1,173.41,30
OI-003876,ORD-00318,PROD-0017,2,19.71,0
OI-003877,ORD-01603,PROD-0040,3,44.22,20
OI-003878,ORD-02347,PROD-0107,4,457.71,0
OI-003879,ORD-02347,PROD-0013,1,41.52,20
OI-003880,ORD-02347,PROD-0094,1,67.68,0
OI-003881,ORD-02347,PROD-0088,3,47.1,0
OI-003882,ORD-02912,PROD-0019,3,320.65,0
OI-003883,ORD-00770,PROD-0017,2,19.53,0
OI-003884,ORD-00770,PROD-0130,3,79.97,0
OI-003885,ORD-00043,PROD-0053,1,48.17,0
OI-003886,ORD-00043,PROD-0089,3,310.25,-6
OI-003887,ORD-02392,PROD-0125,2,202.61,0
OI-003888,ORD-02392,PROD-0111,2,328.72,0
OI-003889,ORD-02392,PROD-0139,5,135.55,20
OI-003890,ORD-01504,PROD-0014,1,15.79,0
OI-003891,ORD-01504,PROD-0050,1,43.32,0
OI-003892,ORD-01504,PROD-0121,1,6.82,5
OI-003893,ORD-02698,PROD-0041,10,39.43,0
OI-003894,ORD-02698,PROD-0025,10,165.4,0
OI-003895,ORD-02698,PROD-0112,1,154.81,0
OI-003896,ORD-02698,PROD-0021,2,166.49,5
OI-003897,ORD-00540,PROD-0050,2,43.77,0
OI-003898,ORD-02256,PROD-0135,4,21.69,0
OI-003899,ORD-02256,PROD-0032,2,415.13,0
OI-003900,ORD-02256,PROD-0039,1,470.98,5
OI-003901,ORD-02256,PROD-0118,1,184.18,0
OI-003902,ORD-02651,PROD-0073,1,215.37,0
OI-003903,ORD-02651,PROD-0029,4,33.5,0
OI-003904,ORD-02651,PROD-0041,2,41.26,0
OI-003905,ORD-02651,PROD-0121,3,7.41,0
OI-003906,ORD-00923,PROD-0098,0,35.52,25
OI-003907,ORD-00923,PROD-0128,2,28.52,0
OI-003908,ORD-00923,PROD-0102,3,588.85,0
OI-003909,ORD-01591,PROD-0122,2,824.67,0
OI-003910,ORD-00346,PROD-0062,1,263.66,0
OI-003911,ORD-00346,PROD-0089,2,273.21,0
OI-003912,ORD-00346,PROD-0125,4,202.79,0
OI-003913,ORD-00346,PROD-0121,1,6.99,0
OI-003914,ORD-00062,PROD-0101,3,533.44,15
OI-003915,ORD-00062,PROD-0033,1,141.14,20
OI-003916,ORD-02363,PROD-0006,1,31.66,0
OI-003917,ORD-02363,PROD-0084,3,402.67,0
OI-003918,ORD-00453,PROD-0042,1,174.27,0
OI-003919,ORD-01201,PROD-0026,1,15.1,5
OI-003920,ORD-01876,PROD-0119,1,260.91,5
OI-003921,ORD-01920,PROD-0055,1,25.18,10
OI-003922,ORD-01920,PROD-0017,1,17.41,5
OI-003923,ORD-00316,PROD-0119,5,286.91,15
OI-003924,ORD-00316,PROD-0107,2,469.96,20
OI-003925,ORD-01902,PROD-0025,2,179.85,15
OI-003926,ORD-01902,PROD-0014,2,16.69,15
OI-003927,ORD-01001,PROD-0098,1,30.64,10
OI-003928,ORD-01001,PROD-0053,5,47.25,0
OI-003929,ORD-01862,PROD-0129,1,101.53,0
OI-003930,ORD-01862,PROD-0047,3,475.7,0
OI-003931,ORD-02056,PROD-0002,1,114.03,5
OI-003932,ORD-02056,PROD-0144,1,9.84,20
OI-003933,ORD-02056,PROD-0135,1,21.4,0
OI-003934,ORD-00864,PROD-0051,1,25.01,0
OI-003935,ORD-02553,PROD-0084,1,385.4,0
OI-003936,ORD-02553,PROD-0063,4,105.1,25
OI-003937,ORD-00699,PROD-0020,2,369.91,5
OI-003938,ORD-00699,PROD-0107,1,495.26,0
OI-003939,ORD-01155,PROD-0046,4,159.65,0
OI-003940,ORD-01155,PROD-0018,2,291.72,0
OI-003941,ORD-01155,PROD-0032,1,480.31,15
OI-003942,ORD-01389,PROD-0028,1,306.41,0
OI-003943,ORD-00405,PROD-0117,3,39.08,0
OI-003944,ORD-00405,PROD-0050,2,44.33,0
OI-003945,ORD-00405,PROD-0062,1,226.01,0
OI-003946,ORD-00405,PROD-0032,1,450.12,30
OI-003947,ORD-00405,PROD-0105,1,215.66,10
OI-003948,ORD-00272,PROD-0017,3,19.73,25
OI-003949,ORD-00272,PROD-0122,2,693.54,0
OI-003950,ORD-00272,PROD-0079,1,44.66,15
OI-003951,ORD-02892,PROD-0092,2,37.95,25
OI-003952,ORD-02892,PROD-0095,2,77.74,0
OI-003953,ORD-02892,PROD-0022,1,159.55,0
OI-003954,ORD-02892,PROD-0034,10,60.03,15
OI-003955,ORD-00894,PROD-0009,1,187.24,10
OI-003956,ORD-00894,PROD-0037,3,490.1,25
OI-003957,ORD-00894,PROD-0120,5,875.56,20
OI-003958,ORD-00894,PROD-0001,1,29.97,10
OI-003959,ORD-00217,PROD-0135,1,20.72,10
OI-003960,ORD-02462,PROD-0103,1,456.8,20
OI-003961,ORD-02462,PROD-0134,1,32.52,20
OI-003962,ORD-01971,PROD-0078,5,121.56,0
OI-003963,ORD-01971,PROD-0041,1,41.78,0
OI-003964,ORD-01971,PROD-0106,1,26.49,0
OI-003965,ORD-01971,PROD-0127,2,912.97,0
OI-003966,ORD-01474,PROD-0149,1,43.31,0
OI-003967,ORD-01474,PROD-0037,3,435.19,10
OI-003968,ORD-00544,PROD-0048,2,97.98,0
OI-003969,ORD-01836,PROD-0200,1,202.84,15
OI-003970,ORD-01836,PROD-0130,2,77.86,0
OI-003971,ORD-00946,PROD-0068,4,25.11,0
OI-003972,ORD-00853,PROD-0027,1,415.17,0
OI-003973,ORD-00853,PROD-0009,2,186.54,15
OI-003974,ORD-00853,PROD-0042,1,179.32,0
OI-003975,ORD-00853,PROD-0096,2,18.16,0
OI-003976,ORD-00853,PROD-0076,2,44.59,0
OI-003977,ORD-01969,PROD-0026,1,15.02,0
OI-003978,ORD-01410,PROD-0039,1,427.48,0
OI-003979,ORD-01410,PROD-0028,4,280.7,15
OI-003980,ORD-01166,PROD-0109,2,116.22,0
OI-003981,ORD-01166,PROD-0130,1,86.24,0
OI-003982,ORD-00636,PROD-0120,1,914.85,0
OI-003983,ORD-01705,PROD-0038,3,259.5,0
OI-003984,ORD-01705,PROD-0143,1,42.73,30
OI-003985,ORD-01705,PROD-0016,2,971.79,0
OI-003986,ORD-02401,PROD-0130,1,84.63,15
OI-003987,ORD-02401,PROD-0006,1,31.45,0
OI-003988,ORD-02401,PROD-0116,1,239.19,0
OI-003989,ORD-02401,PROD-0041,3,38.45,0
OI-003990,ORD-02401,PROD-0070,1,313.45,0
OI-003991,ORD-00583,PROD-0022,1,137.59,0
OI-003992,ORD-00583,PROD-0064,1,343.56,15
OI-003993,ORD-00583,PROD-0134,1,32.09,10
OI-003994,ORD-00583,PROD-0085,4,55.8,0
OI-003995,ORD-00583,PROD-0150,1,339.23,0
OI-003996,ORD-01229,PROD-0057,1,45.36,5
OI-003997,ORD-01229,PROD-0006,2,31.3,0
OI-003998,ORD-00746,PROD-0127,1,884.24,0
OI-003999,ORD-00746,PROD-0003,1,68.18,15
OI-004000,ORD-00746,PROD-0094,2,66.97,10
OI-004001,ORD-00746,PROD-0016,1,937.17,0
OI-004002,ORD-01829,PROD-0019,1,274.05,5
OI-004003,ORD-00678,PROD-0078,1,133.92,20
OI-004004,ORD-00678,PROD-0064,5,334.09,5
OI-004005,ORD-02724,PROD-0062,3,264.21,0
OI-004006,ORD-02724,PROD-0116,1,238.32,0
OI-004007,ORD-02724,PROD-0020,1,423.95,10
OI-004008,ORD-02724,PROD-0074,3,109.21,0
OI-004009,ORD-02724,PROD-0076,1,46.23,0
OI-004010,ORD-02923,PROD-0094,1,70.56,0
OI-004011,ORD-02923,PROD-0103,1,506.62,20
OI-004012,ORD-01456,PROD-0099,10,925.97,0
OI-004013,ORD-01456,PROD-0144,1,11.62,0
OI-004014,ORD-00128,PROD-0150,2,360.35,25
OI-004015,ORD-00128,PROD-0121,5,6.66,0
OI-004016,ORD-00128,PROD-0011,2,5.76,0
OI-004017,ORD-00128,PROD-0122,2,758.37,0
OI-004018,ORD-02578,PROD-0057,2,47.43,0
OI-004019,ORD-02578,PROD-0136,1,757.99,10
OI-004020,ORD-00035,PROD-0076,2,44.55,15
OI-004021,ORD-00079,PROD-0103,1,476.75,10
OI-004022,ORD-00079,PROD-0068,1,24.33,5
OI-004023,ORD-00079,PROD-0113,1,65.09,0
OI-004024,ORD-02979,PROD-0088,1,49.6,0
OI-004025,ORD-02606,PROD-0089,10,263.15,30
OI-004026,ORD-01221,PROD-0061,1,127.49,0
OI-004027,ORD-02365,PROD-0093,1,168.37,0
OI-004028,ORD-02365,PROD-0044,2,409.37,0
OI-004029,ORD-02168,PROD-0126,1,15.53,10
OI-004030,ORD-02168,PROD-0099,1,889.22,0
OI-004031,ORD-02168,PROD-0011,5,5.36,0
OI-004032,ORD-02168,PROD-0071,4,457.88,15
OI-004033,ORD-01662,PROD-0039,2,445.29,0
OI-004034,ORD-01662,PROD-0012,3,308.16,0
OI-004035,ORD-02525,PROD-0128,2,28.9,0
OI-004036,ORD-02525,PROD-0019,3,301.17,15
OI-004037,ORD-02035,PROD-0132,3,307.18,30
OI-004038,ORD-02035,PROD-0037,1,446.85,0
OI-004039,ORD-01509,PROD-0042,1,168.65,0
OI-004040,ORD-01509,PROD-0068,2,24.32,10
OI-004041,ORD-01509,PROD-0114,1,185.62,25
OI-004042,ORD-02406,PROD-0073,1,219.35,5
OI-004043,ORD-02406,PROD-0126,1,15.93,0
OI-004044,ORD-02406,PROD-0055,1,26.57,5
OI-004045,ORD-01744,PROD-0127,2,917.29,0
OI-004046,ORD-01744,PROD-0100,1,29.51,0
OI-004047,ORD-01744,PROD-0097,1,134.2,0
OI-004048,ORD-00304,PROD-0023,2,15.72,20
OI-004049,ORD-00304,PROD-0096,1,18.8,0
OI-004050,ORD-00304,PROD-0063,2,112.85,0
OI-004051,ORD-00304,PROD-0033,1,159.01,0
OI-004052,ORD-02458,PROD-0111,3,383.83,0
OI-004053,ORD-02458,PROD-0143,2,44.76,0
OI-004054,ORD-02458,PROD-0106,3,29.51,15
OI-004055,ORD-02458,PROD-0131,3,56.46,25
OI-004056,ORD-02458,PROD-0085,2,56.83,0
OI-004057,ORD-01054,PROD-0054,2,33.85,0
OI-004058,ORD-01054,PROD-0049,1,258.09,15
OI-004059,ORD-00445,PROD-0033,1,156.12,10
OI-004060,ORD-00259,PROD-0051,1,25.8,0
OI-004061,ORD-00259,PROD-0026,2,13.36,5
OI-004062,ORD-00259,PROD-0024,10,76.97,10
OI-004063,ORD-00241,PROD-0038,1,273.85,25
OI-004064,ORD-00241,PROD-0150,1,296.76,0
OI-004065,ORD-00241,PROD-0011,2,5.69,15
OI-004066,ORD-00241,PROD-0049,4,262.51,0
OI-004067,ORD-01451,PROD-0006,5,31.87,5
OI-004068,ORD-01801,PROD-0003,1,66.09,0
OI-004069,ORD-00582,PROD-0032,1,406.85,25
OI-004070,ORD-00758,PROD-0144,2,11.13,0
OI-004071,ORD-00369,PROD-0011,1,5.23,20
OI-004072,ORD-00369,PROD-0126,3,17.02,0
OI-004073,ORD-00369,PROD-0009,2,188.29,15
OI-004074,ORD-01790,PROD-0062,1,250.33,0
OI-004075,ORD-01790,PROD-0072,1,175.49,10
OI-004076,ORD-01790,PROD-0067,4,245.53,5
OI-004077,ORD-01790,PROD-0097,3,144.41,30
OI-004078,ORD-01177,PROD-0070,4,362.8,0
OI-004079,ORD-01177,PROD-0074,2,110.93,0
OI-004080,ORD-01177,PROD-0021,1,178.21,10
OI-004081,ORD-01177,PROD-0008,4,226.88,15
OI-004082,ORD-01177,PROD-0140,1,173.99,0
OI-004083,ORD-02130,PROD-0132,2,272.77,0
OI-004084,ORD-00557,PROD-0054,5,41.13,15
OI-004085,ORD-00557,PROD-0110,1,226.41,5
OI-004086,ORD-01010,PROD-0037,1,442.17,5
OI-004087,ORD-02660,PROD-0093,1,162.22,0
OI-004088,ORD-01286,PROD-0039,1,446.52,0
OI-004089,ORD-01286,PROD-0061,10,133.44,0
OI-004090,ORD-01286,PROD-0007,1,333.74,0
OI-004091,ORD-00926,PROD-0039,3,503.45,0
OI-004092,ORD-00926,PROD-0029,2,33.45,0
OI-004093,ORD-01713,PROD-0038,1,297.6,0
OI-004094,ORD-01713,PROD-0150,1,348.24,0
OI-004095,ORD-01713,PROD-0011,1,5.66,25
OI-004096,ORD-01573,PROD-0072,10,173.63,0
OI-004097,ORD-01573,PROD-0076,1,48.82,0
OI-004098,ORD-00916,PROD-0131,1,61.43,30
OI-004099,ORD-00615,PROD-0034,2,69.18,25
OI-004100,ORD-00615,PROD-0081,1,184.96,30
OI-004101,ORD-02659,PROD-0127,1,903.57,15
OI-004102,ORD-02659,PROD-0013,1,42.89,20
OI-004103,ORD-02659,PROD-0005,2,22.36,0
OI-004104,ORD-01590,PROD-0140,1,188.9,-18
OI-004105,ORD-00899,PROD-0143,1,41.58,0
OI-004106,ORD-00899,PROD-0014,1,16.09,0
OI-004107,ORD-00899,PROD-0009,2,180.05,0
OI-004108,ORD-00915,PROD-0082,4,15.95,0
OI-004109,ORD-00313,PROD-0078,1,127.03,0
OI-004110,ORD-01360,PROD-0007,1,311.93,0
OI-004111,ORD-01360,PROD-0088,2,51.2,0
OI-004112,ORD-00275,PROD-0077,5,44.18,5
OI-004113,ORD-02182,PROD-0053,1,44.57,15
OI-004114,ORD-02182,PROD-0064,1,316.33,0
OI-004115,ORD-02182,PROD-0114,1,206.81,0
OI-004116,ORD-02182,PROD-0012,1,282.2,0
OI-004117,ORD-02182,PROD-0049,10,263.29,0
OI-004118,ORD-01550,PROD-0048,3,92.66,20
OI-004119,ORD-01040,PROD-0087,4,203.66,10
OI-004120,ORD-02953,PROD-0012,2,270.39,0
OI-004121,ORD-01759,PROD-0023,2,18.2,20
OI-004122,ORD-02077,PROD-0051,1,23.97,10
OI-004123,ORD-01047,PROD-0046,2,157.32,15
OI-004124,ORD-02169,PROD-0070,1,323.17,0
OI-004125,ORD-00682,PROD-0028,1,294.83,0
OI-004126,ORD-00682,PROD-0065,2,23.47,5
OI-004127,ORD-01764,PROD-0139,10,122.14,15
OI-004128,ORD-01764,PROD-0136,2,686.53,0
OI-004129,ORD-00755,PROD-0014,10,15.71,15
OI-004130,ORD-00755,PROD-0005,3,22.62,0
OI-004131,ORD-00431,PROD-0108,1,231.43,0
OI-004132,ORD-00431,PROD-0022,1,138.59,0
OI-004133,ORD-02294,PROD-0017,1,18.06,15
OI-004134,ORD-02294,PROD-0008,1,257.25,15
OI-004135,ORD-02650,PROD-0075,1,36.13,0
OI-004136,ORD-02650,PROD-0136,1,760.0,0
OI-004137,ORD-02650,PROD-0060,4,62.08,15
OI-004138,ORD-02650,PROD-0116,5,233.99,0
OI-004139,ORD-01639,PROD-0011,10,5.69,10
OI-004140,ORD-01430,PROD-0101,2,537.84,5
OI-004141,ORD-01430,PROD-0057,10,43.36,0
OI-004142,ORD-01232,PROD-0087,5,195.34,0
OI-004143,ORD-01232,PROD-0042,1,168.31,25
OI-004144,ORD-01232,PROD-0058,1,53.56,0
OI-004145,ORD-00722,PROD-0003,1,70.99,0
OI-004146,ORD-00722,PROD-0059,1,163.62,0
OI-004147,ORD-01606,PROD-0088,4,52.08,0
OI-004148,ORD-00710,PROD-0034,3,66.69,0
OI-004149,ORD-00740,PROD-0020,1,430.69,0
OI-004150,ORD-00740,PROD-0072,1,193.22,0
OI-004151,ORD-00740,PROD-0137,2,166.73,0
OI-004152,ORD-00740,PROD-0140,1,171.74,0
OI-004153,ORD-01906,PROD-0006,1,33.63,25
OI-004154,ORD-02536,PROD-0027,3,430.74,5
OI-004155,ORD-02536,PROD-0039,1,474.53,30
OI-004156,ORD-02536,PROD-0090,2,42.5,20
OI-004157,ORD-02536,PROD-0006,1,32.92,0
OI-004158,ORD-02536,PROD-0118,1,200.12,0
OI-004159,ORD-00846,PROD-0110,1,207.14,0
OI-004160,ORD-00846,PROD-0045,2,49.05,0
OI-004161,ORD-00846,PROD-0007,4,312.16,0
OI-004162,ORD-00846,PROD-0142,2,148.37,15
OI-004163,ORD-01743,PROD-0010,2,25.16,0
OI-004164,ORD-02431,PROD-0114,2,198.53,0
OI-004165,ORD-02431,PROD-0030,2,391.98,0
OI-004166,ORD-02431,PROD-0059,2,137.68,0
OI-004167,ORD-00909,PROD-0059,2,150.13,0
OI-004168,ORD-00909,PROD-0102,5,569.14,0
OI-004169,ORD-00055,PROD-0012,1,304.08,0
OI-004170,ORD-00055,PROD-0070,2,307.48,5
OI-004171,ORD-02640,PROD-0134,1,33.51,0
OI-004172,ORD-02321,PROD-0065,2,22.95,0
OI-004173,ORD-00487,PROD-0058,2,46.4,10
OI-004174,ORD-00487,PROD-0030,2,432.2,20
OI-004175,ORD-02009,PROD-0114,1,213.84,5
OI-004176,ORD-00595,PROD-0010,2,28.91,15
OI-004177,ORD-00595,PROD-0117,1,40.5,10
OI-004178,ORD-02748,PROD-0078,1,134.06,25
OI-004179,ORD-02748,PROD-0018,1,292.93,0
OI-004180,ORD-00834,PROD-0080,3,358.33,25
OI-004181,ORD-00834,PROD-0017,1,17.0,0
OI-004182,ORD-00591,PROD-0127,2,796.93,0
OI-004183,ORD-02721,PROD-0106,3,31.4,0
OI-004184,ORD-02721,PROD-0041,1,42.57,15
OI-004185,ORD-02721,PROD-0039,1,435.27,0
OI-004186,ORD-02721,PROD-0019,1,308.37,0
OI-004187,ORD-01341,PROD-0081,10,167.39,20
OI-004188,ORD-00279,PROD-0034,2,60.08,0
OI-004189,ORD-01172,PROD-0067,2,239.53,20
OI-004190,ORD-01172,PROD-0095,3,78.32,0
OI-004191,ORD-02727,PROD-0046,4,150.6,0
OI-004192,ORD-02727,PROD-0077,2,42.55,0
OI-004193,ORD-02727,PROD-0070,2,341.81,20
OI-004194,ORD-02798,PROD-0125,3,205.67,10
OI-004195,ORD-02798,PROD-0008,2,255.01,5
OI-004196,ORD-01510,PROD-0128,5,27.46,25
OI-004197,ORD-02910,PROD-0118,1,210.3,0
OI-004198,ORD-02910,PROD-0144,1,10.48,25
OI-004199,ORD-02910,PROD-0031,1,722.02,10
OI-004200,ORD-02910,PROD-0108,2,243.17,5
OI-004201,ORD-02910,PROD-0075,0,36.36,0
OI-004202,ORD-01732,PROD-0009,1,182.26,20
OI-004203,ORD-01732,PROD-0028,2,292.16,0
OI-004204,ORD-01461,PROD-0139,3,121.5,5
OI-004205,ORD-01461,PROD-0028,1,266.82,0
OI-004206,ORD-01461,PROD-0053,5,51.52,15
OI-004207,ORD-01461,PROD-0102,3,585.09,0
OI-004208,ORD-02770,PROD-0149,3,48.67,15
OI-004209,ORD-02770,PROD-0055,1,26.84,0
OI-004210,ORD-00236,PROD-0029,2,34.3,10
OI-004211,ORD-00236,PROD-0098,1,30.6,0
OI-004212,ORD-01515,PROD-0094,2,70.71,25
OI-004213,ORD-01515,PROD-0036,1,990.14,0
OI-004214,ORD-01199,PROD-0005,2,22.48,0
OI-004215,ORD-01199,PROD-0065,5,22.83,0
OI-004216,ORD-01199,PROD-0024,3,69.04,0
OI-004217,ORD-00577,PROD-0033,1,152.99,0
OI-004218,ORD-00577,PROD-0004,1,263.02,30
OI-004219,ORD-00577,PROD-0094,2,73.03,15
OI-004220,ORD-00577,PROD-0127,2,877.06,5
OI-004221,ORD-02622,PROD-0145,2,141.16,10
OI-004222,ORD-02413,PROD-0069,1,7.79,10
OI-004223,ORD-02413,PROD-0002,2,103.71,10
OI-004224,ORD-00603,PROD-0090,1,43.66,0
OI-004225,ORD-02113,PROD-0059,5,158.24,15
OI-004226,ORD-02113,PROD-0107,3,421.17,0
OI-004227,ORD-02113,PROD-0036,1,870.63,0
OI-004228,ORD-01452,PROD-0104,1,164.08,0
OI-004229,ORD-01452,PROD-0079,2,40.78,0
OI-004230,ORD-01689,PROD-0103,1,440.11,0
OI-004231,ORD-00031,PROD-0086,1,89.82,0
OI-004232,ORD-00031,PROD-0067,3,238.93,0
OI-004233,ORD-02011,PROD-0094,2,73.51,15
OI-004234,ORD-02155,PROD-0059,1,165.55,15
OI-004235,ORD-01383,PROD-0108,1,259.84,20
OI-004236,ORD-00212,PROD-0015,1,268.17,0
OI-004237,ORD-00212,PROD-0067,2,252.79,0
OI-004238,ORD-00212,PROD-0121,2,7.71,0
OI-004239,ORD-00212,PROD-0116,5,255.95,0
OI-004240,ORD-02463,PROD-0138,1,170.42,10
OI-004241,ORD-02774,PROD-0005,1,23.74,0
OI-004242,ORD-02774,PROD-0147,1,19.08,0
OI-004243,ORD-02774,PROD-0016,3,903.52,0
OI-004244,ORD-01028,PROD-0110,1,219.86,0
OI-004245,ORD-01028,PROD-0109,1,103.84,0
OI-004246,ORD-01520,PROD-0025,4,195.65,0
OI-004247,ORD-01520,PROD-0011,2,5.56,25
OI-004248,ORD-01520,PROD-0027,1,456.42,25
OI-004249,ORD-01520,PROD-0150,1,331.99,10
OI-004250,ORD-00537,PROD-0045,2,50.22,5
OI-004251,ORD-00537,PROD-0019,2,303.3,0
OI-004252,ORD-00537,PROD-0139,1,117.01,10
OI-004253,ORD-00537,PROD-0082,2,15.97,0
OI-004254,ORD-00537,PROD-0022,2,162.12,0
OI-004255,ORD-00622,PROD-0059,5,139.58,30
OI-004256,ORD-00622,PROD-0107,1,479.71,0
OI-004257,ORD-01731,PROD-0012,3,268.32,0
OI-004258,ORD-00673,PROD-0020,2,361.34,0
OI-004259,ORD-00673,PROD-0024,3,77.6,0
OI-004260,ORD-00673,PROD-0115,2,214.88,20
OI-004261,ORD-01271,PROD-0138,1,182.73,25
OI-004262,ORD-02661,PROD-0065,4,21.04,0
OI-004263,ORD-02661,PROD-0129,5,104.35,0
OI-004264,ORD-02661,PROD-0125,1,184.07,0
OI-004265,ORD-02661,PROD-0143,2,44.71,0
OI-004266,ORD-01746,PROD-0140,1,187.11,20
OI-004267,ORD-02188,PROD-0085,3,66.37,0
OI-004268,ORD-02188,PROD-0015,1,296.39,0
OI-004269,ORD-02206,PROD-0009,2,158.47,0
OI-004270,ORD-02206,PROD-0106,1,29.66,0
OI-004271,ORD-02206,PROD-0112,1,146.67,0
OI-004272,ORD-02206,PROD-0127,1,850.65,0
OI-004273,ORD-00867,PROD-0132,3,314.4,0
OI-004274,ORD-00867,PROD-0024,1,69.77,0
OI-004275,ORD-00867,PROD-0073,1,203.72,30
OI-004276,ORD-00867,PROD-0087,1,217.0,5
OI-004277,ORD-00867,PROD-0149,1,47.98,15
OI-004278,ORD-01178,PROD-0016,1,869.34,0
OI-004279,ORD-01178,PROD-0035,2,83.24,0
OI-004280,ORD-00254,PROD-0009,0,188.21,0
OI-004281,ORD-01052,PROD-0108,2,275.08,10
OI-004282,ORD-01052,PROD-0015,2,292.01,-9
OI-004283,ORD-01919,PROD-0112,1,160.22,0
OI-004284,ORD-01919,PROD-0115,1,211.73,0
OI-004285,ORD-01919,PROD-0020,2,411.13,25
OI-004286,ORD-01919,PROD-0011,1,5.86,25
OI-004287,ORD-02479,PROD-0072,1,179.34,0
OI-004288,ORD-00500,PROD-0054,2,38.91,0
OI-004289,ORD-00500,PROD-0150,2,311.84,30
OI-004290,ORD-00500,PROD-0094,1,75.65,5
OI-004291,ORD-00500,PROD-0076,1,52.7,0
OI-004292,ORD-00085,PROD-0095,1,75.16,15
OI-004293,ORD-00085,PROD-0105,3,202.48,5
OI-004294,ORD-00085,PROD-0038,4,301.18,0
OI-004295,ORD-01212,PROD-0050,1,43.08,0
OI-004296,ORD-00694,PROD-0088,1,52.43,0
OI-004297,ORD-01854,PROD-0061,1,132.99,0
OI-004298,ORD-01854,PROD-0094,1,75.75,5
OI-004299,ORD-01854,PROD-0139,2,118.37,0
OI-004300,ORD-02500,PROD-0121,3,7.27,0
OI-004301,ORD-00163,PROD-0102,1,533.32,0
OI-004302,ORD-00163,PROD-0008,5,222.07,5
OI-004303,ORD-00163,PROD-0050,2,45.13,0
OI-004304,ORD-02443,PROD-0088,1,46.11,0
OI-004305,ORD-02443,PROD-0019,4,301.57,0
OI-004306,ORD-01355,PROD-0133,1,596.81,0
OI-004307,ORD-01355,PROD-0130,4,78.89,10
OI-004308,ORD-01078,PROD-0112,1,145.0,0
OI-004309,ORD-01078,PROD-0008,2,263.16,10
OI-004310,ORD-01078,PROD-0017,1,17.86,0
OI-004311,ORD-02262,PROD-0120,5,916.07,0
OI-004312,ORD-02262,PROD-0064,2,332.51,0
OI-004313,ORD-02707,PROD-0048,1,85.5,0
OI-004314,ORD-02707,PROD-0009,4,175.39,0
OI-004315,ORD-02472,PROD-0150,1,308.88,15
OI-004316,ORD-02472,PROD-0076,3,47.4,0
OI-004317,ORD-00858,PROD-0089,1,276.15,5
OI-004318,ORD-00858,PROD-0088,1,53.43,0
OI-004319,ORD-01405,PROD-0136,2,679.93,0
OI-004320,ORD-01405,PROD-0071,2,485.86,25
OI-004321,ORD-01405,PROD-0027,1,472.38,0
OI-004322,ORD-01405,PROD-0054,1,34.36,0
OI-004323,ORD-01405,PROD-0026,4,14.68,5
OI-004324,ORD-00957,PROD-0148,1,166.66,0
OI-004325,ORD-01325,PROD-0064,1,317.47,25
OI-004326,ORD-01325,PROD-0001,10,30.21,15
OI-004327,ORD-00748,PROD-0138,1,179.93,0
OI-004328,ORD-00748,PROD-0143,4,49.41,0
OI-004329,ORD-02461,PROD-0054,2,36.58,0
OI-004330,ORD-02461,PROD-0099,1,840.56,0
OI-004331,ORD-02461,PROD-0145,4,137.52,0
OI-004332,ORD-02461,PROD-0055,1,25.02,0
OI-004333,ORD-02461,PROD-0124,4,17.04,0
OI-004334,ORD-01784,PROD-0104,1,180.54,0
OI-004335,ORD-02740,PROD-0010,1,25.3,0
OI-004336,ORD-02740,PROD-0034,1,63.38,0
OI-004337,ORD-00704,PROD-0086,2,95.5,0
OI-004338,ORD-00704,PROD-0060,2,62.41,0
OI-004339,ORD-00704,PROD-0049,4,268.77,0
OI-004340,ORD-00704,PROD-0037,2,469.64,20
OI-004341,ORD-02596,PROD-0065,2,24.06,0
OI-004342,ORD-02596,PROD-0135,1,22.16,0
OI-004343,ORD-00202,PROD-0139,1,117.29,0
OI-004344,ORD-00202,PROD-0080,1,398.1,10
OI-004345,ORD-00202,PROD-0087,2,195.89,0
OI-004346,ORD-01960,PROD-0149,3,47.73,10
OI-004347,ORD-01960,PROD-0043,1,155.09,10
OI-004348,ORD-01960,PROD-0091,5,427.95,0
OI-004349,ORD-01778,PROD-0047,3,441.24,20
OI-004350,ORD-01778,PROD-0050,1,49.46,20
OI-004351,ORD-00728,PROD-0045,1,45.89,0
OI-004352,ORD-00728,PROD-0030,3,439.71,10
OI-004353,ORD-02405,PROD-0033,2,152.94,0
OI-004354,ORD-00270,PROD-0006,1,31.96,0
OI-004355,ORD-01745,PROD-0030,5,439.04,0
OI-004356,ORD-01745,PROD-0076,2,52.61,0
OI-004357,ORD-01745,PROD-0100,2,26.68,15
OI-004358,ORD-00563,PROD-0071,1,505.34,10
OI-004359,ORD-00563,PROD-0141,2,30.85,0
OI-004360,ORD-02870,PROD-0117,2,40.04,0
OI-004361,ORD-02213,PROD-0084,3,422.84,5
OI-004362,ORD-02213,PROD-0017,1,16.64,5
OI-004363,ORD-00283,PROD-0093,1,158.85,0
OI-004364,ORD-00283,PROD-0029,1,28.55,0
OI-004365,ORD-02845,PROD-0126,3,17.37,0
OI-004366,ORD-02845,PROD-0023,1,16.05,0
OI-004367,ORD-02845,PROD-0051,1,25.55,25
OI-004368,ORD-01056,PROD-0142,1,171.72,0
OI-004369,ORD-01056,PROD-0053,1,50.58,5
OI-004370,ORD-01567,PROD-0038,2,293.81,0
OI-004371,ORD-01567,PROD-0126,2,17.63,15
OI-004372,ORD-02520,PROD-0108,10,233.72,10
OI-004373,ORD-01390,PROD-0104,1,183.64,0
OI-004374,ORD-01390,PROD-0025,1,195.76,15
OI-004375,ORD-01761,PROD-0106,1,29.55,0
OI-004376,ORD-00596,PROD-0063,1,101.93,0
OI-004377,ORD-00596,PROD-0022,2,149.79,20
OI-004378,ORD-00596,PROD-0071,5,447.02,0
OI-004379,ORD-00596,PROD-0109,1,120.01,0
OI-004380,ORD-01991,PROD-0073,1,202.43,0
OI-004381,ORD-02545,PROD-0100,5,30.01,0
OI-004382,ORD-02545,PROD-0017,2,17.45,0
OI-004383,ORD-02545,PROD-0105,1,192.07,0
OI-004384,ORD-02545,PROD-0133,3,540.64,0
OI-004385,ORD-00347,PROD-0113,1,72.48,15
OI-004386,ORD-00347,PROD-0038,1,280.67,0
OI-004387,ORD-00347,PROD-0137,3,143.14,0
OI-004388,ORD-02342,PROD-0144,2,9.62,10
OI-004389,ORD-00430,PROD-0104,1,182.71,0
OI-004390,ORD-00970,PROD-0047,4,423.76,0
OI-004391,ORD-00970,PROD-0002,1,116.52,0
OI-004392,ORD-00970,PROD-0121,1,7.64,0
OI-004393,ORD-01342,PROD-0050,1,48.77,30
OI-004394,ORD-02980,PROD-0093,1,169.07,0
OI-004395,ORD-02962,PROD-0028,1,287.4,5
OI-004396,ORD-02962,PROD-0068,3,25.42,15
OI-004397,ORD-02394,PROD-0108,1,267.19,5
OI-004398,ORD-00838,PROD-0039,1,448.84,0
OI-004399,ORD-02538,PROD-0018,1,291.32,0
OI-004400,ORD-02538,PROD-0114,1,207.58,0
OI-004401,ORD-02538,PROD-0042,1,195.77,0
OI-004402,ORD-02547,PROD-0122,4,694.21,0
OI-004403,ORD-02547,PROD-0046,3,165.95,10
OI-004404,ORD-01817,PROD-0118,1,185.17,0
OI-004405,ORD-01817,PROD-0141,1,28.85,0
OI-004406,ORD-01817,PROD-0133,4,572.76,5
OI-004407,ORD-01817,PROD-0024,10,75.53,20
OI-004408,ORD-01471,PROD-0127,1,875.89,0
OI-004409,ORD-02726,PROD-0041,1,36.68,0
OI-004410,ORD-02726,PROD-0135,2,21.79,0
OI-004411,ORD-02726,PROD-0063,3,96.26,0
OI-004412,ORD-02726,PROD-0042,4,193.49,30
OI-004413,ORD-01837,PROD-0001,5,32.86,10
OI-004414,ORD-01837,PROD-0099,1,947.41,5
OI-004415,ORD-01837,PROD-0033,1,144.74,0
OI-004416,ORD-01837,PROD-0110,1,209.1,0
OI-004417,ORD-01180,PROD-0035,1,96.1,0
OI-004418,ORD-01218,PROD-0105,4,196.69,15
OI-004419,ORD-01218,PROD-0092,1,35.52,25
OI-004420,ORD-01218,PROD-0006,1,29.85,20
OI-004421,ORD-01218,PROD-0116,3,275.27,5
OI-004422,ORD-01420,PROD-0046,1,158.05,0
OI-004423,ORD-00230,PROD-0004,1,230.48,0
OI-004424,ORD-00973,PROD-0032,2,457.88,0
OI-004425,ORD-02583,PROD-0088,3,50.79,25
OI-004426,ORD-02583,PROD-0035,3,96.12,10
OI-004427,ORD-00510,PROD-0136,0,773.43,10
OI-004428,ORD-01233,PROD-0141,2,28.98,0
OI-004429,ORD-01233,PROD-0014,2,14.42,0
OI-004430,ORD-02829,PROD-0146,3,643.72,25
OI-004431,ORD-02829,PROD-0061,1,131.68,0
OI-004432,ORD-00518,PROD-0135,1,21.77,5
OI-004433,ORD-00518,PROD-0136,2,756.01,0
OI-004434,ORD-02492,PROD-0086,1,92.29,0
OI-004435,ORD-02492,PROD-0047,1,449.8,0
OI-004436,ORD-00160,PROD-0016,1,997.99,0
OI-004437,ORD-00574,PROD-0028,2,309.26,0
OI-004438,ORD-00574,PROD-0117,1,46.13,0
OI-004439,ORD-00322,PROD-0030,0,445.43,0
OI-004440,ORD-00322,PROD-0028,2,285.77,0
OI-004441,ORD-00322,PROD-0149,4,44.81,0
OI-004442,ORD-02410,PROD-0059,5,161.58,20
OI-004443,ORD-00525,PROD-0145,1,131.04,0
OI-004444,ORD-00525,PROD-0110,2,192.83,0
OI-004445,ORD-01197,PROD-0079,1,40.83,30
OI-004446,ORD-01197,PROD-0106,2,31.95,5
OI-004447,ORD-01197,PROD-0100,2,28.42,5
OI-004448,ORD-01197,PROD-0080,1,371.55,0
OI-004449,ORD-00091,PROD-0055,1,28.74,0
OI-004450,ORD-00091,PROD-0060,1,51.97,0
OI-004451,ORD-00091,PROD-0044,1,411.64,15
OI-004452,ORD-00018,PROD-0034,1,66.71,0
OI-004453,ORD-00018,PROD-0047,1,491.63,0
OI-004454,ORD-00018,PROD-0042,2,167.64,10
OI-004455,ORD-01337,PROD-0120,1,811.83,30
OI-004456,ORD-01337,PROD-0027,3,400.86,0
OI-004457,ORD-00383,PROD-0081,1,169.67,0
OI-004458,ORD-00383,PROD-0052,4,13.28,0
OI-004459,ORD-00383,PROD-0068,1,26.63,0
OI-004460,ORD-00383,PROD-0022,4,148.85,25
OI-004461,ORD-00383,PROD-0120,1,940.64,0
OI-004462,ORD-02246,PROD-0002,1,109.76,0
OI-004463,ORD-01464,PROD-0006,2,34.21,0
OI-004464,ORD-00598,PROD-0076,2,53.01,0
OI-004465,ORD-02699,PROD-0061,1,120.39,0
OI-004466,ORD-00106,PROD-0114,1,205.32,0
OI-004467,ORD-00106,PROD-0097,1,125.58,0
OI-004468,ORD-00670,PROD-0112,2,143.32,0
OI-004469,ORD-00854,PROD-0121,4,6.81,0
OI-004470,ORD-00854,PROD-0148,1,183.2,0
OI-004471,ORD-00854,PROD-0068,1,24.22,0
OI-004472,ORD-01897,PROD-0116,3,262.06,30
OI-004473,ORD-01897,PROD-0132,1,298.29,0
OI-004474,ORD-00738,PROD-0144,1,9.65,0
OI-004475,ORD-00738,PROD-0032,2,410.15,0
OI-004476,ORD-00738,PROD-0086,1,99.83,0
OI-004477,ORD-00738,PROD-0003,1,63.25,10
OI-004478,ORD-00738,PROD-0024,2,74.43,0
OI-004479,ORD-00247,PROD-0073,1,219.2,0
OI-004480,ORD-00247,PROD-0036,1,893.19,10
OI-004481,ORD-01128,PROD-0125,1,204.89,0
OI-004482,ORD-02680,PROD-0122,1,711.05,5
OI-004483,ORD-00481,PROD-0091,1,464.89,0
OI-004484,ORD-00481,PROD-0065,1,24.01,30
OI-004485,ORD-00481,PROD-0064,1,297.87,10
OI-004486,ORD-00481,PROD-0036,5,848.13,5
OI-004487,ORD-00481,PROD-0059,1,156.41,0
OI-004488,ORD-01803,PROD-0016,2,965.58,0
OI-004489,ORD-01803,PROD-0109,3,117.17,0
OI-004490,ORD-02310,PROD-0150,4,327.75,5
OI-004491,ORD-02358,PROD-0101,1,572.64,20
OI-004492,ORD-02358,PROD-0114,2,217.62,5
OI-004493,ORD-02358,PROD-0005,3,25.1,0
OI-004494,ORD-02358,PROD-0076,5,45.48,20
OI-004495,ORD-00014,PROD-0023,2,15.14,15
OI-004496,ORD-00014,PROD-0082,1,15.87,0
OI-004497,ORD-01085,PROD-0065,4,21.11,0
OI-004498,ORD-01085,PROD-0144,1,9.76,20
OI-004499,ORD-01085,PROD-0013,1,43.18,10
OI-004500,ORD-01085,PROD-0110,2,223.95,0
OI-004501,ORD-01445,PROD-0126,1,15.62,0
OI-004502,ORD-01637,PROD-0091,1,460.79,0
OI-004503,ORD-01468,PROD-0143,1,41.82,15
OI-004504,ORD-01468,PROD-0006,3,32.47,0
OI-004505,ORD-01468,PROD-0124,1,15.1,0
OI-004506,ORD-01468,PROD-0013,2,44.58,0
OI-004507,ORD-01008,PROD-0094,3,66.82,10
OI-004508,ORD-00677,PROD-0057,2,42.98,0
OI-004509,ORD-00677,PROD-0048,1,85.41,0
OI-004510,ORD-00088,PROD-0037,1,504.69,0
OI-004511,ORD-00088,PROD-0077,0,37.25,0
OI-004512,ORD-00088,PROD-0136,2,734.08,5
OI-004513,ORD-00088,PROD-0142,1,165.78,0
OI-004514,ORD-00897,PROD-0050,1,48.99,0
OI-004515,ORD-00897,PROD-0118,2,189.98,15
OI-004516,ORD-00897,PROD-0035,1,97.52,5
OI-004517,ORD-00897,PROD-0004,4,278.89,0
OI-004518,ORD-00897,PROD-0090,2,41.41,10
OI-004519,ORD-00803,PROD-0098,2,34.67,0
OI-004520,ORD-00803,PROD-0141,4,28.66,25
OI-004521,ORD-02818,PROD-0127,1,897.02,5
OI-004522,ORD-02818,PROD-0090,4,45.63,20
OI-004523,ORD-02818,PROD-0022,2,154.25,0
OI-004524,ORD-02818,PROD-0088,10,46.34,15
OI-004525,ORD-02818,PROD-0049,1,255.17,10
OI-004526,ORD-02644,PROD-0057,4,46.35,10
OI-004527,ORD-02644,PROD-0119,2,315.76,5
OI-004528,ORD-02532,PROD-0068,4,28.17,0
OI-004529,ORD-02532,PROD-0135,10,20.7,0
OI-004530,ORD-02532,PROD-0019,3,293.56,0
OI-004531,ORD-00155,PROD-0061,1,145.13,20
OI-004532,ORD-00155,PROD-0086,1,94.07,5
OI-004533,ORD-02700,PROD-0003,1,73.78,0
OI-004534,ORD-00652,PROD-0123,1,48.07,10
OI-004535,ORD-02900,PROD-0098,1,33.41,0
OI-004536,ORD-02900,PROD-0113,3,70.85,0
OI-004537,ORD-00509,PROD-0049,2,256.64,0
OI-004538,ORD-00222,PROD-0095,1,77.48,0
OI-004539,ORD-01734,PROD-0051,1,22.72,0
OI-004540,ORD-00633,PROD-0088,1,49.52,10
OI-004541,ORD-00633,PROD-0141,1,28.16,0
OI-004542,ORD-01402,PROD-0009,1,189.77,0
OI-004543,ORD-00021,PROD-0003,2,67.46,0
OI-004544,ORD-00021,PROD-0115,10,238.9,0
OI-004545,ORD-01785,PROD-0143,5,41.71,25
OI-004546,ORD-01785,PROD-0028,3,282.64,0
OI-004547,ORD-01523,PROD-0064,1,338.93,0
OI-004548,ORD-01889,PROD-0089,1,270.55,0
OI-004549,ORD-01889,PROD-0022,1,146.35,0
OI-004550,ORD-00138,PROD-0098,2,32.41,0
OI-004551,ORD-00138,PROD-0117,2,43.68,15
OI-004552,ORD-00138,PROD-0009,2,180.95,0
OI-004553,ORD-00138,PROD-0037,1,516.28,30
OI-004554,ORD-02711,PROD-0097,2,147.18,0
OI-004555,ORD-00819,PROD-0024,2,67.0,10
OI-004556,ORD-00099,PROD-0041,1,39.26,0
OI-004557,ORD-00884,PROD-0142,2,152.28,0
OI-004558,ORD-00884,PROD-0115,1,243.76,0
OI-004559,ORD-00884,PROD-0112,2,148.91,-7
OI-004560,ORD-00884,PROD-0121,2,7.89,30
OI-004561,ORD-00884,PROD-0138,2,196.24,20
OI-004562,ORD-01293,PROD-0061,2,139.39,0
OI-004563,ORD-01293,PROD-0088,2,54.12,0
OI-004564,ORD-01293,PROD-0055,1,25.47,15
OI-004565,ORD-00171,PROD-0101,1,552.46,5
OI-004566,ORD-00171,PROD-0058,10,50.41,0
OI-004567,ORD-02301,PROD-0086,2,88.64,0
OI-004568,ORD-02301,PROD-0110,1,220.66,30
OI-004569,ORD-02301,PROD-0097,3,145.74,0
OI-004570,ORD-02301,PROD-0053,1,49.34,0
OI-004571,ORD-01070,PROD-0057,2,48.1,10
OI-004572,ORD-01070,PROD-0051,1,25.69,5
OI-004573,ORD-01070,PROD-0060,2,52.19,0
OI-004574,ORD-01070,PROD-0150,4,301.87,10
OI-004575,ORD-01070,PROD-0136,2,711.58,0
OI-004576,ORD-02915,PROD-0020,1,413.46,0
OI-004577,ORD-02915,PROD-0005,2,22.24,0
OI-004578,ORD-02915,PROD-0059,2,145.43,15
OI-004579,ORD-02059,PROD-0049,2,248.84,0
OI-004580,ORD-02059,PROD-0136,1,761.55,5
OI-004581,ORD-02059,PROD-0016,1,839.29,0
OI-004582,ORD-02059,PROD-0148,2,194.9,0
OI-004583,ORD-01334,PROD-0008,1,226.01,5
OI-004584,ORD-02127,PROD-0106,1,31.32,30
OI-004585,ORD-02018,PROD-0039,1,508.76,5
OI-004586,ORD-02018,PROD-0125,2,188.1,10
OI-004587,ORD-02018,PROD-0138,4,194.79,5
OI-004588,ORD-02018,PROD-0130,1,83.0,10
OI-004589,ORD-01754,PROD-0063,5,108.34,20
OI-004590,ORD-01754,PROD-0006,5,30.86,15
OI-004591,ORD-01754,PROD-0100,1,29.74,15
OI-004592,ORD-00339,PROD-0063,2,110.83,-5
OI-004593,ORD-00339,PROD-0112,5,161.92,-5
OI-004594,ORD-01007,PROD-0088,1,52.47,10
OI-004595,ORD-01050,PROD-0116,1,247.1,-12
OI-004596,ORD-02821,PROD-0086,3,98.85,10
OI-004597,ORD-02821,PROD-0048,1,85.25,5
OI-004598,ORD-02821,PROD-0149,2,51.13,10
OI-004599,ORD-02821,PROD-0148,2,192.89,0
OI-004600,ORD-01003,PROD-0053,1,48.66,0
OI-004601,ORD-02073,PROD-0143,3,41.89,15
OI-004602,ORD-02073,PROD-0058,2,49.03,0
OI-004603,ORD-01851,PROD-0042,3,167.39,5
OI-004604,ORD-00483,PROD-0039,1,495.07,0
OI-004605,ORD-00483,PROD-0008,1,246.9,0
OI-004606,ORD-00775,PROD-0061,1,119.82,0
OI-004607,ORD-00775,PROD-0085,2,56.63,0
OI-004608,ORD-00041,PROD-0136,2,725.32,0
OI-004609,ORD-00237,PROD-0101,1,576.96,0
OI-004610,ORD-02106,PROD-0059,4,159.92,0
OI-004611,ORD-00757,PROD-0146,2,598.08,10
OI-004612,ORD-01963,PROD-0022,1,152.76,0
OI-004613,ORD-01963,PROD-0019,1,323.2,0
OI-004614,ORD-02830,PROD-0139,4,136.52,0
OI-004615,ORD-02830,PROD-0029,2,33.33,0
OI-004616,ORD-02259,PROD-0028,1,285.39,0
OI-004617,ORD-02259,PROD-0091,1,442.88,10
OI-004618,ORD-02259,PROD-0109,1,101.49,0
OI-004619,ORD-02259,PROD-0074,5,122.91,0
OI-004620,ORD-01193,PROD-0036,2,984.92,5
OI-004621,ORD-01193,PROD-0111,3,389.12,0
OI-004622,ORD-01193,PROD-0064,3,328.02,0
OI-004623,ORD-01193,PROD-0028,3,269.34,0
OI-004624,ORD-01193,PROD-0058,1,45.78,30
OI-004625,ORD-02343,PROD-0102,2,541.21,0
OI-004626,ORD-01167,PROD-0035,3,84.77,5
OI-004627,ORD-01167,PROD-0121,1,7.44,0
OI-004628,ORD-01167,PROD-0083,2,165.63,5
OI-004629,ORD-01346,PROD-0004,1,270.33,0
OI-004630,ORD-02633,PROD-0128,1,27.49,0
OI-004631,ORD-02633,PROD-0081,1,181.08,15
OI-004632,ORD-00873,PROD-0054,2,36.98,0
OI-004633,ORD-00873,PROD-0127,1,878.89,0
OI-004634,ORD-00873,PROD-0020,2,380.85,5
OI-004635,ORD-01895,PROD-0010,4,27.58,15
OI-004636,ORD-01895,PROD-0027,3,431.95,15
OI-004637,ORD-01439,PROD-0035,10,84.63,30
OI-004638,ORD-01439,PROD-0049,2,267.13,0
OI-004639,ORD-01439,PROD-0057,1,48.57,5
OI-004640,ORD-01439,PROD-0147,2,18.41,0
OI-004641,ORD-02120,PROD-0026,2,13.37,0
OI-004642,ORD-02120,PROD-0107,4,470.56,0
OI-004643,ORD-01042,PROD-0145,1,150.35,10
OI-004644,ORD-01042,PROD-0101,3,585.1,0
OI-004645,ORD-01042,PROD-0114,1,212.5,0
OI-004646,ORD-00934,PROD-0063,1,102.61,0
OI-004647,ORD-00934,PROD-0077,1,42.28,0
OI-004648,ORD-00934,PROD-0019,5,288.96,0
OI-004649,ORD-00044,PROD-0133,1,575.54,0
OI-004650,ORD-00804,PROD-0044,2,421.13,10
OI-004651,ORD-00804,PROD-0143,1,45.13,0
OI-004652,ORD-02099,PROD-0015,2,303.7,20
OI-004653,ORD-01102,PROD-0077,1,43.6,0
OI-004654,ORD-02931,PROD-0049,2,260.03,5
OI-004655,ORD-02931,PROD-0076,1,48.37,0
OI-004656,ORD-02931,PROD-0135,1,19.78,30
OI-004657,ORD-02931,PROD-0140,1,174.21,0
OI-004658,ORD-02848,PROD-0064,1,324.26,0
OI-004659,ORD-02848,PROD-0071,2,451.35,5
OI-004660,ORD-01235,PROD-0037,3,440.54,10
OI-004661,ORD-00840,PROD-0102,2,566.12,10
OI-004662,ORD-00840,PROD-0092,1,36.99,20
OI-004663,ORD-02162,PROD-0115,1,233.14,5
OI-004664,ORD-02162,PROD-0125,1,192.26,0
OI-004665,ORD-02162,PROD-0016,1,946.99,0
OI-004666,ORD-02162,PROD-0067,3,231.02,0
OI-004667,ORD-01864,PROD-0077,1,38.42,0
OI-004668,ORD-00147,PROD-0047,2,449.77,0
OI-004669,ORD-02032,PROD-0148,4,197.76,5
OI-004670,ORD-02032,PROD-0027,1,481.53,0
OI-004671,ORD-02705,PROD-0024,1,67.4,5
OI-004672,ORD-01095,PROD-0106,1,29.93,0
OI-004673,ORD-01095,PROD-0077,2,42.17,0
OI-004674,ORD-01751,PROD-0105,1,229.55,0
OI-004675,ORD-01751,PROD-0142,1,151.34,5
OI-004676,ORD-01751,PROD-0002,2,100.71,0
OI-004677,ORD-00123,PROD-0003,3,73.08,5
OI-004678,ORD-00123,PROD-0047,2,423.72,0
OI-004679,ORD-00123,PROD-0073,2,191.21,0
OI-004680,ORD-02986,PROD-0116,1,251.84,10
OI-004681,ORD-02986,PROD-0115,3,202.83,0
OI-004682,ORD-02523,PROD-0119,3,285.26,0
OI-004683,ORD-02523,PROD-0049,1,249.86,0
OI-004684,ORD-02523,PROD-0014,2,15.3,0
OI-004685,ORD-01657,PROD-0098,1,35.04,0
OI-004686,ORD-02865,PROD-0133,2,592.1,0
OI-004687,ORD-02865,PROD-0016,4,888.11,0
OI-004688,ORD-02865,PROD-0010,4,27.58,0
OI-004689,ORD-02865,PROD-0087,3,197.57,0
OI-004690,ORD-02865,PROD-0127,1,838.76,0
OI-004691,ORD-00271,PROD-0103,1,511.87,15
OI-004692,ORD-02005,PROD-0109,4,121.02,0
OI-004693,ORD-02005,PROD-0061,1,143.61,10
OI-004694,ORD-02005,PROD-0038,2,259.11,10
OI-004695,ORD-02005,PROD-0030,2,395.93,15
OI-004696,ORD-02005,PROD-0041,1,36.77,15
OI-004697,ORD-00048,PROD-0124,1,17.96,0
OI-004698,ORD-02069,PROD-0066,4,93.8,0
OI-004699,ORD-02514,PROD-0038,1,294.21,0
OI-004700,ORD-00037,PROD-0237,1,41.2,25
OI-004701,ORD-00037,PROD-0138,2,184.62,0
OI-004702,ORD-00037,PROD-0100,10,26.11,5
OI-004703,ORD-01827,PROD-0022,1,141.43,25
OI-004704,ORD-02834,PROD-0057,1,42.78,15
OI-004705,ORD-02834,PROD-0010,4,30.52,15
OI-004706,ORD-02834,PROD-0022,5,151.11,0
OI-004707,ORD-01685,PROD-0041,2,42.13,5
OI-004708,ORD-01685,PROD-0050,1,46.22,0
OI-004709,ORD-01685,PROD-0064,2,323.84,0
OI-004710,ORD-01685,PROD-0130,3,78.89,0
OI-004711,ORD-02041,PROD-0116,2,252.87,20
OI-004712,ORD-02041,PROD-0039,1,455.61,0
OI-004713,ORD-01018,PROD-0122,1,789.91,5
OI-004714,ORD-01018,PROD-0008,10,224.36,0
OI-004715,ORD-00849,PROD-0053,3,47.13,0
OI-004716,ORD-00849,PROD-0027,1,427.44,15
OI-004717,ORD-00849,PROD-0088,1,52.61,0
OI-004718,ORD-00849,PROD-0113,1,73.46,5
OI-004719,ORD-00849,PROD-0035,2,97.57,0
OI-004720,ORD-00420,PROD-0124,2,15.62,5
OI-004721,ORD-00420,PROD-0098,2,32.11,0
OI-004722,ORD-01219,PROD-0089,1,282.62,0
OI-004723,ORD-01219,PROD-0061,1,122.55,15
OI-004724,ORD-01219,PROD-0014,1,14.94,15
OI-004725,ORD-01219,PROD-0048,2,87.98,0
OI-004726,ORD-02617,PROD-0139,1,131.95,30
OI-004727,ORD-02617,PROD-0060,1,61.91,0
OI-004728,ORD-02617,PROD-0004,2,273.9,5
OI-004729,ORD-02455,PROD-0026,3,12.52,5
OI-004730,ORD-02455,PROD-0085,1,56.14,15
OI-004731,ORD-02455,PROD-0121,4,7.51,0
OI-004732,ORD-01039,PROD-0048,1,86.47,0
OI-004733,ORD-02474,PROD-0140,1,166.72,30
OI-004734,ORD-02926,PROD-0068,1,26.03,0
OI-004735,ORD-02926,PROD-0066,2,87.01,5
OI-004736,ORD-02926,PROD-0078,0,121.4,5
OI-004737,ORD-02926,PROD-0005,1,22.89,0
OI-004738,ORD-00769,PROD-0066,3,92.05,5
OI-004739,ORD-00769,PROD-0059,1,150.99,0
OI-004740,ORD-00522,PROD-0143,1,46.01,0
OI-004741,ORD-00522,PROD-0087,1,203.05,5
OI-004742,ORD-00522,PROD-0118,2,177.75,0
OI-004743,ORD-00450,PROD-0051,1,26.68,0
OI-004744,ORD-00450,PROD-0084,1,384.69,0
OI-004745,ORD-00450,PROD-0029,1,32.83,10
OI-004746,ORD-02286,PROD-0091,2,504.25,0
OI-004747,ORD-02286,PROD-0062,1,252.63,15
OI-004748,ORD-02286,PROD-0425,3,37.07,5
OI-004749,ORD-02286,PROD-0133,1,589.27,10
OI-004750,ORD-02593,PROD-0018,1,299.33,5
OI-004751,ORD-02593,PROD-0148,3,175.8,0
OI-004752,ORD-02593,PROD-0092,2,38.64,5
OI-004753,ORD-01635,PROD-0114,1,183.79,0
OI-004754,ORD-01635,PROD-0075,1,33.38,0
OI-004755,ORD-00980,PROD-0063,4,94.9,0
OI-004756,ORD-00747,PROD-0085,1,65.07,0
OI-004757,ORD-00747,PROD-0129,1,93.11,10
OI-004758,ORD-00747,PROD-0045,1,47.46,0
OI-004759,ORD-00656,PROD-0030,1,387.93,0
OI-004760,ORD-00656,PROD-0059,10,139.5,0
OI-004761,ORD-00491,PROD-0126,1,18.01,0
OI-004762,ORD-02220,PROD-0099,1,875.2,0
OI-004763,ORD-02220,PROD-0038,4,280.82,10
OI-004764,ORD-02965,PROD-0064,1,295.9,0
OI-004765,ORD-02658,PROD-0095,1,80.32,0
OI-004766,ORD-02658,PROD-0048,2,94.33,5
OI-004767,ORD-00248,PROD-0094,1,64.46,5
OI-004768,ORD-00248,PROD-0039,3,449.22,0
OI-004769,ORD-00248,PROD-0093,2,163.24,0
OI-004770,ORD-02227,PROD-0009,1,187.6,0
OI-004771,ORD-02227,PROD-0011,2,6.11,0
OI-004772,ORD-01773,PROD-0093,0,175.51,0
OI-004773,ORD-01773,PROD-0109,2,114.34,0
OI-004774,ORD-01773,PROD-0038,1,277.1,0
OI-004775,ORD-01369,PROD-0126,2,18.14,0
OI-004776,ORD-01927,PROD-0034,1,66.5,0
OI-004777,ORD-01927,PROD-0011,4,5.42,15
OI-004778,ORD-01927,PROD-0058,1,48.05,0
OI-004779,ORD-01927,PROD-0001,1,30.36,5
OI-004780,ORD-02163,PROD-0130,1,71.07,30
OI-004781,ORD-02737,PROD-0076,2,44.83,0
OI-004782,ORD-00119,PROD-0145,2,141.68,0
OI-004783,ORD-00119,PROD-0026,1,14.27,0
OI-004784,ORD-02764,PROD-0018,1,295.37,0
OI-004785,ORD-02764,PROD-0109,3,117.88,0
OI-004786,ORD-02764,PROD-0041,2,42.95,5
OI-004787,ORD-02878,PROD-0037,1,486.08,0
OI-004788,ORD-02878,PROD-0095,2,77.8,0
OI-004789,ORD-00130,PROD-0090,1,46.81,20
OI-004790,ORD-00130,PROD-0124,2,16.75,0
OI-004791,ORD-00130,PROD-0111,1,364.85,0
OI-004792,ORD-01679,PROD-0114,2,197.87,0
OI-004793,ORD-02508,PROD-0057,1,47.34,0
OI-004794,ORD-02908,PROD-0138,1,167.8,0
OI-004795,ORD-02908,PROD-0083,2,176.32,0
OI-004796,ORD-00094,PROD-0088,2,51.76,0
OI-004797,ORD-00094,PROD-0022,1,144.86,0
OI-004798,ORD-00094,PROD-0031,1,789.59,0
OI-004799,ORD-00094,PROD-0098,5,35.07,0
OI-004800,ORD-01399,PROD-0020,1,438.82,10
OI-004801,ORD-00862,PROD-0049,1,253.57,0
OI-004802,ORD-02164,PROD-0016,1,948.96,5
OI-004803,ORD-02164,PROD-0102,1,602.44,0
OI-004804,ORD-02164,PROD-0061,3,124.42,0
OI-004805,ORD-02164,PROD-0118,2,206.38,10
OI-004806,ORD-01938,PROD-0016,1,887.6,5
OI-004807,ORD-01938,PROD-0041,3,40.19,15
OI-004808,ORD-01938,PROD-0005,1,24.84,0
OI-004809,ORD-01938,PROD-0044,1,392.79,10
OI-004810,ORD-01938,PROD-0134,3,31.3,5
OI-004811,ORD-01105,PROD-0062,1,240.29,30
OI-004812,ORD-01105,PROD-0005,1,24.51,0
OI-004813,ORD-01105,PROD-0041,2,44.33,10
OI-004814,ORD-01521,PROD-0044,2,386.69,25
OI-004815,ORD-01521,PROD-0019,3,306.14,0
OI-004816,ORD-01832,PROD-0063,5,97.08,25
OI-004817,ORD-02708,PROD-0082,1,16.12,20
OI-004818,ORD-02708,PROD-0146,3,632.54,5
OI-004819,ORD-00881,PROD-0058,3,45.09,0
OI-004820,ORD-01031,PROD-0119,1,285.38,-11
OI-004821,ORD-01031,PROD-0082,1,16.72,0
OI-004822,ORD-01031,PROD-0040,1,40.5,0
OI-004823,ORD-01080,PROD-0143,2,41.9,0
OI-004824,ORD-01080,PROD-0063,10,105.54,0
OI-004825,ORD-01080,PROD-0090,1,42.79,0
OI-004826,ORD-01080,PROD-0099,3,887.05,0
OI-004827,ORD-01080,PROD-0054,2,34.14,0
OI-004828,ORD-02317,PROD-0091,1,427.47,0
OI-004829,ORD-02292,PROD-0112,2,160.66,30
OI-004830,ORD-02292,PROD-0028,1,260.18,0
OI-004831,ORD-00089,PROD-0030,2,436.52,0
OI-004832,ORD-00089,PROD-0072,1,180.42,5
OI-004833,ORD-00089,PROD-0066,4,94.73,0
OI-004834,ORD-00967,PROD-0060,2,59.95,0
OI-004835,ORD-00967,PROD-0043,1,160.7,0
OI-004836,ORD-00805,PROD-0086,2,89.12,5
OI-004837,ORD-02124,PROD-0138,1,189.59,0
OI-004838,ORD-02124,PROD-0128,1,28.04,0
OI-004839,ORD-02124,PROD-0032,0,461.35,15
OI-004840,ORD-02124,PROD-0034,1,68.53,0
OI-004841,ORD-02628,PROD-0097,1,147.74,0
OI-004842,ORD-02628,PROD-0120,3,853.12,0
OI-004843,ORD-01923,PROD-0003,1,73.56,20
OI-004844,ORD-01923,PROD-0143,2,48.67,0
OI-004845,ORD-01923,PROD-0093,2,173.38,0
OI-004846,ORD-01949,PROD-0048,1,85.12,20
OI-004847,ORD-01949,PROD-0134,1,34.65,0
OI-004848,ORD-01891,PROD-0051,1,25.74,0
OI-004849,ORD-01891,PROD-0091,2,475.57,0
OI-004850,ORD-01891,PROD-0049,3,240.58,10
OI-004851,ORD-01075,PROD-0002,1,121.3,10
OI-004852,ORD-01075,PROD-0131,1,59.88,0
OI-004853,ORD-01075,PROD-0079,4,44.13,15
OI-004854,ORD-01075,PROD-0091,2,430.39,0
OI-004855,ORD-02121,PROD-0057,4,48.97,0
OI-004856,ORD-01225,PROD-0098,2,30.63,0
OI-004857,ORD-01605,PROD-0020,1,410.06,15
OI-004858,ORD-02524,PROD-0022,3,138.8,10
OI-004859,ORD-02524,PROD-0087,2,214.4,20
OI-004860,ORD-01344,PROD-0057,2,46.86,0
OI-004861,ORD-01344,PROD-0035,10,95.25,0
OI-004862,ORD-01344,PROD-0069,3,9.06,15
OI-004863,ORD-01344,PROD-0093,5,164.56,15
OI-004864,ORD-00452,PROD-0016,1,943.66,15
OI-004865,ORD-02185,PROD-0100,1,25.31,20
OI-004866,ORD-02185,PROD-0052,1,13.7,0
OI-004867,ORD-02185,PROD-0127,2,814.69,0
OI-004868,ORD-01979,PROD-0006,1,30.76,0
OI-004869,ORD-00184,PROD-0119,1,272.82,0
OI-004870,ORD-00184,PROD-0060,1,61.74,0
OI-004871,ORD-01787,PROD-0052,2,13.7,15
OI-004872,ORD-01787,PROD-0118,2,178.59,10
OI-004873,ORD-01787,PROD-0059,1,151.67,0
OI-004874,ORD-02004,PROD-0018,3,304.73,0
OI-004875,ORD-02535,PROD-0045,5,54.54,10
OI-004876,ORD-02535,PROD-0091,1,418.72,0
OI-004877,ORD-02535,PROD-0131,2,51.78,25
OI-004878,ORD-00087,PROD-0103,1,517.05,0
OI-004879,ORD-00087,PROD-0086,2,88.47,0
OI-004880,ORD-00087,PROD-0046,1,175.2,0
OI-004881,ORD-00364,PROD-0005,1,24.78,0
OI-004882,ORD-00219,PROD-0083,1,179.87,10
OI-004883,ORD-00286,PROD-0025,1,181.48,15
OI-004884,ORD-01162,PROD-0138,0,182.73,0
OI-004885,ORD-01162,PROD-0089,1,283.35,0
OI-004886,ORD-01162,PROD-0139,2,126.6,0
OI-004887,ORD-02736,PROD-0117,2,40.65,5
OI-004888,ORD-00601,PROD-0098,1,31.84,0
OI-004889,ORD-00601,PROD-0081,3,179.86,0
OI-004890,ORD-00601,PROD-0016,1,984.69,20
OI-004891,ORD-00601,PROD-0057,3,41.49,0
OI-004892,ORD-02434,PROD-0055,3,26.08,10
OI-004893,ORD-02434,PROD-0147,1,19.16,20
OI-004894,ORD-02434,PROD-0058,1,53.49,0
OI-004895,ORD-00457,PROD-0002,3,101.66,0
OI-004896,ORD-02626,PROD-0145,3,138.35,0
OI-004897,ORD-01944,PROD-0105,1,224.54,0
OI-004898,ORD-01944,PROD-0097,1,131.14,0
OI-004899,ORD-01944,PROD-0029,1,31.93,0
OI-004900,ORD-00806,PROD-0078,1,113.47,0
OI-004901,ORD-00806,PROD-0083,1,169.09,15
OI-004902,ORD-00806,PROD-0129,2,97.76,20
OI-004903,ORD-01990,PROD-0114,4,200.01,5
OI-004904,ORD-01990,PROD-0004,1,230.62,15
OI-004905,ORD-01990,PROD-0095,1,82.47,0
OI-004906,ORD-01990,PROD-0051,1,23.15,0
OI-004907,ORD-00560,PROD-0008,1,233.89,0
OI-004908,ORD-00560,PROD-0082,3,16.42,0
OI-004909,ORD-00560,PROD-0031,3,850.02,0
OI-004910,ORD-00560,PROD-0041,0,37.85,30
OI-004911,ORD-00560,PROD-0106,1,28.24,25
OI-004912,ORD-02313,PROD-0074,1,112.11,0
OI-004913,ORD-02331,PROD-0131,1,57.08,5
OI-004914,ORD-02331,PROD-0007,1,336.65,0
OI-004915,ORD-02331,PROD-0060,10,53.37,0
OI-004916,ORD-00153,PROD-0038,2,278.11,0
OI-004917,ORD-00153,PROD-0106,1,30.36,25
OI-004918,ORD-00153,PROD-0137,1,140.21,0
OI-004919,ORD-02299,PROD-0009,10,173.52,15
OI-004920,ORD-01615,PROD-0073,1,218.15,0
OI-004921,ORD-01092,PROD-0134,1,30.28,15
OI-004922,ORD-01092,PROD-0018,1,284.78,25
OI-004923,ORD-01092,PROD-0022,1,136.75,15
OI-004924,ORD-02932,PROD-0030,1,405.36,0
OI-004925,ORD-02932,PROD-0102,1,571.03,0
OI-004926,ORD-02932,PROD-0067,1,230.56,0
OI-004927,ORD-02954,PROD-0124,4,18.25,5
OI-004928,ORD-02954,PROD-0020,1,421.95,0
OI-004929,ORD-02954,PROD-0047,2,457.75,5
OI-004930,ORD-02954,PROD-0084,1,447.3,0
OI-004931,ORD-01914,PROD-0147,1,17.16,20
OI-004932,ORD-01617,PROD-0068,1,25.68,0
OI-004933,ORD-01617,PROD-0061,2,128.3,0
OI-004934,ORD-01194,PROD-0034,1,65.18,20
OI-004935,ORD-01194,PROD-0090,1,44.72,15
OI-004936,ORD-00828,PROD-0038,1,308.4,0
OI-004937,ORD-02649,PROD-0022,1,156.79,0
OI-004938,ORD-02649,PROD-0062,1,231.32,0
OI-004939,ORD-02649,PROD-0124,1,15.99,20
OI-004940,ORD-01769,PROD-0138,1,180.42,0
OI-004941,ORD-01769,PROD-0113,5,76.68,10
OI-004942,ORD-01769,PROD-0123,2,46.07,0
OI-004943,ORD-01769,PROD-0131,1,56.01,0
OI-004944,ORD-02471,PROD-0091,2,452.84,5
OI-004945,ORD-02471,PROD-0042,2,183.49,0
OI-004946,ORD-02887,PROD-0132,1,329.66,0
OI-004947,ORD-02857,PROD-0140,2,183.63,0
OI-004948,ORD-02116,PROD-0119,2,289.49,0
OI-004949,ORD-02554,PROD-0021,1,151.33,0
OI-004950,ORD-02554,PROD-0014,3,14.19,0
OI-004951,ORD-02554,PROD-0066,1,101.42,0
OI-004952,ORD-01670,PROD-0135,2,22.13,0
OI-004953,ORD-00579,PROD-0070,2,335.41,0
OI-004954,ORD-02760,PROD-0075,1,35.0,0
OI-004955,ORD-02760,PROD-0114,5,186.66,0
OI-004956,ORD-00424,PROD-0139,10,115.7,0
OI-004957,ORD-01288,PROD-0133,1,564.63,0
OI-004958,ORD-01288,PROD-0088,1,49.45,-16
OI-004959,ORD-01288,PROD-0097,2,146.13,0
OI-004960,ORD-01288,PROD-0046,3,160.03,0
OI-004961,ORD-01288,PROD-0003,4,67.15,10
OI-004962,ORD-00121,PROD-0046,1,161.46,0
OI-004963,ORD-00121,PROD-0003,2,75.38,0
OI-004964,ORD-01055,PROD-0080,1,339.7,10
OI-004965,ORD-01055,PROD-0117,2,44.64,30
OI-004966,ORD-00724,PROD-0058,1,53.08,5
OI-004967,ORD-02696,PROD-0139,1,118.36,5
OI-004968,ORD-02696,PROD-0133,2,588.48,0
OI-004969,ORD-01583,PROD-0079,1,43.04,0
OI-004970,ORD-01583,PROD-0032,1,414.15,10
OI-004971,ORD-01583,PROD-0080,1,391.46,-10
OI-004972,ORD-01583,PROD-0036,1,893.58,0
OI-004973,ORD-01583,PROD-0063,3,96.06,20
OI-004974,ORD-00006,PROD-0070,2,302.67,10
OI-004975,ORD-00006,PROD-0038,1,261.45,0
OI-004976,ORD-00006,PROD-0118,2,176.23,0
OI-004977,ORD-01441,PROD-0066,1,93.12,25
OI-004978,ORD-00358,PROD-0135,1,20.05,20
OI-004979,ORD-01126,PROD-0043,2,177.21,0
OI-004980,ORD-00227,PROD-0084,1,434.38,0
OI-004981,ORD-00227,PROD-0036,1,888.34,20
OI-004982,ORD-00857,PROD-0028,3,312.96,5
OI-004983,ORD-01879,PROD-0012,1,320.96,5
OI-004984,ORD-01879,PROD-0059,4,156.17,0
OI-004985,ORD-00907,PROD-0134,3,33.82,20
OI-004986,ORD-01945,PROD-0056,1,157.06,10
OI-004987,ORD-01945,PROD-0088,1,52.33,0
OI-004988,ORD-02608,PROD-0071,1,451.77,0
OI-004989,ORD-02771,PROD-0113,1,70.6,0
OI-004990,ORD-00176,PROD-0121,3,7.12,0
OI-004991,ORD-00176,PROD-0039,1,476.41,0
OI-004992,ORD-02150,PROD-0079,1,39.17,25
OI-004993,ORD-02150,PROD-0071,1,478.73,0
OI-004994,ORD-01241,PROD-0145,1,145.08,0
OI-004995,ORD-01241,PROD-0032,4,467.18,0
OI-004996,ORD-02844,PROD-0062,1,263.28,15
OI-004997,ORD-02844,PROD-0059,5,154.88,0
OI-004998,ORD-01668,PROD-0060,1,55.67,15
OI-004999,ORD-01015,PROD-0135,1,20.06,10
OI-005000,ORD-02665,PROD-0079,2,44.74,0
OI-005001,ORD-02854,PROD-0059,2,151.31,0
OI-005002,ORD-00773,PROD-0001,2,30.0,10
OI-005003,ORD-01651,PROD-0141,2,32.25,0
OI-005004,ORD-01524,PROD-0125,1,215.59,0
OI-005005,ORD-02186,PROD-0144,3,10.57,0
OI-005006,ORD-00814,PROD-0016,1,847.93,0
OI-005007,ORD-00885,PROD-0083,3,182.98,0
OI-005008,ORD-02180,PROD-0002,3,122.72,0
OI-005009,ORD-02180,PROD-0018,1,313.86,20
OI-005010,ORD-00941,PROD-0106,2,27.9,0
OI-005011,ORD-00941,PROD-0052,1,12.13,0
OI-005012,ORD-00941,PROD-0145,1,133.5,0
OI-005013,ORD-00941,PROD-0036,2,999.9,10
OI-005014,ORD-01535,PROD-0086,1,88.57,15
OI-005015,ORD-02437,PROD-0040,2,38.51,0
OI-005016,ORD-02151,PROD-0127,1,908.38,25
OI-005017,ORD-01975,PROD-0022,2,136.49,0
OI-005018,ORD-01975,PROD-0149,1,47.09,15
OI-005019,ORD-00134,PROD-0130,2,77.9,30
OI-005020,ORD-00134,PROD-0058,2,48.21,0
OI-005021,ORD-00134,PROD-0085,3,57.38,0
OI-005022,ORD-00134,PROD-0078,2,116.07,15
OI-005023,ORD-02856,PROD-0137,3,157.6,30
OI-005024,ORD-02856,PROD-0111,1,397.47,0
OI-005025,ORD-01146,PROD-0035,2,90.31,15
OI-005026,ORD-01432,PROD-0048,3,86.13,10
OI-005027,ORD-01807,PROD-0002,5,102.27,0
OI-005028,ORD-00971,PROD-0120,3,800.85,0
OI-005029,ORD-00111,PROD-0071,1,467.7,0
OI-005030,ORD-01364,PROD-0148,3,176.66,15
OI-005031,ORD-01060,PROD-0006,1,33.54,10
OI-005032,ORD-00930,PROD-0005,2,24.12,15
OI-005033,ORD-01290,PROD-0059,1,142.24,0
OI-005034,ORD-01290,PROD-0150,1,344.97,5
OI-005035,ORD-01632,PROD-0103,1,482.14,25
OI-005036,ORD-02148,PROD-0114,1,212.44,0
OI-005037,ORD-02148,PROD-0043,1,177.51,15
OI-005038,ORD-01118,PROD-0035,2,85.71,0
OI-005039,ORD-02599,PROD-0043,2,177.7,0
OI-005040,ORD-00023,PROD-0098,2,32.41,0
OI-005041,ORD-00695,PROD-0081,3,166.11,0
OI-005042,ORD-00695,PROD-0086,1,88.08,0
OI-005043,ORD-00695,PROD-0095,2,77.86,0
OI-005044,ORD-02837,PROD-0130,1,76.77,25
OI-005045,ORD-01814,PROD-0012,1,300.84,25
OI-005046,ORD-01814,PROD-0005,4,25.78,0
OI-005047,ORD-00989,PROD-0025,1,185.11,30
OI-005048,ORD-01494,PROD-0072,2,194.47,0
OI-005049,ORD-02539,PROD-0011,1,6.05,15
OI-005050,ORD-01038,PROD-0051,2,25.77,0
OI-005051,ORD-00532,PROD-0368,1,119.25,0
OI-005052,ORD-00148,PROD-0066,4,88.73,0
OI-005053,ORD-00148,PROD-0030,3,432.46,0
OI-005054,ORD-00148,PROD-0111,2,358.8,15
OI-005055,ORD-00148,PROD-0082,2,15.03,0
OI-005056,ORD-00148,PROD-0052,2,13.65,5
OI-005057,ORD-01310,PROD-0074,2,113.4,0
OI-005058,ORD-01310,PROD-0095,1,70.21,0
OI-005059,ORD-01036,PROD-0139,1,131.21,-12
OI-005060,ORD-01816,PROD-0127,3,828.85,0
OI-005061,ORD-01127,PROD-0135,2,22.84,5
OI-005062,ORD-00978,PROD-0027,3,430.21,0
OI-005063,ORD-01449,PROD-0035,1,89.69,0
OI-005064,ORD-01429,PROD-0136,2,672.35,20
OI-005065,ORD-01429,PROD-0021,1,157.42,0
OI-005066,ORD-00321,PROD-0108,1,270.61,0
OI-005067,ORD-00321,PROD-0131,1,53.08,25
OI-005068,ORD-00321,PROD-0075,2,35.81,0
OI-005069,ORD-01813,PROD-0013,2,47.88,0
OI-005070,ORD-01086,PROD-0003,4,75.82,0
OI-005071,ORD-01086,PROD-0123,3,43.89,0
OI-005072,ORD-01086,PROD-0115,2,236.95,25
OI-005073,ORD-01063,PROD-0037,1,455.48,0
OI-005074,ORD-01578,PROD-0094,1,78.17,0
OI-005075,ORD-01587,PROD-0090,0,45.69,20
OI-005076,ORD-01587,PROD-0057,1,46.54,0
OI-005077,ORD-01821,PROD-0084,3,433.27,10
OI-005078,ORD-02123,PROD-0288,3,125.17,5
OI-005079,ORD-02123,PROD-0115,3,206.49,0
OI-005080,ORD-02123,PROD-0022,2,134.49,0
OI-005081,ORD-01372,PROD-0079,1,44.21,0
OI-005082,ORD-01372,PROD-0086,1,90.48,10
OI-005083,ORD-01081,PROD-0102,1,520.58,0
OI-005084,ORD-01081,PROD-0059,4,139.83,5
OI-005085,ORD-01081,PROD-0147,1,18.8,0
OI-005086,ORD-01081,PROD-0118,2,179.32,0
OI-005087,ORD-02494,PROD-0018,2,345.36,15
OI-005088,ORD-02494,PROD-0095,1,78.08,5
OI-005089,ORD-01437,PROD-0052,2,13.5,0
OI-005090,ORD-01437,PROD-0070,1,341.59,0
OI-005091,ORD-01738,PROD-0137,5,164.56,0
OI-005092,ORD-01738,PROD-0081,1,183.26,0
OI-005093,ORD-01738,PROD-0104,2,173.7,5
OI-005094,ORD-01738,PROD-0111,1,373.02,0
OI-005095,ORD-01738,PROD-0108,1,240.97,0
OI-005096,ORD-02019,PROD-0044,2,369.64,10
OI-005097,ORD-02019,PROD-0132,4,294.42,15
OI-005098,ORD-01621,PROD-0017,1,19.6,0
OI-005099,ORD-01621,PROD-0062,1,248.05,0
OI-005100,ORD-01621,PROD-0103,1,517.66,0
OI-005101,ORD-02905,PROD-0003,2,75.9,0
OI-005102,ORD-02905,PROD-0449,1,107.6,0
OI-005103,ORD-02905,PROD-0120,3,938.53,0
OI-005104,ORD-02996,PROD-0077,1,37.87,5
OI-005105,ORD-02996,PROD-0020,3,407.27,0
OI-005106,ORD-02996,PROD-0051,1,26.97,5
OI-005107,ORD-00823,PROD-0042,4,175.03,0
OI-005108,ORD-00823,PROD-0057,1,41.11,10
OI-005109,ORD-00823,PROD-0076,2,48.24,0
OI-005110,ORD-01568,PROD-0036,4,848.32,5
OI-005111,ORD-00690,PROD-0007,1,307.07,0
OI-005112,ORD-00690,PROD-0053,2,44.51,0
OI-005113,ORD-00210,PROD-0010,1,30.09,0
OI-005114,ORD-00210,PROD-0036,2,895.43,0
OI-005115,ORD-02751,PROD-0063,0,103.57,0
OI-005116,ORD-02751,PROD-0097,1,135.68,0
OI-005117,ORD-01113,PROD-0061,3,126.2,0
OI-005118,ORD-01113,PROD-0012,2,286.88,20
OI-005119,ORD-01122,PROD-0050,4,48.38,10
OI-005120,ORD-02591,PROD-0005,1,25.47,15
OI-005121,ORD-00797,PROD-0042,1,187.2,5
OI-005122,ORD-00797,PROD-0002,3,106.31,0
OI-005123,ORD-00797,PROD-0105,3,221.38,0
OI-005124,ORD-02663,PROD-0092,2,36.72,20
OI-005125,ORD-01202,PROD-0108,1,280.6,10
OI-005126,ORD-02778,PROD-0083,1,175.3,0
OI-005127,ORD-02778,PROD-0072,1,196.42,0
OI-005128,ORD-02778,PROD-0079,1,42.81,0
OI-005129,ORD-01551,PROD-0009,0,159.2,0
OI-005130,ORD-01551,PROD-0078,2,129.88,0
OI-005131,ORD-02052,PROD-0009,2,156.62,10
OI-005132,ORD-02895,PROD-0149,1,44.56,10
OI-005133,ORD-02895,PROD-0142,1,163.04,5
OI-005134,ORD-02895,PROD-0065,1,21.0,0
OI-005135,ORD-02895,PROD-0006,1,31.88,5
OI-005136,ORD-02530,PROD-0032,2,457.08,0
OI-005137,ORD-02530,PROD-0089,3,285.16,15
OI-005138,ORD-01943,PROD-0049,3,249.9,0
OI-005139,ORD-01406,PROD-0046,1,155.66,10
OI-005140,ORD-01406,PROD-0148,2,186.14,0
OI-005141,ORD-01406,PROD-0120,1,949.0,0
OI-005142,ORD-02146,PROD-0020,3,400.55,0
OI-005143,ORD-00144,PROD-0135,2,22.28,30
OI-005144,ORD-00144,PROD-0014,1,14.91,5
OI-005145,ORD-00258,PROD-0105,1,199.68,15
OI-005146,ORD-01721,PROD-0040,0,46.19,15
OI-005147,ORD-02255,PROD-0005,1,22.33,20
OI-005148,ORD-02196,PROD-0012,1,319.13,5
OI-005149,ORD-02261,PROD-0046,2,160.09,0
OI-005150,ORD-02083,PROD-0106,1,29.97,0
OI-005151,ORD-01665,PROD-0021,1,155.56,10
OI-005152,ORD-01665,PROD-0073,2,212.48,0
OI-005153,ORD-01394,PROD-0111,1,344.38,25
OI-005154,ORD-02081,PROD-0028,1,305.59,0
OI-005155,ORD-02081,PROD-0111,1,375.62,10
OI-005156,ORD-01737,PROD-0118,2,190.29,0
OI-005157,ORD-02643,PROD-0037,2,522.09,5
OI-005158,ORD-00019,PROD-0031,3,789.32,0
OI-005159,ORD-00019,PROD-0117,10,46.89,10
OI-005160,ORD-00019,PROD-0109,2,106.28,5
OI-005161,ORD-02982,PROD-0066,1,85.89,15
OI-005162,ORD-00750,PROD-0008,3,225.94,30
OI-005163,ORD-00750,PROD-0082,1,15.03,0
OI-005164,ORD-02956,PROD-0091,1,426.65,15
OI-005165,ORD-02729,PROD-0105,1,192.6,5
OI-005166,ORD-02729,PROD-0140,1,168.87,10
OI-005167,ORD-01911,PROD-0089,1,280.43,30
OI-005168,ORD-01911,PROD-0138,2,195.7,0
OI-005169,ORD-01911,PROD-0118,0,214.2,15
OI-005170,ORD-01911,PROD-0131,4,53.97,0
OI-005171,ORD-01911,PROD-0123,1,50.98,0
OI-005172,ORD-00393,PROD-0124,1,16.22,0
OI-005173,ORD-01263,PROD-0006,1,32.3,30
OI-005174,ORD-01263,PROD-0028,1,307.3,0
OI-005175,ORD-01263,PROD-0027,2,461.91,0
OI-005176,ORD-01375,PROD-0001,3,31.1,0
OI-005177,ORD-01375,PROD-0017,4,18.21,15
OI-005178,ORD-01375,PROD-0067,1,238.49,15
OI-005179,ORD-02734,PROD-0044,1,397.58,0
OI-005180,ORD-02734,PROD-0121,1,7.33,0
OI-005181,ORD-02734,PROD-0080,3,355.01,0
OI-005182,ORD-00486,PROD-0024,1,65.99,0
OI-005183,ORD-00486,PROD-0132,3,300.63,0
OI-005184,ORD-00486,PROD-0074,1,117.44,0
OI-005185,ORD-02850,PROD-0064,1,302.83,0
OI-005186,ORD-02850,PROD-0066,1,97.7,0
OI-005187,ORD-01913,PROD-0052,5,13.75,0
OI-005188,ORD-01913,PROD-0121,1,7.41,0
OI-005189,ORD-02565,PROD-0093,4,157.52,0
OI-005190,ORD-00643,PROD-0121,1,7.86,0
OI-005191,ORD-02885,PROD-0022,1,141.34,0
OI-005192,ORD-01819,PROD-0149,2,48.56,0
OI-005193,ORD-01819,PROD-0113,1,77.33,0
OI-005194,ORD-02999,PROD-0022,2,151.95,5
OI-005195,ORD-01492,PROD-0110,3,199.55,0
OI-005196,ORD-01492,PROD-0135,1,21.22,0
OI-005197,ORD-01492,PROD-0014,1,14.88,0
OI-005198,ORD-01492,PROD-0004,5,268.01,0
OI-005199,ORD-00425,PROD-0006,2,28.71,0
OI-005200,ORD-00425,PROD-0130,1,78.3,0
OI-005201,ORD-01921,PROD-0089,1,285.99,0
OI-005202,ORD-01488,PROD-0140,2,178.08,0
OI-005203,ORD-01488,PROD-0066,2,84.33,0
OI-005204,ORD-01488,PROD-0027,1,474.13,0
OI-005205,ORD-01094,PROD-0082,3,15.07,5
OI-005206,ORD-00649,PROD-0099,1,811.58,5
OI-005207,ORD-00649,PROD-0020,1,408.51,20
OI-005208,ORD-00649,PROD-0022,1,140.39,0
OI-005209,ORD-01798,PROD-0088,1,45.67,0
OI-005210,ORD-02924,PROD-0150,2,345.01,10
OI-005211,ORD-02325,PROD-0051,1,25.68,0
OI-005212,ORD-02325,PROD-0114,2,184.67,20
OI-005213,ORD-02325,PROD-0140,1,184.47,10
OI-005214,ORD-01585,PROD-0056,1,162.48,15
OI-005215,ORD-02085,PROD-0072,2,188.06,30
OI-005216,ORD-02085,PROD-0047,2,427.22,0
OI-005217,ORD-01491,PROD-0082,4,15.22,0
OI-005218,ORD-01491,PROD-0092,2,34.6,20
OI-005219,ORD-01491,PROD-0047,1,458.89,5
OI-005220,ORD-01491,PROD-0008,3,252.68,0
OI-005221,ORD-00235,PROD-0022,1,139.16,25
OI-005222,ORD-00235,PROD-0063,1,95.04,0
OI-005223,ORD-00235,PROD-0056,1,152.59,20
OI-005224,ORD-00711,PROD-0002,4,102.83,0
OI-005225,ORD-00917,PROD-0010,1,25.59,0
OI-005226,ORD-01252,PROD-0049,1,267.84,0
OI-005227,ORD-01252,PROD-0147,1,18.67,10
OI-005228,ORD-01252,PROD-0140,3,188.22,0
OI-005229,ORD-01252,PROD-0052,1,12.46,0
OI-005230,ORD-02534,PROD-0079,1,39.77,10
OI-005231,ORD-02464,PROD-0081,2,168.46,-6
OI-005232,ORD-02464,PROD-0030,2,414.95,0
OI-005233,ORD-02464,PROD-0130,4,72.89,15
OI-005234,ORD-01877,PROD-0027,1,470.64,10
OI-005235,ORD-01877,PROD-0013,1,46.54,10
OI-005236,ORD-01877,PROD-0025,2,161.23,10
OI-005237,ORD-00794,PROD-0142,1,164.19,15
OI-005238,ORD-02610,PROD-0005,4,24.96,0
OI-005239,ORD-02717,PROD-0140,2,174.75,0
OI-005240,ORD-02717,PROD-0146,1,601.07,0
OI-005241,ORD-02609,PROD-0090,1,40.94,15
OI-005242,ORD-02609,PROD-0111,1,350.0,0
OI-005243,ORD-02609,PROD-0089,2,312.46,5
OI-005244,ORD-02609,PROD-0104,1,160.72,10
OI-005245,ORD-01616,PROD-0091,1,499.42,0
OI-005246,ORD-02393,PROD-0037,1,481.25,0
OI-005247,ORD-02393,PROD-0106,1,29.65,10
OI-005248,ORD-00150,PROD-0148,1,176.62,0
OI-005249,ORD-00150,PROD-0096,1,20.5,0
OI-005250,ORD-00150,PROD-0113,10,72.27,0
OI-005251,ORD-00150,PROD-0030,1,409.29,10
OI-005252,ORD-00744,PROD-0060,3,59.39,0
OI-005253,ORD-00744,PROD-0064,1,309.69,0
OI-005254,ORD-00744,PROD-0135,1,19.49,20
OI-005255,ORD-00744,PROD-0014,1,15.45,0
OI-005256,ORD-00744,PROD-0122,3,698.69,5
OI-005257,ORD-01852,PROD-0113,1,67.03,0
OI-005258,ORD-01852,PROD-0119,2,292.75,0
OI-005259,ORD-01852,PROD-0043,3,159.36,30
OI-005260,ORD-01852,PROD-0105,3,208.06,0
OI-005261,ORD-01852,PROD-0112,1,161.72,0
OI-005262,ORD-01586,PROD-0119,2,289.89,0
OI-005263,ORD-01586,PROD-0131,2,60.75,0
OI-005264,ORD-01586,PROD-0076,1,46.22,0
OI-005265,ORD-01586,PROD-0112,1,150.88,0
OI-005266,ORD-00947,PROD-0110,3,226.03,20
OI-005267,ORD-00947,PROD-0130,1,86.24,0
OI-005268,ORD-01892,PROD-0139,2,116.13,5
OI-005269,ORD-01561,PROD-0131,2,60.66,0
OI-005270,ORD-01561,PROD-0129,2,91.89,0
OI-005271,ORD-02345,PROD-0110,2,218.09,0
OI-005272,ORD-01861,PROD-0116,2,235.6,15
OI-005273,ORD-01861,PROD-0090,2,45.68,5
OI-005274,ORD-01563,PROD-0121,1,7.14,20
OI-005275,ORD-01563,PROD-0017,2,16.72,10
OI-005276,ORD-01563,PROD-0128,5,27.11,0
OI-005277,ORD-01563,PROD-0071,2,479.86,0
OI-005278,ORD-00110,PROD-0050,1,47.9,0
OI-005279,ORD-00110,PROD-0139,2,138.17,0
OI-005280,ORD-02173,PROD-0049,3,231.85,0
OI-005281,ORD-02173,PROD-0015,1,278.65,0
OI-005282,ORD-00919,PROD-0108,1,251.58,0
OI-005283,ORD-01972,PROD-0044,1,350.75,-6
OI-005284,ORD-01972,PROD-0039,0,459.78,0
OI-005285,ORD-01972,PROD-0003,3,70.04,20
OI-005286,ORD-01972,PROD-0150,1,312.73,25
OI-005287,ORD-01404,PROD-0072,1,162.99,5
OI-005288,ORD-01404,PROD-0076,3,51.61,0
OI-005289,ORD-01404,PROD-0059,2,159.11,0
OI-005290,ORD-00367,PROD-0064,1,312.86,20
OI-005291,ORD-00367,PROD-0052,2,11.97,0
OI-005292,ORD-00367,PROD-0080,1,400.39,0
OI-005293,ORD-00367,PROD-0145,2,141.89,5
OI-005294,ORD-02338,PROD-0110,2,219.18,0
OI-005295,ORD-02470,PROD-0142,10,165.6,0
OI-005296,ORD-02470,PROD-0067,2,228.24,0
OI-005297,ORD-02785,PROD-0004,1,272.33,0
OI-005298,ORD-00076,PROD-0024,1,74.04,5
OI-005299,ORD-02481,PROD-0054,2,34.01,0
OI-005300,ORD-02481,PROD-0095,3,71.84,5
OI-005301,ORD-02481,PROD-0093,1,160.98,0
OI-005302,ORD-01886,PROD-0083,2,160.63,0
OI-005303,ORD-01025,PROD-0040,2,45.02,5
OI-005304,ORD-01025,PROD-0149,3,49.64,0
OI-005305,ORD-01575,PROD-0123,10,50.93,0
OI-005306,ORD-00399,PROD-0086,1,101.47,30
OI-005307,ORD-00399,PROD-0140,2,174.38,0
OI-005308,ORD-01613,PROD-0087,3,198.82,0
OI-005309,ORD-01613,PROD-0070,1,303.43,0
OI-005310,ORD-02149,PROD-0079,4,39.33,0
OI-005311,ORD-00011,PROD-0133,4,620.94,0
OI-005312,ORD-00357,PROD-0032,2,444.29,15
OI-005313,ORD-00053,PROD-0129,1,95.0,0
OI-005314,ORD-00053,PROD-0064,2,310.66,10
OI-005315,ORD-02473,PROD-0019,1,314.11,0
OI-005316,ORD-02473,PROD-0137,4,155.69,0
OI-005317,ORD-02397,PROD-0086,1,84.63,0
OI-005318,ORD-02656,PROD-0010,1,30.05,0
OI-005319,ORD-00306,PROD-0026,1,13.59,0
OI-005320,ORD-00306,PROD-0141,1,30.64,30
OI-005321,ORD-00306,PROD-0010,2,25.87,0
OI-005322,ORD-00306,PROD-0092,2,36.9,0
OI-005323,ORD-00641,PROD-0043,3,148.55,0
OI-005324,ORD-02046,PROD-0033,1,151.49,-17
OI-005325,ORD-02046,PROD-0138,10,176.86,0
OI-005326,ORD-01029,PROD-0116,1,235.84,0
OI-005327,ORD-01691,PROD-0119,10,277.02,0
OI-005328,ORD-01691,PROD-0147,1,16.67,25
OI-005329,ORD-01691,PROD-0063,4,96.98,30
OI-005330,ORD-01691,PROD-0042,1,190.18,0
OI-005331,ORD-01691,PROD-0073,1,221.37,15
OI-005332,ORD-00815,PROD-0099,4,839.43,20
OI-005333,ORD-00815,PROD-0110,1,205.42,0
OI-005334,ORD-00752,PROD-0046,5,149.24,0
OI-005335,ORD-00752,PROD-0023,1,17.56,0
OI-005336,ORD-01160,PROD-0114,3,221.54,5
OI-005337,ORD-01160,PROD-0042,1,185.03,0
OI-005338,ORD-01261,PROD-0110,1,219.42,0
OI-005339,ORD-01261,PROD-0001,4,31.51,0
OI-005340,ORD-00001,PROD-0061,4,134.38,0
OI-005341,ORD-00001,PROD-0111,2,326.13,0
OI-005342,ORD-02154,PROD-0043,1,171.06,0
OI-005343,ORD-01262,PROD-0102,1,535.43,0
OI-005344,ORD-01262,PROD-0017,2,16.98,0
OI-005345,ORD-01370,PROD-0138,1,169.07,0
OI-005346,ORD-00436,PROD-0096,3,20.17,0
OI-005347,ORD-00436,PROD-0066,3,95.2,30
OI-005348,ORD-00436,PROD-0059,2,140.64,0
OI-005349,ORD-00436,PROD-0075,3,34.95,0
OI-005350,ORD-02498,PROD-0051,4,23.18,0
OI-005351,ORD-02498,PROD-0024,1,73.65,15
OI-005352,ORD-02498,PROD-0042,3,175.6,15
OI-005353,ORD-02498,PROD-0089,1,297.63,0
OI-005354,ORD-00918,PROD-0119,2,286.21,0
OI-005355,ORD-00918,PROD-0043,2,171.48,0
OI-005356,ORD-00336,PROD-0150,1,324.4,0
OI-005357,ORD-02955,PROD-0139,2,117.81,0
OI-005358,ORD-02955,PROD-0072,1,188.81,0
OI-005359,ORD-00385,PROD-0031,10,708.85,20
OI-005360,ORD-00385,PROD-0088,1,53.31,15
OI-005361,ORD-00385,PROD-0058,3,52.56,0
OI-005362,ORD-00385,PROD-0104,1,159.91,0
OI-005363,ORD-00136,PROD-0030,1,411.67,0
OI-005364,ORD-00113,PROD-0003,1,63.68,10
OI-005365,ORD-00113,PROD-0114,0,205.11,-18
OI-005366,ORD-01489,PROD-0124,1,17.24,5
OI-005367,ORD-01489,PROD-0123,1,47.17,30
OI-005368,ORD-01489,PROD-0100,10,26.66,25
OI-005369,ORD-02933,PROD-0036,2,827.41,15
OI-005370,ORD-02933,PROD-0040,1,45.01,0
OI-005371,ORD-01664,PROD-0052,3,11.69,0
OI-005372,ORD-01664,PROD-0012,4,269.75,5
OI-005373,ORD-02008,PROD-0122,1,804.19,0
OI-005374,ORD-00054,PROD-0128,3,24.98,0
OI-005375,ORD-00054,PROD-0015,1,303.12,0
OI-005376,ORD-02486,PROD-0056,1,145.27,0
OI-005377,ORD-02490,PROD-0104,4,169.78,0
OI-005378,ORD-00822,PROD-0058,1,45.41,5
OI-005379,ORD-00787,PROD-0029,3,31.33,0
OI-005380,ORD-00787,PROD-0027,1,426.63,0
OI-005381,ORD-00787,PROD-0124,5,15.64,0
OI-005382,ORD-00787,PROD-0052,2,12.33,0
OI-005383,ORD-00534,PROD-0016,1,920.41,15
OI-005384,ORD-02013,PROD-0069,1,8.6,25
OI-005385,ORD-02013,PROD-0008,2,229.61,0
OI-005386,ORD-02013,PROD-0046,3,175.38,10
OI-005387,ORD-02013,PROD-0018,2,341.5,0
OI-005388,ORD-02013,PROD-0032,5,476.39,0
OI-005389,ORD-02766,PROD-0011,1,6.1,15
OI-005390,ORD-02766,PROD-0138,1,185.82,0
OI-005391,ORD-02766,PROD-0087,1,230.94,0
OI-005392,ORD-00734,PROD-0098,1,33.65,0
OI-005393,ORD-01220,PROD-0134,1,32.0,20
OI-005394,ORD-01220,PROD-0050,10,47.13,15
OI-005395,ORD-02230,PROD-0034,4,68.57,0
OI-005396,ORD-02230,PROD-0002,2,109.88,0
OI-005397,ORD-02244,PROD-0121,2,8.04,30
OI-005398,ORD-02244,PROD-0033,1,155.72,0
OI-005399,ORD-02244,PROD-0045,2,52.74,0
OI-005400,ORD-00097,PROD-0105,1,206.82,5
OI-005401,ORD-02275,PROD-0105,4,214.38,10
OI-005402,ORD-02275,PROD-0054,2,37.98,0
OI-005403,ORD-02275,PROD-0148,1,173.25,15
OI-005404,ORD-02275,PROD-0019,2,311.74,0
OI-005405,ORD-00902,PROD-0045,1,53.81,0
OI-005406,ORD-01418,PROD-0025,2,184.34,15
OI-005407,ORD-01418,PROD-0136,1,727.12,0
OI-005408,ORD-02396,PROD-0008,1,222.04,5
OI-005409,ORD-00299,PROD-0071,2,429.55,15
OI-005410,ORD-02440,PROD-0003,2,67.31,20
OI-005411,ORD-02440,PROD-0139,5,123.79,0
OI-005412,ORD-02804,PROD-0063,1,107.23,0
OI-005413,ORD-02804,PROD-0064,1,350.83,30
OI-005414,ORD-02951,PROD-0147,2,17.63,10
OI-005415,ORD-00366,PROD-0068,1,28.23,0
OI-005416,ORD-01265,PROD-0101,2,590.06,5
OI-005417,ORD-02573,PROD-0002,1,106.65,0
OI-005418,ORD-02573,PROD-0027,1,468.67,0
OI-005419,ORD-00295,PROD-0010,1,29.93,0
OI-005420,ORD-00295,PROD-0052,3,13.26,0
OI-005421,ORD-00295,PROD-0045,2,51.45,30
OI-005422,ORD-01742,PROD-0061,2,142.95,0
OI-005423,ORD-01742,PROD-0063,1,103.25,5
OI-005424,ORD-02290,PROD-0120,2,799.1,0
OI-005425,ORD-02290,PROD-0013,5,46.07,15
OI-005426,ORD-01479,PROD-0146,5,571.41,0
OI-005427,ORD-01479,PROD-0043,1,172.12,0
OI-005428,ORD-01479,PROD-0132,4,300.4,10
OI-005429,ORD-01479,PROD-0113,3,70.3,0
OI-005430,ORD-00859,PROD-0029,1,30.0,0
OI-005431,ORD-00859,PROD-0022,10,161.88,25
OI-005432,ORD-00859,PROD-0123,2,43.64,0
OI-005433,ORD-02327,PROD-0143,1,41.34,10
OI-005434,ORD-02327,PROD-0075,1,38.21,25
OI-005435,ORD-01500,PROD-0035,1,97.44,25
OI-005436,ORD-02000,PROD-0049,1,257.6,5
OI-005437,ORD-02000,PROD-0108,1,241.13,30
OI-005438,ORD-02739,PROD-0040,3,43.98,0
OI-005439,ORD-02017,PROD-0036,1,996.88,10
OI-005440,ORD-02129,PROD-0132,2,299.85,0
OI-005441,ORD-01752,PROD-0004,3,248.99,10
OI-005442,ORD-01752,PROD-0069,4,9.3,0
OI-005443,ORD-01752,PROD-0111,2,335.53,0
OI-005444,ORD-01752,PROD-0042,3,168.15,0
OI-005445,ORD-02786,PROD-0114,1,189.81,0
OI-005446,ORD-02786,PROD-0138,1,172.02,0
OI-005447,ORD-01638,PROD-0059,1,151.14,10
OI-005448,ORD-02003,PROD-0013,1,49.92,15
OI-005449,ORD-02003,PROD-0068,2,25.64,0
OI-005450,ORD-02003,PROD-0098,5,31.19,0
OI-005451,ORD-02003,PROD-0142,1,152.09,10
OI-005452,ORD-00727,PROD-0086,1,89.84,0
OI-005453,ORD-00727,PROD-0091,1,434.62,5
OI-005454,ORD-02689,PROD-0097,2,139.33,0
OI-005455,ORD-02689,PROD-0087,1,225.15,20
OI-005456,ORD-02689,PROD-0041,4,42.52,0
OI-005457,ORD-02689,PROD-0093,1,182.97,0
OI-005458,ORD-02361,PROD-0049,2,277.44,0
OI-005459,ORD-01379,PROD-0010,1,25.54,0
OI-005460,ORD-01379,PROD-0045,3,46.46,-20
OI-005461,ORD-01379,PROD-0086,1,91.87,0
OI-005462,ORD-01379,PROD-0015,3,308.11,0
OI-005463,ORD-01614,PROD-0094,1,71.24,0
OI-005464,ORD-00793,PROD-0041,10,42.03,15
OI-005465,ORD-01680,PROD-0134,1,31.49,0
OI-005466,ORD-01680,PROD-0104,1,155.7,0
OI-005467,ORD-00855,PROD-0047,2,425.89,20
OI-005468,ORD-00855,PROD-0028,2,313.95,25
OI-005469,ORD-00428,PROD-0114,2,200.86,0
OI-005470,ORD-00428,PROD-0070,1,362.77,0
OI-005471,ORD-00809,PROD-0095,1,72.63,0
OI-005472,ORD-00809,PROD-0141,3,28.3,0
OI-005473,ORD-02351,PROD-0132,1,289.32,10
OI-005474,ORD-02351,PROD-0148,1,184.06,5
OI-005475,ORD-02351,PROD-0089,2,288.14,0
OI-005476,ORD-02351,PROD-0026,2,12.85,0
OI-005477,ORD-02351,PROD-0051,3,23.53,0
OI-005478,ORD-02047,PROD-0051,2,25.17,0
OI-005479,ORD-01011,PROD-0008,1,256.88,0
OI-005480,ORD-02925,PROD-0006,1,33.36,10
OI-005481,ORD-00301,PROD-0110,2,225.37,0
OI-005482,ORD-00301,PROD-0121,1,7.32,0
OI-005483,ORD-00301,PROD-0135,2,20.08,0
OI-005484,ORD-00684,PROD-0142,2,161.87,0
OI-005485,ORD-01057,PROD-0143,2,46.9,5
OI-005486,ORD-02732,PROD-0143,1,41.96,0
OI-005487,ORD-01525,PROD-0050,1,43.24,0
OI-005488,ORD-02562,PROD-0020,1,423.73,0
OI-005489,ORD-02562,PROD-0106,1,31.86,10
OI-005490,ORD-02263,PROD-0047,1,428.86,20
OI-005491,ORD-01481,PROD-0260,2,176.99,0
OI-005492,ORD-01481,PROD-0001,2,31.48,5
OI-005493,ORD-01481,PROD-0140,5,190.12,15
OI-005494,ORD-01433,PROD-0136,1,655.34,5
OI-005495,ORD-01433,PROD-0050,1,45.27,0
OI-005496,ORD-01433,PROD-0138,1,175.92,0
OI-005497,ORD-02374,PROD-0150,1,361.37,5
OI-005498,ORD-01385,PROD-0099,10,781.56,0
OI-005499,ORD-01683,PROD-0143,1,43.41,20
OI-005500,ORD-01683,PROD-0016,1,892.21,0
OI-005501,ORD-01683,PROD-0028,1,272.78,0
OI-005502,ORD-00341,PROD-0097,3,127.52,5
OI-005503,ORD-00389,PROD-0057,3,43.05,30
OI-005504,ORD-02167,PROD-0090,3,47.23,0
OI-005505,ORD-02828,PROD-0097,2,136.07,20
OI-005506,ORD-02627,PROD-0075,2,36.29,0
OI-005507,ORD-02627,PROD-0068,1,29.15,0
OI-005508,ORD-02627,PROD-0014,1,15.77,0
OI-005509,ORD-02627,PROD-0106,2,26.44,10
OI-005510,ORD-01542,PROD-0030,1,414.46,10
OI-005511,ORD-01542,PROD-0143,1,41.23,0
OI-005512,ORD-00924,PROD-0067,2,245.94,-9
OI-005513,ORD-00924,PROD-0126,1,17.75,0
OI-005514,ORD-00924,PROD-0048,1,97.9,25
OI-005515,ORD-00924,PROD-0001,2,34.11,10
OI-005516,ORD-02291,PROD-0028,1,259.13,10
OI-005517,ORD-02291,PROD-0148,1,189.29,5
OI-005518,ORD-01258,PROD-0085,1,61.32,20
OI-005519,ORD-01258,PROD-0034,1,70.4,0
OI-005520,ORD-00078,PROD-0079,1,44.92,0
OI-005521,ORD-00078,PROD-0092,1,37.38,0
OI-005522,ORD-01941,PROD-0021,1,157.67,15
OI-005523,ORD-00362,PROD-0045,4,51.72,10
OI-005524,ORD-02283,PROD-0120,1,950.18,5
OI-005525,ORD-01916,PROD-0132,1,278.92,0
OI-005526,ORD-00963,PROD-0015,4,290.41,30
OI-005527,ORD-00963,PROD-0013,2,48.12,5
OI-005528,ORD-01593,PROD-0129,2,109.32,20
OI-005529,ORD-01593,PROD-0104,4,153.62,15
OI-005530,ORD-01593,PROD-0044,2,357.0,0
OI-005531,ORD-01593,PROD-0010,1,27.75,15
OI-005532,ORD-01593,PROD-0091,2,477.4,0
OI-005533,ORD-00120,PROD-0005,1,25.6,15
OI-005534,ORD-00120,PROD-0127,1,890.45,0
OI-005535,ORD-00120,PROD-0138,1,195.7,0
OI-005536,ORD-00120,PROD-0101,2,567.52,0
OI-005537,ORD-00485,PROD-0005,1,24.0,0
OI-005538,ORD-00485,PROD-0094,2,64.99,0
OI-005539,ORD-00485,PROD-0120,1,821.21,15
OI-005540,ORD-00485,PROD-0013,0,41.44,0
OI-005541,ORD-00743,PROD-0146,5,684.82,10
OI-005542,ORD-00743,PROD-0149,1,43.6,0
OI-005543,ORD-02652,PROD-0083,2,174.64,5
OI-005544,ORD-00631,PROD-0100,1,27.79,0
OI-005545,ORD-00402,PROD-0444,1,28.5,10
OI-005546,ORD-00402,PROD-0017,2,17.53,15
OI-005547,ORD-01440,PROD-0117,3,41.05,10
OI-005548,ORD-01440,PROD-0093,5,172.97,0
OI-005549,ORD-01774,PROD-0147,1,16.52,25
OI-005550,ORD-01774,PROD-0137,1,156.16,25
OI-005551,ORD-01267,PROD-0048,1,81.19,0
OI-005552,ORD-01267,PROD-0100,1,30.01,0
OI-005553,ORD-01267,PROD-0051,4,24.31,0
OI-005554,ORD-01267,PROD-0096,5,18.88,15
OI-005555,ORD-02134,PROD-0090,2,39.07,0
OI-005556,ORD-00461,PROD-0022,2,146.6,0
OI-005557,ORD-00461,PROD-0066,1,99.44,25
OI-005558,ORD-00461,PROD-0139,3,125.75,15
OI-005559,ORD-00376,PROD-0041,1,41.72,0
OI-005560,ORD-02304,PROD-0031,3,755.02,0
OI-005561,ORD-02369,PROD-0037,1,481.79,10
OI-005562,ORD-02369,PROD-0005,5,22.16,0
OI-005563,ORD-02369,PROD-0020,1,369.92,10
OI-005564,ORD-02958,PROD-0146,2,631.66,5
OI-005565,ORD-02958,PROD-0031,2,786.38,15
OI-005566,ORD-02958,PROD-0148,1,198.42,0
OI-005567,ORD-02135,PROD-0105,10,225.85,15
OI-005568,ORD-02135,PROD-0126,1,18.43,0
OI-005569,ORD-01393,PROD-0100,1,28.57,0
OI-005570,ORD-00843,PROD-0142,3,164.42,0
OI-005571,ORD-00843,PROD-0097,2,129.89,0
OI-005572,ORD-01084,PROD-0110,4,199.15,5
OI-005573,ORD-01034,PROD-0046,2,167.27,0
OI-005574,ORD-00829,PROD-0014,4,14.02,0
OI-005575,ORD-00745,PROD-0081,1,164.88,0
OI-005576,ORD-00388,PROD-0010,2,27.2,0
OI-005577,ORD-00388,PROD-0134,2,32.48,0
OI-005578,ORD-00949,PROD-0051,2,24.77,5
OI-005579,ORD-00949,PROD-0021,2,152.19,25
OI-005580,ORD-00949,PROD-0143,2,49.05,0
OI-005581,ORD-00949,PROD-0044,2,400.24,0
OI-005582,ORD-02787,PROD-0116,3,232.63,0
OI-005583,ORD-02787,PROD-0017,1,20.02,0
OI-005584,ORD-02787,PROD-0114,2,183.9,0
OI-005585,ORD-02225,PROD-0030,1,415.03,0
OI-005586,ORD-02225,PROD-0003,2,69.94,15
OI-005587,ORD-01119,PROD-0031,1,855.74,0
OI-005588,ORD-01119,PROD-0009,1,167.14,5
OI-005589,ORD-00133,PROD-0052,1,14.1,15
OI-005590,ORD-00133,PROD-0118,1,176.87,0
OI-005591,ORD-01627,PROD-0142,1,162.35,0
OI-005592,ORD-01627,PROD-0046,1,156.54,5
OI-005593,ORD-01643,PROD-0095,1,80.85,0
OI-005594,ORD-01643,PROD-0102,3,570.76,5
OI-005595,ORD-01643,PROD-0079,1,41.27,0
OI-005596,ORD-01643,PROD-0061,1,145.27,0
OI-005597,ORD-02679,PROD-0081,1,193.46,0
OI-005598,ORD-00151,PROD-0108,2,262.95,0
OI-005599,ORD-00151,PROD-0064,1,344.29,0
OI-005600,ORD-00151,PROD-0031,2,849.64,15
OI-005601,ORD-00681,PROD-0008,1,243.25,0
OI-005602,ORD-02335,PROD-0129,1,96.48,0
OI-005603,ORD-01765,PROD-0085,2,61.41,10
OI-005604,ORD-02402,PROD-0080,3,342.96,0
OI-005605,ORD-02402,PROD-0144,1,9.93,0
OI-005606,ORD-02402,PROD-0135,0,22.81,0
OI-005607,ORD-02402,PROD-0055,1,24.99,10
OI-005608,ORD-02638,PROD-0001,1,32.61,25
OI-005609,ORD-02638,PROD-0082,3,17.59,0
OI-005610,ORD-02638,PROD-0014,2,15.98,0
OI-005611,ORD-02638,PROD-0037,3,490.56,0
OI-005612,ORD-02638,PROD-0024,1,75.64,0
OI-005613,ORD-01476,PROD-0022,1,137.66,0
OI-005614,ORD-01476,PROD-0141,4,30.06,0
OI-005615,ORD-01227,PROD-0009,4,185.21,10
OI-005616,ORD-00046,PROD-0036,1,964.78,10
OI-005617,ORD-00810,PROD-0080,2,372.25,20
OI-005618,ORD-02759,PROD-0130,1,75.98,0
OI-005619,ORD-02759,PROD-0120,2,794.27,0
OI-005620,ORD-02759,PROD-0028,1,300.48,0
OI-005621,ORD-02453,PROD-0069,0,8.71,0
OI-005622,ORD-00883,PROD-0077,3,40.28,5
OI-005623,ORD-01071,PROD-0074,2,112.84,0
OI-005624,ORD-01071,PROD-0107,5,474.69,15
OI-005625,ORD-01071,PROD-0117,3,44.59,0
OI-005626,ORD-01748,PROD-0120,1,841.61,0
OI-005627,ORD-00548,PROD-0001,2,28.97,0
OI-005628,ORD-01804,PROD-0050,1,47.6,0
OI-005629,ORD-01804,PROD-0058,1,50.95,0
OI-005630,ORD-01072,PROD-0096,3,20.06,0
OI-005631,ORD-01072,PROD-0119,5,282.48,0
OI-005632,ORD-02694,PROD-0021,2,164.0,5
OI-005633,ORD-02807,PROD-0079,10,40.5,0
OI-005634,ORD-02807,PROD-0005,1,21.98,0
OI-005635,ORD-00676,PROD-0064,2,322.48,0
OI-005636,ORD-02201,PROD-0071,2,446.33,0
OI-005637,ORD-02201,PROD-0023,1,15.23,0
OI-005638,ORD-01702,PROD-0103,1,491.13,0
OI-005639,ORD-01702,PROD-0078,2,131.29,20
OI-005640,ORD-01702,PROD-0067,1,246.54,0
OI-005641,ORD-01702,PROD-0012,5,319.59,0
OI-005642,ORD-02063,PROD-0087,1,210.29,0
OI-005643,ORD-02063,PROD-0071,4,483.39,20
OI-005644,ORD-02063,PROD-0144,2,10.27,30
OI-005645,ORD-02063,PROD-0125,2,216.35,0
OI-005646,ORD-00871,PROD-0016,1,879.3,0
OI-005647,ORD-00871,PROD-0041,4,39.19,10
OI-005648,ORD-02380,PROD-0041,1,41.59,5
OI-005649,ORD-02380,PROD-0007,2,325.83,10
OI-005650,ORD-00496,PROD-0032,3,460.23,10
OI-005651,ORD-00496,PROD-0060,5,61.18,0
OI-005652,ORD-00521,PROD-0131,1,51.56,0
OI-005653,ORD-00521,PROD-0150,2,317.82,0
OI-005654,ORD-02207,PROD-0048,3,82.3,0
OI-005655,ORD-02642,PROD-0086,1,84.31,0
OI-005656,ORD-02642,PROD-0097,0,130.97,0
OI-005657,ORD-02642,PROD-0027,1,467.55,0
OI-005658,ORD-00742,PROD-0127,2,764.88,0
OI-005659,ORD-00742,PROD-0017,1,18.54,0
OI-005660,ORD-00742,PROD-0092,1,36.24,0
OI-005661,ORD-00493,PROD-0001,1,34.25,0
OI-005662,ORD-00493,PROD-0098,2,36.04,0
OI-005663,ORD-00634,PROD-0038,3,306.8,30
OI-005664,ORD-00634,PROD-0150,3,355.76,0
OI-005665,ORD-02252,PROD-0014,10,15.39,20
OI-005666,ORD-02252,PROD-0067,1,240.62,10
OI-005667,ORD-02252,PROD-0075,4,38.56,0
OI-005668,ORD-00664,PROD-0235,4,81.63,15
OI-005669,ORD-00571,PROD-0121,2,6.64,0
OI-005670,ORD-00571,PROD-0004,2,243.33,0
OI-005671,ORD-01547,PROD-0012,1,327.25,0
OI-005672,ORD-01841,PROD-0014,1,14.56,0
OI-005673,ORD-02801,PROD-0042,2,165.19,0
OI-005674,ORD-02801,PROD-0081,10,187.36,0
OI-005675,ORD-02801,PROD-0074,10,121.71,0
OI-005676,ORD-02801,PROD-0105,1,203.58,0
OI-005677,ORD-02801,PROD-0144,1,10.24,0
OI-005678,ORD-00052,PROD-0134,3,34.51,0
OI-005679,ORD-01648,PROD-0104,1,158.42,10
OI-005680,ORD-01648,PROD-0134,2,29.65,0
OI-005681,ORD-01447,PROD-0063,4,99.0,0
OI-005682,ORD-01684,PROD-0059,4,137.8,15
OI-005683,ORD-01684,PROD-0099,1,796.25,0
OI-005684,ORD-01684,PROD-0107,1,453.84,0
OI-005685,ORD-01577,PROD-0099,3,950.36,10
OI-005686,ORD-01577,PROD-0082,1,15.92,5
OI-005687,ORD-01577,PROD-0129,1,97.72,0
OI-005688,ORD-01650,PROD-0120,4,916.85,0
OI-005689,ORD-00906,PROD-0128,4,28.87,0
OI-005690,ORD-00906,PROD-0110,1,192.17,30
OI-005691,ORD-00074,PROD-0048,1,86.64,0
OI-005692,ORD-00074,PROD-0115,1,217.54,0
OI-005693,ORD-01881,PROD-0026,2,15.0,5
OI-005694,ORD-01881,PROD-0065,3,20.5,5
OI-005695,ORD-00027,PROD-0119,4,312.44,0
OI-005696,ORD-01048,PROD-0012,5,281.46,0
OI-005697,ORD-02034,PROD-0010,1,26.69,0
OI-005698,ORD-01932,PROD-0120,1,876.11,0
OI-005699,ORD-01932,PROD-0106,3,29.12,0
OI-005700,ORD-01884,PROD-0039,1,430.36,15
OI-005701,ORD-01269,PROD-0062,1,238.59,25
OI-005702,ORD-01269,PROD-0116,3,247.35,0
OI-005703,ORD-02907,PROD-0034,4,64.98,5
OI-005704,ORD-02907,PROD-0009,1,157.01,0
OI-005705,ORD-02820,PROD-0116,1,257.04,10
OI-005706,ORD-02820,PROD-0030,1,400.2,0
OI-005707,ORD-02820,PROD-0083,2,152.09,20
OI-005708,ORD-02820,PROD-0079,4,45.54,0
OI-005709,ORD-01624,PROD-0148,1,169.51,-18
OI-005710,ORD-01624,PROD-0106,1,31.63,15
OI-005711,ORD-00895,PROD-0101,1,533.33,0
OI-005712,ORD-02152,PROD-0016,2,879.92,0
OI-005713,ORD-02152,PROD-0012,1,286.44,30
OI-005714,ORD-01279,PROD-0115,1,213.5,5
OI-005715,ORD-01279,PROD-0023,1,16.65,15
OI-005716,ORD-01279,PROD-0041,2,43.26,0
OI-005717,ORD-01279,PROD-0088,3,52.84,5
OI-005718,ORD-02714,PROD-0111,1,394.52,0
OI-005719,ORD-00847,PROD-0061,2,121.75,0
OI-005720,ORD-00847,PROD-0143,4,47.56,5
OI-005721,ORD-01846,PROD-0061,1,129.6,0
OI-005722,ORD-01846,PROD-0005,4,22.19,0
OI-005723,ORD-01846,PROD-0131,3,60.35,0
OI-005724,ORD-01188,PROD-0118,3,187.16,5
OI-005725,ORD-00057,PROD-0095,2,75.01,0
OI-005726,ORD-01799,PROD-0061,5,124.86,10
OI-005727,ORD-01799,PROD-0115,3,244.43,0
OI-005728,ORD-00168,PROD-0008,1,219.43,0
OI-005729,ORD-02281,PROD-0101,3,537.93,25
OI-005730,ORD-01082,PROD-0019,1,280.76,0
OI-005731,ORD-01082,PROD-0006,1,33.62,0
OI-005732,ORD-01317,PROD-0038,2,271.69,0
OI-005733,ORD-01317,PROD-0074,2,128.5,0
OI-005734,ORD-01317,PROD-0142,1,173.99,10
OI-005735,ORD-02467,PROD-0028,5,257.72,15
OI-005736,ORD-02467,PROD-0024,1,69.85,5
OI-005737,ORD-02467,PROD-0130,1,82.4,15
OI-005738,ORD-00939,PROD-0074,2,115.29,10
OI-005739,ORD-00939,PROD-0103,2,500.15,0
OI-005740,ORD-00939,PROD-0081,1,188.34,0
OI-005741,ORD-00763,PROD-0058,1,47.21,0
OI-005742,ORD-00763,PROD-0077,1,41.91,0
OI-005743,ORD-00763,PROD-0082,1,15.61,15
OI-005744,ORD-00686,PROD-0132,1,279.81,5
OI-005745,ORD-00686,PROD-0085,1,60.38,30
OI-005746,ORD-00657,PROD-0020,1,359.48,20
OI-005747,ORD-00657,PROD-0016,3,941.24,0
OI-005748,ORD-00657,PROD-0008,1,251.66,0
OI-005749,ORD-00657,PROD-0135,2,20.07,15
OI-005750,ORD-00482,PROD-0004,2,278.82,0
OI-005751,ORD-00879,PROD-0116,10,245.57,0
OI-005752,ORD-00879,PROD-0020,1,409.9,5
OI-005753,ORD-00863,PROD-0081,3,195.66,15
OI-005754,ORD-00863,PROD-0053,1,46.1,15
OI-005755,ORD-02936,PROD-0123,2,48.54,0
OI-005756,ORD-02936,PROD-0093,2,166.24,25
OI-005757,ORD-02936,PROD-0083,1,181.65,0
OI-005758,ORD-02390,PROD-0146,2,626.29,5
OI-005759,ORD-02390,PROD-0066,1,101.38,0
OI-005760,ORD-02390,PROD-0149,4,47.83,30
OI-005761,ORD-01182,PROD-0051,1,25.07,-15
OI-005762,ORD-02012,PROD-0007,1,302.44,0
OI-005763,ORD-02894,PROD-0073,2,205.47,0
OI-005764,ORD-02985,PROD-0079,2,38.29,0
OI-005765,ORD-02985,PROD-0045,1,52.83,0
OI-005766,ORD-00900,PROD-0029,5,32.41,0
OI-005767,ORD-00900,PROD-0009,1,158.98,0
OI-005768,ORD-00900,PROD-0131,5,56.25,0
OI-005769,ORD-01791,PROD-0042,1,194.41,0
OI-005770,ORD-01870,PROD-0042,1,178.94,5
OI-005771,ORD-01870,PROD-0097,5,137.48,10
OI-005772,ORD-00891,PROD-0065,1,22.74,5
OI-005773,ORD-00891,PROD-0030,1,442.21,30
OI-005774,ORD-00891,PROD-0067,0,247.55,0
OI-005775,ORD-00891,PROD-0029,3,31.46,10
OI-005776,ORD-01046,PROD-0099,5,831.81,0
OI-005777,ORD-02487,PROD-0149,2,48.94,5
OI-005778,ORD-02487,PROD-0067,1,242.37,0
OI-005779,ORD-02045,PROD-0132,2,299.05,15
OI-005780,ORD-02045,PROD-0140,2,179.97,5
OI-005781,ORD-00629,PROD-0047,5,443.24,10
OI-005782,ORD-02420,PROD-0045,1,55.27,10
OI-005783,ORD-02420,PROD-0052,1,11.94,10
OI-005784,ORD-02346,PROD-0133,1,571.51,20
OI-005785,ORD-01501,PROD-0076,4,52.42,0
OI-005786,ORD-00474,PROD-0085,2,56.12,10
OI-005787,ORD-00474,PROD-0067,2,251.58,5
OI-005788,ORD-00474,PROD-0098,2,31.26,5
OI-005789,ORD-00474,PROD-0138,1,189.29,0
OI-005790,ORD-00474,PROD-0025,4,168.45,20
OI-005791,ORD-00536,PROD-0087,1,207.89,5
OI-005792,ORD-00536,PROD-0126,4,15.43,0
OI-005793,ORD-00536,PROD-0145,5,127.86,0
OI-005794,ORD-00220,PROD-0128,2,27.92,0
OI-005795,ORD-00220,PROD-0015,3,267.23,0
OI-005796,ORD-00220,PROD-0035,1,83.69,0
OI-005797,ORD-01653,PROD-0111,2,345.67,0
OI-005798,ORD-02097,PROD-0049,3,241.2,15
OI-005799,ORD-02097,PROD-0132,3,281.06,0
OI-005800,ORD-01951,PROD-0022,1,136.45,0
OI-005801,ORD-01951,PROD-0093,2,171.29,0
OI-005802,ORD-00379,PROD-0020,2,363.85,0
OI-005803,ORD-02075,PROD-0068,1,25.16,0
OI-005804,ORD-02145,PROD-0054,1,40.94,0
OI-005805,ORD-02174,PROD-0072,1,195.43,0
OI-005806,ORD-02174,PROD-0064,1,337.98,15
OI-005807,ORD-02174,PROD-0057,5,41.25,0
OI-005808,ORD-00282,PROD-0118,2,211.49,0
OI-005809,ORD-00282,PROD-0131,5,55.44,0
OI-005810,ORD-02568,PROD-0054,1,41.13,25
OI-005811,ORD-01694,PROD-0097,1,127.88,0
OI-005812,ORD-02260,PROD-0019,1,275.48,0
OI-005813,ORD-01458,PROD-0060,5,59.2,5
OI-005814,ORD-01458,PROD-0024,2,65.6,0
OI-005815,ORD-02224,PROD-0131,5,57.93,0
OI-005816,ORD-02224,PROD-0133,2,524.31,0
OI-005817,ORD-01493,PROD-0026,2,14.98,0
OI-005818,ORD-01493,PROD-0049,1,275.81,15
OI-005819,ORD-01493,PROD-0001,1,31.59,20
OI-005820,ORD-02033,PROD-0110,2,216.91,0
OI-005821,ORD-02033,PROD-0062,1,252.0,10
OI-005822,ORD-02753,PROD-0104,1,169.91,0
OI-005823,ORD-02753,PROD-0044,1,401.26,0
OI-005824,ORD-02753,PROD-0014,3,15.62,0
OI-005825,ORD-02457,PROD-0012,1,284.67,0
OI-005826,ORD-01236,PROD-0125,1,183.98,5
OI-005827,ORD-01207,PROD-0051,1,23.82,20
OI-005828,ORD-02960,PROD-0123,1,48.88,0
OI-005829,ORD-02960,PROD-0080,1,354.6,0
OI-005830,ORD-01240,PROD-0076,3,51.05,0
OI-005831,ORD-02594,PROD-0142,5,145.57,25
OI-005832,ORD-02594,PROD-0121,5,6.87,0
OI-005833,ORD-02594,PROD-0083,3,155.44,0
OI-005834,ORD-02594,PROD-0038,3,280.12,0
OI-005835,ORD-02594,PROD-0082,1,17.46,10
OI-005836,ORD-00844,PROD-0027,1,474.91,0
OI-005837,ORD-00188,PROD-0147,1,17.2,-9
OI-005838,ORD-00188,PROD-0058,1,44.21,5
OI-005839,ORD-00188,PROD-0131,3,60.53,0
OI-005840,ORD-02864,PROD-0036,1,951.66,30
OI-005841,ORD-02864,PROD-0047,1,454.4,0
OI-005842,ORD-00378,PROD-0086,1,95.63,0
OI-005843,ORD-00378,PROD-0039,2,485.45,25
OI-005844,ORD-00117,PROD-0148,3,194.84,0
OI-005845,ORD-01915,PROD-0048,1,90.66,0
OI-005846,ORD-01915,PROD-0016,1,878.68,5
OI-005847,ORD-02521,PROD-0119,1,304.44,0
OI-005848,ORD-01771,PROD-0072,3,187.49,0
OI-005849,ORD-01771,PROD-0038,1,278.61,0
OI-005850,ORD-02549,PROD-0128,1,24.5,10
OI-005851,ORD-02549,PROD-0021,10,179.63,0
OI-005852,ORD-00675,PROD-0028,1,278.58,30
OI-005853,ORD-00675,PROD-0031,2,792.31,0
OI-005854,ORD-00675,PROD-0044,1,384.7,30
OI-005855,ORD-01847,PROD-0059,3,140.04,0
OI-005856,ORD-02379,PROD-0138,1,200.13,0
OI-005857,ORD-02379,PROD-0100,1,28.68,0
OI-005858,ORD-02379,PROD-0092,2,40.28,0
OI-005859,ORD-01134,PROD-0026,2,14.22,0
OI-005860,ORD-00996,PROD-0126,1,18.17,0
OI-005861,ORD-00996,PROD-0014,1,16.42,0
OI-005862,ORD-00931,PROD-0107,2,439.79,0
OI-005863,ORD-00931,PROD-0084,2,410.41,0
OI-005864,ORD-00929,PROD-0038,1,274.19,0
OI-005865,ORD-01485,PROD-0131,4,56.92,-19
OI-005866,ORD-01485,PROD-0001,1,28.8,15
OI-005867,ORD-00502,PROD-0042,1,186.72,15
OI-005868,ORD-00502,PROD-0125,1,180.65,0
OI-005869,ORD-00502,PROD-0145,10,129.5,10
OI-005870,ORD-00397,PROD-0111,2,398.08,5
OI-005871,ORD-00397,PROD-0042,3,164.89,10
OI-005872,ORD-00397,PROD-0081,3,179.67,0
OI-005873,ORD-00397,PROD-0150,0,361.43,5
OI-005874,ORD-00397,PROD-0061,1,125.51,0
OI-005875,ORD-01962,PROD-0127,1,833.29,15
OI-005876,ORD-02509,PROD-0047,1,496.48,5
OI-005877,ORD-02509,PROD-0126,2,16.41,0
OI-005878,ORD-02438,PROD-0031,1,799.52,5
OI-005879,ORD-02438,PROD-0097,1,130.59,0
OI-005880,ORD-02438,PROD-0011,1,5.65,10
OI-005881,ORD-00284,PROD-0145,2,145.13,10
OI-005882,ORD-00284,PROD-0029,4,31.73,10
OI-005883,ORD-00875,PROD-0147,2,18.43,0
OI-005884,ORD-00875,PROD-0033,4,142.64,25
OI-005885,ORD-00875,PROD-0131,1,60.32,10
OI-005886,ORD-00839,PROD-0028,3,302.73,0
OI-005887,ORD-01111,PROD-0090,1,45.7,0
OI-005888,ORD-01111,PROD-0040,2,44.29,0
OI-005889,ORD-01111,PROD-0024,2,70.2,15
OI-005890,ORD-01111,PROD-0144,1,10.44,0
OI-005891,ORD-01111,PROD-0043,3,173.06,0
OI-005892,ORD-01278,PROD-0034,1,70.9,0
OI-005893,ORD-01278,PROD-0012,2,283.3,0
OI-005894,ORD-01890,PROD-0049,5,251.65,20
OI-005895,ORD-01890,PROD-0066,4,85.75,0
OI-005896,ORD-01444,PROD-0069,2,8.67,10
OI-005897,ORD-01444,PROD-0072,3,171.18,5
OI-005898,ORD-01444,PROD-0112,1,158.07,0
OI-005899,ORD-01444,PROD-0150,2,340.15,0
OI-005900,ORD-01444,PROD-0147,2,19.34,0
OI-005901,ORD-01253,PROD-0135,1,22.58,0
OI-005902,ORD-01253,PROD-0004,4,232.9,0
OI-005903,ORD-01565,PROD-0053,1,46.24,0
OI-005904,ORD-01565,PROD-0071,1,499.2,0
OI-005905,ORD-02448,PROD-0076,1,46.65,5
OI-005906,ORD-02448,PROD-0147,1,18.7,5
OI-005907,ORD-02448,PROD-0093,1,155.05,0
OI-005908,ORD-02448,PROD-0131,1,57.19,0
OI-005909,ORD-02421,PROD-0145,1,152.8,0
OI-005910,ORD-02421,PROD-0031,2,716.87,0
OI-005911,ORD-02421,PROD-0060,1,52.58,15
OI-005912,ORD-02421,PROD-0010,1,28.39,5
OI-005913,ORD-02421,PROD-0134,2,30.7,0
OI-005914,ORD-00584,PROD-0095,1,75.28,0
OI-005915,ORD-01457,PROD-0100,2,30.02,10
OI-005916,ORD-01173,PROD-0101,1,524.9,0
OI-005917,ORD-01173,PROD-0129,2,99.2,15
OI-005918,ORD-01173,PROD-0053,2,48.67,5
OI-005919,ORD-01173,PROD-0081,2,196.82,5
OI-005920,ORD-01173,PROD-0005,1,23.69,15
OI-005921,ORD-01137,PROD-0072,4,189.08,10
OI-005922,ORD-01137,PROD-0107,3,478.58,0
OI-005923,ORD-00335,PROD-0071,1,452.22,15
OI-005924,ORD-00335,PROD-0109,4,109.47,0
OI-005925,ORD-00335,PROD-0021,3,160.96,0
OI-005926,ORD-00335,PROD-0035,3,96.81,0
OI-005927,ORD-01588,PROD-0134,5,31.98,0
OI-005928,ORD-00063,PROD-0119,1,293.07,0
OI-005929,ORD-00063,PROD-0047,2,499.39,0
OI-005930,ORD-00499,PROD-0051,1,23.88,0
OI-005931,ORD-00499,PROD-0145,1,131.87,0
OI-005932,ORD-00499,PROD-0024,2,69.42,0
OI-005933,ORD-00499,PROD-0034,1,70.92,20
OI-005934,ORD-00499,PROD-0134,1,31.99,15
OI-005935,ORD-02604,PROD-0122,2,821.27,5
OI-005936,ORD-00016,PROD-0073,1,190.94,5
OI-005937,ORD-00016,PROD-0054,1,38.13,10
OI-005938,ORD-00901,PROD-0011,1,5.99,0
OI-005939,ORD-00901,PROD-0104,1,161.59,0
OI-005940,ORD-01079,PROD-0126,3,17.68,5
OI-005941,ORD-01079,PROD-0093,1,164.62,0
OI-005942,ORD-01079,PROD-0092,2,34.14,25
OI-005943,ORD-01053,PROD-0069,1,8.56,0
OI-005944,ORD-01053,PROD-0055,1,26.88,0
OI-005945,ORD-00337,PROD-0011,2,5.13,20
OI-005946,ORD-00337,PROD-0036,2,885.34,20
OI-005947,ORD-00337,PROD-0038,4,260.69,15
OI-005948,ORD-00337,PROD-0132,4,292.2,0
OI-005949,ORD-02879,PROD-0050,2,45.26,10
OI-005950,ORD-02879,PROD-0077,1,41.98,0
OI-005951,ORD-01970,PROD-0145,1,144.17,15
OI-005952,ORD-01970,PROD-0044,1,402.99,0
OI-005953,ORD-01970,PROD-0020,4,436.63,0
OI-005954,ORD-01970,PROD-0146,2,581.77,25
OI-005955,ORD-00142,PROD-0079,1,39.5,5
OI-005956,ORD-02683,PROD-0030,2,423.25,0
OI-005957,ORD-02683,PROD-0058,1,50.02,0
OI-005958,ORD-02683,PROD-0067,1,248.26,5
OI-005959,ORD-02690,PROD-0124,1,15.91,-11
OI-005960,ORD-00391,PROD-0098,1,31.15,0
OI-005961,ORD-02891,PROD-0017,10,19.83,0
OI-005962,ORD-02891,PROD-0122,1,716.24,5
OI-005963,ORD-01623,PROD-0041,2,41.68,0
OI-005964,ORD-01623,PROD-0038,1,283.31,20
OI-005965,ORD-01623,PROD-0128,1,28.03,0
OI-005966,ORD-01623,PROD-0010,1,30.15,5
OI-005967,ORD-00559,PROD-0070,10,364.11,15
OI-005968,ORD-02983,PROD-0034,1,72.12,0
OI-005969,ORD-00421,PROD-0068,1,24.24,0
OI-005970,ORD-00777,PROD-0133,10,611.23,0
OI-005971,ORD-00777,PROD-0126,1,16.72,0
OI-005972,ORD-02475,PROD-0073,1,201.43,15
OI-005973,ORD-02993,PROD-0109,1,119.46,0
OI-005974,ORD-02276,PROD-0046,1,167.29,0
OI-005975,ORD-02276,PROD-0150,1,338.0,20
OI-005976,ORD-02276,PROD-0058,1,45.74,0
OI-005977,ORD-01598,PROD-0022,1,135.46,10
OI-005978,ORD-00882,PROD-0082,1,17.12,10
OI-005979,ORD-00882,PROD-0029,3,34.17,0
OI-005980,ORD-02802,PROD-0045,2,46.27,0
OI-005981,ORD-02802,PROD-0046,5,168.13,10
OI-005982,ORD-02802,PROD-0129,1,104.89,5
OI-005983,ORD-00296,PROD-0141,2,32.04,10
OI-005984,ORD-00296,PROD-0015,2,266.81,10
OI-005985,ORD-00851,PROD-0049,2,239.4,0
OI-005986,ORD-01284,PROD-0139,1,134.73,0
OI-005987,ORD-01284,PROD-0046,2,154.85,0
OI-005988,ORD-01284,PROD-0134,1,30.01,0
OI-005989,ORD-01936,PROD-0034,1,70.23,0
OI-005990,ORD-02994,PROD-0057,2,41.41,10
OI-005991,ORD-02994,PROD-0098,2,31.33,0
OI-005992,ORD-00228,PROD-0128,3,24.96,0
OI-005993,ORD-00228,PROD-0011,1,5.76,0
OI-005994,ORD-00228,PROD-0105,5,197.86,20
OI-005995,ORD-00530,PROD-0031,2,819.8,0
OI-005996,ORD-00530,PROD-0134,1,32.95,0
OI-005997,ORD-02725,PROD-0095,2,72.97,0
OI-005998,ORD-00324,PROD-0059,1,163.39,0
OI-005999,ORD-00324,PROD-0029,1,33.32,10
OI-006000,ORD-01830,PROD-0036,1,834.12,0
OI-006001,ORD-01830,PROD-0093,3,163.54,0
OI-006002,ORD-01830,PROD-0118,1,192.61,15
OI-006003,ORD-02051,PROD-0045,10,51.68,0
OI-006004,ORD-01315,PROD-0036,5,842.24,25
OI-006005,ORD-01226,PROD-0039,2,465.23,0
OI-006006,ORD-01226,PROD-0078,2,121.98,0
OI-006007,ORD-01226,PROD-0116,2,279.22,0
OI-006008,ORD-02029,PROD-0116,4,251.83,0
OI-006009,ORD-02029,PROD-0052,1,11.8,0
OI-006010,ORD-02029,PROD-0092,3,35.6,0
OI-006011,ORD-02029,PROD-0038,1,297.82,20
OI-006012,ORD-02237,PROD-0026,1,14.15,20
OI-006013,ORD-02214,PROD-0114,1,202.95,0
OI-006014,ORD-00527,PROD-0015,4,312.39,25
OI-006015,ORD-00527,PROD-0087,1,190.91,30
OI-006016,ORD-00527,PROD-0038,1,308.62,0
OI-006017,ORD-02181,PROD-0051,2,23.76,0
OI-006018,ORD-00182,PROD-0136,1,755.11,15
OI-006019,ORD-01552,PROD-0065,1,24.63,10
OI-006020,ORD-01552,PROD-0051,1,25.99,20
OI-006021,ORD-01552,PROD-0043,2,170.98,0
OI-006022,ORD-01556,PROD-0028,10,279.01,0
OI-006023,ORD-02904,PROD-0132,1,280.09,0
OI-006024,ORD-02904,PROD-0142,5,172.18,0
OI-006025,ORD-02904,PROD-0125,1,180.15,15
OI-006026,ORD-02904,PROD-0059,2,161.38,25
OI-006027,ORD-02904,PROD-0095,1,70.46,25
OI-006028,ORD-01937,PROD-0117,5,43.33,0
OI-006029,ORD-01937,PROD-0107,1,436.14,0
OI-006030,ORD-01625,PROD-0145,2,149.42,0
OI-006031,ORD-01625,PROD-0026,4,12.63,0
OI-006032,ORD-01808,PROD-0027,1,413.99,25
OI-006033,ORD-01074,PROD-0029,5,30.89,10
OI-006034,ORD-00030,PROD-0022,2,137.32,10
OI-006035,ORD-00651,PROD-0014,10,16.45,30
OI-006036,ORD-00651,PROD-0053,2,51.31,0
OI-006037,ORD-01933,PROD-0121,1,7.88,15
OI-006038,ORD-01933,PROD-0051,2,22.42,20
OI-006039,ORD-01933,PROD-0094,3,69.86,0
OI-006040,ORD-02093,PROD-0022,4,136.43,0
OI-006041,ORD-02866,PROD-0003,1,68.3,10
OI-006042,ORD-02160,PROD-0123,1,48.76,10
OI-006043,ORD-02270,PROD-0053,1,48.34,5
OI-006044,ORD-02270,PROD-0073,2,203.55,0
OI-006045,ORD-00944,PROD-0094,1,67.63,0
OI-006046,ORD-00944,PROD-0049,1,240.23,0
OI-006047,ORD-00944,PROD-0028,1,299.33,15
OI-006048,ORD-01498,PROD-0029,1,31.33,5
OI-006049,ORD-01498,PROD-0045,1,54.17,5
OI-006050,ORD-01498,PROD-0132,3,296.45,5
OI-006051,ORD-01498,PROD-0149,5,52.12,0
OI-006052,ORD-01498,PROD-0004,1,269.18,0
OI-006053,ORD-01378,PROD-0054,1,37.08,15
OI-006054,ORD-01378,PROD-0148,2,180.8,0
OI-006055,ORD-01378,PROD-0041,3,40.56,15
OI-006056,ORD-01378,PROD-0011,1,6.09,0
OI-006057,ORD-01032,PROD-0084,1,410.5,15
OI-006058,ORD-01023,PROD-0146,1,682.82,0
OI-006059,ORD-00189,PROD-0080,1,377.36,10
OI-006060,ORD-00189,PROD-0042,3,173.71,15
OI-006061,ORD-01357,PROD-0141,1,29.35,15
OI-006062,ORD-00104,PROD-0002,1,119.74,0
OI-006063,ORD-02268,PROD-0063,1,101.87,0
OI-006064,ORD-02268,PROD-0051,1,25.34,0
OI-006065,ORD-00765,PROD-0109,1,103.02,10
OI-006066,ORD-02282,PROD-0147,1,19.62,0
OI-006067,ORD-02784,PROD-0065,10,22.37,0
OI-006068,ORD-02784,PROD-0141,1,30.88,25
OI-006069,ORD-02784,PROD-0108,1,268.2,15
OI-006070,ORD-02157,PROD-0019,2,292.46,0
OI-006071,ORD-01909,PROD-0012,2,288.34,0
OI-006072,ORD-01909,PROD-0018,2,336.06,0
OI-006073,ORD-01909,PROD-0088,3,48.37,5
OI-006074,ORD-01909,PROD-0011,1,5.77,0
OI-006075,ORD-01909,PROD-0074,1,109.45,5
OI-006076,ORD-00277,PROD-0062,3,260.04,0
OI-006077,ORD-00479,PROD-0079,1,44.98,0
OI-006078,ORD-01340,PROD-0125,3,203.04,0
OI-006079,ORD-00830,PROD-0024,10,73.55,0
OI-006080,ORD-00830,PROD-0036,2,895.32,0
OI-006081,ORD-01319,PROD-0076,1,50.73,25
OI-006082,ORD-01319,PROD-0124,2,16.71,0
OI-006083,ORD-02619,PROD-0139,2,132.57,5
OI-006084,ORD-02619,PROD-0149,1,43.9,0
OI-006085,ORD-02619,PROD-0037,4,459.46,0
OI-006086,ORD-02619,PROD-0087,2,194.5,20
OI-006087,ORD-00526,PROD-0067,1,239.18,0
OI-006088,ORD-00761,PROD-0112,3,139.97,0
OI-006089,ORD-01211,PROD-0029,2,29.27,0
OI-006090,ORD-01211,PROD-0072,1,189.02,0
OI-006091,ORD-01274,PROD-0007,2,302.57,0
OI-006092,ORD-01274,PROD-0078,1,135.5,0
OI-006093,ORD-01274,PROD-0082,2,14.88,0
OI-006094,ORD-01289,PROD-0045,2,47.34,20
OI-006095,ORD-00611,PROD-0045,0,53.93,0
OI-006096,ORD-02567,PROD-0119,2,308.21,15
OI-006097,ORD-02567,PROD-0221,3,197.98,20
OI-006098,ORD-02024,PROD-0096,2,19.53,0
OI-006099,ORD-02024,PROD-0018,4,287.97,5
OI-006100,ORD-00801,PROD-0130,4,75.05,0
OI-006101,ORD-00801,PROD-0104,1,157.0,0
OI-006102,ORD-00801,PROD-0085,1,59.04,0
OI-006103,ORD-00801,PROD-0030,2,379.19,30
OI-006104,ORD-00801,PROD-0144,1,10.57,10
OI-006105,ORD-00589,PROD-0146,1,633.05,0
OI-006106,ORD-00589,PROD-0035,2,89.87,5
OI-006107,ORD-00589,PROD-0037,1,487.0,15
OI-006108,ORD-02184,PROD-0028,1,292.54,10
OI-006109,ORD-02184,PROD-0100,3,28.37,0
OI-006110,ORD-02184,PROD-0083,1,154.94,0
OI-006111,ORD-02141,PROD-0101,4,597.65,0
OI-006112,ORD-02920,PROD-0021,3,165.08,0
OI-006113,ORD-01231,PROD-0138,3,175.51,0
OI-006114,ORD-01231,PROD-0083,1,174.02,0
OI-006115,ORD-02877,PROD-0069,2,8.22,0
OI-006116,ORD-00874,PROD-0074,1,110.89,25
OI-006117,ORD-01709,PROD-0010,1,27.34,30
OI-006118,ORD-01709,PROD-0077,2,37.04,20
OI-006119,ORD-00523,PROD-0060,1,60.95,0
OI-006120,ORD-00523,PROD-0039,5,443.46,25
OI-006121,ORD-00523,PROD-0144,5,11.32,0
OI-006122,ORD-00523,PROD-0004,2,246.84,5
OI-006123,ORD-00523,PROD-0043,1,166.46,20
OI-006124,ORD-01421,PROD-0130,2,80.51,5
OI-006125,ORD-01421,PROD-0071,2,448.23,10
OI-006126,ORD-01157,PROD-0004,0,252.69,0
OI-006127,ORD-01850,PROD-0019,5,313.12,30
OI-006128,ORD-01850,PROD-0112,2,141.26,0
OI-006129,ORD-01850,PROD-0090,1,39.83,0
OI-006130,ORD-01940,PROD-0060,2,61.93,-20
OI-006131,ORD-02065,PROD-0010,5,26.01,0
OI-006132,ORD-02065,PROD-0106,1,29.85,5
OI-006133,ORD-02065,PROD-0043,1,167.61,0
OI-006134,ORD-01482,PROD-0075,1,35.31,20
OI-006135,ORD-01362,PROD-0141,10,29.76,-5
OI-006136,ORD-02783,PROD-0078,1,136.86,0
OI-006137,ORD-02783,PROD-0072,1,192.06,25
OI-006138,ORD-00890,PROD-0079,3,45.96,0
OI-006139,ORD-00890,PROD-0135,0,23.42,0
OI-006140,ORD-00890,PROD-0065,1,21.4,15
OI-006141,ORD-01783,PROD-0118,2,189.56,0
OI-006142,ORD-01783,PROD-0103,1,442.3,5
OI-006143,ORD-02526,PROD-0037,10,483.5,0
OI-006144,ORD-02526,PROD-0076,1,44.25,0
OI-006145,ORD-02526,PROD-0011,1,5.76,0
OI-006146,ORD-02526,PROD-0105,1,203.08,0
OI-006147,ORD-02128,PROD-0089,1,292.49,25
OI-006148,ORD-01898,PROD-0066,1,98.95,0
OI-006149,ORD-01898,PROD-0150,1,324.65,10
OI-006150,ORD-01898,PROD-0086,1,92.7,-12
OI-006151,ORD-01898,PROD-0044,1,352.34,30
OI-006152,ORD-01409,PROD-0108,1,266.17,0
OI-006153,ORD-01409,PROD-0008,1,266.22,20
OI-006154,ORD-01409,PROD-0045,2,53.08,10
OI-006155,ORD-01673,PROD-0118,4,207.29,0
OI-006156,ORD-01673,PROD-0089,3,265.68,20
OI-006157,ORD-00667,PROD-0100,2,27.48,10
OI-006158,ORD-01273,PROD-0059,2,153.89,0
OI-006159,ORD-01273,PROD-0126,1,16.45,0
OI-006160,ORD-01273,PROD-0050,3,50.88,10
OI-006161,ORD-01273,PROD-0056,1,167.48,0
OI-006162,ORD-00617,PROD-0024,1,75.34,25
OI-006163,ORD-00617,PROD-0054,1,36.6,0
OI-006164,ORD-01569,PROD-0124,1,15.15,10
OI-006165,ORD-02322,PROD-0044,1,350.2,15
OI-006166,ORD-02987,PROD-0064,1,305.98,0
OI-006167,ORD-00175,PROD-0085,1,61.01,0
OI-006168,ORD-00175,PROD-0075,2,33.02,0
OI-006169,ORD-00064,PROD-0047,1,437.19,25
OI-006170,ORD-02676,PROD-0062,5,248.33,0
OI-006171,ORD-02959,PROD-0022,1,158.36,15
OI-006172,ORD-02959,PROD-0066,1,92.69,0
OI-006173,ORD-02959,PROD-0049,1,263.47,0
OI-006174,ORD-02959,PROD-0050,1,46.07,5
OI-006175,ORD-02058,PROD-0059,0,152.89,0
OI-006176,ORD-02058,PROD-0021,2,158.99,0
OI-006177,ORD-00331,PROD-0112,2,157.64,5
OI-006178,ORD-00331,PROD-0011,2,5.83,25
OI-006179,ORD-00331,PROD-0007,1,330.47,0
OI-006180,ORD-00331,PROD-0110,3,231.81,0
OI-006181,ORD-02118,PROD-0091,3,470.73,20
OI-006182,ORD-02792,PROD-0082,1,15.35,25
OI-006183,ORD-02792,PROD-0116,1,268.64,5
OI-006184,ORD-02792,PROD-0142,2,169.97,20
OI-006185,ORD-02792,PROD-0019,1,295.3,30
OI-006186,ORD-02792,PROD-0072,1,191.98,0
OI-006187,ORD-02318,PROD-0071,2,500.88,0
OI-006188,ORD-02551,PROD-0037,1,486.09,30
OI-006189,ORD-02551,PROD-0017,5,17.46,0
OI-006190,ORD-02016,PROD-0041,1,36.34,0
OI-006191,ORD-02016,PROD-0090,1,46.21,0
OI-006192,ORD-02016,PROD-0120,2,922.81,0
OI-006193,ORD-00889,PROD-0096,2,19.6,0
OI-006194,ORD-00889,PROD-0076,1,52.19,0
OI-006195,ORD-00889,PROD-0131,1,58.97,0
OI-006196,ORD-00889,PROD-0120,2,929.03,15
OI-006197,ORD-00380,PROD-0117,2,47.12,0
OI-006198,ORD-00380,PROD-0133,2,545.29,0
OI-006199,ORD-00380,PROD-0116,1,274.53,-16
OI-006200,ORD-00935,PROD-0112,1,155.18,0
OI-006201,ORD-00604,PROD-0036,3,920.64,0
OI-006202,ORD-00604,PROD-0060,1,61.48,15
OI-006203,ORD-00604,PROD-0131,1,61.02,15
OI-006204,ORD-02175,PROD-0070,3,355.61,30
OI-006205,ORD-02175,PROD-0059,1,158.6,0
OI-006206,ORD-01750,PROD-0040,1,43.15,0
OI-006207,ORD-01750,PROD-0131,1,52.46,0
OI-006208,ORD-00471,PROD-0101,3,600.16,0
OI-006209,ORD-00471,PROD-0005,2,25.3,0
OI-006210,ORD-00471,PROD-0118,1,191.12,0
OI-006211,ORD-00396,PROD-0005,1,25.36,0
OI-006212,ORD-00396,PROD-0085,10,67.76,0
OI-006213,ORD-00396,PROD-0036,4,866.72,25
OI-006214,ORD-00609,PROD-0016,1,980.22,5
OI-006215,ORD-00609,PROD-0148,1,186.95,0
OI-006216,ORD-00609,PROD-0012,4,274.23,10
OI-006217,ORD-00185,PROD-0045,1,52.27,10
OI-006218,ORD-01245,PROD-0008,2,247.0,15
OI-006219,ORD-01245,PROD-0142,2,163.02,0
OI-006220,ORD-01245,PROD-0140,1,187.77,0
OI-006221,ORD-02823,PROD-0148,1,186.01,0
OI-006222,ORD-02823,PROD-0114,3,186.39,20
OI-006223,ORD-02823,PROD-0024,1,78.52,0
OI-006224,ORD-00620,PROD-0025,1,190.54,0
OI-006225,ORD-00620,PROD-0066,1,91.3,-11
OI-006226,ORD-00620,PROD-0138,1,191.84,0
OI-006227,ORD-00620,PROD-0070,1,327.08,0
OI-006228,ORD-00620,PROD-0006,2,31.54,0
OI-006229,ORD-02229,PROD-0043,3,155.76,0
OI-006230,ORD-02229,PROD-0131,2,57.0,0
OI-006231,ORD-02424,PROD-0137,1,143.25,5
OI-006232,ORD-01974,PROD-0145,2,138.65,0
OI-006233,ORD-01908,PROD-0143,1,45.9,0
OI-006234,ORD-01908,PROD-0090,1,39.56,0
OI-006235,ORD-02602,PROD-0033,3,133.99,-11
OI-006236,ORD-02790,PROD-0036,2,951.55,5
OI-006237,ORD-02790,PROD-0074,1,124.71,0
OI-006238,ORD-02790,PROD-0050,3,50.38,0
OI-006239,ORD-02790,PROD-0026,3,14.45,5
OI-006240,ORD-02790,PROD-0068,5,25.73,25
OI-006241,ORD-00807,PROD-0076,1,44.55,0
OI-006242,ORD-00807,PROD-0055,2,29.8,0
OI-006243,ORD-00807,PROD-0132,2,283.13,0
OI-006244,ORD-02846,PROD-0055,1,26.38,0
OI-006245,ORD-01087,PROD-0120,1,897.4,0
OI-006246,ORD-01087,PROD-0049,1,248.51,0
OI-006247,ORD-01087,PROD-0003,2,69.21,0
OI-006248,ORD-00912,PROD-0117,1,45.9,0
OI-006249,ORD-02098,PROD-0125,3,190.39,0
OI-006250,ORD-02098,PROD-0121,1,6.95,15
OI-006251,ORD-01989,PROD-0043,4,161.74,0
OI-006252,ORD-01989,PROD-0013,4,49.95,30
OI-006253,ORD-02205,PROD-0013,5,46.97,0
OI-006254,ORD-02205,PROD-0115,4,214.01,0
OI-006255,ORD-02205,PROD-0110,2,206.08,0
OI-006256,ORD-00127,PROD-0126,1,17.12,10
OI-006257,ORD-01152,PROD-0108,1,241.53,0
OI-006258,ORD-00308,PROD-0058,1,50.97,10
OI-006259,ORD-00308,PROD-0092,2,37.19,0
OI-006260,ORD-02625,PROD-0026,1,14.07,20
OI-006261,ORD-02861,PROD-0042,2,194.07,0
OI-006262,ORD-01136,PROD-0016,2,849.52,0
OI-006263,ORD-01136,PROD-0061,1,138.36,0
OI-006264,ORD-00447,PROD-0094,2,77.1,20
OI-006265,ORD-00447,PROD-0055,2,28.83,15
OI-006266,ORD-00447,PROD-0013,2,41.84,0
OI-006267,ORD-00927,PROD-0107,3,418.93,0
OI-006268,ORD-01058,PROD-0107,10,445.78,5
OI-006269,ORD-01110,PROD-0436,1,84.56,0
OI-006270,ORD-01110,PROD-0120,1,898.45,0
OI-006271,ORD-01110,PROD-0031,1,767.91,5
OI-006272,ORD-01110,PROD-0021,1,166.34,20
OI-006273,ORD-02371,PROD-0008,1,263.48,20
OI-006274,ORD-02371,PROD-0268,1,197.51,5
OI-006275,ORD-00602,PROD-0046,2,159.64,0
OI-006276,ORD-00602,PROD-0034,3,60.24,0
OI-006277,ORD-00349,PROD-0133,2,558.42,5
OI-006278,ORD-00349,PROD-0125,2,204.43,10
OI-006279,ORD-02477,PROD-0091,2,478.66,0
OI-006280,ORD-00028,PROD-0101,5,630.14,10
OI-006281,ORD-00507,PROD-0117,1,46.54,15
OI-006282,ORD-02913,PROD-0012,2,293.07,0
OI-006283,ORD-02913,PROD-0014,1,16.72,0
OI-006284,ORD-02913,PROD-0009,1,172.14,0
OI-006285,ORD-02941,PROD-0109,2,121.23,0
OI-006286,ORD-02941,PROD-0082,1,16.01,0
OI-006287,ORD-02941,PROD-0077,1,37.57,0
OI-006288,ORD-02941,PROD-0089,2,308.52,0
OI-006289,ORD-00520,PROD-0123,1,50.49,20
OI-006290,ORD-00520,PROD-0027,1,408.47,0
OI-006291,ORD-00613,PROD-0040,2,40.34,15
OI-006292,ORD-00613,PROD-0132,1,317.64,0
OI-006293,ORD-00613,PROD-0032,2,406.4,0
OI-006294,ORD-00613,PROD-0136,5,722.54,0
OI-006295,ORD-00993,PROD-0021,1,152.84,10
OI-006296,ORD-00993,PROD-0093,1,178.61,0
OI-006297,ORD-00993,PROD-0055,1,27.91,0
OI-006298,ORD-00612,PROD-0038,2,284.73,0
OI-006299,ORD-00612,PROD-0005,4,25.09,5
OI-006300,ORD-00612,PROD-0040,1,41.26,0
OI-006301,ORD-00612,PROD-0012,1,286.39,10
OI-006302,ORD-02720,PROD-0033,10,143.27,0
OI-006303,ORD-01181,PROD-0134,2,35.06,0
OI-006304,ORD-01181,PROD-0106,1,28.82,0
OI-006305,ORD-01181,PROD-0057,3,45.81,0
OI-006306,ORD-01181,PROD-0060,1,57.87,25
OI-006307,ORD-00942,PROD-0067,1,243.09,0
OI-006308,ORD-02555,PROD-0082,2,14.58,0
OI-006309,ORD-02510,PROD-0100,2,26.73,15
OI-006310,ORD-01350,PROD-0054,2,35.44,0
OI-006311,ORD-00069,PROD-0019,10,284.99,15
OI-006312,ORD-00069,PROD-0095,1,72.59,0
OI-006313,ORD-00069,PROD-0141,1,29.53,0
OI-006314,ORD-01695,PROD-0104,1,162.22,20
OI-006315,ORD-01695,PROD-0117,4,46.95,0
OI-006316,ORD-01522,PROD-0028,2,271.87,0
OI-006317,ORD-01522,PROD-0033,2,153.29,0
OI-006318,ORD-01115,PROD-0119,1,296.48,10
OI-006319,ORD-01115,PROD-0012,3,280.15,10
OI-006320,ORD-02110,PROD-0017,3,16.96,0
OI-006321,ORD-02110,PROD-0027,3,450.11,0
OI-006322,ORD-00488,PROD-0105,2,226.99,0
OI-006323,ORD-00488,PROD-0034,2,70.94,0
OI-006324,ORD-00488,PROD-0149,5,51.69,0
OI-006325,ORD-00488,PROD-0052,2,13.4,0
OI-006326,ORD-02945,PROD-0132,1,324.11,0
OI-006327,ORD-02945,PROD-0009,1,157.17,15
OI-006328,ORD-02945,PROD-0138,1,203.38,0
OI-006329,ORD-00772,PROD-0081,0,193.39,15
OI-006330,ORD-00772,PROD-0124,1,15.99,0
OI-006331,ORD-00360,PROD-0065,1,21.84,15
OI-006332,ORD-00360,PROD-0018,1,328.06,5
OI-006333,ORD-00816,PROD-0099,1,904.96,0
OI-006334,ORD-01354,PROD-0121,3,6.81,15
OI-006335,ORD-00933,PROD-0088,2,52.0,0
OI-006336,ORD-00933,PROD-0079,2,40.27,10
OI-006337,ORD-01475,PROD-0143,2,42.2,5
OI-006338,ORD-01475,PROD-0099,1,796.05,10
OI-006339,ORD-02564,PROD-0060,10,57.36,0
OI-006340,ORD-00034,PROD-0051,1,24.85,0
OI-006341,ORD-00034,PROD-0040,2,43.28,0
OI-006342,ORD-00616,PROD-0030,5,393.48,30
OI-006343,ORD-00616,PROD-0066,2,94.81,15
OI-006344,ORD-00616,PROD-0042,1,165.19,0
OI-006345,ORD-01391,PROD-0038,1,275.74,20
OI-006346,ORD-00232,PROD-0049,1,237.72,15
OI-006347,ORD-01483,PROD-0121,3,7.89,5
OI-006348,ORD-01483,PROD-0023,2,17.04,0
OI-006349,ORD-01483,PROD-0083,2,152.08,0
OI-006350,ORD-00443,PROD-0050,10,47.51,0
OI-006351,ORD-00443,PROD-0043,2,177.0,0
OI-006352,ORD-00443,PROD-0074,2,121.04,25
OI-006353,ORD-00737,PROD-0025,1,174.3,0
