payment_id,order_id,payment_method,payment_date,amount,payment_status
PAY-00421,ORD-02909,debit_card,2022-12-30,522.4,success
PAY-01832,ORD-01470,debit_card,2024-07-11,1052.73,success
PAY-00570,ORD-00371,bank_transfer,2024-03-02,358.96,success
PAY-00427,ORD-01012,debit_card,2022-03-01,713.96,success
PAY-00232,ORD-00554,debit_card,2023-12-11,1264.67,failed
PAY-00463,ORD-02686,credit_card,2023-12-26,104.02,refunded
PAY-00342,ORD-00093,credit_card,2024-06-16,447.24,success
PAY-00775,ORD-01777,paypal,2023-04-08,380.16,success
PAY-00062,ORD-00201,paypal,2023-03-04,264.29,failed
PAY-00779,ORD-00841,debit_card,2024-01-30,1887.83,success
PAY-01105,ORD-00008,google_pay,2024-11-07,1352.72,failed
PAY-02749,ORD-02304,paypal,2023-07-26,2265.06,success
PAY-01751,ORD-01204,credit_card,2024-08-06,511.17,success
PAY-00235,ORD-02701,gift_card,2023-10-26,1633.67,success
PAY-02065,ORD-01732,google_pay,2023-11-26,730.13,success
PAY-01308,ORD-00086,credit_card,2023-01-20,171.55,failed
PAY-02433,ORD-01879,google_pay,2023-10-27,929.59,success
PAY-00061,ORD-01100,credit_card,2024-09-21,496.26,success
PAY-01356,ORD-02072,credit_card,2024-05-03,2188.32,success
PAY-00610,ORD-01333,debit_card,2024-01-08,1573.15,failed
PAY-00938,ORD-00600,apple_pay,2022-08-23,433.07,success
PAY-02561,ORD-00425,credit_card,2023-10-19,72.49,refunded
PAY-02438,ORD-00176,credit_card,2024-05-07,497.77,pending
PAY-02707,ORD-00301,google_pay,2023-01-02,498.22,pending
PAY-02082,ORD-00212,google_pay,2023-07-01,2068.92,success
PAY-01019,ORD-02548,credit_card,2022-08-19,182.16,success
PAY-00456,ORD-00082,debit_card,2023-03-10,666.88,success
PAY-01877,ORD-01619,credit_card,2023-09-17,1315.14,success
PAY-00175,ORD-01756,debit_card,2024-02-27,642.48,refunded
PAY-02928,ORD-01444,apple_pay,2022-04-08,1380.52,success
PAY-00757,ORD-00979,debit_card,2024-10-30,72.64,failed
PAY-02702,ORD-00809,apple_pay,2023-05-20,157.53,success
PAY-00882,ORD-02446,debit_card,2025-01-01,73.14,pending
PAY-00262,ORD-02245,google_pay,2024-01-28,152.52,success
PAY-01593,ORD-02258,debit_card,2022-04-29,88.31,failed
PAY-02719,ORD-00341,debit_card,2022-03-22,363.43,success
PAY-00522,ORD-02329,bank_transfer,2022-07-25,1118.21,success
PAY-00263,ORD-02102,credit_card,2023-05-13,4693.95,failed
PAY-02457,ORD-02151,credit_card,2024-07-08,681.28,refunded
PAY-00693,ORD-00343,debit_card,2023-12-09,1418.4,pending
PAY-00146,ORD-00024,debit_card,2022-04-14,31.89,success
PAY-01116,ORD-01859,debit_card,2022-02-11,1802.14,pending
PAY-00744,ORD-02249,google_pay,2022-06-30,1552.19,success
PAY-02954,ORD-01623,gift_card,2022-11-08,366.68,success
PAY-01798,ORD-02624,credit_card,2023-11-01,14.82,success
PAY-02076,ORD-01452,paypal,2023-11-23,245.64,success
PAY-02849,ORD-00657,gift_card,2022-05-15,3397.08,success
PAY-03082,ORD-02823,paypal,2022-04-21,711.87,success
PAY-00141,ORD-02078,apple_pay,2023-02-09,198.3,refunded
PAY-00257,ORD-01894,bank_transfer,2024-07-14,1005.86,success
PAY-01905,ORD-01392,apple_pay,2023-02-01,338.06,success
PAY-02405,ORD-02954,credit_card,2023-06-17,801.1,pending
PAY-01203,ORD-01508,paypal,2022-07-22,1992.16,success
PAY-00734,ORD-01238,gift_card,2023-09-05,377.46,success
PAY-00664,ORD-00395,credit_card,2022-03-22,110.0,success
PAY-00964,ORD-02309,debit_card,2022-11-17,1414.34,failed
PAY-02893,ORD-01236,gift_card,2023-05-24,111.49,success
PAY-00216,ORD-01408,bank_transfer,2022-09-24,1265.66,success
PAY-00218,ORD-00458,credit_card,2022-10-30,401.34,pending
PAY-02070,ORD-01199,paypal,2023-04-23,409.8,success
PAY-01671,ORD-01217,credit_card,2022-04-07,341.97,failed
PAY-02941,ORD-02604,bank_transfer,2024-06-10,1560.41,refunded
PAY-01834,ORD-02550,bank_transfer,2024-07-11,96.9,pending
PAY-00617,ORD-01154,google_pay,2022-10-01,132.43,pending
PAY-01791,ORD-02634,credit_card,2022-01-09,867.45,success
PAY-00173,ORD-00533,credit_card,2023-05-18,1767.02,pending
PAY-02586,ORD-00150,paypal,2022-09-21,1288.18,success
PAY-02014,ORD-00915,bank_transfer,2023-01-21,63.8,success
PAY-02226,ORD-01523,bank_transfer,2024-12-23,338.93,success
PAY-02998,ORD-00944,credit_card,2023-04-24,562.29,success
PAY-02317,ORD-02593,debit_card,2024-04-27,885.18,refunded
PAY-01640,ORD-02862,credit_card,2024-12-17,649.5,refunded
PAY-02222,ORD-00633,paypal,2024-05-11,72.73,success
PAY-00368,ORD-00561,debit_card,2023-02-10,932.81,success
PAY-00758,ORD-01706,bank_transfer,2022-06-26,444.26,success
PAY-02780,ORD-00046,gift_card,2023-06-02,868.3,pending
PAY-01370,ORD-00226,bank_transfer,2024-09-26,2740.43,success
PAY-00458,ORD-01116,debit_card,2023-10-09,370.1,refunded
PAY-01559,ORD-00672,apple_pay,2023-04-01,5.59,failed
PAY-03120,ORD-00612,apple_pay,2022-10-24,963.81,success
PAY-00745,ORD-00198,debit_card,2022-03-24,2918.67,success
PAY-01121,ORD-02527,bank_transfer,2023-03-27,553.11,success
PAY-01770,ORD-00332,debit_card,2024-11-25,730.76,pending
PAY-02160,ORD-01817,debit_card,2023-12-08,2994.75,success
PAY-00609,ORD-02414,credit_card,2024-02-18,113.82,success
PAY-02758,ORD-00829,credit_card,2022-10-06,56.08,success
PAY-02460,ORD-02856,credit_card,2024-04-29,728.43,refunded
PAY-01251,ORD-01175,google_pay,2022-04-27,2035.06,success
PAY-01948,ORD-00217,credit_card,2022-07-20,18.65,success
PAY-01681,ORD-02044,debit_card,2022-08-04,539.71,success
PAY-02259,ORD-02830,gift_card,2022-04-26,612.74,failed
PAY-03033,ORD-02877,credit_card,2024-04-30,16.44,refunded
PAY-02345,ORD-02164,bank_transfer,2023-11-15,2248.7,success
PAY-01339,ORD-00696,debit_card,2024-07-16,370.79,refunded
PAY-02432,ORD-00857,debit_card,2023-06-22,891.94,success
PAY-02338,ORD-00130,bank_transfer,2023-10-14,137.4,success
PAY-00096,ORD-00774,debit_card,2022-04-04,74.1,success
PAY-00630,ORD-00409,credit_card,2023-09-16,1093.95,refunded
PAY-01096,ORD-00345,paypal,2022-06-21,11.79,pending
PAY-02448,ORD-01651,debit_card,2024-06-05,64.5,pending
PAY-02191,ORD-00854,bank_transfer,2022-10-11,234.66,success
PAY-02169,ORD-02583,google_pay,2023-11-05,373.8,pending
PAY-00461,ORD-02867,paypal,2022-01-26,2895.38,success
PAY-01417,ORD-02836,gift_card,2024-04-13,1196.8,success
PAY-00480,ORD-00065,paypal,2022-04-30,292.14,refunded
PAY-02706,ORD-02925,bank_transfer,2024-07-26,30.02,success
PAY-01212,ORD-01834,bank_transfer,2022-10-19,159.22,pending
PAY-00255,ORD-02664,paypal,2023-09-28,3493.18,success
PAY-01167,ORD-01132,debit_card,2023-11-17,341.45,pending
PAY-00913,ORD-01331,google_pay,2022-09-05,610.97,success
PAY-02116,ORD-00858,apple_pay,2023-07-09,315.77,failed
PAY-02920,ORD-02438,credit_card,2022-06-12,895.22,success
PAY-00738,ORD-01507,google_pay,2023-07-05,1372.75,success
PAY-00429,ORD-01206,apple_pay,2023-11-28,7901.8,refunded
PAY-02543,ORD-02982,credit_card,2022-08-01,73.01,success
PAY-01919,ORD-02698,apple_pay,2022-10-31,2519.44,success
PAY-01234,ORD-00390,apple_pay,2024-05-13,557.62,pending
PAY-00388,ORD-01200,bank_transfer,2024-01-08,2216.48,refunded
PAY-00435,ORD-02234,gift_card,2023-07-26,1055.35,success
PAY-00551,ORD-01246,google_pay,2023-08-08,123.89,success
PAY-02247,ORD-02821,bank_transfer,2022-03-18,538.31,success
PAY-00345,ORD-01183,google_pay,2024-11-01,637.79,pending
PAY-00721,ORD-01601,credit_card,,52.53,pending
PAY-02379,ORD-02004,credit_card,2022-05-07,458.13,failed
PAY-00506,ORD-01130,paypal,2023-03-04,746.87,refunded
PAY-02858,ORD-02894,debit_card,2022-03-15,410.94,success
PAY-02574,ORD-00711,paypal,2024-09-15,411.32,success
PAY-03037,ORD-01421,credit_card,2023-01-19,959.78,refunded
PAY-00470,ORD-01762,credit_card,2023-07-14,55.69,success
PAY-02198,ORD-00481,bank_transfer,2022-08-10,4934.81,failed
PAY-01466,ORD-01435,apple_pay,2024-02-27,150.94,success
PAY-03098,ORD-00127,debit_card,2022-09-29,15.41,success
PAY-02282,ORD-00147,debit_card,2023-11-12,899.54,pending
PAY-00994,ORD-00269,apple_pay,2024-01-18,313.4,failed
PAY-03126,ORD-01350,credit_card,2022-02-25,70.88,failed
PAY-01463,ORD-02430,google_pay,2024-01-18,1122.0,pending
PAY-01191,ORD-02896,debit_card,2024-04-21,51.75,success
PAY-01407,ORD-00880,credit_card,2022-04-04,236.72,pending
PAY-00666,ORD-02456,credit_card,2024-08-01,1481.39,pending
PAY-00014,ORD-01910,apple_pay,2022-07-31,308.01,failed
PAY-02976,ORD-01315,paypal,,3158.4,refunded
PAY-02192,ORD-01897,credit_card,2024-09-04,848.62,success
PAY-03122,ORD-01181,apple_pay,2024-04-27,279.77,refunded
PAY-00735,ORD-02741,credit_card,2024-10-21,139.58,success
PAY-02242,ORD-02018,apple_pay,2023-08-08,1636.8,success
PAY-02067,ORD-02770,bank_transfer,2023-10-01,150.95,success
PAY-01277,ORD-02183,google_pay,2022-07-07,658.58,success
PAY-00064,ORD-02061,paypal,2023-07-18,583.03,refunded
PAY-00492,ORD-01077,debit_card,2023-12-04,9587.24,failed
PAY-00357,ORD-01174,credit_card,2024-05-27,599.22,success
PAY-00858,ORD-00661,credit_card,2023-08-30,2024.58,success
PAY-00543,ORD-00621,credit_card,2023-02-24,360.8,success
PAY-00553,ORD-02356,debit_card,2024-05-20,95.48,success
PAY-01029,ORD-00749,debit_card,2024-11-06,947.54,success
PAY-02938,ORD-01588,bank_transfer,2022-08-23,159.9,success
PAY-01187,ORD-00780,debit_card,2023-07-29,6091.0,refunded
PAY-02646,ORD-02933,paypal,2024-02-21,1451.61,success
PAY-00484,ORD-01009,credit_card,2023-12-12,238.55,pending
PAY-00010,ORD-01196,debit_card,,342.06,failed
PAY-00791,ORD-01308,credit_card,2022-06-14,336.54,failed
PAY-02645,ORD-01489,credit_card,2023-09-06,249.35,success
PAY-00919,ORD-01135,google_pay,2023-09-20,523.19,success
PAY-01072,ORD-02852,paypal,2023-06-16,989.65,success
PAY-00782,ORD-01283,debit_card,2022-12-26,1733.04,pending
PAY-03062,ORD-02676,paypal,2022-07-01,1241.65,refunded
PAY-00241,ORD-01179,bank_transfer,2024-02-07,1717.13,success
PAY-02606,ORD-02470,paypal,2024-08-03,2112.48,success
PAY-01238,ORD-00648,gift_card,,948.33,success
PAY-01824,ORD-01845,UNKNOWN,2022-12-31,258.96,success
PAY-02988,ORD-01625,google_pay,2024-03-31,349.36,success
PAY-02288,ORD-02986,paypal,2024-10-26,835.15,success
PAY-01153,ORD-02881,debit_card,2024-04-03,1288.73,refunded
PAY-01760,ORD-01855,paypal,2023-04-30,732.62,pending
PAY-02437,ORD-02771,credit_card,2024-07-09,70.6,refunded
PAY-01754,ORD-00888,gift_card,2023-06-15,207.96,failed
PAY-02824,ORD-02034,paypal,2024-12-24,26.69,success
PAY-02068,ORD-00236,debit_card,2023-03-06,92.34,refunded
PAY-01947,ORD-00894,apple_pay,2022-07-19,4800.45,success
PAY-01285,ORD-02435,debit_card,2022-06-08,2623.73,refunded
PAY-00642,ORD-00137,credit_card,2023-02-17,670.04,success
PAY-01577,ORD-01384,gift_card,2022-10-20,655.0,pending
PAY-01150,ORD-01708,debit_card,2024-01-25,789.8,success
PAY-02814,ORD-01447,paypal,2023-10-10,396.0,success
PAY-03046,ORD-01783,paypal,2022-07-31,799.31,success
PAY-00961,ORD-02418,paypal,2023-04-04,803.52,failed
PAY-01755,ORD-01169,apple_pay,2023-08-01,1264.92,pending
PAY-00900,ORD-00183,credit_card,2022-10-05,1348.59,pending
PAY-01552,ORD-00921,credit_card,2024-01-07,2991.71,failed
PAY-02744,ORD-01774,debit_card,2022-10-23,129.51,success
PAY-00206,ORD-00255,credit_card,2023-05-28,51.41,success
PAY-01787,ORD-00051,gift_card,2023-09-21,380.77,success
PAY-02312,ORD-02926,credit_card,2024-12-28,329.57,success
PAY-00586,ORD-02389,credit_card,2024-08-10,1616.23,failed
PAY-01049,ORD-01545,apple_pay,2023-07-25,834.1,failed
PAY-02370,ORD-01605,debit_card,2023-07-12,348.55,pending
PAY-02099,ORD-01052,google_pay,2022-04-29,1131.73,success
PAY-01635,ORD-00896,gift_card,2024-11-23,338.46,success
PAY-00831,ORD-01021,credit_card,2023-03-25,51.78,success
PAY-00834,ORD-02587,credit_card,2022-04-25,3035.78,failed
PAY-02726,ORD-00924,debit_card,2024-03-02,688.72,pending
PAY-01752,ORD-01024,apple_pay,2022-09-26,367.14,pending
PAY-02750,ORD-02369,google_pay,2022-10-30,877.34,success
PAY-01855,ORD-02588,bank_transfer,2023-06-15,1319.36,pending
PAY-01208,ORD-01187,google_pay,2024-11-17,334.93,success
PAY-02870,ORD-02346,credit_card,2023-02-01,457.21,success
PAY-02633,ORD-02154,credit_card,2022-07-17,171.06,success
PAY-00109,ORD-02386,paypal,2022-03-09,2350.72,success
PAY-01349,ORD-02990,debit_card,2024-12-31,2023.12,pending
PAY-02341,ORD-02908,google_pay,2022-11-24,520.44,success
PAY-01202,ORD-00903,credit_card,2023-01-07,168.92,pending
PAY-01784,ORD-02947,credit_card,2023-06-26,87.58,failed
PAY-01606,ORD-00373,paypal,2023-03-24,766.99,success
PAY-02993,ORD-01933,credit_card,2023-04-11,240.64,pending
PAY-02737,ORD-00120,gift_card,2023-10-17,2242.95,failed
PAY-01589,ORD-00108,bank_transfer,2024-10-01,807.26,pending
PAY-00514,ORD-00588,google_pay,2022-07-10,33.02,failed
PAY-00460,ORD-00674,gift_card,2024-10-07,667.98,success
PAY-02990,ORD-01074,bank_transfer,2023-07-05,139.0,success
PAY-02391,ORD-02626,credit_card,2023-09-15,415.05,success
PAY-02426,ORD-01583,debit_card,2024-11-16,1970.51,pending
PAY-00764,ORD-00587,debit_card,,1395.16,success
PAY-01972,ORD-02578,bank_transfer,2024-09-13,777.05,success
PAY-01052,ORD-00363,bank_transfer,2024-04-24,1312.69,success
PAY-01268,ORD-00298,paypal,2022-04-24,154.51,success
PAY-00318,ORD-00240,debit_card,2023-11-03,550.21,success
PAY-01223,ORD-00988,apple_pay,2023-08-24,16.52,success
PAY-02188,ORD-02699,apple_pay,2024-05-05,120.39,pending
PAY-01551,ORD-02863,credit_card,2022-03-11,213.74,success
PAY-00756,ORD-01611,credit_card,2024-03-27,83.36,success
PAY-02764,ORD-02225,credit_card,2023-09-11,328.88,failed
PAY-00556,ORD-00032,debit_card,2024-08-26,574.13,refunded
PAY-02934,ORD-01457,gift_card,2022-07-30,54.04,refunded
PAY-02382,ORD-00087,credit_card,2024-03-28,869.19,success
PAY-02485,ORD-01310,debit_card,2023-11-06,297.01,pending
PAY-00524,ORD-00356,apple_pay,2024-08-02,1060.37,refunded
PAY-01114,ORD-01629,gift_card,2022-09-04,897.27,success
PAY-02404,ORD-02954,credit_card,2023-06-17,1007.22,pending
PAY-01624,ORD-00776,credit_card,2024-12-21,713.85,success
PAY-01894,ORD-02998,apple_pay,2022-11-01,817.3,success
PAY-00053,ORD-00233,credit_card,2023-04-10,189.34,pending
PAY-02614,ORD-00399,bank_transfer,2024-07-10,419.79,success
PAY-02279,ORD-00840,debit_card,2024-04-12,1048.61,success
PAY-00417,ORD-01292,debit_card,2024-04-21,761.1,success
PAY-01694,ORD-00305,credit_card,2022-10-19,432.74,success
PAY-00112,ORD-00709,gift_card,2022-10-29,177.19,refunded
PAY-02532,ORD-02255,debit_card,2024-01-24,17.86,success
PAY-01345,ORD-00454,gift_card,2022-03-10,496.72,success
PAY-02959,ORD-02475,credit_card,2022-02-11,171.22,refunded
PAY-02020,ORD-01040,debit_card,2022-07-14,733.18,refunded
PAY-01938,ORD-02056,credit_card,2022-06-17,137.6,failed
PAY-01094,ORD-00050,google_pay,2023-12-11,919.75,refunded
PAY-02007,ORD-01713,credit_card,2022-06-08,650.09,success
PAY-00953,ORD-01576,gift_card,2024-10-01,1323.09,success
PAY-00661,ORD-02221,credit_card,2022-04-16,456.06,refunded
PAY-01364,ORD-01983,paypal,,382.34,success
PAY-01627,ORD-02125,paypal,2024-04-30,698.81,failed
PAY-01065,ORD-01480,debit_card,2024-03-27,281.26,refunded
PAY-00101,ORD-02076,credit_card,2022-02-21,62.57,success
PAY-01700,ORD-02417,gift_card,2022-03-26,1533.35,refunded
PAY-00048,ORD-01156,apple_pay,2022-02-28,932.37,success
PAY-02664,ORD-01418,google_pay,2024-10-27,1040.5,success
PAY-00977,ORD-00315,debit_card,2022-02-02,934.68,pending
PAY-02684,ORD-02017,bank_transfer,2022-06-05,897.19,failed
PAY-02907,ORD-00675,bank_transfer,2022-03-15,2048.92,failed
PAY-01324,ORD-01749,gift_card,2022-07-18,16.0,pending
PAY-02031,ORD-02294,google_pay,2022-12-15,234.01,success
PAY-01226,ORD-02187,paypal,2022-06-06,53.82,pending
PAY-02720,ORD-00389,paypal,2024-02-10,90.4,pending
PAY-01839,ORD-02336,debit_card,2024-04-22,203.15,pending
PAY-00903,ORD-00338,debit_card,2022-12-25,877.76,success
PAY-01449,ORD-01553,paypal,2023-04-11,4818.2,refunded
PAY-00185,ORD-01661,credit_card,2023-01-05,470.15,success
PAY-02821,ORD-01881,bank_transfer,2023-09-16,86.92,pending
PAY-00526,ORD-01640,paypal,2023-12-07,36.63,failed
PAY-02018,ORD-02182,bank_transfer,2023-07-30,3044.32,refunded
PAY-00991,ORD-00289,paypal,2022-03-22,412.36,refunded
PAY-01321,ORD-02874,debit_card,2023-08-16,980.16,failed
PAY-02402,ORD-01092,apple_pay,2023-02-05,355.56,success
PAY-00450,ORD-02843,credit_card,2022-03-09,629.72,success
PAY-00895,ORD-01659,credit_card,2023-02-07,304.72,success
PAY-01248,ORD-00071,credit_card,2022-05-15,1110.03,failed
PAY-01603,ORD-02544,google_pay,,196.2,success
PAY-00776,ORD-01184,debit_card,2023-12-07,137.02,success
PAY-00075,ORD-02231,debit_card,2022-11-06,54.76,success
PAY-00641,ORD-00077,debit_card,2023-08-12,1245.9,failed
PAY-00560,ORD-01165,gift_card,2023-10-08,725.75,success
PAY-00273,ORD-02612,credit_card,2024-08-20,91.4,success
PAY-01701,ORD-01736,credit_card,2022-02-05,336.2,success
PAY-02500,ORD-01372,debit_card,2024-06-06,125.64,pending
PAY-00394,ORD-01676,credit_card,2022-01-27,13.26,success
PAY-00297,ORD-02243,paypal,2022-01-02,1369.49,success
PAY-01446,ORD-00419,apple_pay,2024-03-25,551.16,pending
PAY-00825,ORD-01656,credit_card,2022-03-10,182.78,refunded
PAY-02967,ORD-01284,apple_pay,2022-05-10,503.72,failed
PAY-01776,ORD-00191,debit_card,2022-07-11,1132.92,success
PAY-02420,ORD-00424,UNKNOWN,2024-08-27,1157.0,success
PAY-02845,ORD-02467,debit_card,2022-10-14,1231.71,failed
PAY-02763,ORD-02225,debit_card,2023-09-10,205.05,success
PAY-00174,ORD-00187,gift_card,2023-04-15,606.79,pending
PAY-01571,ORD-02108,credit_card,2022-02-02,15.39,pending
PAY-02425,ORD-02696,debit_card,2024-02-23,1289.4,refunded
PAY-02092,ORD-02661,gift_card,2024-08-15,879.4,refunded
PAY-01112,ORD-02769,credit_card,2023-10-11,1655.9,failed
PAY-01241,ORD-02984,gift_card,2023-07-14,776.3,pending
PAY-01006,ORD-01125,credit_card,2022-06-02,31.06,refunded
PAY-02888,ORD-01493,debit_card,2024-05-07,289.67,success
PAY-03087,ORD-01908,credit_card,2024-06-14,85.46,success
PAY-02611,ORD-01025,credit_card,2022-05-07,76.41,success
PAY-01205,ORD-00948,credit_card,2022-04-12,647.7,refunded
PAY-00287,ORD-00766,bank_transfer,2024-01-31,964.37,success
PAY-02245,ORD-01007,credit_card,2024-01-04,47.22,success
PAY-02987,ORD-01937,credit_card,2022-01-12,652.79,refunded
PAY-00645,ORD-00401,apple_pay,2022-10-11,354.01,failed
PAY-01290,ORD-00494,bank_transfer,2023-08-22,986.01,pending
PAY-00392,ORD-02970,bank_transfer,2023-07-01,333.42,success
PAY-02511,ORD-01568,gift_card,2024-11-16,3223.62,success
PAY-00069,ORD-01602,bank_transfer,2027-12-31,303.58,success
PAY-01314,ORD-01931,debit_card,2023-03-13,723.7,refunded
PAY-03056,ORD-00617,google_pay,2024-05-23,93.11,failed
PAY-00264,ORD-02849,credit_card,2024-02-19,2984.88,refunded
PAY-00683,ORD-00350,credit_card,2022-03-16,513.5,pending
PAY-03083,ORD-00620,paypal,2022-02-06,873.88,refunded
PAY-03043,ORD-01362,debit_card,2022-08-06,348.53,success
PAY-01075,ORD-01917,credit_card,2023-11-13,413.46,failed
PAY-01219,ORD-00954,gift_card,2022-10-13,140.35,refunded
PAY-02118,ORD-00957,debit_card,2024-02-17,166.66,success
PAY-01811,ORD-01195,gift_card,2024-11-30,1601.55,success
PAY-00107,ORD-00165,paypal,2022-01-22,1210.68,failed
PAY-00644,ORD-00195,gift_card,2023-04-09,1463.78,failed
PAY-02529,ORD-00144,credit_card,2023-06-23,45.36,pending
PAY-00922,ORD-00938,apple_pay,2023-06-20,212.98,success
PAY-02687,ORD-02786,google_pay,2023-08-08,361.83,success
PAY-01622,ORD-02745,debit_card,2022-07-30,678.51,success
PAY-01576,ORD-01459,credit_card,2022-05-09,328.44,failed
PAY-00541,ORD-01986,credit_card,2024-12-23,3446.77,success
PAY-01509,ORD-00519,bank_transfer,2024-06-09,252.66,pending
PAY-01435,ORD-01822,gift_card,2023-03-16,1182.01,pending
PAY-02476,ORD-00695,credit_card,2022-04-06,742.13,success
PAY-02662,ORD-02275,paypal,2022-11-11,1618.47,success
PAY-00885,ORD-00517,paypal,2024-08-11,3967.95,failed
PAY-00001,ORD-02497,credit_card,2023-04-18,704.05,success
PAY-00441,ORD-00317,credit_card,2023-11-20,533.78,pending
PAY-01611,ORD-01064,bank_transfer,2024-06-07,168.78,success
PAY-02556,ORD-00643,credit_card,2023-03-31,7.86,success
PAY-01430,ORD-00260,credit_card,2024-06-18,429.06,pending
PAY-00338,ORD-01888,paypal,2024-06-07,196.28,success
PAY-02027,ORD-01764,apple_pay,2024-07-03,773.26,pending
PAY-00564,ORD-00173,credit_card,2024-03-23,146.09,success
PAY-02866,ORD-02045,credit_card,2024-09-07,850.33,failed
PAY-01385,ORD-02675,credit_card,2023-11-30,783.7,success
PAY-01414,ORD-01857,debit_card,2023-05-17,1843.47,success
PAY-00156,ORD-00913,debit_card,2023-01-14,914.31,failed
PAY-00042,ORD-01076,debit_card,2024-02-25,97.94,success
PAY-02384,ORD-00219,debit_card,2022-08-06,161.88,refunded
PAY-00915,ORD-02765,gift_card,2024-05-03,1276.19,success
PAY-02946,ORD-00337,gift_card,2022-05-16,3479.9,failed
PAY-00316,ORD-00741,credit_card,2022-01-07,607.15,success
PAY-01147,ORD-02502,gift_card,2023-03-18,1119.57,success
PAY-02760,ORD-00388,credit_card,2022-09-04,119.36,success
PAY-01201,ORD-01438,google_pay,2022-12-17,328.96,refunded
PAY-02353,ORD-01080,credit_card,2023-05-07,3911.42,pending
PAY-00563,ORD-00423,credit_card,2024-09-29,1106.07,pending
PAY-02676,ORD-01742,paypal,2022-10-05,383.99,success
PAY-01842,ORD-02677,gift_card,2023-05-03,26.67,success
PAY-00058,ORD-00700,bank_transfer,2024-07-23,2598.44,refunded
PAY-02509,ORD-02996,debit_card,2022-04-06,1283.41,success
PAY-00282,ORD-00586,credit_card,2024-02-18,93.38,success
PAY-02939,ORD-00063,credit_card,2026-04-17,1291.85,success
PAY-01037,ORD-01530,paypal,2022-01-29,347.2,success
PAY-01812,ORD-00936,credit_card,2022-08-04,1532.25,success
PAY-02986,ORD-02904,debit_card,2022-11-04,1410.83,success
PAY-01587,ORD-00958,debit_card,2024-03-10,52.85,refunded
PAY-02389,ORD-02434,apple_pay,2024-08-24,139.23,success
PAY-02555,ORD-02565,google_pay,2023-10-07,630.08,success
PAY-02729,ORD-00078,apple_pay,2023-02-14,82.3,success
PAY-03111,ORD-02477,bank_transfer,2022-03-21,957.32,success
PAY-02097,ORD-01178,debit_card,2022-02-06,1035.82,pending
PAY-01775,ORD-02747,credit_card,2023-05-23,64.86,success
PAY-00184,ORD-00568,paypal,2023-08-15,252.45,success
PAY-01940,ORD-02553,credit_card,2022-09-15,700.7,refunded
PAY-00044,ORD-02841,debit_card,2023-10-02,659.19,refunded
PAY-00259,ORD-00610,gift_card,2023-07-20,2491.48,success
PAY-02039,ORD-00710,credit_card,2024-02-25,200.07,pending
PAY-01882,ORD-01973,bank_transfer,2024-11-30,1453.03,success
PAY-01042,ORD-00246,paypal,2023-07-31,248.65,refunded
PAY-01090,ORD-02791,debit_card,2023-07-26,41.94,failed
PAY-02053,ORD-00595,bank_transfer,2022-08-01,85.6,success
PAY-01186,ORD-02706,credit_card,2023-06-30,1392.03,refunded
PAY-01396,ORD-02176,credit_card,2024-07-16,78.97,pending
PAY-02380,ORD-02004,credit_card,2022-05-07,456.06,pending
PAY-00159,ORD-01486,gift_card,2022-11-20,1937.25,success
PAY-01270,ORD-00608,paypal,2023-08-14,1324.68,success
PAY-00805,ORD-00033,other,2023-08-09,755.12,pending
PAY-00933,ORD-01609,debit_card,2024-09-19,891.55,success
PAY-00212,ORD-01893,credit_card,2022-05-03,919.71,refunded
PAY-01340,ORD-02943,paypal,2023-04-27,1128.03,success
PAY-02558,ORD-01819,credit_card,2026-09-24,174.45,refunded
PAY-01799,ORD-02226,debit_card,2022-10-09,914.37,success
PAY-02573,ORD-00235,apple_pay,2024-08-18,321.48,success
PAY-00857,ORD-01512,gift_card,2022-11-23,39.4,refunded
PAY-01673,ORD-02684,paypal,2023-10-30,139.08,success
PAY-00161,ORD-01992,paypal,2024-08-06,222.84,failed
PAY-00076,ORD-00015,google_pay,2024-10-01,5051.27,success
PAY-02127,ORD-00202,credit_card,,867.36,success
PAY-02324,ORD-02965,bank_transfer,2023-04-03,295.9,success
PAY-01124,ORD-00328,credit_card,2023-11-26,141.55,success
PAY-02777,ORD-02638,credit_card,2024-05-04,1656.51,refunded
PAY-00190,ORD-00114,google_pay,2022-07-29,19.7,failed
PAY-01706,ORD-00381,google_pay,2023-11-29,3219.08,pending
PAY-03008,ORD-02282,apple_pay,2022-10-31,19.62,success
PAY-02977,ORD-01226,credit_card,2024-07-12,1732.86,failed
PAY-02498,ORD-01821,debit_card,2022-08-25,1169.83,success
PAY-02940,ORD-00499,gift_card,2024-01-17,378.52,success
PAY-00658,ORD-01487,apple_pay,2023-03-25,906.35,success
PAY-02026,ORD-00682,credit_card,2023-08-13,339.42,success
PAY-00689,ORD-01666,apple_pay,2022-09-07,106.42,pending
PAY-00142,ORD-02159,credit_card,2022-04-23,343.0,pending
PAY-01379,ORD-02383,debit_card,2023-04-02,532.3,refunded
PAY-01126,ORD-01976,debit_card,2023-10-12,833.03,success
PAY-00750,ORD-02655,gift_card,2023-02-08,140.6,refunded
PAY-01122,ORD-02527,bank_transfer,2023-03-30,700.99,success
PAY-01607,ORD-02743,credit_card,,10.1,success
PAY-00846,ORD-02062,credit_card,2023-01-09,844.63,refunded
PAY-01169,ORD-02528,credit_card,2022-11-19,691.39,success
PAY-01946,ORD-02892,bank_transfer,2022-02-14,882.21,refunded
PAY-00769,ORD-00937,paypal,2024-05-20,939.43,success
PAY-01920,ORD-00540,debit_card,2023-08-11,41.94,failed
PAY-01250,ORD-01872,apple_pay,2022-06-04,152.06,failed
PAY-02112,ORD-01078,credit_card,2023-09-23,636.55,failed
PAY-01667,ORD-02746,debit_card,2023-06-11,619.59,success
PAY-01880,ORD-00689,bank_transfer,2022-07-03,6100.98,success
PAY-00625,ORD-02992,debit_card,2024-08-20,1408.45,success
PAY-02631,ORD-01261,paypal,2023-02-24,345.46,success
PAY-03066,ORD-02118,apple_pay,2022-04-10,1129.75,pending
PAY-02451,ORD-00814,credit_card,2024-02-03,847.93,success
PAY-00279,ORD-01230,paypal,2023-09-17,604.96,success
PAY-02949,ORD-00142,paypal,2022-02-18,37.52,success
PAY-02943,ORD-00901,credit_card,2024-11-05,167.58,success
PAY-02137,ORD-00283,bank_transfer,2023-06-03,187.4,success
PAY-00798,ORD-02678,google_pay,2022-04-23,524.97,success
PAY-01608,ORD-02209,paypal,2023-01-06,663.09,refunded
PAY-02356,ORD-02292,google_pay,2024-07-07,337.38,refunded
PAY-02819,ORD-00906,credit_card,2024-11-21,250.0,success
PAY-01474,ORD-02344,paypal,2023-12-09,302.65,success
PAY-00215,ORD-02827,credit_card,2023-12-10,182.36,success
PAY-02668,ORD-02804,credit_card,2022-07-18,352.81,success
PAY-00163,ORD-00852,bank_transfer,,154.09,failed
PAY-01021,ORD-01051,credit_card,2024-05-06,537.98,success
PAY-01651,ORD-01704,google_pay,2024-06-28,71.93,success
PAY-01786,ORD-00181,credit_card,2024-03-09,59.43,success
PAY-01687,ORD-02631,credit_card,2024-03-23,498.07,success
PAY-01712,ORD-01114,credit_card,2024-09-09,365.56,success
PAY-01563,ORD-00501,credit_card,2023-07-25,580.07,failed
PAY-01600,ORD-02901,bank_transfer,2024-03-08,793.44,success
PAY-01599,ORD-01332,bank_transfer,2023-03-04,260.42,success
PAY-00891,ORD-02382,debit_card,2024-11-26,1651.37,success
PAY-00675,ORD-00292,bank_transfer,2022-05-18,280.31,failed
PAY-02985,ORD-01556,credit_card,2023-09-20,2790.1,failed
PAY-00623,ORD-01867,credit_card,2022-08-03,208.21,pending
PAY-02756,ORD-01034,debit_card,2022-02-22,115.67,success
PAY-02970,ORD-00228,google_pay,2023-04-12,872.08,success
PAY-00705,ORD-01541,google_pay,2022-07-11,201.36,success
PAY-00019,ORD-00215,credit_card,2024-08-10,979.48,success
PAY-00867,ORD-00585,credit_card,2023-08-24,32.99,success
PAY-00452,ORD-02963,debit_card,2022-07-07,617.73,refunded
PAY-02771,ORD-00681,bank_transfer,2022-10-05,93.86,success
PAY-02111,ORD-01355,gift_card,2024-04-16,880.81,success
PAY-01537,ORD-00691,credit_card,2024-05-31,839.31,success
PAY-00703,ORD-00406,google_pay,2023-02-06,104.6,failed
PAY-00448,ORD-02194,apple_pay,2023-04-19,222.41,success
PAY-00930,ORD-00218,debit_card,2022-10-20,358.94,success
PAY-02820,ORD-00074,google_pay,2022-07-02,304.18,pending
PAY-00590,ORD-00614,apple_pay,2023-08-05,2237.43,success
PAY-02203,ORD-01085,debit_card,2022-03-04,579.01,pending
PAY-02195,ORD-01128,gift_card,2023-01-15,76.03,refunded
PAY-01730,ORD-00581,debit_card,2023-12-29,270.37,success
PAY-00771,ORD-01849,paypal,2023-04-26,134.04,failed
PAY-01267,ORD-01693,bank_transfer,2023-01-21,474.22,success
PAY-01092,ORD-01866,credit_card,2022-02-24,231.0,success
PAY-03040,ORD-01940,apple_pay,2023-05-15,148.63,failed
PAY-01856,ORD-00991,apple_pay,2023-02-21,914.85,failed
PAY-00954,ORD-02719,debit_card,2024-04-01,357.49,pending
PAY-01415,ORD-02581,google_pay,2023-01-21,14.18,pending
PAY-02349,ORD-01832,apple_pay,2022-02-10,364.05,failed
PAY-02350,ORD-02708,credit_card,2022-01-11,1815.63,success
PAY-02489,ORD-00978,paypal,2022-04-22,1290.63,success
PAY-00585,ORD-02537,google_pay,2024-12-18,1713.92,failed
PAY-00952,ORD-00261,google_pay,2024-11-05,45.79,failed
PAY-01977,ORD-01221,paypal,2022-04-29,127.49,success
PAY-00476,ORD-00449,debit_card,2022-06-09,3181.43,pending
PAY-01408,ORD-01997,credit_card,2023-03-04,192.12,success
PAY-02412,ORD-02471,credit_card,2023-11-07,1227.38,success
PAY-01438,ORD-02372,credit_card,2023-12-05,41.69,success
PAY-00730,ORD-00626,google_pay,2024-10-02,860.81,failed
PAY-02520,ORD-01202,paypal,2022-11-08,252.54,success
PAY-02909,ORD-02379,apple_pay,2022-01-25,309.37,pending
PAY-00939,ORD-02241,credit_card,2023-10-17,237.09,pending
PAY-00451,ORD-00050,bank_transfer,2023-08-15,919.75,success
PAY-03078,ORD-00396,credit_card,,3625.24,success
PAY-02178,ORD-02410,bank_transfer,2024-04-28,646.32,success
PAY-03005,ORD-00104,paypal,2023-09-15,119.74,refunded
PAY-02864,ORD-01046,bank_transfer,2023-07-28,4159.05,success
PAY-02658,ORD-01220,bank_transfer,2024-12-16,426.21,success
PAY-01685,ORD-01145,credit_card,2023-08-24,65.7,success
PAY-00869,ORD-00463,credit_card,2024-01-11,2199.15,success
PAY-02727,ORD-02291,google_pay,2024-02-23,413.04,success
PAY-01499,ORD-02133,gift_card,2024-05-28,1598.26,success
PAY-02486,ORD-01036,apple_pay,2022-07-24,146.96,failed
PAY-01506,ORD-00126,bank_transfer,2024-06-02,8.66,success
PAY-01742,ORD-01304,paypal,2022-12-09,2059.52,success
PAY-02231,ORD-00099,bank_transfer,2023-03-12,39.26,success
PAY-01769,ORD-00832,apple_pay,2024-10-14,124.26,success
PAY-01282,ORD-02027,credit_card,2022-12-10,1403.57,success
PAY-01605,ORD-00285,apple_pay,2022-05-04,485.58,success
PAY-01207,ORD-02580,gift_card,2022-09-09,656.9,success
PAY-02736,ORD-01593,apple_pay,2024-08-16,2389.61,success
PAY-01040,ORD-00950,credit_card,2024-06-09,476.48,success
PAY-01840,ORD-01646,debit_card,2024-11-20,878.74,success
PAY-02124,ORD-02740,paypal,2023-10-21,88.68,success
PAY-01054,ORD-00038,bank_transfer,2024-10-08,60.17,success
PAY-02551,ORD-02734,credit_card,2024-03-13,1469.94,success
PAY-02275,ORD-01102,apple_pay,2023-01-26,35.71,success
PAY-01051,ORD-00887,credit_card,2024-04-02,954.27,success
PAY-00643,ORD-01580,debit_card,,1091.74,success
PAY-01652,ORD-01925,paypal,2024-07-31,1284.02,success
PAY-02549,ORD-01263,gift_card,2024-05-15,1253.73,success
PAY-01546,ORD-01701,debit_card,2023-03-15,23.21,success
PAY-00759,ORD-02888,credit_card,2024-04-18,103.2,success
PAY-03010,ORD-02157,debit_card,2024-05-01,584.92,success
PAY-01427,ORD-01083,bank_transfer,2022-08-28,243.58,success
PAY-02011,ORD-02659,credit_card,2024-09-24,847.07,refunded
PAY-00886,ORD-00492,paypal,2024-10-19,232.38,success
PAY-02016,ORD-01360,debit_card,2022-06-11,414.33,failed
PAY-02204,ORD-01445,debit_card,2022-08-19,15.62,success
PAY-00110,ORD-01714,bank_transfer,2023-10-08,43.87,pending
PAY-01533,ORD-02100,credit_card,2023-03-20,426.06,pending
PAY-00192,ORD-01502,gift_card,2022-11-29,27.39,refunded
PAY-01802,ORD-01397,gift_card,2024-12-08,24.66,success
PAY-02335,ORD-02764,credit_card,2024-10-04,374.43,success
PAY-01516,ORD-00842,gift_card,2023-05-31,534.54,success
PAY-00587,ORD-02117,credit_card,2022-04-26,129.41,success
PAY-00245,ORD-00221,credit_card,2022-09-30,1433.01,success
PAY-03081,ORD-01245,apple_pay,2024-07-26,933.71,success
PAY-02813,ORD-01648,bank_transfer,2023-11-27,201.88,success
PAY-01332,ORD-01423,paypal,2024-11-02,83.12,success
PAY-00383,ORD-01696,apple_pay,2022-12-27,468.83,failed
PAY-01004,ORD-00372,apple_pay,2024-01-22,119.8,refunded
PAY-02302,ORD-01685,bank_transfer,2024-12-24,1010.62,refunded
PAY-02524,ORD-02895,bank_transfer,2024-06-10,246.28,failed
PAY-02513,ORD-00210,credit_card,2022-11-20,1820.95,pending
PAY-02431,ORD-00227,debit_card,2023-06-25,1145.05,success
PAY-02089,ORD-01731,credit_card,2022-12-20,804.96,success
PAY-00753,ORD-00856,bank_transfer,2022-04-16,996.96,success
PAY-02686,ORD-01752,credit_card,2023-10-21,1884.98,pending
PAY-02569,ORD-02325,google_pay,2023-03-23,487.17,success
PAY-01594,ORD-01724,debit_card,2024-01-30,180.94,success
PAY-02898,ORD-00844,debit_card,2022-02-26,474.91,refunded
PAY-03112,ORD-00028,google_pay,2022-09-12,2835.63,pending
PAY-02654,ORD-00534,paypal,2024-04-09,782.35,failed
PAY-02690,ORD-02003,gift_card,2024-02-29,386.54,success
PAY-01925,ORD-00923,gift_card,2024-12-19,1850.23,success
PAY-00422,ORD-01636,credit_card,2023-04-10,380.28,success
PAY-00401,ORD-01013,gift_card,,680.11,pending
PAY-00592,ORD-00061,debit_card,2023-12-10,99.53,pending
PAY-00025,ORD-00974,debit_card,2023-06-26,1387.22,refunded
PAY-03032,ORD-01231,gift_card,2022-11-19,614.2,success
PAY-02423,ORD-01055,apple_pay,2022-06-04,368.23,pending
PAY-02238,ORD-02915,credit_card,2024-09-06,705.17,success
PAY-00201,ORD-01295,credit_card,2024-10-03,628.31,success
PAY-02540,ORD-02643,gift_card,2023-10-19,991.97,failed
PAY-02128,ORD-01960,gift_card,2022-05-29,2408.2,success
PAY-01276,ORD-02728,bank_transfer,2024-07-15,493.63,success
PAY-02439,ORD-02150,debit_card,2024-07-03,508.11,failed
PAY-01871,ORD-01998,google_pay,2023-11-04,199.64,success
PAY-00292,ORD-00213,paypal,2022-10-23,1454.98,refunded
PAY-02956,ORD-02983,debit_card,2022-06-06,72.12,success
PAY-02340,ORD-02508,gift_card,2024-02-24,47.34,success
PAY-01261,ORD-00556,paypal,2024-05-16,2490.24,pending
PAY-02131,ORD-02405,credit_card,2023-04-11,305.88,success
PAY-00002,ORD-00956,debit_card,2024-04-07,458.38,failed
PAY-02862,ORD-01870,debit_card,2024-05-09,788.65,pending
PAY-01889,ORD-01988,google_pay,2024-04-12,2632.31,success
PAY-01503,ORD-00180,debit_card,2022-11-27,734.23,refunded
PAY-03044,ORD-02783,credit_card,2022-11-10,280.91,success
PAY-01669,ORD-00671,credit_card,2023-12-29,356.97,failed
PAY-01442,ORD-00004,credit_card,2023-02-06,231.55,pending
PAY-00929,ORD-02050,credit_card,2022-01-02,2021.0,pending
PAY-00699,ORD-00422,bank_transfer,2024-07-08,20.24,refunded
PAY-02280,ORD-02162,bank_transfer,2024-12-16,2053.79,success
PAY-02507,ORD-01621,credit_card,2024-08-21,785.31,refunded
PAY-01543,ORD-00790,bank_transfer,2022-01-16,1811.52,success
PAY-01936,ORD-01001,debit_card,2023-11-14,263.83,success
PAY-01278,ORD-01434,credit_card,2022-11-15,198.05,success
PAY-01707,ORD-00190,debit_card,2023-11-02,1046.9,success
PAY-02755,ORD-01084,credit_card,2024-04-28,891.16,failed
PAY-02875,ORD-01653,debit_card,2023-08-02,691.34,success
PAY-02033,ORD-02650,paypal,2023-01-23,770.8,refunded
PAY-01634,ORD-00827,google_pay,2022-08-01,1898.54,success
PAY-00802,ORD-00145,apple_pay,2022-10-19,841.54,success
PAY-03050,ORD-01898,google_pay,2023-04-04,445.54,failed
PAY-00656,ORD-01096,credit_card,2023-02-04,585.41,success
PAY-01323,ORD-02332,bank_transfer,2024-11-27,2165.85,success
PAY-01945,ORD-00272,apple_pay,2023-04-13,1469.43,success
PAY-00261,ORD-00029,apple_pay,2022-06-23,2415.32,failed
PAY-01823,ORD-02422,debit_card,2022-10-22,18.32,failed
PAY-02086,ORD-01520,debit_card,2023-03-07,1432.05,refunded
PAY-02492,ORD-00321,credit_card,2022-09-06,382.04,success
PAY-02689,ORD-01638,credit_card,2023-05-06,80.47,success
PAY-00845,ORD-02212,gift_card,2023-06-26,324.95,pending
PAY-02815,ORD-01684,debit_card,2023-10-19,1718.61,success
PAY-01873,ORD-01275,credit_card,2022-06-22,482.76,failed
PAY-00974,ORD-01068,credit_card,2022-06-24,571.17,success
PAY-00009,ORD-02053,apple_pay,2024-12-26,317.48,success
PAY-00694,ORD-00788,gift_card,2024-12-12,93.23,pending
PAY-02409,ORD-00828,credit_card,2024-03-21,308.4,success
PAY-01061,ORD-02067,google_pay,2024-01-25,683.36,refunded
PAY-02281,ORD-01864,bank_transfer,2023-06-23,38.42,success
PAY-02181,ORD-00091,debit_card,2023-09-27,430.6,success
PAY-02310,ORD-01039,credit_card,2022-06-20,86.47,success
PAY-01958,ORD-01166,apple_pay,2022-11-13,204.01,refunded
PAY-00166,ORD-01098,bank_transfer,2022-12-04,942.2,success
PAY-02184,ORD-00383,bank_transfer,2022-02-12,1636.61,success
PAY-00947,ORD-01600,debit_card,2022-11-18,166.75,failed
PAY-02701,ORD-00428,bank_transfer,2024-08-16,764.49,refunded
PAY-01242,ORD-00625,paypal,2023-05-09,978.21,success
PAY-00140,ORD-00040,gift_card,2023-10-06,343.21,pending
PAY-01355,ORD-00179,google_pay,2023-02-14,194.82,pending
PAY-01981,ORD-02525,credit_card,2023-03-04,825.78,failed
PAY-01505,ORD-02089,gift_card,2024-06-04,262.44,success
PAY-00932,ORD-02645,debit_card,2023-05-04,619.88,success
PAY-00370,ORD-01952,apple_pay,2024-06-25,83.76,success
PAY-02290,ORD-01657,google_pay,2023-04-08,12.39,success
PAY-02156,ORD-02394,gift_card,2022-06-22,112.5,success
PAY-00859,ORD-01066,paypal,2022-07-30,716.5,success
PAY-00937,ORD-00590,credit_card,2023-04-20,1078.3,success
PAY-02708,ORD-00684,credit_card,2024-11-02,323.74,success
PAY-01015,ORD-02872,apple_pay,2023-08-08,215.98,success
PAY-01471,ORD-02449,credit_card,2022-08-07,485.56,success
PAY-00844,ORD-02952,debit_card,2024-12-06,1015.02,success
PAY-02983,ORD-00182,paypal,,641.84,success
PAY-00521,ORD-01248,bank_transfer,2024-03-28,153.35,success
PAY-00508,ORD-01727,debit_card,2024-06-30,699.44,pending
PAY-00741,ORD-00154,paypal,2024-12-13,118.87,success
PAY-00280,ORD-00143,debit_card,2024-01-18,369.94,failed
PAY-00941,ORD-01462,credit_card,2024-04-05,41.07,failed
PAY-00479,ORD-02666,credit_card,2022-08-12,179.97,success
PAY-02781,ORD-00810,gift_card,2023-03-16,595.6,success
PAY-00219,ORD-01631,google_pay,2022-12-14,1384.02,pending
PAY-00674,ORD-01899,credit_card,2023-06-19,74.35,success
PAY-01617,ORD-00550,debit_card,2023-03-10,129.4,success
PAY-01498,ORD-00908,debit_card,2023-05-31,583.43,failed
PAY-02743,ORD-01440,debit_card,2024-02-24,975.69,success
PAY-01156,ORD-01610,paypal,,238.39,success
PAY-02459,ORD-00134,gift_card,,574.94,success
PAY-02698,ORD-01680,credit_card,2022-07-04,187.19,refunded
PAY-00916,ORD-02442,credit_card,,36.24,success
PAY-02816,ORD-01577,bank_transfer,2023-04-26,1270.41,success
PAY-02919,ORD-02509,credit_card,2024-12-10,504.48,success
PAY-00555,ORD-01401,bank_transfer,2023-06-17,28.16,refunded
PAY-01672,ORD-01217,apple_pay,2022-04-05,435.77,failed
PAY-00186,ORD-01984,bank_transfer,2022-10-27,186.94,success
PAY-00806,ORD-00984,debit_card,2022-08-15,709.52,success
PAY-00304,ORD-01299,paypal,2023-06-22,1697.08,success
PAY-01826,ORD-02842,debit_card,2024-09-29,492.59,success
PAY-02773,ORD-02335,paypal,2023-04-04,96.48,refunded
PAY-01596,ORD-00280,credit_card,2023-01-06,312.01,pending
PAY-02117,ORD-01405,credit_card,2024-04-20,2651.17,failed
PAY-00472,ORD-02088,apple_pay,2024-12-19,68.22,success
PAY-01322,ORD-02332,debit_card,2024-11-28,2728.49,success
PAY-00285,ORD-00480,apple_pay,2023-07-23,1652.45,success
PAY-01585,ORD-00472,credit_card,2023-10-27,282.43,success
PAY-00389,ORD-01873,credit_card,2022-06-23,189.78,success
PAY-02536,ORD-01665,debit_card,2022-09-24,564.96,success
PAY-00419,ORD-02408,bank_transfer,2022-08-30,80.38,refunded
PAY-02829,ORD-02907,debit_card,2023-04-18,151.8,pending
PAY-00293,ORD-01297,apple_pay,2022-06-04,482.17,success
PAY-00987,ORD-02657,paypal,2022-08-08,1574.93,success
PAY-00731,ORD-01513,apple_pay,2022-12-09,336.26,refunded
PAY-01916,ORD-00043,gift_card,2024-12-12,1034.77,success
PAY-00474,ORD-01564,google_pay,2022-03-16,1210.31,success
PAY-01732,ORD-02391,other,2024-04-03,478.37,pending
PAY-01888,ORD-01017,google_pay,2023-05-16,690.05,refunded
PAY-00861,ORD-02682,debit_card,2024-08-20,491.06,pending
PAY-00250,ORD-00791,credit_card,2022-05-25,121.2,failed
PAY-01716,ORD-02871,debit_card,2024-06-30,329.18,failed
PAY-01870,ORD-02629,google_pay,2022-10-19,1248.84,refunded
PAY-00678,ORD-02370,debit_card,2023-06-27,929.07,refunded
PAY-00962,ORD-00792,apple_pay,2023-01-25,304.17,failed
PAY-03088,ORD-02602,google_pay,2022-12-05,446.19,success
PAY-02891,ORD-02457,debit_card,2023-05-06,284.67,pending
PAY-03061,ORD-00064,credit_card,2023-07-18,327.89,pending
PAY-00677,ORD-00256,bank_transfer,2022-11-28,574.24,success
PAY-00502,ORD-02284,google_pay,2024-09-07,920.37,success
PAY-02981,ORD-00527,debit_card,2022-04-03,1379.43,success
PAY-01693,ORD-02001,apple_pay,2024-05-27,282.7,success
PAY-01296,ORD-00785,debit_card,2022-05-29,1168.33,success
PAY-02094,ORD-02188,apple_pay,2023-07-03,495.5,success
PAY-03117,ORD-00520,debit_card,2024-09-09,245.11,success
PAY-00655,ORD-02385,gift_card,2023-10-27,747.55,refunded
PAY-00055,ORD-00441,debit_card,2024-02-27,256.91,refunded
PAY-00896,ORD-01496,credit_card,2023-05-06,135.92,success
PAY-02183,ORD-01337,google_pay,2023-06-24,1770.86,success
PAY-03137,ORD-01354,gift_card,2022-12-09,17.37,refunded
PAY-00820,ORD-02087,debit_card,2024-02-18,19.36,pending
PAY-01022,ORD-01833,credit_card,2022-11-11,4783.08,success
PAY-02688,ORD-01638,N/A,2023-05-05,55.56,success
PAY-02604,ORD-00367,bank_transfer,2024-01-11,944.21,success
PAY-00237,ORD-01528,debit_card,2024-04-23,1847.71,refunded
PAY-03118,ORD-00613,credit_card,,5198.22,failed
PAY-00639,ORD-01669,credit_card,2024-01-21,1134.79,success
PAY-03148,ORD-00737,google_pay,2023-04-21,174.3,success
PAY-02725,ORD-01542,paypal,2023-07-20,414.24,success
PAY-01806,ORD-00786,apple_pay,2023-10-14,1169.45,success
PAY-00724,ORD-01620,bank_transfer,2023-09-10,341.71,success
PAY-00128,ORD-02546,debit_card,2022-10-23,38.78,success
PAY-02836,ORD-00847,debit_card,2022-05-06,424.23,success
PAY-02789,ORD-01804,google_pay,2022-03-02,98.55,success
PAY-00998,ORD-00116,debit_card,2024-06-06,2087.26,success
PAY-00732,ORD-00630,credit_card,2023-08-28,31.22,success
PAY-00013,ORD-01519,credit_card,2024-09-16,159.98,success
PAY-02656,ORD-02766,apple_pay,2024-02-12,421.94,refunded
PAY-00722,ORD-02247,credit_card,2023-01-19,1319.91,pending
PAY-00510,ORD-02518,gift_card,2024-06-19,38.33,success
PAY-00034,ORD-00476,google_pay,2023-08-21,1601.21,pending
PAY-01788,ORD-01820,credit_card,2022-06-23,313.73,success
PAY-03015,ORD-00830,credit_card,2024-01-23,2526.14,failed
PAY-02678,ORD-01479,paypal,2023-01-07,4321.51,success
PAY-00773,ORD-00387,debit_card,2023-10-06,2560.74,success
PAY-01468,ORD-01904,apple_pay,2024-01-05,716.01,pending
PAY-00988,ORD-01994,credit_card,2024-05-20,516.86,success
PAY-00020,ORD-01466,bank_transfer,2024-10-29,1049.67,success
PAY-01709,ORD-02267,apple_pay,2024-07-10,695.82,success
PAY-01080,ORD-00206,debit_card,2023-09-28,858.2,success
PAY-03103,ORD-01136,google_pay,2023-09-26,1837.4,success
PAY-00515,ORD-02858,paypal,2024-06-30,1273.84,success
PAY-02901,ORD-00378,credit_card,2024-05-28,823.8,pending
PAY-02403,ORD-02932,paypal,2022-03-07,1206.95,failed
PAY-01213,ORD-00831,gift_card,2022-01-05,45.9,refunded
PAY-02066,ORD-01461,bank_transfer,2023-01-06,2587.32,success
PAY-02625,ORD-02046,debit_card,2023-04-30,1945.84,refunded
PAY-01741,ORD-02693,debit_card,2022-08-02,774.01,success
PAY-01933,ORD-01920,bank_transfer,2024-05-28,39.2,success
PAY-03014,ORD-01340,google_pay,2023-05-07,665.56,success
PAY-00671,ORD-00456,debit_card,2022-12-01,1214.62,success
PAY-01557,ORD-00789,debit_card,2023-04-02,61.56,failed
PAY-01967,ORD-00678,gift_card,2024-05-02,1694.06,success
PAY-01932,ORD-01876,paypal,2023-02-15,247.86,success
PAY-02163,ORD-01837,credit_card,2022-04-06,1365.05,refunded
PAY-01101,ORD-02961,gift_card,2024-11-30,33.13,success
PAY-01858,ORD-02636,debit_card,2022-12-15,15.2,success
PAY-01225,ORD-02103,credit_card,2023-05-02,3394.33,pending
PAY-01738,ORD-02055,debit_card,2022-10-13,297.9,success
PAY-02772,ORD-00681,paypal,2022-10-03,149.39,refunded
PAY-02200,ORD-02310,debit_card,2024-10-09,1245.45,failed
PAY-00006,ORD-01559,credit_card,2024-03-07,239.62,success
PAY-01963,ORD-00583,credit_card,2022-08-30,1020.93,success
PAY-00023,ORD-02107,bank_transfer,2022-11-19,818.56,success
PAY-01896,ORD-01674,gift_card,2023-08-04,897.24,success
PAY-02171,ORD-01233,bank_transfer,2022-05-10,86.8,success
PAY-00995,ORD-02595,credit_card,2022-06-19,513.08,success
PAY-01628,ORD-00572,apple_pay,,1284.43,success
PAY-00925,ORD-01767,credit_card,2024-03-11,344.12,success
PAY-01650,ORD-00627,bank_transfer,2023-04-17,851.65,success
PAY-01507,ORD-02272,credit_card,2022-02-16,2492.56,success
PAY-00554,ORD-01948,debit_card,2024-07-13,138.21,success
PAY-01524,ORD-00541,credit_card,2022-06-22,426.88,success
PAY-01386,ORD-00158,apple_pay,2023-11-09,2847.31,success
PAY-00986,ORD-02086,credit_card,2022-12-08,2230.7,success
PAY-00716,ORD-02710,gift_card,,241.5,success
PAY-01574,ORD-00418,gift_card,2023-07-16,253.33,pending
PAY-01137,ORD-01460,paypal,2023-01-17,1820.17,success
PAY-02285,ORD-01095,debit_card,2023-01-02,114.27,refunded
PAY-00296,ORD-02243,credit_card,2022-01-04,781.76,success
PAY-00205,ORD-00976,apple_pay,2027-01-13,32.98,pending
PAY-00822,ORD-01860,debit_card,,1022.78,success
PAY-02499,ORD-02123,credit_card,2022-12-16,1245.18,success
PAY-02306,ORD-00420,gift_card,2022-01-29,93.9,success
PAY-00353,ORD-02378,google_pay,2022-01-07,74.15,success
PAY-02609,ORD-02481,bank_transfer,2024-06-28,433.74,failed
PAY-02504,ORD-01437,google_pay,2023-08-14,368.59,failed
PAY-01470,ORD-01121,credit_card,2023-12-05,462.11,success
PAY-01424,ORD-02341,debit_card,2024-10-22,519.46,success
PAY-01518,ORD-00075,paypal,2022-02-14,826.69,failed
PAY-02880,ORD-02145,credit_card,2023-04-14,40.94,success
PAY-00115,ORD-00311,debit_card,2024-03-21,1043.73,success
PAY-02904,ORD-02521,credit_card,2022-08-12,304.44,success
PAY-02009,ORD-00916,gift_card,2024-09-09,43.0,pending
PAY-01875,ORD-02312,gift_card,2024-05-27,724.15,success
PAY-01939,ORD-00864,gift_card,2023-03-10,25.01,failed
PAY-00030,ORD-02295,apple_pay,2023-06-16,152.42,success
PAY-01106,ORD-02674,debit_card,2022-11-02,1803.89,pending
PAY-01085,ORD-00951,paypal,2024-09-14,2574.86,refunded
PAY-01382,ORD-00287,google_pay,2024-10-19,293.85,success
PAY-01239,ORD-02681,bank_transfer,2022-06-01,110.73,success
PAY-00323,ORD-01159,debit_card,2023-03-27,680.91,pending
PAY-00992,ORD-02618,credit_card,2022-03-08,841.22,pending
PAY-01479,ORD-00697,bank_transfer,2022-05-16,747.98,pending
PAY-02013,ORD-00899,paypal,2024-02-13,417.77,success
PAY-02742,ORD-00402,credit_card,2023-08-19,55.45,failed
PAY-02321,ORD-00656,debit_card,2024-08-01,1782.93,success
PAY-00673,ORD-00959,google_pay,2023-09-06,804.24,failed
PAY-00851,ORD-00251,paypal,2024-03-20,411.67,success
PAY-01949,ORD-02462,credit_card,2023-11-25,391.46,success
PAY-00267,ORD-01400,credit_card,2022-01-26,14.98,refunded
PAY-02620,ORD-02473,credit_card,2023-09-20,936.87,success
PAY-01253,ORD-01322,apple_pay,2023-09-07,2510.22,success
PAY-00399,ORD-00669,google_pay,2023-07-21,646.92,success
PAY-01764,ORD-01903,google_pay,2022-11-17,759.88,success
PAY-00613,ORD-00446,gift_card,2024-07-02,679.15,refunded
PAY-02621,ORD-02397,bank_transfer,2023-05-18,84.63,refunded
PAY-02861,ORD-01791,bank_transfer,2023-04-26,194.41,failed
PAY-00278,ORD-02279,gift_card,2022-10-26,2031.96,success
PAY-01721,ORD-00886,bank_transfer,2022-09-14,173.6,refunded
PAY-00327,ORD-00320,bank_transfer,2022-10-23,215.44,success
PAY-02638,ORD-00918,apple_pay,2024-10-30,915.38,success
PAY-00490,ORD-00455,google_pay,2024-01-04,90.32,success
PAY-00905,ORD-00238,bank_transfer,2023-02-01,876.77,success
PAY-01243,ORD-00662,apple_pay,2023-09-04,1853.88,success
PAY-00499,ORD-00112,credit_card,2024-06-03,1685.98,success
PAY-02496,ORD-01578,debit_card,2023-09-26,78.17,pending
PAY-02590,ORD-00947,debit_card,2024-10-22,628.71,success
PAY-01986,ORD-00304,gift_card,2023-11-11,241.83,pending
PAY-02254,ORD-00041,credit_card,2022-06-16,1450.64,refunded
PAY-01657,ORD-01839,credit_card,2022-11-24,494.81,success
PAY-01390,ORD-00253,gift_card,,67.83,failed
PAY-00485,ORD-00735,debit_card,2023-01-10,433.48,success
PAY-01397,ORD-00013,bank_transfer,2023-01-02,142.77,failed
PAY-00936,ORD-02672,gift_card,2024-08-15,56.28,pending
PAY-02922,ORD-00875,gift_card,2022-07-11,519.07,pending
PAY-01975,ORD-02979,credit_card,2024-10-31,49.6,failed
PAY-01994,ORD-01801,debit_card,2023-06-10,41.55,failed
PAY-02024,ORD-01047,google_pay,2024-01-08,267.44,success
PAY-02210,ORD-00897,credit_card,2022-01-09,1654.7,success
PAY-01718,ORD-01532,debit_card,2023-02-05,935.12,success
PAY-02452,ORD-00885,credit_card,2024-03-04,548.94,success
PAY-01163,ORD-01000,paypal,2024-01-18,2200.74,success
PAY-00198,ORD-02235,credit_card,2023-08-19,1552.44,success
PAY-02298,ORD-02514,bank_transfer,2024-08-05,294.21,success
PAY-00785,ORD-02575,debit_card,2023-02-06,2491.6,failed
PAY-01887,ORD-01305,bank_transfer,2024-05-21,882.57,success
PAY-01549,ORD-01335,credit_card,2022-08-21,986.74,refunded
PAY-01305,ORD-02315,debit_card,2023-03-20,1063.14,refunded
PAY-01719,ORD-02563,google_pay,2023-05-20,971.05,refunded
PAY-02516,ORD-01122,debit_card,2024-02-09,174.17,success
PAY-00713,ORD-00080,gift_card,2024-02-29,372.38,failed
PAY-00516,ORD-00408,bank_transfer,2023-02-28,246.06,success
PAY-00918,ORD-01135,google_pay,2023-09-20,561.53,success
PAY-02593,ORD-01561,paypal,2022-03-13,101.16,success
PAY-01562,ORD-02091,debit_card,2024-07-18,2328.48,refunded
PAY-02278,ORD-01235,google_pay,2022-12-09,1189.46,refunded
PAY-01962,ORD-02401,debit_card,2024-02-23,771.38,success
PAY-00990,ORD-01424,google_pay,2024-07-06,1206.02,refunded
PAY-00202,ORD-02042,gift_card,2024-10-30,186.78,pending
PAY-02429,ORD-00358,google_pay,2027-08-22,16.04,success
PAY-00084,ORD-00354,credit_card,2024-02-06,284.84,success
PAY-02006,ORD-00926,credit_card,2023-04-25,1577.25,success
PAY-02475,ORD-00023,debit_card,2022-02-13,64.82,success
PAY-01995,ORD-01801,paypal,2023-06-10,24.54,failed
PAY-01726,ORD-02597,bank_transfer,2024-06-12,39.64,success
PAY-00552,ORD-02138,google_pay,2023-08-17,22.92,refunded
PAY-02667,ORD-02440,google_pay,2024-10-01,726.65,success
PAY-00804,ORD-01747,google_pay,2022-04-02,366.2,success
PAY-02923,ORD-00839,credit_card,2022-01-16,908.19,success
PAY-01419,ORD-02669,google_pay,2023-10-08,430.32,pending
PAY-01847,ORD-01681,apple_pay,2022-05-08,623.93,success
PAY-02564,ORD-01488,credit_card,2022-06-30,998.95,success
PAY-00840,ORD-02703,debit_card,2022-02-22,101.14,refunded
PAY-01944,ORD-00405,bank_transfer,2023-06-30,941.09,failed
PAY-01404,ORD-01792,gift_card,2022-07-03,511.0,refunded
PAY-00381,ORD-01256,gift_card,2022-01-29,871.21,failed
PAY-01696,ORD-00985,gift_card,2024-01-13,260.4,pending
PAY-01982,ORD-02035,paypal,2023-07-28,1091.93,success
PAY-01044,ORD-02762,paypal,2024-04-27,39.66,success
PAY-00473,ORD-00203,credit_card,2023-03-06,31.76,success
PAY-00951,ORD-00437,google_pay,2022-03-07,13.44,success
PAY-00761,ORD-02873,credit_card,2022-03-25,1232.43,success
PAY-01279,ORD-02296,google_pay,2022-09-23,2111.43,success
PAY-01837,ORD-02307,credit_card,2022-11-21,1344.79,success
PAY-01018,ORD-02543,google_pay,2022-09-10,659.59,pending
PAY-01434,ORD-02251,bank_transfer,2023-06-20,552.87,success
PAY-01680,ORD-02592,apple_pay,2023-06-22,1327.15,failed
PAY-00315,ORD-00825,debit_card,2023-02-11,255.49,success
PAY-03006,ORD-02268,credit_card,2024-04-14,127.21,pending
PAY-01961,ORD-01705,credit_card,2023-11-21,2751.99,success
PAY-02682,ORD-02000,bank_transfer,2024-09-15,413.51,success
PAY-02396,ORD-02313,gift_card,2023-01-13,112.11,success
PAY-00547,ORD-01788,apple_pay,2024-05-28,1786.56,pending
PAY-01670,ORD-02140,bank_transfer,2024-07-26,215.86,success
PAY-00169,ORD-01250,bank_transfer,2024-11-23,484.89,pending
PAY-00133,ORD-00139,credit_card,2022-08-18,1421.94,success
PAY-01780,ORD-01131,debit_card,2024-02-22,1955.82,failed
PAY-00298,ORD-00955,gift_card,2022-07-20,103.71,pending
PAY-02944,ORD-01079,bank_transfer,2024-02-02,266.22,failed
PAY-00911,ORD-01654,debit_card,2024-02-16,120.68,success
PAY-02929,ORD-01253,debit_card,2023-03-30,954.18,refunded
PAY-01872,ORD-01796,debit_card,,3467.39,pending
PAY-01145,ORD-01237,google_pay,2024-10-29,318.37,refunded
PAY-00600,ORD-01806,bank_transfer,2024-04-30,91.2,success
PAY-02190,ORD-00670,gift_card,2023-12-01,286.64,success
PAY-00340,ORD-01574,credit_card,2022-05-23,160.82,success
PAY-01335,ORD-01529,credit_card,2023-05-20,1608.64,success
PAY-01619,ORD-01158,apple_pay,2023-11-25,57.72,pending
PAY-02257,ORD-00757,paypal,2023-05-04,1076.54,pending
PAY-00430,ORD-00505,credit_card,2024-08-08,63.81,success
PAY-00856,ORD-01446,credit_card,2023-03-31,96.1,success
PAY-02566,ORD-00649,apple_pay,2022-11-02,1238.2,refunded
PAY-01336,ORD-02021,gift_card,2023-03-07,1534.57,success
PAY-03026,ORD-00801,debit_card,2023-01-20,1056.62,failed
PAY-01089,ORD-02366,credit_card,2022-05-21,54.78,failed
PAY-02268,ORD-01439,paypal,2023-01-17,1209.63,failed
PAY-03108,ORD-02371,bank_transfer,2023-10-15,398.42,success
PAY-02753,ORD-01393,debit_card,2025-08-29,28.57,success
PAY-02308,ORD-02617,apple_pay,2022-11-27,674.68,refunded
PAY-01970,ORD-01456,credit_card,2024-01-28,9271.32,success
PAY-00414,ORD-00432,paypal,2023-04-12,112.79,pending
PAY-02608,ORD-00076,credit_card,2023-05-21,70.34,success
PAY-01960,ORD-00636,debit_card,2024-05-20,914.85,failed
PAY-00946,ORD-02811,debit_card,2022-12-04,148.59,success
PAY-01142,ORD-02171,bank_transfer,2022-04-18,597.76,refunded
PAY-02162,ORD-02726,debit_card,2022-12-20,910.81,success
PAY-00288,ORD-00731,gift_card,2022-10-16,17.05,success
PAY-00712,ORD-01425,bank_transfer,2023-07-22,86.29,success
PAY-01303,ORD-02499,credit_card,2024-01-17,1879.96,success
PAY-03054,ORD-00667,debit_card,2023-07-30,49.46,failed
PAY-03067,ORD-02792,paypal,2023-10-24,937.36,success
PAY-02293,ORD-00271,paypal,2022-09-23,435.09,pending
PAY-00221,ORD-01516,credit_card,2022-10-14,1158.76,success
PAY-00114,ORD-02337,credit_card,2022-04-22,2357.75,success
PAY-02937,ORD-00335,credit_card,2022-03-17,1595.58,pending
PAY-02332,ORD-02737,paypal,2023-03-08,89.66,refunded
PAY-02851,ORD-00879,credit_card,2023-04-18,2845.1,success
PAY-02832,ORD-00895,gift_card,2024-05-05,533.33,pending
PAY-01012,ORD-02938,credit_card,2024-07-06,121.92,failed
PAY-02040,ORD-00740,debit_card,2024-10-13,1129.11,success
PAY-01217,ORD-01301,credit_card,2022-03-03,584.15,success
PAY-00453,ORD-02126,debit_card,2024-09-07,1130.21,success
PAY-00437,ORD-01735,gift_card,2027-09-02,362.59,success
PAY-00151,ORD-02813,google_pay,2022-11-12,1447.62,pending
PAY-01644,ORD-02433,apple_pay,2023-10-31,735.39,refunded
PAY-01584,ORD-02772,bank_transfer,2022-12-10,1844.05,failed
PAY-00081,ORD-01710,credit_card,2024-01-01,17.14,success
PAY-02344,ORD-00862,gift_card,2023-08-23,253.57,pending
PAY-02830,ORD-02820,credit_card,2024-02-18,1057.04,success
PAY-02113,ORD-02262,credit_card,2022-09-19,5245.37,failed
PAY-02799,ORD-00496,credit_card,2024-01-08,1548.52,success
PAY-02548,ORD-00393,credit_card,2024-09-06,16.22,success
PAY-02214,ORD-02532,debit_card,2024-04-08,1200.36,refunded
PAY-01441,ORD-00824,credit_card,2022-03-07,300.07,refunded
PAY-01568,ORD-01067,apple_pay,2022-07-21,66.82,pending
PAY-00087,ORD-00047,credit_card,2024-08-28,709.44,pending
PAY-01376,ORD-02377,apple_pay,2022-07-22,617.91,success
PAY-00093,ORD-01417,debit_card,2024-05-28,215.22,success
PAY-01517,ORD-00753,apple_pay,2024-07-17,41.38,failed
PAY-01756,ORD-01900,bank_transfer,2027-03-18,111.99,success
PAY-02948,ORD-01970,credit_card,2023-03-20,3144.71,success
PAY-00702,ORD-01715,credit_card,2024-05-06,1262.14,success
PAY-02612,ORD-01025,bank_transfer,2022-05-07,158.05,success
PAY-02251,ORD-01851,credit_card,2024-03-08,477.06,success
PAY-02108,ORD-02500,credit_card,2022-05-31,10.6,pending
PAY-01160,ORD-01314,credit_card,2022-05-06,47.42,success
PAY-00649,ORD-01327,credit_card,2022-01-10,557.97,refunded
PAY-00542,ORD-01203,gift_card,2022-11-08,63.73,refunded
PAY-01729,ORD-00922,bank_transfer,2022-12-03,1017.57,failed
PAY-01766,ORD-00068,credit_card,2022-05-11,2581.89,failed
PAY-01063,ORD-01977,credit_card,2023-02-08,580.2,success
PAY-00127,ORD-01431,paypal,2022-02-16,8.55,failed
PAY-02652,ORD-00822,bank_transfer,2024-08-03,43.14,success
PAY-02388,ORD-00601,apple_pay,2022-09-04,1483.64,refunded
PAY-01790,ORD-00718,credit_card,2022-06-01,310.52,refunded
PAY-03131,ORD-02110,debit_card,2024-05-27,1401.21,failed
PAY-01288,ORD-01720,credit_card,2023-09-10,1259.22,refunded
PAY-02972,ORD-02725,apple_pay,2024-08-29,145.94,failed
PAY-01734,ORD-01260,credit_card,2022-09-03,227.75,failed
PAY-02902,ORD-00117,google_pay,2023-05-17,584.52,pending
PAY-02375,ORD-01979,apple_pay,2024-11-27,21.49,failed
PAY-02595,ORD-01861,credit_card,2023-10-26,487.31,pending
PAY-00118,ORD-00448,google_pay,2022-12-03,553.04,refunded
PAY-00874,ORD-01213,credit_card,2024-10-28,195.36,refunded
PAY-00397,ORD-00994,google_pay,2023-06-11,264.04,refunded
PAY-01115,ORD-01629,debit_card,2022-09-06,576.88,success
PAY-01383,ORD-01823,credit_card,2024-10-13,559.07,success
PAY-01454,ORD-02695,debit_card,2023-06-04,409.85,success
PAY-02109,ORD-00163,credit_card,2022-07-23,1678.41,failed
PAY-02265,ORD-02633,credit_card,2023-06-04,181.41,refunded
PAY-01091,ORD-00953,paypal,2023-10-16,229.43,success
PAY-00432,ORD-00438,debit_card,2024-07-16,1504.96,pending
PAY-02032,ORD-02650,google_pay,2023-01-23,1406.35,pending
PAY-00842,ORD-00660,gift_card,2022-05-13,299.91,failed
PAY-02670,ORD-02951,apple_pay,2022-08-01,21.11,success
PAY-01984,ORD-02406,apple_pay,2024-10-21,249.55,success
PAY-00807,ORD-01726,credit_card,2024-03-03,1170.52,success
PAY-01473,ORD-00459,apple_pay,2023-06-29,410.49,success
PAY-01876,ORD-00594,debit_card,2023-06-28,25.34,success
PAY-00008,ORD-01607,gift_card,2023-02-10,34.4,refunded
PAY-00341,ORD-00940,bank_transfer,2023-10-20,177.92,refunded
PAY-01073,ORD-01108,bank_transfer,2024-10-06,12.54,success
PAY-01739,ORD-00348,credit_card,2023-07-15,730.19,failed
PAY-02559,ORD-02999,credit_card,2024-03-10,288.7,success
PAY-02677,ORD-02290,credit_card,2022-10-10,1794.0,success
PAY-01703,ORD-00382,paypal,,83.57,success
PAY-00387,ORD-00552,paypal,2023-10-18,399.88,success
PAY-02506,ORD-02019,UNKNOWN,2022-08-26,1666.38,success
PAY-01287,ORD-02797,credit_card,2024-11-13,321.41,success
PAY-00906,ORD-01740,paypal,2023-07-25,558.92,success
PAY-03036,ORD-00523,debit_card,2023-08-07,2382.69,success
PAY-00284,ORD-01214,apple_pay,2024-12-03,498.96,success
PAY-00529,ORD-00468,debit_card,2023-12-04,98.98,success
PAY-00976,ORD-02010,debit_card,2022-10-18,949.4,refunded
PAY-02522,ORD-01551,credit_card,2022-10-11,418.96,success
PAY-02508,ORD-02905,apple_pay,2023-02-17,3074.99,success
PAY-01983,ORD-01509,debit_card,2024-02-05,351.64,failed
PAY-00583,ORD-02240,debit_card,2024-10-26,190.18,pending
PAY-02303,ORD-02041,credit_card,2023-05-18,860.2,pending
PAY-01581,ORD-00553,credit_card,2023-09-13,1173.05,success
PAY-01311,ORD-02040,paypal,2023-03-30,59.61,success
PAY-01733,ORD-00433,gift_card,2024-03-21,16.63,success
PAY-01232,ORD-00802,paypal,2023-03-16,15.75,success
PAY-02762,ORD-02787,apple_pay,2022-01-23,1085.71,success
PAY-02931,ORD-02448,apple_pay,2024-10-23,274.32,success
PAY-01420,ORD-01597,credit_card,2023-03-27,2656.56,pending
PAY-01616,ORD-02755,credit_card,2023-06-01,362.6,success
PAY-02691,ORD-00727,bank_transfer,2022-06-15,502.73,failed
PAY-02330,ORD-01927,credit_card,2025-07-05,161.82,refunded
PAY-00083,ORD-02199,apple_pay,2023-07-15,220.56,success
PAY-01331,ORD-01423,google_pay,2024-11-03,188.63,success
PAY-02811,ORD-02801,bank_transfer,2023-09-11,3634.9,refunded
PAY-00343,ORD-02914,bank_transfer,2024-06-21,1177.46,failed
PAY-00119,ORD-00808,bank_transfer,2024-06-17,865.7,failed
PAY-02527,ORD-01406,gift_card,2024-07-28,1461.37,success
PAY-01822,ORD-00966,credit_card,2024-07-21,42.67,success
PAY-02000,ORD-01177,google_pay,2022-09-29,2778.83,success
PAY-01066,ORD-00713,apple_pay,2022-11-04,571.76,failed
PAY-02410,ORD-02649,gift_card,2024-06-28,400.9,pending
PAY-02004,ORD-02660,bank_transfer,2024-11-14,162.22,success
PAY-02051,ORD-00487,credit_card,2023-07-08,775.04,failed
PAY-00544,ORD-00551,apple_pay,,216.7,pending
PAY-00523,ORD-02450,paypal,2022-02-28,628.4,pending
PAY-02618,ORD-00357,paypal,2023-02-15,755.29,success
PAY-00478,ORD-00635,google_pay,2023-11-07,174.73,pending
PAY-00783,ORD-02574,debit_card,2023-09-16,1430.51,success
PAY-01761,ORD-02022,debit_card,2023-02-21,2976.44,refunded
PAY-02685,ORD-02129,credit_card,2024-06-08,599.7,failed
PAY-01031,ORD-00817,bank_transfer,2022-07-12,620.48,pending
PAY-02833,ORD-02152,credit_card,2024-07-08,1960.35,success
PAY-01598,ORD-01291,gift_card,2022-02-07,429.35,failed
PAY-03071,ORD-00889,debit_card,2022-05-10,1729.71,pending
PAY-02272,ORD-00044,credit_card,2023-08-26,575.54,failed
PAY-01845,ORD-01255,debit_card,2022-08-08,370.35,pending
PAY-00455,ORD-02779,credit_card,2024-05-20,1094.09,success
PAY-01722,ORD-00928,credit_card,2023-02-10,902.21,refunded
PAY-02262,ORD-02343,bank_transfer,2023-10-08,1082.42,success
PAY-00434,ORD-01412,bank_transfer,2023-07-11,464.23,success
PAY-00149,ORD-01719,google_pay,2022-12-03,404.5,success
PAY-02666,ORD-00299,paypal,2022-12-25,730.24,success
PAY-00557,ORD-01191,gift_card,2024-03-07,352.75,failed
PAY-01036,ORD-02136,credit_card,2024-10-09,47.03,failed
PAY-01504,ORD-00310,credit_card,2024-03-29,41.37,success
PAY-00982,ORD-00683,debit_card,2022-02-26,66.74,success
PAY-02735,ORD-00963,credit_card,2022-11-26,904.58,refunded
PAY-00385,ORD-00771,credit_card,2024-01-19,198.77,failed
PAY-02436,ORD-02608,gift_card,2022-04-19,451.77,success
PAY-01906,ORD-00303,apple_pay,2024-02-23,1257.11,success
PAY-01951,ORD-01474,credit_card,2024-07-24,1218.32,success
PAY-01138,ORD-02794,bank_transfer,2024-02-11,2193.93,success
PAY-00116,ORD-01395,debit_card,2022-02-06,269.19,success
PAY-00763,ORD-02795,credit_card,2022-06-07,57.96,refunded
PAY-01347,ORD-02989,google_pay,2024-07-22,16.22,success
PAY-02579,ORD-01877,debit_card,2023-03-08,755.68,pending
PAY-00329,ORD-02735,debit_card,2023-03-13,807.05,success
PAY-00686,ORD-01499,apple_pay,2023-12-08,951.89,success
PAY-02635,ORD-01370,apple_pay,2023-02-09,169.07,pending
PAY-02843,ORD-01082,debit_card,2023-06-30,314.38,success
PAY-01891,ORD-00414,credit_card,2022-11-23,88.17,failed
PAY-02660,ORD-02244,paypal,2024-02-28,272.46,failed
PAY-01489,ORD-00170,bank_transfer,2023-09-16,57.54,success
PAY-00577,ORD-02178,gift_card,2023-07-11,539.07,success
PAY-02848,ORD-00686,apple_pay,2024-01-22,308.09,success
PAY-02632,ORD-00001,debit_card,2023-10-06,1189.78,success
PAY-00862,ORD-01373,debit_card,2024-10-06,1543.08,success
PAY-02887,ORD-02224,google_pay,2024-09-03,1338.27,failed
PAY-00733,ORD-02949,debit_card,2024-03-11,160.88,pending
PAY-00286,ORD-00628,credit_card,2022-12-04,215.17,failed
PAY-01064,ORD-01977,credit_card,2023-02-09,400.91,success
PAY-01161,ORD-02966,credit_card,2024-10-07,1435.47,success
PAY-02012,ORD-01590,apple_pay,2022-05-18,222.9,success
PAY-00251,ORD-02079,paypal,2024-10-03,219.85,success
PAY-02842,ORD-02281,debit_card,2023-08-28,1210.34,refunded
PAY-00960,ORD-01270,bank_transfer,,833.35,success
PAY-00440,ORD-00375,debit_card,2024-06-08,834.64,success
PAY-01352,ORD-02404,credit_card,2024-07-20,580.39,success
PAY-01457,ORD-02002,debit_card,2027-08-19,328.8,success
PAY-03085,ORD-02424,credit_card,2022-01-08,136.09,failed
PAY-00204,ORD-02605,bank_transfer,2024-05-23,36.42,success
PAY-02495,ORD-01063,???,2023-09-15,455.48,pending
PAY-03016,ORD-01319,bank_transfer,2024-02-15,71.47,success
PAY-00726,ORD-02950,credit_card,2023-04-23,42.45,pending
PAY-01660,ORD-02814,gift_card,2022-08-25,301.3,success
PAY-00024,ORD-01922,credit_card,2022-10-23,119.98,success
PAY-00213,ORD-01697,bank_transfer,2024-12-13,757.47,success
PAY-00999,ORD-00990,paypal,2022-08-27,2948.84,pending
PAY-02187,ORD-00598,google_pay,2024-12-19,106.02,success
PAY-01130,ORD-00872,credit_card,2022-10-12,1919.0,success
PAY-00746,ORD-00945,gift_card,2023-06-04,786.99,success
PAY-01508,ORD-02273,bank_transfer,2022-07-11,1709.6,refunded
PAY-00426,ORD-01596,bank_transfer,2022-04-30,107.17,success
PAY-02859,ORD-02985,debit_card,2024-04-08,129.41,refunded
PAY-00963,ORD-00149,bank_transfer,2022-11-23,28.05,refunded
PAY-00439,ORD-00576,other,2022-06-28,620.02,failed
PAY-01988,ORD-02458,credit_card,2023-05-03,1556.96,success
PAY-03080,ORD-00185,credit_card,2023-06-19,47.04,success
PAY-02700,ORD-00855,credit_card,2022-07-28,563.49,pending
PAY-02545,ORD-02956,gift_card,2023-05-02,362.65,failed
PAY-01318,ORD-02579,credit_card,2022-07-30,46.76,success
PAY-00575,ORD-01338,google_pay,2024-01-03,157.15,success
PAY-00196,ORD-01967,credit_card,2026-08-01,876.07,refunded
PAY-01399,ORD-00092,apple_pay,2025-10-30,132.87,success
PAY-02177,ORD-00322,debit_card,2024-09-05,1196.21,failed
PAY-02132,ORD-00270,gift_card,2024-01-04,31.96,refunded
PAY-01830,ORD-02964,gift_card,2024-02-06,296.0,success
PAY-01421,ORD-01755,debit_card,2024-09-14,213.86,failed
PAY-02480,ORD-01494,gift_card,2022-01-23,388.94,success
PAY-02136,ORD-02213,google_pay,2022-12-13,1220.9,success
PAY-00970,ORD-00593,credit_card,2022-01-10,122.24,success
PAY-02144,ORD-00596,google_pay,2024-11-10,2696.7,success
PAY-00727,ORD-01454,debit_card,2022-07-24,876.3,success
PAY-01495,ORD-00205,apple_pay,2022-02-05,50.96,pending
PAY-03116,ORD-00520,google_pay,2024-09-09,203.75,success
PAY-01913,ORD-02912,bank_transfer,2023-02-07,961.95,success
PAY-00244,ORD-00977,credit_card,2022-04-13,3620.59,success
PAY-01745,ORD-00484,google_pay,2022-08-19,472.75,success
PAY-02693,ORD-02361,gift_card,2024-04-10,244.94,success
PAY-00687,ORD-01377,debit_card,2022-02-20,300.1,success
PAY-00348,ORD-01312,google_pay,2024-12-23,545.31,success
PAY-00866,ORD-01302,bank_transfer,2022-06-17,84.99,success
PAY-02585,ORD-02393,credit_card,2023-04-23,507.94,success
PAY-02560,ORD-01492,debit_card,2022-02-18,1974.8,success
PAY-02647,ORD-01664,paypal,,984.75,pending
PAY-02325,ORD-02658,credit_card,2022-09-18,259.55,success
PAY-02159,ORD-02547,credit_card,2022-04-06,3224.91,pending
PAY-00425,ORD-02692,credit_card,2023-01-15,743.27,refunded
PAY-01539,ORD-01766,paypal,2024-10-08,519.08,success
PAY-01737,ORD-02364,google_pay,2024-06-15,626.83,success
PAY-02091,ORD-01271,debit_card,2023-05-04,137.05,success
PAY-03136,ORD-00816,debit_card,2023-10-19,904.96,refunded
PAY-02277,ORD-02848,debit_card,2022-06-12,1181.83,refunded
PAY-00402,ORD-01140,credit_card,2022-10-11,108.21,failed
PAY-00616,ORD-00224,credit_card,2024-04-10,2142.21,pending
PAY-00359,ORD-00262,credit_card,2022-06-05,145.76,success
PAY-01592,ORD-01005,credit_card,2022-02-20,887.47,refunded
PAY-00045,ORD-00157,credit_card,2024-12-11,2361.89,success
PAY-00070,ORD-02334,debit_card,2023-09-16,273.9,success
PAY-03100,ORD-00308,paypal,2024-07-11,120.25,failed
PAY-01801,ORD-00497,bank_transfer,2023-06-10,200.61,pending
PAY-01536,ORD-02561,paypal,2024-04-01,13.91,success
PAY-00168,ORD-01758,credit_card,2022-10-29,105.0,success
PAY-02535,ORD-02083,debit_card,2022-10-15,29.97,failed
PAY-02015,ORD-00313,paypal,2022-05-19,127.03,failed
PAY-01453,ORD-01004,credit_card,2023-08-31,34.15,success
PAY-01177,ORD-00194,paypal,2024-06-04,49.93,success
PAY-02933,ORD-00584,credit_card,2022-09-06,75.28,pending
PAY-01942,ORD-01155,google_pay,2024-06-06,1630.3,refunded
PAY-02299,ORD-00037,bank_transfer,2022-10-17,648.19,failed
PAY-01077,ORD-02782,google_pay,2023-12-08,522.35,success
PAY-02542,ORD-00019,credit_card,2024-11-08,1061.4,success
PAY-01014,ORD-02333,bank_transfer,2023-12-19,34.38,success
PAY-01808,ORD-02441,credit_card,2022-10-12,817.39,success
PAY-00313,ORD-02232,paypal,2023-12-20,2114.73,success
PAY-01341,ORD-01809,debit_card,2024-05-19,310.02,success
PAY-02307,ORD-01219,debit_card,2024-07-04,575.45,success
PAY-02582,ORD-02717,debit_card,2024-03-28,950.57,pending
PAY-02796,ORD-02063,credit_card,2022-02-02,2204.22,success
PAY-02703,ORD-02351,apple_pay,2022-03-17,1132.6,success
PAY-00268,ORD-01875,google_pay,2022-03-11,568.81,success
PAY-00404,ORD-00717,gift_card,2022-05-19,234.25,success
PAY-03091,ORD-02846,credit_card,2023-12-08,26.38,success
PAY-02826,ORD-01884,debit_card,2024-01-25,365.81,failed
PAY-00050,ORD-01099,gift_card,2022-11-12,33.02,success
PAY-01298,ORD-02611,google_pay,2022-01-16,1724.13,failed
PAY-00562,ORD-00330,gift_card,2023-09-21,156.3,failed
PAY-02637,ORD-02498,credit_card,2024-06-02,900.73,success
PAY-01182,ORD-00911,paypal,2024-07-11,39.49,refunded
PAY-03013,ORD-00479,paypal,2024-03-19,44.98,success
PAY-01542,ORD-01151,credit_card,2023-07-08,2229.74,success
PAY-01455,ORD-02506,credit_card,2024-03-04,535.07,refunded
PAY-01174,ORD-01307,debit_card,2023-10-15,1009.47,success
PAY-02546,ORD-02729,google_pay,2023-06-15,334.95,success
PAY-01674,ORD-02219,credit_card,2022-01-07,449.13,success
PAY-02619,ORD-00053,gift_card,2024-12-08,654.19,success
PAY-00813,ORD-02957,apple_pay,2024-10-28,1098.88,pending
PAY-03130,ORD-01115,debit_card,2024-03-24,1023.24,success
PAY-02329,ORD-01369,credit_card,2024-12-19,36.28,success
PAY-01188,ORD-01869,credit_card,2022-06-16,336.22,success
PAY-01020,ORD-02439,google_pay,2022-02-14,1446.76,success
PAY-01765,ORD-02459,debit_card,2023-04-30,640.04,failed
PAY-02154,ORD-02962,credit_card,2024-08-12,337.85,success
PAY-01260,ORD-02603,credit_card,2024-12-04,255.42,success
PAY-01462,ORD-01517,credit_card,2022-11-14,109.75,success
PAY-01662,ORD-01953,google_pay,2023-02-14,630.77,refunded
PAY-02130,ORD-00728,gift_card,2024-02-18,1233.11,pending
PAY-00818,ORD-01805,paypal,2023-01-23,1484.14,success
PAY-01828,ORD-02014,paypal,2024-02-16,86.46,pending
PAY-01818,ORD-00325,apple_pay,2024-03-06,21.64,success
PAY-01237,ORD-02031,google_pay,2023-02-13,82.36,success
PAY-00811,ORD-02105,paypal,2023-08-10,25.98,success
PAY-00412,ORD-00653,paypal,2024-04-12,2434.3,pending
PAY-01144,ORD-01170,paypal,2022-11-24,749.13,success
PAY-02965,ORD-00296,credit_card,2023-02-12,537.93,success
PAY-02996,ORD-02160,credit_card,2022-01-29,43.88,success
PAY-00871,ORD-01472,debit_card,2023-12-07,789.2,success
PAY-01098,ORD-01109,debit_card,2024-09-08,274.12,pending
PAY-02471,ORD-01632,gift_card,2023-01-06,361.61,success
PAY-01724,ORD-00845,credit_card,2022-07-05,353.01,failed
PAY-00558,ORD-01191,google_pay,2024-03-06,484.47,failed
PAY-00950,ORD-02218,debit_card,2022-10-18,476.39,success
PAY-00122,ORD-02057,credit_card,2022-04-03,153.49,success
PAY-02908,ORD-01847,gift_card,2024-05-05,420.12,refunded
PAY-03143,ORD-00616,bank_transfer,2024-05-09,1010.54,success
PAY-01620,ORD-01138,gift_card,2023-03-29,1324.3,success
PAY-01908,ORD-00314,bank_transfer,2022-03-29,73.6,refunded
PAY-02056,ORD-00591,credit_card,2023-09-01,1391.12,success
PAY-02792,ORD-02807,credit_card,2022-10-20,426.98,failed
PAY-02227,ORD-01889,credit_card,2023-11-23,416.9,success
PAY-01008,ORD-00427,bank_transfer,2024-01-09,901.77,success
PAY-01373,ORD-01999,paypal,2024-11-09,336.16,success
PAY-02230,ORD-00819,gift_card,2024-11-15,120.6,refunded
PAY-01777,ORD-00161,credit_card,2023-06-30,137.22,success
PAY-01033,ORD-00679,credit_card,2023-11-17,133.74,success
PAY-02823,ORD-01048,credit_card,2022-01-27,1407.3,pending
PAY-02494,ORD-01086,credit_card,2022-10-19,790.38,success
PAY-02497,ORD-01587,debit_card,2022-10-18,83.09,pending
PAY-00841,ORD-02673,apple_pay,2023-10-10,402.37,success
PAY-02292,ORD-02865,credit_card,2024-03-06,6278.43,success
PAY-00176,ORD-00451,debit_card,2024-10-10,98.62,success
PAY-01861,ORD-00440,credit_card,2022-03-27,132.18,failed
PAY-01344,ORD-00413,google_pay,2022-04-14,893.36,success
PAY-00696,ORD-00394,credit_card,2023-10-29,349.89,success
PAY-02343,ORD-01399,paypal,2023-12-21,394.94,success
PAY-03020,ORD-01211,bank_transfer,2022-08-04,247.56,refunded
PAY-02807,ORD-00664,debit_card,2022-03-27,277.54,refunded
PAY-02421,ORD-01288,credit_card,2024-03-27,1636.08,success
PAY-01391,ORD-00253,google_pay,2023-03-22,42.51,failed
PAY-00406,ORD-00439,apple_pay,2023-12-04,769.53,refunded
PAY-00227,ORD-02323,apple_pay,2022-08-09,192.89,success
PAY-01024,ORD-01296,debit_card,2022-04-19,684.26,success
PAY-01194,ORD-00435,credit_card,2024-11-01,796.8,success
PAY-02240,ORD-01334,credit_card,2024-07-10,214.71,refunded
PAY-02942,ORD-00016,bank_transfer,2022-08-19,215.71,pending
PAY-01433,ORD-01885,debit_card,2022-06-16,69.19,refunded
PAY-02046,ORD-02431,debit_card,2024-07-06,1456.38,refunded
PAY-02876,ORD-02097,google_pay,2023-04-28,1458.24,pending
PAY-03129,ORD-01522,debit_card,2024-06-09,850.32,failed
PAY-02800,ORD-00521,gift_card,2022-07-27,687.2,success
PAY-03035,ORD-01709,apple_pay,2024-05-31,78.4,success
PAY-01204,ORD-00022,credit_card,2023-02-27,395.13,success
PAY-01720,ORD-02297,debit_card,2023-03-20,1290.53,pending
PAY-00311,ORD-02847,credit_card,2024-11-20,829.75,pending
PAY-00708,ORD-01647,debit_card,2022-02-15,732.8,refunded
PAY-00718,ORD-02111,debit_card,2022-11-17,48.81,refunded
PAY-02315,ORD-00450,gift_card,2022-12-28,440.92,success
PAY-02644,ORD-00113,google_pay,2024-07-30,123.39,success
PAY-01459,ORD-01026,paypal,2022-07-15,2601.98,failed
PAY-02465,ORD-00971,credit_card,2023-01-15,2402.55,refunded
PAY-02709,ORD-01057,debit_card,,89.11,success
PAY-00589,ORD-00312,gift_card,2022-03-18,1435.59,pending
PAY-02915,ORD-01485,debit_card,2026-01-17,295.42,success
PAY-03072,ORD-00380,google_pay,2023-11-01,1503.27,refunded
PAY-01643,ORD-02316,credit_card,2024-12-03,1133.11,success
PAY-00004,ORD-02193,credit_card,2023-01-21,10147.25,success
PAY-03069,ORD-02551,google_pay,2024-03-03,427.56,success
PAY-02276,ORD-02931,google_pay,2024-01-15,730.48,failed
PAY-02139,ORD-01056,bank_transfer,,219.77,success
PAY-02841,ORD-00168,N/A,2023-07-19,219.43,failed
PAY-00945,ORD-02070,debit_card,2024-11-18,266.74,refunded
PAY-00320,ORD-02825,paypal,2023-02-27,1622.67,refunded
PAY-01152,ORD-01863,gift_card,2022-10-13,1657.73,success
PAY-01989,ORD-01054,paypal,2022-12-01,303.8,success
PAY-00495,ORD-01381,debit_card,2022-04-17,2004.95,pending
PAY-01259,ORD-02603,gift_card,2024-12-04,145.0,refunded
PAY-02850,ORD-00482,gift_card,2022-04-24,557.64,pending
PAY-01003,ORD-00555,debit_card,2024-03-28,392.29,success
PAY-00567,ORD-01812,gift_card,2023-09-18,28.46,refunded
PAY-00302,ORD-02988,credit_card,2023-07-17,437.02,failed
PAY-00534,ORD-02360,gift_card,2024-08-17,321.21,success
PAY-02392,ORD-01944,credit_card,2022-10-20,387.61,success
PAY-01411,ORD-00370,bank_transfer,2023-10-29,251.57,refunded
PAY-02853,ORD-02936,credit_card,2022-07-19,528.09,pending
PAY-00772,ORD-01386,credit_card,2024-07-03,20.22,success
PAY-03028,ORD-00589,gift_card,2023-06-29,606.52,failed
PAY-02994,ORD-02093,apple_pay,2023-10-13,545.72,success
PAY-01519,ORD-02023,google_pay,2022-07-03,53.79,pending
PAY-02218,ORD-02900,google_pay,2022-05-07,245.96,success
PAY-02367,ORD-01075,gift_card,2024-08-27,1179.87,refunded
PAY-00944,ORD-00503,debit_card,2024-08-21,550.81,pending
PAY-00539,ORD-01506,bank_transfer,2024-09-13,290.11,success
PAY-02722,ORD-02828,paypal,2024-07-31,217.71,refunded
PAY-00290,ORD-01306,debit_card,2023-10-07,420.4,success
PAY-00360,ORD-01473,paypal,2024-12-16,1054.17,success
PAY-02577,ORD-02534,bank_transfer,2022-06-12,35.79,success
PAY-01653,ORD-00914,credit_card,2023-12-15,189.95,success
PAY-02411,ORD-01769,paypal,2024-03-31,673.63,success
PAY-00914,ORD-01106,credit_card,2022-07-22,238.81,refunded
PAY-00754,ORD-02095,bank_transfer,2022-09-02,1442.68,success
PAY-02913,ORD-00931,credit_card,2022-12-09,1999.83,failed
PAY-03041,ORD-02065,debit_card,2024-07-13,326.02,success
PAY-01636,ORD-00896,gift_card,2024-11-23,187.26,success
PAY-02603,ORD-01404,credit_card,2023-09-29,627.89,success
PAY-00471,ORD-01353,credit_card,2023-06-06,521.25,pending
PAY-01333,ORD-02355,bank_transfer,2022-11-18,309.35,success
PAY-02581,ORD-02610,google_pay,2024-03-25,99.84,refunded
PAY-01183,ORD-01644,paypal,2023-05-27,136.88,failed
PAY-01785,ORD-02981,credit_card,2022-10-18,137.14,refunded
PAY-00749,ORD-02436,credit_card,2022-08-23,1315.97,success
PAY-00513,ORD-00059,paypal,2024-06-17,1212.25,success
PAY-03147,ORD-00443,debit_card,2022-07-08,1010.66,success
PAY-03007,ORD-00765,debit_card,2022-12-21,92.72,pending
PAY-02872,ORD-00474,google_pay,2022-10-14,1366.74,success
PAY-02151,ORD-00970,bank_transfer,2024-07-27,1819.2,refunded
PAY-00676,ORD-01686,gift_card,2022-09-13,545.86,success
PAY-01846,ORD-01826,google_pay,2024-06-09,3453.74,success
PAY-03042,ORD-01482,paypal,2022-01-25,28.25,success
PAY-01520,ORD-00340,google_pay,2023-08-02,536.52,success
PAY-00569,ORD-00371,credit_card,2024-02-29,328.35,success
PAY-02107,ORD-02500,credit_card,2022-05-30,11.21,refunded
PAY-01013,ORD-00273,google_pay,2024-06-18,166.8,success
PAY-02505,ORD-01738,debit_card,2023-07-03,1950.08,refunded
PAY-03109,ORD-00602,apple_pay,2022-05-30,500.0,failed
PAY-01854,ORD-01763,apple_pay,2023-07-31,425.44,refunded
PAY-01918,ORD-01504,debit_card,2022-07-05,65.59,success
PAY-01835,ORD-01030,credit_card,2024-07-24,3612.34,success
PAY-01387,ORD-00877,apple_pay,2023-07-09,786.68,success
PAY-02825,ORD-01932,credit_card,2023-01-09,963.47,pending
PAY-03096,ORD-02205,paypal,2024-06-08,470.74,success
PAY-01493,ORD-01518,credit_card,2023-10-23,194.2,success
PAY-02140,ORD-01567,google_pay,2024-04-20,617.59,pending
PAY-02797,ORD-00871,credit_card,2024-11-06,1020.38,success
PAY-02103,ORD-00085,credit_card,2024-09-03,1845.67,failed
PAY-02596,ORD-01563,credit_card,2024-03-02,737.36,success
PAY-01689,ORD-01753,bank_transfer,2024-05-11,859.83,success
PAY-00113,ORD-00229,gift_card,2023-09-24,25.91,pending
PAY-02100,ORD-01919,paypal,2024-06-01,993.04,success
PAY-02626,ORD-01029,apple_pay,2024-06-29,235.84,success
PAY-01135,ORD-01907,apple_pay,2022-12-05,81.59,success
PAY-01151,ORD-01863,google_pay,2022-10-12,872.8,success
PAY-02714,ORD-01481,debit_card,2022-02-10,1221.8,pending
PAY-02847,ORD-00763,debit_card,2023-11-30,102.39,pending
PAY-02456,ORD-02437,paypal,2025-12-20,77.02,refunded
PAY-00740,ORD-02483,debit_card,,7.58,success
PAY-02997,ORD-02270,credit_card,2023-01-13,453.02,pending
PAY-02225,ORD-01785,gift_card,2024-06-18,1004.33,pending
PAY-01005,ORD-01254,debit_card,2023-11-07,530.85,success
PAY-01496,ORD-02170,paypal,2022-07-20,304.16,success
PAY-01883,ORD-02362,credit_card,2024-06-23,673.22,failed
PAY-02189,ORD-00106,google_pay,2024-02-27,330.9,refunded
PAY-01000,ORD-02071,bank_transfer,2023-04-16,85.81,pending
PAY-01109,ORD-00893,paypal,2022-02-15,7567.51,success
PAY-00026,ORD-00465,google_pay,2022-09-18,78.11,success
PAY-00614,ORD-00446,credit_card,2024-06-29,1175.75,success
PAY-03068,ORD-02318,paypal,2022-05-28,1001.76,refunded
PAY-00012,ORD-00736,credit_card,2023-11-28,191.03,success
PAY-01354,ORD-00368,apple_pay,2023-10-17,293.81,success
PAY-00620,ORD-00821,bank_transfer,2022-04-13,1029.01,failed
PAY-00904,ORD-00242,credit_card,2022-11-13,166.96,success
PAY-00314,ORD-02232,debit_card,,1426.53,pending
PAY-01773,ORD-02203,credit_card,2024-04-04,1522.49,success
PAY-02376,ORD-01979,credit_card,2024-11-29,9.27,success
PAY-02868,ORD-00629,debit_card,2022-11-19,1270.93,success
PAY-00481,ORD-02236,credit_card,2024-05-15,297.4,pending
PAY-01060,ORD-02287,credit_card,2023-12-29,789.68,failed
PAY-02951,ORD-02690,bank_transfer,2024-04-22,17.66,success
PAY-00927,ORD-01782,debit_card,2022-08-04,273.6,failed
PAY-00692,ORD-01688,google_pay,2024-09-07,190.72,success
PAY-01778,ORD-01224,bank_transfer,2023-07-10,831.14,failed
PAY-02165,ORD-01218,credit_card,2024-09-22,1503.79,success
PAY-02831,ORD-01624,bank_transfer,2024-09-22,226.91,failed
PAY-00477,ORD-01739,google_pay,2023-11-15,2056.15,success
PAY-00160,ORD-02239,credit_card,2023-09-24,251.38,success
PAY-02059,ORD-00279,apple_pay,2022-05-29,120.16,success
PAY-00281,ORD-00278,debit_card,2022-01-15,402.91,success
PAY-02724,ORD-02627,google_pay,2022-04-09,108.16,failed
PAY-02088,ORD-00622,credit_card,2022-10-05,968.24,refunded
PAY-02552,ORD-00486,paypal,2023-03-30,1085.32,failed
PAY-02854,ORD-02390,debit_card,2022-05-18,610.64,success
PAY-02554,ORD-01913,apple_pay,2022-06-24,76.16,pending
PAY-00299,ORD-00955,bank_transfer,2022-07-20,205.17,pending
PAY-02953,ORD-02891,credit_card,2025-06-18,878.73,success
PAY-01293,ORD-02646,debit_card,2027-07-18,98.31,success
PAY-01398,ORD-00640,bank_transfer,2023-01-05,566.99,failed
PAY-01969,ORD-02923,apple_pay,2023-12-12,475.86,success
PAY-00536,ORD-02880,credit_card,2024-09-26,1485.75,failed
PAY-00497,ORD-02190,credit_card,2022-12-10,1008.83,success
PAY-01488,ORD-01294,debit_card,2024-07-27,27.51,refunded
PAY-02639,ORD-00336,credit_card,2022-07-06,324.4,failed
PAY-00830,ORD-00081,debit_card,2023-08-17,4246.85,success
PAY-01890,ORD-00566,credit_card,2024-06-01,335.07,refunded
PAY-01447,ORD-02445,credit_card,2024-02-03,2123.45,success
PAY-01431,ORD-01436,paypal,2022-03-27,606.94,success
PAY-01458,ORD-00975,credit_card,2023-08-26,44.67,success
PAY-01111,ORD-01954,paypal,2024-02-15,237.67,pending
PAY-00928,ORD-01717,gift_card,2024-12-30,749.3,pending
PAY-01028,ORD-01490,debit_card,2024-07-18,803.85,success
PAY-02469,ORD-00930,credit_card,2022-06-23,41.0,success
PAY-02984,ORD-01552,credit_card,2024-06-09,384.92,success
PAY-02477,ORD-02837,gift_card,2024-12-13,57.58,success
PAY-02600,ORD-02173,credit_card,2022-10-05,974.2,failed
PAY-00364,ORD-00876,debit_card,2022-07-10,3170.14,success
PAY-00973,ORD-01388,credit_card,2022-10-10,6602.62,pending
PAY-03059,ORD-02987,gift_card,2023-03-30,305.98,success
PAY-01184,ORD-01239,credit_card,2022-11-08,1169.13,success
PAY-02260,ORD-02259,debit_card,2024-02-08,1400.02,success
PAY-02634,ORD-01262,gift_card,2023-06-03,569.39,success
PAY-00301,ORD-02428,credit_card,2024-12-04,889.25,failed
PAY-00606,ORD-01558,debit_card,2024-07-14,17.1,failed
PAY-03003,ORD-00189,paypal,2022-05-05,782.58,success
PAY-00533,ORD-02607,paypal,2022-04-27,344.35,pending
PAY-01917,ORD-02392,credit_card,2022-02-24,1604.86,success
PAY-01993,ORD-01451,credit_card,2022-11-17,151.38,pending
PAY-00424,ORD-02303,bank_transfer,2024-05-17,790.12,failed
PAY-01209,ORD-00920,apple_pay,2024-09-13,35.94,pending
PAY-00838,ORD-00334,debit_card,2023-10-12,149.56,success
PAY-01511,ORD-02934,credit_card,2024-08-04,248.07,refunded
PAY-01686,ORD-01328,gift_card,2024-11-08,1095.42,success
PAY-01789,ORD-01324,credit_card,2022-10-06,112.94,pending
PAY-00376,ORD-01244,debit_card,2023-09-18,375.54,success
PAY-00319,ORD-03000,google_pay,2023-09-27,29.6,success
PAY-02779,ORD-01227,google_pay,2023-04-11,666.76,success
PAY-00638,ORD-02756,debit_card,2024-12-17,92.09,success
PAY-02958,ORD-00777,credit_card,2022-09-27,6129.02,pending
PAY-02966,ORD-00851,bank_transfer,2024-07-04,478.8,refunded
PAY-03093,ORD-00912,credit_card,2022-03-02,45.9,success
PAY-00153,ORD-01581,debit_card,2024-02-19,347.7,success
PAY-00819,ORD-00327,apple_pay,2024-04-12,280.18,success
PAY-02249,ORD-01003,bank_transfer,2024-08-06,48.66,success
PAY-01119,ORD-02757,debit_card,2023-12-18,1765.89,failed
PAY-00848,ORD-01539,paypal,2024-05-17,3291.3,refunded
PAY-00909,ORD-02542,paypal,2022-08-14,1839.09,success
PAY-02019,ORD-01550,google_pay,2022-01-23,222.38,success
PAY-02434,ORD-00907,gift_card,2025-06-29,81.17,success
PAY-02357,ORD-00089,bank_transfer,2024-04-02,990.46,refunded
PAY-02435,ORD-01945,credit_card,2022-06-19,193.68,failed
PAY-03134,ORD-00772,debit_card,2023-11-03,180.37,success
PAY-00872,ORD-01776,debit_card,2024-05-13,2165.76,failed
PAY-01512,ORD-02883,gift_card,2023-09-14,1075.52,success
PAY-02659,ORD-02230,paypal,2023-05-10,494.04,refunded
PAY-02041,ORD-01906,debit_card,2023-05-23,25.22,failed
PAY-01943,ORD-01389,google_pay,2022-11-11,306.41,success
PAY-02873,ORD-00536,google_pay,,898.52,success
PAY-00957,ORD-01428,bank_transfer,2023-12-28,1971.63,success
PAY-00814,ORD-01442,debit_card,2024-01-20,1527.78,success
PAY-01315,ORD-00231,google_pay,2022-11-08,84.22,success
PAY-00902,ORD-02556,credit_card,2023-08-15,224.32,success
PAY-01941,ORD-00699,???,2024-05-14,1198.09,success
PAY-00371,ORD-01163,credit_card,2023-03-05,51.72,success
PAY-01757,ORD-01450,debit_card,2023-10-30,253.11,success
PAY-01974,ORD-00079,google_pay,2024-01-16,517.28,failed
PAY-02467,ORD-01364,credit_card,2024-04-29,450.48,success
PAY-01053,ORD-00363,credit_card,2024-04-26,1306.46,success
PAY-00968,ORD-02480,bank_transfer,2024-04-03,61.88,success
PAY-01578,ORD-01384,debit_card,2022-10-18,372.9,refunded
PAY-00628,ORD-00639,debit_card,2022-08-21,623.36,success
PAY-02598,ORD-00110,debit_card,2024-07-04,179.78,refunded
PAY-01083,ORD-01103,apple_pay,2023-04-03,1290.18,failed
PAY-02241,ORD-02127,apple_pay,2023-09-22,21.92,success
PAY-01528,ORD-00535,bank_transfer,2023-04-03,41.88,pending
PAY-00657,ORD-01544,credit_card,2022-03-07,979.41,failed
PAY-02228,ORD-00138,debit_card,2023-05-19,862.37,failed
PAY-01456,ORD-01497,bank_transfer,2022-12-24,47.0,success
PAY-00868,ORD-02512,credit_card,2024-12-30,18.07,success
PAY-00710,ORD-02131,credit_card,2022-06-14,526.43,pending
PAY-02125,ORD-00704,credit_card,2022-02-17,2142.32,success
PAY-02769,ORD-02679,credit_card,2023-11-07,193.46,success
PAY-02235,ORD-02301,debit_card,2022-12-05,818.3,success
PAY-02286,ORD-01751,debit_card,2024-12-09,574.74,pending
PAY-00029,ORD-01811,debit_card,2023-08-25,21.38,failed
PAY-00007,ORD-01912,gift_card,2024-04-22,3221.18,success
PAY-00066,ORD-01716,gift_card,2023-06-12,4882.42,refunded
PAY-00305,ORD-00987,debit_card,2023-06-11,2046.07,refunded
PAY-02916,ORD-00502,debit_card,2022-07-11,1504.86,refunded
PAY-00236,ORD-00003,credit_card,2022-10-19,113.58,success
PAY-01409,ORD-02460,google_pay,2023-06-15,699.19,pending
PAY-01926,ORD-01591,apple_pay,2023-09-01,1649.34,refunded
PAY-01197,ORD-01658,debit_card,2023-07-26,266.63,success
PAY-01595,ORD-00546,debit_card,2024-12-16,336.85,refunded
PAY-00243,ORD-01815,apple_pay,2023-01-11,13.87,success
PAY-00222,ORD-01101,bank_transfer,2023-03-13,59.52,failed
PAY-02809,ORD-01547,bank_transfer,2023-01-23,327.25,success
PAY-00126,ORD-01431,google_pay,2022-02-19,18.19,pending
PAY-01393,ORD-00982,debit_card,2024-02-07,1467.28,success
PAY-00210,ORD-01413,debit_card,2022-11-10,61.88,failed
PAY-01666,ORD-02238,google_pay,2022-03-19,4300.11,success
PAY-01491,ORD-00512,paypal,2024-04-09,874.52,refunded
PAY-02534,ORD-02261,credit_card,2022-03-27,320.18,success
PAY-00003,ORD-00983,debit_card,2022-05-01,612.69,success
PAY-02751,ORD-02958,credit_card,2023-09-14,2735.42,success
PAY-00621,ORD-02533,debit_card,2023-08-12,700.8,failed
PAY-00195,ORD-02975,credit_card,2022-05-11,190.27,refunded
PAY-02141,ORD-02520,google_pay,2023-05-14,2103.48,pending
PAY-00971,ORD-00619,debit_card,2023-11-23,2409.77,success
PAY-00958,ORD-02454,credit_card,2023-10-23,533.67,success
PAY-02514,ORD-02751,credit_card,2024-12-13,239.25,success
PAY-02710,ORD-02732,google_pay,2024-02-16,41.96,success
PAY-01915,ORD-00770,credit_card,2023-02-13,151.3,refunded
PAY-02060,ORD-01172,credit_card,2023-04-16,618.21,failed
PAY-01852,ORD-00850,credit_card,2023-02-09,160.58,success
PAY-00136,ORD-00152,google_pay,2024-11-26,113.25,failed
PAY-02419,ORD-02760,debit_card,2022-03-16,968.3,pending
PAY-01979,ORD-02168,gift_card,2024-05-15,2486.79,success
PAY-02383,ORD-00364,apple_pay,2024-12-22,24.78,failed
PAY-03052,ORD-01409,debit_card,2024-06-24,574.69,refunded
PAY-00177,ORD-02375,apple_pay,2023-07-30,342.96,success
PAY-01392,ORD-00751,debit_card,2022-03-16,251.98,failed
PAY-01313,ORD-02600,debit_card,2024-12-30,622.29,success
PAY-02193,ORD-00738,debit_card,2023-10-15,1135.57,success
PAY-00681,ORD-02493,credit_card,2022-03-14,144.8,failed
PAY-02316,ORD-02286,debit_card,2024-06-14,1859.23,success
PAY-02759,ORD-00745,gift_card,2024-07-25,164.88,success
PAY-01125,ORD-00328,apple_pay,2023-11-25,135.88,failed
PAY-00165,ORD-01618,paypal,2024-08-15,232.32,refunded
PAY-03012,ORD-00277,paypal,2023-11-10,780.12,success
PAY-02358,ORD-00089,credit_card,2024-03-31,432.9,success
PAY-01655,ORD-00795,gift_card,2022-12-06,40.89,success
PAY-01683,ORD-01570,google_pay,2024-11-23,822.9,success
PAY-00593,ORD-02974,bank_transfer,2024-06-01,1906.46,pending
PAY-02003,ORD-01010,debit_card,2024-06-18,420.06,refunded
PAY-01155,ORD-02006,credit_card,2024-08-25,2302.38,success
PAY-02205,ORD-01637,debit_card,2022-05-29,460.79,pending
PAY-00647,ORD-02484,bank_transfer,2024-07-24,463.9,refunded
PAY-01271,ORD-01192,debit_card,2023-08-17,679.51,success
PAY-01648,ORD-02531,credit_card,2024-12-04,1218.42,success
PAY-02992,ORD-00651,paypal,2022-03-25,217.77,success
PAY-02675,ORD-00295,debit_card,2024-12-28,141.74,failed
PAY-00546,ORD-02723,credit_card,2022-01-02,1186.6,failed
PAY-00770,ORD-02115,gift_card,2022-12-31,121.05,success
PAY-03095,ORD-01989,google_pay,2022-08-01,786.82,refunded
PAY-00462,ORD-00072,apple_pay,2023-07-21,425.46,success
PAY-02856,ORD-01182,debit_card,2023-04-12,28.83,success
PAY-00796,ORD-02733,credit_card,2022-07-03,58.55,refunded
PAY-00651,ORD-01978,credit_card,2022-01-11,13.53,success
PAY-03124,ORD-02555,debit_card,2024-12-12,29.16,success
PAY-01492,ORD-02761,credit_card,2023-03-16,2220.55,success
PAY-02557,ORD-02885,credit_card,2023-08-25,141.34,failed
PAY-03025,ORD-02024,credit_card,2023-06-03,1133.35,success
PAY-02871,ORD-01501,gift_card,2023-08-08,209.68,failed
PAY-03070,ORD-02016,gift_card,2023-02-07,1928.17,success
PAY-02305,ORD-00849,paypal,2024-12-23,822.25,success
PAY-00274,ORD-02612,debit_card,2024-08-20,53.12,failed
PAY-02269,ORD-02120,credit_card,2024-05-20,1908.98,refunded
PAY-02182,ORD-00018,credit_card,2024-09-18,860.09,success
PAY-02105,ORD-00694,credit_card,2023-12-06,52.43,pending
PAY-02538,ORD-02081,google_pay,2022-08-15,643.65,failed
PAY-02790,ORD-01072,google_pay,2023-07-03,1472.58,failed
PAY-02867,ORD-00629,gift_card,2022-11-19,723.65,refunded
PAY-01610,ORD-00131,credit_card,2023-08-11,1064.54,success
PAY-00527,ORD-00698,credit_card,2023-06-09,2293.05,refunded
PAY-01866,ORD-00384,paypal,2024-10-04,129.07,success
PAY-03104,ORD-00447,google_pay,2022-04-10,256.05,refunded
PAY-01095,ORD-00345,credit_card,2022-06-22,16.34,refunded
PAY-02145,ORD-01991,apple_pay,2024-07-06,100.37,refunded
PAY-02865,ORD-02487,gift_card,2022-02-16,335.36,pending
PAY-01043,ORD-00411,paypal,2024-03-08,769.43,pending
PAY-00155,ORD-00211,bank_transfer,2022-08-14,98.42,failed
PAY-02571,ORD-02085,gift_card,2022-07-26,1117.72,success
PAY-02333,ORD-00119,credit_card,2022-01-14,297.63,success
PAY-01515,ORD-02277,apple_pay,2023-07-11,1225.51,success
PAY-02615,ORD-01613,credit_card,2023-05-26,899.89,success
PAY-01231,ORD-01234,bank_transfer,,14.05,success
PAY-00742,ORD-01700,debit_card,2023-03-30,4016.32,failed
PAY-02630,ORD-01160,bank_transfer,2023-11-03,816.42,pending
PAY-02767,ORD-01627,credit_card,2022-01-08,311.06,success
PAY-02239,ORD-02059,credit_card,2022-04-13,2450.24,refunded
PAY-02894,ORD-01207,credit_card,2022-03-24,19.06,success
PAY-00269,ORD-01222,gift_card,2022-01-08,4390.3,success
PAY-02179,ORD-00525,credit_card,2022-11-13,516.7,refunded
PAY-02213,ORD-02644,credit_card,,766.8,pending
PAY-02366,ORD-01891,apple_pay,2024-08-13,1626.45,failed
PAY-01227,ORD-00416,apple_pay,2023-09-13,4568.38,success
PAY-01338,ORD-01628,credit_card,2024-09-12,338.01,pending
PAY-02364,ORD-01923,debit_card,2022-05-03,502.95,success
PAY-00566,ORD-01141,credit_card,2024-08-14,560.52,success
PAY-01047,ORD-00124,debit_card,2024-09-23,2343.58,success
PAY-00883,ORD-02763,???,2022-05-11,254.78,success
PAY-00545,ORD-00778,apple_pay,2023-12-16,150.18,failed
PAY-02562,ORD-00425,paypal,2023-10-20,63.23,success
PAY-01903,ORD-02485,debit_card,2023-04-25,960.67,pending
PAY-02064,ORD-02910,debit_card,2022-04-20,1366.36,success
PAY-03019,ORD-00761,debit_card,2023-08-27,419.91,failed
PAY-01103,ORD-01634,credit_card,2023-01-13,135.14,refunded
PAY-01254,ORD-00685,apple_pay,2023-06-10,381.74,refunded
PAY-00538,ORD-02357,debit_card,2023-05-07,607.08,success
PAY-00827,ORD-00209,bank_transfer,2022-03-22,655.89,success
PAY-00209,ORD-00056,debit_card,2024-06-21,913.74,success
PAY-00715,ORD-00782,google_pay,2023-10-12,639.54,success
PAY-01312,ORD-02577,gift_card,2022-07-11,385.58,success
PAY-01292,ORD-00415,bank_transfer,2024-02-03,1376.0,pending
PAY-01759,ORD-01503,credit_card,2022-02-24,90.19,pending
PAY-00247,ORD-00268,apple_pay,2023-01-20,345.76,success
PAY-01523,ORD-02399,paypal,2024-10-06,456.24,pending
PAY-01699,ORD-02064,apple_pay,,16.0,failed
PAY-02342,ORD-00094,google_pay,2025-11-14,1213.32,failed
PAY-02104,ORD-01212,gift_card,2023-09-28,43.08,success
PAY-00701,ORD-00732,debit_card,2023-08-09,331.97,failed
PAY-02884,ORD-01694,debit_card,2024-12-31,127.88,success
PAY-01148,ORD-02738,gift_card,2022-08-15,477.95,success
PAY-00040,ORD-01251,credit_card,2022-10-16,276.65,success
PAY-00561,ORD-01707,apple_pay,2022-10-01,1577.72,failed
PAY-02233,ORD-01293,credit_card,2024-11-22,408.67,success
PAY-02408,ORD-01194,credit_card,2026-12-07,90.16,refunded
PAY-00709,ORD-00952,credit_card,,2056.14,failed
PAY-00335,ORD-00529,google_pay,2022-12-04,1008.66,success
PAY-01714,ORD-00017,credit_card,2022-08-28,126.55,refunded
PAY-02810,ORD-01841,debit_card,2024-05-26,14.56,failed
PAY-00816,ORD-02197,paypal,2023-12-05,37.88,success
PAY-00736,ORD-00073,google_pay,2023-12-20,1226.25,refunded
PAY-01658,ORD-01161,credit_card,2022-04-09,438.87,success
PAY-02291,ORD-01657,paypal,2023-04-11,22.65,success
PAY-00607,ORD-01558,gift_card,2024-07-16,14.4,refunded
PAY-01675,ORD-00833,google_pay,2024-05-19,2000.01,success
PAY-01300,ORD-00365,google_pay,2022-05-09,484.78,pending
PAY-03017,ORD-02619,apple_pay,2022-10-16,2293.69,success
PAY-00211,ORD-01168,bank_transfer,2023-04-13,553.81,failed
PAY-00646,ORD-02616,debit_card,2024-08-08,833.84,pending
PAY-01418,ORD-01266,google_pay,2023-08-28,10.91,pending
PAY-02874,ORD-00220,paypal,2024-08-06,941.22,success
PAY-00035,ORD-00476,credit_card,2023-08-22,779.13,refunded
PAY-02037,ORD-00722,debit_card,2024-04-26,234.61,refunded
PAY-02669,ORD-02951,credit_card,2022-08-01,10.62,refunded
PAY-02583,ORD-02609,gift_card,2023-07-01,1123.12,pending
PAY-02885,ORD-02260,debit_card,2023-02-25,275.48,pending
PAY-02158,ORD-02538,bank_transfer,2023-02-01,694.67,pending
PAY-00291,ORD-02476,debit_card,2023-05-02,111.9,pending
PAY-00786,ORD-01934,paypal,2022-07-08,4246.6,success
PAY-02449,ORD-01524,debit_card,2024-09-05,215.59,refunded
PAY-01795,ORD-01073,credit_card,2024-10-22,2973.56,failed
PAY-00720,ORD-02411,debit_card,2023-09-24,309.3,success
PAY-00467,ORD-02020,apple_pay,2022-11-08,433.62,success
PAY-02925,ORD-01111,debit_card,2023-08-25,498.41,success
PAY-02119,ORD-01325,debit_card,2022-08-27,494.89,success
PAY-02601,ORD-00919,paypal,2022-01-13,251.58,success
PAY-00618,ORD-00125,apple_pay,2023-10-11,1717.81,success
PAY-00162,ORD-01993,gift_card,2023-02-25,414.32,success
PAY-01862,ORD-01359,bank_transfer,2023-01-10,744.11,pending
PAY-02550,ORD-01375,credit_card,2023-08-22,357.93,pending
PAY-01369,ORD-00226,debit_card,2024-09-26,1850.45,success
PAY-00228,ORD-01247,paypal,2022-08-21,239.98,success
PAY-01956,ORD-01969,debit_card,2024-10-06,15.02,success
PAY-02980,ORD-02214,debit_card,2023-05-08,202.95,refunded
PAY-02313,ORD-00769,debit_card,,413.33,failed
PAY-01999,ORD-01790,bank_transfer,2024-10-20,1644.55,refunded
PAY-01588,ORD-00464,credit_card,2024-03-22,25.94,success
PAY-03074,ORD-00604,google_pay,2022-09-13,2866.05,refunded
PAY-02525,ORD-02530,gift_card,2024-04-26,1641.32,refunded
PAY-01286,ORD-02586,debit_card,2022-12-23,324.7,success
PAY-03141,ORD-00034,credit_card,2024-02-03,111.41,success
PAY-01717,ORD-02285,credit_card,2022-02-19,206.58,refunded
PAY-00005,ORD-00200,paypal,2022-02-28,99.43,success
PAY-03106,ORD-01058,google_pay,2023-02-20,4234.91,success
PAY-03139,ORD-01475,paypal,2022-08-01,796.62,refunded
PAY-03146,ORD-01483,apple_pay,2023-01-11,360.73,pending
PAY-00436,ORD-02648,credit_card,2024-01-20,77.35,success
PAY-00670,ORD-00456,google_pay,2022-11-30,1336.41,pending
PAY-02223,ORD-01402,bank_transfer,2024-05-11,189.77,failed
PAY-02422,ORD-00121,bank_transfer,2024-08-04,312.22,refunded
PAY-02287,ORD-00123,debit_card,2022-12-17,1438.14,refunded
PAY-01827,ORD-02576,google_pay,2023-05-17,1257.52,pending
PAY-02481,ORD-02539,google_pay,2023-08-03,5.14,failed
PAY-02648,ORD-02008,gift_card,2024-10-25,804.19,success
PAY-00239,ORD-02702,google_pay,2022-10-26,566.1,pending
PAY-01831,ORD-00105,debit_card,2024-08-28,123.18,success
PAY-00416,ORD-01292,bank_transfer,2024-04-21,330.37,failed
PAY-01048,ORD-00865,google_pay,2022-08-23,2356.71,success
PAY-01618,ORD-02210,apple_pay,2023-11-05,1303.08,success
PAY-01179,ORD-02566,credit_card,2022-08-03,472.85,success
PAY-01779,ORD-00404,credit_card,2022-12-03,565.27,pending
PAY-01195,ORD-02775,gift_card,2023-11-25,1074.31,success
PAY-00178,ORD-00239,debit_card,2024-04-03,26.58,failed
PAY-00256,ORD-00642,google_pay,2023-11-12,372.35,pending
PAY-01931,ORD-01201,bank_transfer,2022-10-20,14.34,success
PAY-01902,ORD-00739,google_pay,2024-05-27,1040.07,success
PAY-00187,ORD-00199,apple_pay,2023-03-07,141.64,success
PAY-00258,ORD-02350,N/A,2022-03-29,2099.9,success
PAY-01245,ORD-01718,debit_card,2023-11-28,648.27,success
PAY-01220,ORD-01336,debit_card,2023-01-20,278.59,success
PAY-01118,ORD-01216,apple_pay,2024-06-13,40.92,success
PAY-00420,ORD-00705,google_pay,2022-03-05,917.05,refunded
PAY-01362,ORD-00504,credit_card,2022-06-10,976.95,success
PAY-01679,ORD-01560,apple_pay,2023-09-01,86.72,success
PAY-02045,ORD-01743,credit_card,2023-07-10,20.4,refunded
PAY-03144,ORD-01391,gift_card,2024-10-15,220.59,success
PAY-00207,ORD-01117,gift_card,2022-01-28,139.7,success
PAY-01569,ORD-01868,google_pay,2024-04-01,195.43,success
PAY-00052,ORD-00326,apple_pay,2024-07-30,596.05,success
PAY-02964,ORD-02802,credit_card,2023-10-04,948.77,failed
PAY-00530,ORD-02653,credit_card,2024-08-10,313.44,success
PAY-00728,ORD-01571,credit_card,2023-10-23,577.64,success
PAY-01602,ORD-01672,paypal,2023-08-01,722.4,success
PAY-00650,ORD-02516,gift_card,2024-10-05,849.21,success
PAY-00390,ORD-00177,apple_pay,2022-10-17,129.82,success
PAY-00884,ORD-00910,paypal,2023-09-29,389.95,pending
PAY-02157,ORD-00838,credit_card,2024-12-23,448.84,refunded
PAY-00089,ORD-00281,debit_card,2022-07-14,27.33,refunded
PAY-00808,ORD-02144,bank_transfer,2023-04-21,560.34,success
PAY-02661,ORD-00097,paypal,2022-02-26,185.86,refunded
PAY-00183,ORD-02614,credit_card,2024-07-13,980.45,refunded
PAY-02167,ORD-00230,debit_card,2024-11-13,230.48,pending
PAY-02085,ORD-01028,debit_card,2024-11-11,323.7,success
PAY-03138,ORD-00933,credit_card,2022-05-20,168.23,failed
PAY-02081,ORD-01383,paypal,2023-10-14,207.87,pending
PAY-02418,ORD-00579,debit_card,2022-05-21,677.4,success
PAY-02443,ORD-01015,credit_card,2023-08-09,18.05,success
PAY-01782,ORD-01793,debit_card,2023-04-11,47.51,failed
PAY-00812,ORD-02957,credit_card,2024-10-28,1986.67,success
PAY-02912,ORD-00996,gift_card,2023-03-27,34.59,success
PAY-02528,ORD-02146,debit_card,2023-01-06,1201.65,pending
PAY-02001,ORD-02130,bank_transfer,2023-10-21,545.54,refunded
PAY-02005,ORD-01286,debit_card,2024-11-17,2114.66,success
PAY-02414,ORD-02857,credit_card,2024-02-12,367.26,failed
PAY-02963,ORD-00882,credit_card,2024-03-26,117.92,success
PAY-01086,ORD-00569,debit_card,2023-02-15,1226.89,success
PAY-00632,ORD-02468,credit_card,,401.89,failed
PAY-03102,ORD-02861,debit_card,2022-08-21,388.14,success
PAY-03132,ORD-00488,debit_card,2022-12-06,881.11,success
PAY-02713,ORD-02263,bank_transfer,2024-01-28,343.09,success
PAY-02501,ORD-01081,debit_card,2022-09-02,808.02,success
PAY-00668,ORD-01208,credit_card,2022-05-14,390.92,success
PAY-01432,ORD-01786,paypal,2023-09-13,40.82,refunded
PAY-01614,ORD-00800,apple_pay,2022-05-13,1720.16,refunded
PAY-01011,ORD-02767,paypal,2022-02-28,295.02,failed
PAY-00815,ORD-02197,debit_card,2023-12-05,35.04,success
PAY-00260,ORD-01380,gift_card,2022-06-18,1481.64,success
PAY-00181,ORD-01478,paypal,2022-12-26,1055.23,failed
PAY-03119,ORD-00993,debit_card,2023-04-02,344.08,success
PAY-02672,ORD-01265,google_pay,2024-05-21,1121.11,success
PAY-01485,ORD-01171,bank_transfer,2025-06-17,423.45,failed
PAY-02347,ORD-01105,credit_card,2024-03-08,272.51,success
PAY-02258,ORD-01963,credit_card,2024-09-28,475.96,success
PAY-00334,ORD-01929,debit_card,2023-08-03,1457.09,success
PAY-02478,ORD-01814,apple_pay,2024-01-01,328.75,refunded
PAY-00098,ORD-00878,apple_pay,2024-03-15,171.75,refunded
PAY-01907,ORD-01006,gift_card,2022-06-21,2839.22,success
PAY-00180,ORD-01824,gift_card,2024-02-08,499.47,success
PAY-02093,ORD-01746,credit_card,2022-04-03,149.69,success
PAY-00993,ORD-02211,paypal,2024-04-17,95.37,refunded
PAY-00698,ORD-00294,bank_transfer,2022-07-24,2662.62,pending
PAY-00321,ORD-01690,paypal,2023-01-24,1417.34,success
PAY-01038,ORD-01176,bank_transfer,2023-06-17,944.42,success
PAY-00124,ORD-02876,credit_card,2024-04-13,900.89,success
PAY-00332,ORD-00297,debit_card,2022-08-03,1234.47,pending
PAY-02653,ORD-00787,gift_card,2024-05-23,623.48,success
PAY-01410,ORD-00720,apple_pay,2024-01-26,693.1,success
PAY-02589,ORD-01586,credit_card,2024-12-16,898.38,success
PAY-00624,ORD-02919,credit_card,2024-05-29,342.42,failed
PAY-02368,ORD-02121,apple_pay,2024-07-06,195.88,refunded
PAY-02196,ORD-01128,gift_card,2023-01-17,128.86,failed
PAY-01534,ORD-00811,paypal,2022-11-05,1508.82,success
PAY-00395,ORD-02750,credit_card,2024-05-27,338.25,success
PAY-02348,ORD-01521,credit_card,2024-01-07,1498.45,success
PAY-02401,ORD-01615,gift_card,2022-09-07,74.94,refunded
PAY-02663,ORD-00902,bank_transfer,2023-06-20,53.81,refunded
PAY-02567,ORD-01798,gift_card,2022-05-11,45.67,refunded
PAY-00582,ORD-00164,debit_card,2024-06-25,48.35,pending
PAY-00865,ORD-00820,credit_card,2022-06-22,376.87,failed
PAY-02770,ORD-00151,credit_card,2023-09-15,2314.58,refunded
PAY-01247,ORD-00624,credit_card,2023-05-02,322.77,pending
PAY-00138,ORD-00020,google_pay,2024-04-23,559.92,pending
PAY-01236,ORD-00103,debit_card,2024-07-23,7.55,failed
PAY-02716,ORD-02374,bank_transfer,2024-07-02,343.3,refunded
PAY-01328,ORD-00307,apple_pay,2023-01-27,979.5,success
PAY-02643,ORD-00113,paypal,2024-07-28,175.95,success
PAY-00015,ORD-00060,gift_card,,281.42,refunded
PAY-01117,ORD-00249,debit_card,2024-02-11,648.52,pending
PAY-02674,ORD-02573,google_pay,2024-09-06,382.97,success
PAY-00482,ORD-01164,gift_card,2024-10-30,718.79,success
PAY-01632,ORD-01339,debit_card,2024-10-10,1289.3,refunded
PAY-00078,ORD-01622,bank_transfer,2024-02-25,536.72,success
PAY-00135,ORD-02882,credit_card,2024-10-30,805.88,refunded
PAY-00423,ORD-02687,google_pay,2022-04-18,125.25,success
PAY-02202,ORD-00014,credit_card,2024-09-20,41.61,success
PAY-02837,ORD-01846,gift_card,2024-03-12,399.41,success
PAY-00120,ORD-02049,apple_pay,2023-02-03,538.01,success
PAY-02090,ORD-00673,credit_card,2022-09-11,1299.29,refunded
PAY-02531,ORD-01721,credit_card,2024-10-04,39.26,refunded
PAY-01302,ORD-00156,bank_transfer,2024-01-03,745.27,success
PAY-00253,ORD-02416,credit_card,2024-09-02,678.12,pending
PAY-00289,ORD-00122,paypal,2023-11-30,216.36,pending
PAY-03011,ORD-01909,gift_card,2024-12-12,1496.4,failed
PAY-01025,ORD-01190,debit_card,,2733.38,pending
PAY-00787,ORD-01205,gift_card,2023-01-04,217.01,refunded
PAY-02447,ORD-00773,debit_card,2024-09-03,54.0,refunded
PAY-00660,ORD-02667,paypal,2024-11-24,422.71,success
PAY-00090,ORD-00597,credit_card,2023-01-23,362.42,success
PAY-00433,ORD-02793,credit_card,2023-05-20,389.0,pending
PAY-01480,ORD-00045,credit_card,2022-12-09,907.4,success
PAY-03073,ORD-00935,credit_card,2023-07-04,155.18,success
PAY-02869,ORD-02420,gift_card,2024-05-12,60.49,success
PAY-01809,ORD-02280,debit_card,2023-06-06,56.12,success
PAY-00595,ORD-00968,debit_card,2023-01-21,814.16,success
PAY-01819,ORD-02969,credit_card,2022-06-03,87.36,pending
PAY-01230,ORD-00508,paypal,2024-01-25,1740.51,success
PAY-01547,ORD-01701,gift_card,2023-03-16,10.09,failed
PAY-02945,ORD-01053,gift_card,2024-03-27,35.44,success
PAY-01746,ORD-01371,debit_card,2022-03-23,519.26,pending
PAY-00507,ORD-00049,gift_card,2022-05-09,523.49,success
PAY-02731,ORD-01941,credit_card,2022-01-06,56.36,success
PAY-00071,ORD-02191,gift_card,2022-05-15,166.67,failed
PAY-00374,ORD-02501,apple_pay,2024-10-25,1471.8,success
PAY-00095,ORD-01781,credit_card,2023-04-03,263.79,success
PAY-00784,ORD-02697,gift_card,2023-04-22,84.53,success
PAY-02533,ORD-02196,credit_card,2022-12-29,303.17,failed
PAY-01252,ORD-02319,credit_card,2024-12-15,195.52,success
PAY-00375,ORD-00986,bank_transfer,2024-08-07,12.99,pending
PAY-01625,ORD-02826,apple_pay,2024-05-30,662.0,pending
PAY-00578,ORD-02178,credit_card,2023-07-10,1009.78,refunded
PAY-01929,ORD-02363,debit_card,2022-01-25,1239.67,success
PAY-02063,ORD-01510,apple_pay,2022-11-08,102.98,pending
PAY-01911,ORD-01603,bank_transfer,2023-12-24,106.13,success
PAY-00997,ORD-02776,apple_pay,2022-11-05,19.47,success
PAY-01615,ORD-00796,google_pay,2023-01-06,472.97,success
PAY-01389,ORD-01842,apple_pay,2022-12-24,363.3,success
PAY-00518,ORD-02427,gift_card,2023-11-20,715.52,failed
PAY-02149,ORD-02342,paypal,2024-09-27,17.32,success
PAY-02458,ORD-01975,bank_transfer,2023-02-01,313.01,success
PAY-02406,ORD-01914,credit_card,2024-10-18,13.73,success
PAY-02602,ORD-01972,paypal,2022-01-16,1234.22,failed
PAY-00027,ORD-02465,bank_transfer,2022-03-05,687.99,pending
PAY-01170,ORD-02752,debit_card,2024-07-15,682.72,success
PAY-01804,ORD-01595,gift_card,2022-02-03,1378.5,pending
PAY-00923,ORD-01838,credit_card,2022-07-27,561.95,success
PAY-02961,ORD-02276,credit_card,2024-02-22,483.43,success
PAY-01444,ORD-01123,google_pay,2023-01-16,74.49,success
PAY-02295,ORD-02005,debit_card,2023-05-04,791.37,success
PAY-01597,ORD-01323,paypal,,55.28,refunded
PAY-01172,ORD-02808,bank_transfer,2022-12-19,765.41,success
PAY-00619,ORD-02215,bank_transfer,2023-09-12,575.28,success
PAY-00398,ORD-02192,apple_pay,2023-09-20,1024.19,success
PAY-00309,ORD-01002,debit_card,2022-02-26,545.32,failed
PAY-02490,ORD-01449,credit_card,2023-04-19,89.69,success
PAY-00446,ORD-01533,credit_card,2022-06-06,4400.55,success
PAY-01377,ORD-02305,google_pay,2023-10-30,1288.41,refunded
PAY-01264,ORD-00466,debit_card,2024-12-03,506.09,refunded
PAY-01538,ORD-00723,apple_pay,2024-10-07,444.04,success
PAY-02371,ORD-02524,paypal,2023-08-30,717.8,success
PAY-02728,ORD-01258,paypal,2022-07-18,119.46,success
PAY-00022,ORD-02293,bank_transfer,2023-11-09,2108.28,refunded
PAY-02697,ORD-00793,debit_card,2026-04-12,357.25,success
PAY-01068,ORD-01534,credit_card,2022-12-30,2996.97,success
PAY-03105,ORD-00927,apple_pay,2024-05-30,1256.79,failed
PAY-02098,ORD-00254,debit_card,2022-03-01,188.21,refunded
PAY-00636,ORD-02916,google_pay,2023-09-01,330.75,pending
PAY-02110,ORD-02443,debit_card,2024-07-06,1252.39,success
PAY-02473,ORD-01118,apple_pay,2024-11-10,171.42,pending
PAY-00889,ORD-01612,apple_pay,2024-02-15,730.68,success
PAY-01257,ORD-00543,credit_card,2024-01-24,524.61,pending
PAY-01874,ORD-00729,google_pay,2024-10-14,15.6,success
PAY-01102,ORD-00101,debit_card,2024-03-29,872.72,refunded
PAY-01642,ORD-02712,debit_card,2022-02-27,22.58,success
PAY-00870,ORD-01149,paypal,2023-04-07,467.16,failed
PAY-02882,ORD-00282,apple_pay,2024-08-31,700.18,failed
PAY-02206,ORD-01468,debit_card,2023-11-20,237.22,pending
PAY-02022,ORD-01759,apple_pay,2022-02-20,29.12,pending
PAY-02906,ORD-02549,debit_card,2023-04-21,1818.35,failed
PAY-01997,ORD-00758,gift_card,2024-03-12,22.26,success
PAY-01129,ORD-00302,credit_card,2023-10-19,34.86,failed
PAY-00106,ORD-02928,credit_card,2022-11-09,1589.96,success
PAY-01141,ORD-01019,paypal,2024-05-29,900.94,success
PAY-02746,ORD-02134,debit_card,2024-10-24,78.14,success
PAY-02918,ORD-01962,debit_card,2023-08-25,708.3,success
PAY-00328,ORD-01794,paypal,2023-12-15,598.16,refunded
PAY-01613,ORD-02320,paypal,2022-02-05,2093.93,success
PAY-02055,ORD-00834,debit_card,2022-09-25,823.24,pending
PAY-00346,ORD-00392,credit_card,2023-08-09,34.36,failed
PAY-00633,ORD-01120,google_pay,2022-12-26,248.98,pending
PAY-01482,ORD-01374,paypal,2023-03-24,1141.59,success
PAY-01892,ORD-01939,debit_card,2025-11-05,1079.94,success
PAY-03000,ORD-01378,bank_transfer,2023-04-27,502.64,success
PAY-00060,ORD-02373,debit_card,2022-10-23,583.96,success
PAY-01609,ORD-00250,debit_card,2022-07-15,579.13,success
PAY-00347,ORD-00721,gift_card,2023-07-31,26.05,failed
PAY-02250,ORD-02073,debit_card,2023-05-08,204.88,pending
PAY-02544,ORD-00750,google_pay,2022-05-17,489.5,success
PAY-00707,ORD-00898,apple_pay,,33.5,pending
PAY-00147,ORD-02407,credit_card,2024-12-30,157.32,success
PAY-00837,ORD-02177,debit_card,2022-01-23,816.18,success
PAY-01074,ORD-02927,debit_card,2022-01-02,165.43,success
PAY-01372,ORD-02977,credit_card,2024-01-04,27.17,success
PAY-01937,ORD-01862,debit_card,2023-09-03,1528.63,failed
PAY-02712,ORD-02562,credit_card,2024-11-28,452.4,success
PAY-01171,ORD-01345,credit_card,2023-09-19,1500.12,refunded
PAY-01429,ORD-02754,apple_pay,2024-06-09,484.35,failed
PAY-00781,ORD-01725,paypal,2023-07-12,1128.82,success
PAY-01222,ORD-02269,bank_transfer,2024-06-05,934.57,refunded
PAY-01093,ORD-00706,apple_pay,2023-03-28,585.16,success
PAY-00449,ORD-02788,credit_card,2024-06-05,24.41,success
PAY-02133,ORD-01745,google_pay,2024-10-17,2345.78,success
PAY-01998,ORD-00369,credit_card,2023-01-28,375.34,success
PAY-02450,ORD-02186,google_pay,2023-10-30,31.71,pending
PAY-02297,ORD-02069,bank_transfer,2022-05-16,375.2,refunded
PAY-01108,ORD-00007,google_pay,2022-08-28,127.65,success
PAY-01583,ORD-01448,paypal,2024-01-18,166.44,success
PAY-02201,ORD-02358,apple_pay,2024-07-19,1128.81,success
PAY-01825,ORD-00759,bank_transfer,2022-09-15,1276.43,pending
PAY-00157,ORD-02096,google_pay,2024-05-18,18.77,success
PAY-03055,ORD-01273,credit_card,2023-10-21,629.09,success
PAY-00572,ORD-02349,bank_transfer,2023-05-18,498.18,success
PAY-02080,ORD-02155,paypal,2024-10-08,140.72,success
PAY-00295,ORD-02911,credit_card,2022-03-13,127.08,refunded
PAY-02395,ORD-00560,debit_card,2022-11-02,2880.88,success
PAY-01829,ORD-00412,google_pay,2023-08-08,87.53,success
PAY-02696,ORD-01614,google_pay,2024-08-08,71.24,success
PAY-02895,ORD-02960,google_pay,2022-01-01,403.48,success
PAY-01708,ORD-01772,debit_card,2024-09-30,45.96,success
PAY-03057,ORD-01569,google_pay,2022-04-07,13.63,refunded
PAY-00085,ORD-00354,debit_card,2024-02-04,201.7,refunded
PAY-00637,ORD-02511,debit_card,2024-05-12,844.77,pending
PAY-02390,ORD-00457,credit_card,2023-06-24,304.98,failed
PAY-03047,ORD-02526,debit_card,2022-10-05,3225.83,success
PAY-00131,ORD-01660,credit_card,2023-05-15,1506.82,success
PAY-01767,ORD-00100,other,,1458.1,success
PAY-00949,ORD-00592,credit_card,2024-05-12,7330.39,refunded
PAY-02705,ORD-01011,debit_card,2024-08-07,256.88,success
PAY-02808,ORD-00571,google_pay,2024-05-26,499.94,success
PAY-00803,ORD-01747,google_pay,2022-04-01,212.93,success
PAY-01978,ORD-02365,google_pay,2023-12-03,987.11,refunded
PAY-01731,ORD-02935,gift_card,2024-07-15,485.38,pending
PAY-01934,ORD-00316,credit_card,2022-04-29,1971.3,success
PAY-01164,ORD-02639,credit_card,2022-11-26,340.08,success
PAY-01381,ORD-00223,bank_transfer,2023-05-06,753.68,success
PAY-02034,ORD-01639,debit_card,2023-01-30,51.21,success
PAY-02788,ORD-00548,credit_card,2024-03-17,53.28,success
PAY-02102,ORD-00500,paypal,2022-04-14,638.96,pending
PAY-00018,ORD-00276,debit_card,2022-10-02,389.63,success
PAY-02642,ORD-00136,debit_card,2024-03-10,411.67,success
PAY-02553,ORD-02850,google_pay,2022-03-05,400.53,refunded
PAY-02021,ORD-02953,debit_card,2024-05-26,540.78,pending
PAY-01705,ORD-01980,paypal,2023-03-14,426.5,success
PAY-02628,ORD-00815,credit_card,2022-03-26,2891.6,success
PAY-00443,ORD-02835,debit_card,2022-04-13,686.67,failed
PAY-01924,ORD-02651,debit_card,2024-08-15,454.12,success
PAY-02427,ORD-00006,bank_transfer,2022-09-05,1158.72,success
PAY-01228,ORD-02853,gift_card,2023-04-21,1867.29,refunded
PAY-01991,ORD-00259,apple_pay,,743.91,success
PAY-01723,ORD-02314,debit_card,2023-11-02,635.76,success
PAY-00983,ORD-01579,debit_card,2023-04-26,139.39,success
PAY-00017,ORD-01831,credit_card,2023-01-16,1445.71,failed
PAY-02207,ORD-01008,apple_pay,2022-06-11,180.41,success
PAY-01573,ORD-02311,credit_card,2022-05-31,1263.48,success
PAY-02135,ORD-02870,gift_card,2024-11-22,80.08,success
PAY-01863,ORD-01144,debit_card,2023-08-02,636.22,success
PAY-00612,ORD-02250,google_pay,2023-03-15,528.02,success
PAY-01968,ORD-02724,debit_card,2022-03-01,1786.36,success
PAY-01199,ORD-00377,debit_card,2023-03-22,632.12,refunded
PAY-01309,ORD-00999,debit_card,2024-06-29,151.08,refunded
PAY-01180,ORD-02488,credit_card,2023-05-12,1475.56,success
PAY-01604,ORD-02976,gift_card,2023-04-18,1603.57,failed
PAY-01758,ORD-01957,gift_card,2022-11-04,281.51,success
PAY-01996,ORD-00582,credit_card,2022-01-17,305.14,refunded
PAY-01912,ORD-02347,apple_pay,2022-01-07,2073.04,success
PAY-02778,ORD-01476,paypal,2022-09-07,257.9,pending
PAY-03051,ORD-01898,other,2023-04-04,296.06,pending
PAY-01451,ORD-02806,debit_card,2022-10-06,60.32,failed
PAY-01579,ORD-02571,gift_card,2024-01-09,416.01,pending
PAY-02274,ORD-02099,debit_card,2022-09-17,485.92,pending
PAY-00823,ORD-00309,debit_card,2024-09-29,113.68,pending
PAY-02010,ORD-00615,bank_transfer,2024-12-23,233.24,success
PAY-01980,ORD-01662,credit_card,2022-10-10,1815.06,success
PAY-01136,ORD-02112,debit_card,2024-06-25,165.04,success
PAY-00579,ORD-00960,debit_card,2022-01-04,356.45,failed
PAY-02023,ORD-02077,debit_card,2022-12-27,21.57,success
PAY-02768,ORD-01643,google_pay,2022-01-28,1894.06,success
PAY-01914,ORD-00770,apple_pay,2023-02-14,127.67,success
PAY-02610,ORD-01886,bank_transfer,2022-09-10,321.26,pending
PAY-02732,ORD-00362,google_pay,2022-06-06,186.19,success
PAY-01558,ORD-02082,paypal,2022-02-19,627.34,refunded
PAY-00704,ORD-01985,debit_card,2022-01-05,148.16,pending
PAY-02641,ORD-00385,debit_card,2023-07-20,6033.7,pending
PAY-00967,ORD-02868,apple_pay,2023-08-09,552.29,refunded
PAY-02881,ORD-02174,debit_card,2022-08-10,688.96,failed
PAY-02515,ORD-01113,bank_transfer,2023-11-23,902.05,success
PAY-01851,ORD-02289,debit_card,2023-05-05,1085.55,success
PAY-00496,ORD-00207,credit_card,2024-03-12,1024.0,refunded
PAY-00382,ORD-01311,credit_card,2022-10-06,957.5,refunded
PAY-02309,ORD-02455,debit_card,2022-06-22,113.44,success
PAY-00972,ORD-01443,bank_transfer,2023-09-06,1612.77,success
PAY-02416,ORD-02554,debit_card,2022-04-24,295.32,failed
PAY-02835,ORD-02714,debit_card,2023-02-20,394.52,refunded
PAY-02150,ORD-00430,gift_card,2023-03-01,182.71,success
PAY-01123,ORD-02504,bank_transfer,2022-04-16,839.84,refunded
PAY-00132,ORD-01035,debit_card,2022-11-28,3181.78,failed
PAY-00199,ORD-00725,bank_transfer,2022-05-20,95.75,success
PAY-02857,ORD-02012,google_pay,,302.44,success
PAY-01100,ORD-00403,apple_pay,2023-04-16,2458.36,success
PAY-02083,ORD-02463,credit_card,2022-11-18,153.38,pending
PAY-00105,ORD-01527,credit_card,2024-12-29,1010.67,success
PAY-00067,ORD-00444,apple_pay,2024-08-22,3354.21,success
PAY-02301,ORD-02834,google_pay,2024-12-06,895.68,pending
PAY-02377,ORD-00184,google_pay,2022-11-08,334.56,refunded
PAY-00684,ORD-00835,gift_card,2022-02-22,570.33,refunded
PAY-02173,ORD-00518,apple_pay,2022-10-28,1532.7,failed
PAY-00226,ORD-01281,debit_card,2022-05-21,654.22,success
PAY-00384,ORD-02995,credit_card,2024-03-31,360.34,success
PAY-02484,ORD-00148,debit_card,2023-08-17,2318.26,success
PAY-00774,ORD-00549,debit_card,2023-09-20,4975.35,success
PAY-00548,ORD-01089,google_pay,2024-10-18,360.79,success
PAY-01682,ORD-02254,google_pay,2024-04-12,3254.51,pending
PAY-02776,ORD-02402,google_pay,2023-10-19,393.2,success
PAY-01057,ORD-02359,credit_card,2023-04-21,139.32,failed
PAY-02718,ORD-01683,credit_card,2024-01-21,1199.72,success
PAY-00049,ORD-02946,paypal,2022-07-06,1140.11,refunded
PAY-00680,ORD-00702,credit_card,2023-02-04,185.86,pending
PAY-01428,ORD-00167,credit_card,2024-11-05,4460.85,refunded
PAY-02982,ORD-02181,apple_pay,2023-09-03,47.52,success
PAY-01016,ORD-01142,paypal,2024-04-26,896.2,success
PAY-01713,ORD-01114,google_pay,2024-09-08,358.08,success
PAY-00559,ORD-00547,debit_card,2022-11-21,1415.99,success
PAY-01149,ORD-00607,credit_card,2022-05-06,673.29,success
PAY-01548,ORD-01365,paypal,2022-09-20,268.0,success
PAY-02221,ORD-01734,gift_card,2023-09-12,22.72,refunded
PAY-00934,ORD-02330,debit_card,2023-07-22,14.43,pending
PAY-00835,ORD-01981,google_pay,2024-04-12,722.7,success
PAY-01555,ORD-02222,debit_card,2023-06-13,2228.95,failed
PAY-01535,ORD-02036,apple_pay,2023-04-17,568.15,success
PAY-02627,ORD-01691,apple_pay,2022-10-01,3432.59,success
PAY-00924,ORD-01124,apple_pay,2022-02-02,45.0,success
PAY-01487,ORD-02039,debit_card,2023-09-16,26.85,success
PAY-02817,ORD-01577,paypal,2023-04-26,1408.41,success
PAY-00989,ORD-00462,paypal,2022-05-20,353.68,success
PAY-02271,ORD-00934,paypal,2023-02-03,1589.69,success
PAY-01365,ORD-01825,debit_card,2022-06-28,138.39,pending
PAY-02073,ORD-02413,credit_card,2024-11-04,193.69,success
PAY-02256,ORD-02106,debit_card,2023-05-26,639.68,success
PAY-00362,ORD-01133,debit_card,2022-02-19,1187.14,refunded
PAY-01857,ORD-01348,debit_card,2024-01-10,1208.68,refunded
PAY-02785,ORD-00883,credit_card,2024-02-12,114.8,pending
PAY-02914,ORD-00929,credit_card,2024-07-07,274.19,pending
PAY-01483,ORD-00712,apple_pay,,1271.29,pending
PAY-02217,ORD-00652,debit_card,2023-05-21,43.26,failed
PAY-00978,ORD-00564,credit_card,2023-06-30,3024.01,refunded
PAY-02905,ORD-01771,apple_pay,2024-12-07,841.08,success
PAY-00574,ORD-01711,credit_card,2024-07-08,182.32,pending
PAY-02243,ORD-01754,credit_card,2024-01-11,589.79,success
PAY-00659,ORD-02208,gift_card,2024-11-02,137.78,failed
PAY-01540,ORD-01667,credit_card,2022-05-03,2057.4,pending
PAY-03009,ORD-02784,paypal,2023-04-04,474.83,success
PAY-01165,ORD-02968,debit_card,2022-07-30,124.02,success
PAY-03024,ORD-02567,google_pay,2022-03-18,999.11,success
PAY-02798,ORD-02380,debit_card,2024-02-14,626.0,success
PAY-02199,ORD-01803,debit_card,2023-02-19,2282.67,pending
PAY-02999,ORD-01498,credit_card,2023-05-19,1455.89,failed
PAY-02267,ORD-01895,credit_card,2022-10-28,1195.24,success
PAY-01561,ORD-02340,gift_card,2023-06-23,787.21,success
PAY-01067,ORD-01540,paypal,2023-02-12,321.03,success
PAY-02101,ORD-02479,credit_card,2023-10-15,179.34,success
PAY-01532,ORD-00981,apple_pay,2022-07-05,312.66,success
PAY-01107,ORD-00140,paypal,2025-07-07,1225.9,pending
PAY-01747,ORD-02353,gift_card,2022-03-17,1110.15,success
PAY-02649,ORD-00054,???,2024-08-29,378.06,success
PAY-00400,ORD-00010,debit_card,2022-03-17,462.05,success
PAY-01058,ORD-01411,credit_card,2023-09-16,333.75,success
PAY-01078,ORD-00688,bank_transfer,2023-02-02,137.33,failed
PAY-00032,ORD-01935,credit_card,2022-09-26,602.1,success
PAY-00172,ORD-00701,bank_transfer,2023-05-24,118.8,failed
PAY-02142,ORD-01390,paypal,2022-11-02,350.04,pending
PAY-00611,ORD-02948,apple_pay,2024-03-22,248.88,refunded
PAY-00682,ORD-00257,credit_card,2022-12-21,1884.07,success
PAY-02594,ORD-02345,google_pay,2024-04-19,436.18,success
PAY-01815,ORD-01282,debit_card,2022-03-21,606.37,success
PAY-01319,ORD-00118,credit_card,2023-01-18,1044.18,pending
PAY-02048,ORD-00055,apple_pay,2022-12-06,888.29,success
PAY-01661,ORD-02939,paypal,2024-01-05,1173.26,success
PAY-00294,ORD-01300,credit_card,2022-11-24,463.64,success
PAY-02838,ORD-01188,debit_card,2022-06-03,504.66,success
PAY-00489,ORD-02101,credit_card,2023-12-08,681.32,refunded
PAY-02803,ORD-00742,credit_card,2023-12-18,1584.54,pending
PAY-00365,ORD-01268,credit_card,2022-07-17,64.15,pending
PAY-00602,ORD-02560,credit_card,2024-03-22,1386.09,success
PAY-00134,ORD-00905,debit_card,2024-03-21,2124.83,refunded
PAY-02174,ORD-02492,paypal,2022-11-19,542.09,pending
PAY-00475,ORD-01655,credit_card,2022-12-03,510.27,failed
PAY-01363,ORD-01649,apple_pay,2023-02-25,404.52,success
PAY-01274,ORD-01264,credit_card,2022-09-16,1488.07,success
PAY-01869,ORD-00892,gift_card,2023-05-28,88.72,success
PAY-02924,ORD-01111,apple_pay,2023-08-23,284.83,failed
PAY-02164,ORD-01180,credit_card,2022-07-28,96.1,success
PAY-01971,ORD-00128,google_pay,2023-01-01,2102.09,success
PAY-01295,ORD-01789,debit_card,2024-09-09,307.26,pending
PAY-00046,ORD-01677,paypal,2024-05-17,1779.1,success
PAY-01196,ORD-01698,paypal,2022-06-22,85.64,pending
PAY-00167,ORD-02415,credit_card,2023-01-09,638.31,success
PAY-02095,ORD-02206,debit_card,2023-03-17,1246.73,failed
PAY-01178,ORD-00194,bank_transfer,2024-06-05,100.63,success
PAY-02804,ORD-00493,google_pay,2024-02-16,106.33,success
PAY-00254,ORD-01966,debit_card,2024-01-25,3128.23,failed
PAY-02605,ORD-02338,google_pay,,438.36,success
PAY-01001,ORD-00565,paypal,2022-01-09,348.98,success
PAY-02584,ORD-01616,paypal,2023-05-22,499.42,success
PAY-01406,ORD-00196,credit_card,2024-12-29,116.59,failed
PAY-03060,ORD-00175,credit_card,2023-09-20,127.05,pending
PAY-00890,ORD-02382,credit_card,2024-11-26,1523.48,pending
PAY-02640,ORD-02955,bank_transfer,2022-06-18,424.43,refunded
PAY-01692,ORD-01950,apple_pay,2022-06-29,1005.06,pending
PAY-01794,ORD-02066,credit_card,2024-10-11,3941.28,success
PAY-02362,ORD-02628,debit_card,2023-10-23,1428.3,success
PAY-01897,ORD-00580,apple_pay,2024-07-28,174.76,success
PAY-01002,ORD-02742,bank_transfer,2024-12-28,1069.24,success
PAY-00094,ORD-01343,google_pay,2023-01-02,721.18,success
PAY-00888,ORD-01594,bank_transfer,2022-08-21,1024.62,success
PAY-00047,ORD-00319,credit_card,2024-04-20,1417.67,failed
PAY-01221,ORD-01584,google_pay,2022-06-06,1700.72,success
PAY-01621,ORD-02745,google_pay,2022-07-31,1110.31,refunded
PAY-01200,ORD-02074,google_pay,2023-08-20,152.6,success
PAY-01448,ORD-00264,credit_card,2023-08-25,279.33,failed
PAY-02373,ORD-00452,???,2022-10-01,802.11,pending
PAY-01953,ORD-01836,debit_card,2022-09-27,298.38,success
PAY-02840,ORD-01799,gift_card,2022-07-12,1295.16,failed
PAY-01378,ORD-02305,credit_card,2023-10-29,586.22,refunded
PAY-01050,ORD-00836,credit_card,2023-04-21,831.4,success
PAY-01647,ORD-01582,credit_card,2024-01-24,946.17,refunded
PAY-01099,ORD-01965,credit_card,2024-11-13,283.25,success
PAY-00217,ORD-00473,credit_card,2024-11-27,1266.52,success
PAY-00072,ORD-01858,credit_card,2022-01-09,421.85,success
PAY-00956,ORD-02917,credit_card,2024-01-25,14.44,refunded
PAY-02717,ORD-01385,bank_transfer,2022-01-26,7815.6,failed
PAY-00121,ORD-02585,google_pay,2022-11-09,185.36,success
PAY-01901,ORD-01856,credit_card,2024-10-22,564.62,pending
PAY-03018,ORD-00526,credit_card,2023-07-05,239.18,success
PAY-00377,ORD-01244,gift_card,2023-09-18,871.96,refunded
PAY-00887,ORD-01366,bank_transfer,,2043.46,success
PAY-01477,ORD-00767,credit_card,2024-10-01,382.09,success
PAY-02161,ORD-01471,credit_card,2024-04-22,875.89,success
PAY-02523,ORD-02052,bank_transfer,2024-10-14,281.92,refunded
PAY-00565,ORD-00965,credit_card,2022-05-31,969.66,success
PAY-03135,ORD-00360,credit_card,2023-08-15,330.22,pending
PAY-03045,ORD-00890,google_pay,2023-05-26,179.49,success
PAY-01416,ORD-02833,debit_card,2023-05-24,1901.59,success
PAY-01668,ORD-01062,debit_card,2023-02-09,2477.4,success
PAY-02974,ORD-01830,bank_transfer,2023-06-27,1488.46,success
PAY-02539,ORD-01737,credit_card,2024-07-15,380.58,success
PAY-01185,ORD-02875,debit_card,2023-02-20,10.3,success
PAY-00504,ORD-01088,gift_card,2022-12-29,411.92,refunded
PAY-02588,ORD-01852,apple_pay,2024-07-29,1773.09,success
PAY-01334,ORD-00514,credit_card,2024-02-26,174.56,success
PAY-00878,ORD-01358,bank_transfer,2023-07-11,72.86,success
PAY-02208,ORD-00677,debit_card,2022-01-23,171.37,refunded
PAY-00537,ORD-01728,debit_card,2022-10-17,404.96,success
PAY-01810,ORD-00475,gift_card,2023-10-21,124.4,success
PAY-02747,ORD-00461,credit_card,2024-03-08,688.44,refunded
PAY-01817,ORD-00325,debit_card,2024-03-09,17.56,refunded
PAY-00148,ORD-02921,debit_card,2024-08-17,400.98,success
PAY-02002,ORD-00557,credit_card,2024-05-04,389.89,failed
PAY-03101,ORD-02625,bank_transfer,2022-02-12,11.26,success
PAY-02372,ORD-01344,credit_card,2023-03-17,1768.7,pending
PAY-01526,ORD-00524,bank_transfer,,428.08,success
PAY-00747,ORD-00267,paypal,2022-02-15,171.93,success
PAY-01062,ORD-00703,google_pay,2022-10-17,731.6,pending
PAY-00074,ORD-00429,paypal,2022-10-25,267.83,success
PAY-01910,ORD-00318,google_pay,2023-08-16,160.81,success
PAY-00980,ORD-00342,debit_card,2024-01-15,17.45,pending
PAY-00491,ORD-01887,apple_pay,2022-04-11,331.65,success
PAY-00893,ORD-00692,gift_card,2024-05-21,319.63,success
PAY-00768,ORD-00323,debit_card,2023-05-03,2536.59,refunded
PAY-01400,ORD-02777,credit_card,2022-06-15,12.32,success
PAY-02058,ORD-01341,credit_card,2022-10-24,1339.12,failed
PAY-01272,ORD-01722,apple_pay,2024-12-15,29.52,success
PAY-01472,ORD-00459,apple_pay,2023-07-02,339.93,refunded
PAY-01445,ORD-01123,gift_card,2023-01-15,45.89,pending
PAY-03030,ORD-02141,apple_pay,2023-01-16,2390.6,success
PAY-02488,ORD-01127,bank_transfer,,43.4,refunded
PAY-00875,ORD-01185,apple_pay,2022-10-30,1070.98,success
PAY-01244,ORD-02635,credit_card,2022-07-24,3989.21,success
PAY-01128,ORD-00374,debit_card,2024-03-15,503.82,success
PAY-01966,ORD-01829,credit_card,2022-01-06,260.35,success
PAY-01868,ORD-01642,paypal,2024-03-27,32.89,success
PAY-01343,ORD-01318,google_pay,2024-08-26,297.41,refunded
PAY-03142,ORD-00616,apple_pay,2024-05-10,693.01,refunded
PAY-02096,ORD-00867,gift_card,2022-12-19,1402.51,success
PAY-00717,ORD-00542,credit_card,2022-07-12,42.7,refunded
PAY-01663,ORD-00972,google_pay,2023-08-01,225.97,success
PAY-00445,ORD-01257,bank_transfer,2024-04-05,220.22,refunded
PAY-00111,ORD-00962,credit_card,2023-02-19,259.52,failed
PAY-02692,ORD-02689,gift_card,2022-10-09,811.83,failed
PAY-02087,ORD-00537,bank_transfer,2024-09-12,1163.51,success
PAY-01927,ORD-00346,gift_card,2024-01-21,1801.17,success
PAY-00193,ORD-02376,credit_card,2022-06-04,3428.05,pending
PAY-02530,ORD-00258,debit_card,2023-04-15,169.73,success
PAY-01351,ORD-02429,google_pay,2024-12-21,833.23,refunded
PAY-00171,ORD-02632,debit_card,2023-09-18,2073.41,failed
PAY-00465,ORD-00400,credit_card,2022-04-19,1369.55,pending
PAY-02369,ORD-01225,credit_card,2022-11-28,61.26,failed
PAY-02446,ORD-02854,credit_card,2023-07-13,302.62,success
PAY-00063,ORD-01463,debit_card,2024-07-07,14.49,success
PAY-00317,ORD-02161,credit_card,2022-08-25,241.85,refunded
PAY-02326,ORD-00248,apple_pay,2024-10-10,1735.38,failed
PAY-02754,ORD-00843,gift_card,2022-08-17,753.04,success
PAY-02575,ORD-00917,credit_card,2024-03-13,25.59,refunded
PAY-01284,ORD-02691,credit_card,2024-02-13,1672.0,success
PAY-00760,ORD-00659,gift_card,2024-08-31,79.1,refunded
PAY-02170,ORD-00510,apple_pay,2026-09-17,696.09,success
PAY-02120,ORD-00748,credit_card,2023-04-17,377.57,success
PAY-01132,ORD-02713,bank_transfer,2024-05-21,174.16,pending
PAY-01695,ORD-00570,debit_card,2022-02-13,1050.92,success
PAY-00969,ORD-00605,paypal,2023-02-19,261.03,success
PAY-02346,ORD-01938,debit_card,2023-04-20,1413.26,success
PAY-02960,ORD-02993,bank_transfer,2024-03-05,119.46,refunded
PAY-02464,ORD-01807,google_pay,2023-05-09,319.1,refunded
PAY-01630,ORD-02613,debit_card,2023-10-09,300.84,success
PAY-02442,ORD-01668,debit_card,2023-06-22,47.32,failed
PAY-00037,ORD-02816,gift_card,2022-12-30,311.62,success
PAY-00238,ORD-02328,credit_card,2022-02-17,31.4,failed
PAY-02035,ORD-01430,debit_card,2022-06-07,1455.5,success
PAY-00634,ORD-01277,credit_card,2024-01-23,275.92,success
PAY-01299,ORD-02623,apple_pay,2022-05-23,357.96,success
PAY-02629,ORD-00752,google_pay,2024-04-03,763.76,failed
PAY-00714,ORD-00650,UNKNOWN,2022-06-07,414.84,success
PAY-02283,ORD-02032,credit_card,,1233.02,success
PAY-00104,ORD-01527,credit_card,2024-12-28,796.13,success
PAY-01501,ORD-01045,gift_card,2023-04-16,229.53,success
PAY-01678,ORD-01014,apple_pay,2026-05-26,34.58,success
PAY-02360,ORD-00805,apple_pay,2023-09-23,169.33,pending
PAY-02774,ORD-01765,gift_card,2022-03-24,110.54,success
PAY-00908,ORD-00489,credit_card,2024-03-04,284.82,success
PAY-00849,ORD-01484,paypal,2024-06-24,51.88,refunded
PAY-02761,ORD-00949,credit_card,2022-01-31,1173.93,success
PAY-01224,ORD-00647,google_pay,,3661.91,refunded
PAY-02322,ORD-00491,google_pay,2023-02-27,18.01,refunded
PAY-01864,ORD-00869,debit_card,2024-11-16,80.15,failed
PAY-02711,ORD-01525,gift_card,2022-12-11,43.24,success
PAY-00795,ORD-01848,paypal,2024-02-02,1587.8,success
PAY-00897,ORD-02326,credit_card,2022-07-03,471.38,pending
PAY-01550,ORD-00818,paypal,2023-12-18,79.66,failed
PAY-01959,ORD-01166,debit_card,2022-11-10,114.67,success
PAY-01039,ORD-01797,bank_transfer,2022-06-19,252.03,refunded
PAY-03077,ORD-00471,credit_card,2022-05-09,2042.2,refunded
PAY-02801,ORD-02207,google_pay,2024-09-11,246.9,failed
PAY-02565,ORD-01094,debit_card,2024-11-30,42.95,success
PAY-02038,ORD-01606,credit_card,2024-10-20,208.32,pending
PAY-00801,ORD-00145,debit_card,2022-10-18,581.98,refunded
PAY-02704,ORD-02047,gift_card,2024-03-26,50.34,success
PAY-02331,ORD-02163,debit_card,2022-04-28,49.75,success
PAY-01173,ORD-01968,gift_card,2022-10-23,934.68,success
PAY-00129,ORD-02768,debit_card,2022-12-17,29.98,pending
PAY-02296,ORD-00048,credit_card,2022-01-15,19.58,refunded
PAY-00457,ORD-02233,gift_card,2023-03-03,977.6,success
PAY-02578,ORD-02464,google_pay,2022-02-11,1434.86,success
PAY-02237,ORD-01070,apple_pay,2024-01-20,1722.33,failed
PAY-00743,ORD-02540,paypal,2022-11-02,129.98,failed
PAY-01327,ORD-02716,apple_pay,2023-06-23,107.04,success
PAY-00598,ORD-00812,bank_transfer,2022-04-25,922.92,failed
PAY-03076,ORD-01750,debit_card,2024-01-15,95.61,success
PAY-01633,ORD-00637,bank_transfer,2022-02-13,45.46,success
PAY-00817,ORD-00359,paypal,2023-01-31,285.0,success
PAY-03097,ORD-02205,credit_card,2024-06-06,1032.31,failed
PAY-02592,ORD-01561,credit_card,2022-03-10,203.94,refunded
PAY-03063,ORD-02959,apple_pay,2024-05-01,534.53,refunded
PAY-00220,ORD-01835,credit_card,2024-12-01,1107.96,success
PAY-00588,ORD-02819,credit_card,2022-11-30,1107.23,success
PAY-01740,ORD-02381,apple_pay,2022-05-17,578.54,success
PAY-00799,ORD-02570,debit_card,2022-12-01,407.01,success
PAY-01676,ORD-02903,apple_pay,2022-03-24,19.53,success
PAY-02071,ORD-00577,apple_pay,2024-09-09,2127.67,success
PAY-00860,ORD-01958,gift_card,2024-10-28,917.1,failed
PAY-03128,ORD-01695,apple_pay,2022-07-15,317.58,pending
PAY-01214,ORD-00245,gift_card,2024-01-13,27.81,success
PAY-00493,ORD-00274,paypal,2022-04-29,1248.72,pending
PAY-01439,ORD-00084,gift_card,2022-03-13,1265.65,pending
PAY-01502,ORD-01403,debit_card,2023-11-16,1706.57,failed
PAY-01590,ORD-01626,apple_pay,2024-01-30,84.12,success
PAY-00059,ORD-01198,debit_card,2023-01-11,173.82,success
PAY-02651,ORD-02490,bank_transfer,2024-10-20,679.12,success
PAY-01814,ORD-02662,google_pay,2025-06-06,1127.76,success
PAY-00706,ORD-02264,credit_card,2024-11-22,522.8,pending
PAY-02361,ORD-02124,credit_card,2022-06-10,678.31,success
PAY-00407,ORD-02496,debit_card,2024-10-17,171.63,success
PAY-00879,ORD-01526,apple_pay,2024-03-13,1582.31,failed
PAY-02741,ORD-00631,google_pay,2023-02-25,27.79,success
PAY-02679,ORD-00859,google_pay,2022-12-19,1331.38,success
PAY-03094,ORD-02098,debit_card,2022-05-04,577.08,success
PAY-02795,ORD-01702,bank_transfer,2024-10-08,2545.68,success
PAY-00396,ORD-02216,bank_transfer,,274.95,refunded
PAY-01366,ORD-00490,credit_card,2022-11-06,4524.66,success
PAY-03084,ORD-02229,credit_card,2023-01-25,581.28,failed
PAY-01342,ORD-00178,debit_card,2023-06-12,48.42,pending
PAY-00626,ORD-01352,credit_card,2024-11-11,631.79,refunded
PAY-00528,ORD-00214,google_pay,2022-11-21,181.88,failed
PAY-02926,ORD-01278,bank_transfer,2023-08-31,637.5,refunded
PAY-00940,ORD-00997,google_pay,2022-12-30,698.2,success
PAY-01711,ORD-00477,apple_pay,2024-10-16,1155.45,success
PAY-00170,ORD-01049,paypal,2022-09-26,306.45,success
PAY-01206,ORD-02859,paypal,2022-04-24,412.33,success
PAY-01348,ORD-02195,bank_transfer,2024-06-12,133.71,success
PAY-01853,ORD-01566,google_pay,2024-08-22,55.57,success
PAY-00229,ORD-00837,google_pay,2022-06-27,600.66,failed
PAY-03086,ORD-01974,debit_card,2022-10-02,277.3,success
PAY-01426,ORD-02654,credit_card,2023-02-28,1058.18,success
PAY-01580,ORD-02007,credit_card,2022-12-10,192.27,refunded
PAY-03079,ORD-00609,apple_pay,2024-12-21,2105.39,success
PAY-00442,ORD-02541,gift_card,2023-04-29,1541.3,success
PAY-00926,ORD-00784,credit_card,2022-03-30,3059.7,success
PAY-02879,ORD-02075,debit_card,2023-05-17,25.16,failed
PAY-02991,ORD-00030,credit_card,2022-11-10,247.18,success
PAY-03145,ORD-00232,credit_card,2024-12-24,202.06,success
PAY-00979,ORD-01592,debit_card,2024-07-27,562.14,success
PAY-00091,ORD-02889,debit_card,2023-02-22,393.77,success
PAY-02613,ORD-01575,credit_card,2023-01-02,509.3,success
PAY-02757,ORD-01034,bank_transfer,2022-02-23,218.87,success
PAY-02517,ORD-02591,credit_card,2024-04-11,21.65,success
PAY-00622,ORD-01546,google_pay,2024-06-23,295.75,refunded
PAY-02784,ORD-02453,credit_card,2024-11-02,8.71,success
PAY-02783,ORD-02759,debit_card,2024-05-08,1197.64,pending
PAY-00833,ORD-02026,credit_card,2024-04-15,6.16,success
PAY-00627,ORD-01572,paypal,2022-05-03,455.57,success
PAY-00351,ORD-02942,google_pay,2023-07-14,791.24,failed
PAY-02454,ORD-00941,debit_card,2023-06-10,2001.25,success
PAY-00080,ORD-02978,paypal,2022-11-06,166.48,refunded
PAY-02518,ORD-00797,credit_card,2023-07-02,1160.91,success
PAY-00501,ORD-00826,paypal,2023-03-06,1660.52,success
PAY-01120,ORD-01382,credit_card,2022-09-02,37.76,success
PAY-00525,ORD-00860,credit_card,2024-10-16,303.7,refunded
PAY-02493,ORD-01813,gift_card,2022-08-17,95.76,success
PAY-02715,ORD-01433,debit_card,2024-05-03,843.76,success
PAY-01850,ORD-01043,???,2023-10-02,441.94,success
PAY-01841,ORD-00618,apple_pay,2024-01-04,108.2,refunded
PAY-00393,ORD-02937,apple_pay,2022-02-18,1167.53,success
PAY-02655,ORD-02013,apple_pay,2024-06-08,4004.15,success
PAY-01440,ORD-00824,gift_card,2022-03-07,696.44,refunded
PAY-01215,ORD-02419,credit_card,2022-06-25,2186.89,success
PAY-01781,ORD-01562,credit_card,2022-08-17,1979.34,pending
PAY-00349,ORD-02447,apple_pay,2022-11-13,1333.66,success
PAY-00438,ORD-02253,debit_card,2024-10-30,217.52,pending
PAY-02935,ORD-01173,credit_card,2022-09-12,1180.11,success
PAY-01233,ORD-01874,bank_transfer,2022-03-23,2266.56,success
PAY-00145,ORD-01652,credit_card,2022-03-29,108.48,success
PAY-02978,ORD-02029,debit_card,2022-02-06,1364.18,failed
PAY-01522,ORD-02202,google_pay,2023-12-01,1126.66,success
PAY-01728,ORD-01065,debit_card,2024-04-24,2107.84,success
PAY-00057,ORD-00300,paypal,2023-12-24,170.35,failed
PAY-00828,ORD-02519,credit_card,,40.87,success
PAY-01639,ORD-02862,debit_card,2024-12-16,1291.75,success
PAY-02028,ORD-01764,google_pay,2024-06-30,1637.99,success
PAY-00679,ORD-01044,credit_card,2022-04-24,746.45,success
PAY-01291,ORD-01414,apple_pay,2024-01-02,1012.71,failed
PAY-01059,ORD-01215,paypal,2022-09-01,1244.24,success
PAY-02314,ORD-00522,credit_card,2024-01-31,594.41,success
PAY-01637,ORD-02109,debit_card,2024-03-10,76.55,success
PAY-01935,ORD-01902,gift_card,2022-08-17,334.12,success
PAY-02461,ORD-01146,debit_card,2024-03-24,153.53,failed
PAY-00352,ORD-00646,debit_card,2022-06-17,277.67,pending
PAY-02054,ORD-02748,debit_card,2023-01-08,393.48,success
PAY-01265,ORD-00466,apple_pay,2024-12-06,371.01,success
PAY-00358,ORD-01303,UNKNOWN,2023-11-22,28.5,refunded
PAY-01545,ORD-00943,gift_card,2022-10-02,440.81,refunded
PAY-02455,ORD-01535,paypal,2022-01-15,75.28,success
PAY-00230,ORD-00726,bank_transfer,2023-10-07,253.65,success
PAY-00379,ORD-02048,credit_card,2024-05-21,264.3,success
PAY-00571,ORD-02812,credit_card,2024-09-07,177.02,failed
PAY-03034,ORD-00874,google_pay,2022-05-10,83.17,success
PAY-00039,ORD-01104,gift_card,2022-03-13,329.92,failed
PAY-00604,ORD-02805,debit_card,2024-02-08,324.96,refunded
PAY-00691,ORD-00291,credit_card,2024-07-20,153.92,success
PAY-01032,ORD-02890,debit_card,2023-09-22,459.11,failed
PAY-00631,ORD-02198,debit_card,,512.42,refunded
PAY-02791,ORD-02694,gift_card,2022-05-21,311.6,success
PAY-01783,ORD-00762,credit_card,2023-07-07,82.81,pending
PAY-01803,ORD-02513,debit_card,2024-02-01,1402.12,success
PAY-00719,ORD-02822,google_pay,2023-03-03,217.35,pending
PAY-01510,ORD-00515,gift_card,2022-10-29,4035.66,success
PAY-01582,ORD-01143,credit_card,2024-12-11,542.25,success
PAY-02563,ORD-01921,google_pay,2023-05-09,285.99,success
PAY-01838,ORD-01189,credit_card,2022-11-09,6.35,refunded
PAY-02599,ORD-00110,credit_card,2024-07-03,144.46,failed
PAY-01800,ORD-00141,gift_card,2024-05-07,3605.78,success
PAY-00512,ORD-01320,paypal,2023-06-08,1057.66,success
PAY-01697,ORD-00985,debit_card,2024-01-16,339.89,success
PAY-01921,ORD-00540,credit_card,2023-08-13,45.6,success
PAY-02186,ORD-01464,apple_pay,2022-10-23,68.42,success
PAY-02336,ORD-02878,paypal,2022-06-19,641.68,success
PAY-02766,ORD-00133,credit_card,2024-05-08,188.86,success
PAY-02886,ORD-01458,credit_card,2023-06-27,442.05,success
PAY-00762,ORD-00234,credit_card,2023-07-28,10.43,success
PAY-02863,ORD-00891,google_pay,2022-08-10,663.64,failed
PAY-00847,ORD-01020,debit_card,2023-06-25,387.05,pending
PAY-00912,ORD-01654,credit_card,2024-02-15,209.19,pending
PAY-02084,ORD-02774,credit_card,2023-08-27,2753.38,success
PAY-02936,ORD-01137,debit_card,2022-03-13,2116.43,success
PAY-02044,ORD-01743,credit_card,2023-07-08,29.92,refunded
PAY-00809,ORD-02248,paypal,2024-12-31,968.73,failed
PAY-00665,ORD-02200,credit_card,2024-05-17,374.0,success
PAY-02399,ORD-02299,credit_card,2024-12-20,1474.92,success
PAY-00511,ORD-02518,bank_transfer,2024-06-20,55.63,pending
PAY-01631,ORD-02824,paypal,2022-07-10,1676.88,success
PAY-00369,ORD-02503,apple_pay,2022-03-20,609.93,failed
PAY-02166,ORD-01420,debit_card,2023-01-09,158.05,success
PAY-01307,ORD-02165,debit_card,2022-09-12,54.74,pending
PAY-02042,ORD-02536,debit_card,2024-04-07,1860.82,pending
PAY-01249,ORD-00293,google_pay,2024-04-10,2618.42,success
PAY-00943,ORD-01093,debit_card,2024-01-05,277.59,refunded
PAY-01820,ORD-00658,debit_card,2024-12-22,929.6,success
PAY-02683,ORD-02739,paypal,2022-05-28,131.94,pending
PAY-03031,ORD-02920,bank_transfer,2023-03-15,495.24,pending
PAY-00667,ORD-01208,bank_transfer,2022-05-15,317.67,failed
PAY-00208,ORD-02037,google_pay,2023-05-13,1023.61,refunded
PAY-02017,ORD-00275,paypal,2023-07-20,209.85,failed
PAY-01665,ORD-02068,debit_card,2023-03-05,144.16,success
PAY-00468,ORD-00042,gift_card,2022-09-08,311.52,success
PAY-01374,ORD-02704,paypal,2023-06-17,112.3,failed
PAY-00873,ORD-01213,credit_card,2024-10-27,349.72,success
PAY-00596,ORD-01599,debit_card,2022-10-20,724.07,success
PAY-00751,ORD-02799,other,2023-12-05,1684.43,success
PAY-02264,ORD-01346,google_pay,2022-11-02,270.33,refunded
PAY-02122,ORD-01784,credit_card,2024-07-01,62.79,success
PAY-00137,ORD-00225,debit_card,2023-07-30,888.61,success
PAY-01727,ORD-00204,paypal,2023-03-10,66.42,failed
PAY-02428,ORD-01441,credit_card,2024-06-25,69.84,pending
PAY-01329,ORD-00693,google_pay,2022-03-24,53.02,success
PAY-01646,ORD-01675,credit_card,2024-01-30,240.11,success
PAY-01306,ORD-01995,debit_card,2024-02-29,129.54,refunded
PAY-00901,ORD-01982,debit_card,2023-06-04,22.56,refunded
PAY-01849,ORD-02352,debit_card,2024-08-01,47.42,pending
PAY-00373,ORD-02452,bank_transfer,2024-07-11,15.01,refunded
PAY-01957,ORD-01410,debit_card,2022-05-06,1381.86,success
PAY-01146,ORD-01843,bank_transfer,2024-08-30,259.71,pending
PAY-00767,ORD-00333,debit_card,2023-07-15,1054.54,success
PAY-00985,ORD-02339,bank_transfer,2024-08-06,5129.73,success
PAY-00130,ORD-02354,google_pay,2024-06-04,1884.67,pending
PAY-00466,ORD-00733,paypal,2025-01-01,1597.81,success
PAY-02889,ORD-02033,apple_pay,2023-04-28,660.62,success
PAY-01572,ORD-00848,credit_card,2024-08-04,695.42,success
PAY-01860,ORD-00417,credit_card,2022-03-06,5257.39,success
PAY-01954,ORD-00946,google_pay,2022-11-30,100.44,refunded
PAY-00876,ORD-02930,gift_card,2023-08-18,1600.68,success
PAY-02194,ORD-00247,google_pay,2023-05-31,1023.07,success
PAY-01131,ORD-00872,credit_card,2022-10-14,1115.66,success
PAY-01973,ORD-00035,google_pay,2023-04-21,75.73,success
PAY-00099,ORD-02688,credit_card,2024-09-27,122.95,success
PAY-00984,ORD-02388,apple_pay,2024-02-06,46.99,failed
PAY-01805,ORD-00095,google_pay,2024-02-13,628.29,refunded
PAY-02273,ORD-00804,debit_card,2024-01-18,803.16,refunded
PAY-01055,ORD-00038,credit_card,2024-10-09,48.87,refunded
PAY-02289,ORD-02523,debit_card,2024-02-10,1136.24,success
PAY-03090,ORD-00807,paypal,2023-06-05,670.41,pending
PAY-02681,ORD-01500,credit_card,2023-08-07,73.08,refunded
PAY-02616,ORD-02149,debit_card,2024-11-17,157.32,success
PAY-00275,ORD-00545,gift_card,2023-01-29,416.23,failed
PAY-00054,ORD-00233,apple_pay,2023-04-10,341.42,refunded
PAY-00179,ORD-02569,gift_card,2024-11-28,269.31,success
PAY-02623,ORD-00306,credit_card,2023-09-30,160.58,success
PAY-01422,ORD-00606,credit_card,2023-05-15,399.03,refunded
PAY-03110,ORD-00349,debit_card,2022-01-25,1428.97,success
PAY-01654,ORD-02803,credit_card,2024-12-22,53.54,success
PAY-01531,ORD-02620,credit_card,2024-12-05,33.04,pending
PAY-02397,ORD-02331,debit_card,2024-05-29,924.58,success
PAY-01965,ORD-00746,paypal,2024-06-02,1999.91,success
PAY-01691,ORD-02730,debit_card,2023-03-12,1119.15,success
PAY-02365,ORD-01949,paypal,2024-08-25,106.13,failed
PAY-01297,ORD-02143,paypal,2024-03-05,4640.57,success
PAY-00850,ORD-01905,debit_card,2023-07-04,837.79,refunded
PAY-01735,ORD-01091,bank_transfer,2024-07-01,319.07,failed
PAY-00409,ORD-00353,credit_card,2024-11-11,207.52,refunded
PAY-01175,ORD-02466,debit_card,2024-09-17,532.11,pending
PAY-02069,ORD-01515,bank_transfer,2023-09-06,1091.08,pending
PAY-01469,ORD-00655,credit_card,2022-03-30,253.83,success
PAY-01768,ORD-01880,credit_card,2022-10-06,29.23,failed
PAY-00975,ORD-01543,credit_card,2024-08-20,148.86,success
PAY-02386,ORD-01162,bank_transfer,2022-10-08,719.28,success
PAY-00486,ORD-02838,debit_card,2022-01-12,470.25,success
PAY-01310,ORD-02589,debit_card,2022-01-05,1500.86,pending
PAY-01899,ORD-00129,apple_pay,2023-07-27,152.5,pending
PAY-02827,ORD-01269,debit_card,2022-10-09,920.99,refunded
PAY-00265,ORD-01330,bank_transfer,2022-09-10,166.45,success
PAY-01878,ORD-02670,credit_card,2022-05-30,80.72,success
PAY-00920,ORD-00329,apple_pay,2023-01-29,410.08,pending
PAY-00648,ORD-00904,apple_pay,2022-04-04,100.22,success
PAY-01750,ORD-02722,apple_pay,2024-04-26,845.17,success
PAY-00599,ORD-02324,credit_card,2022-11-14,335.63,failed
PAY-00942,ORD-01780,apple_pay,2022-03-09,124.38,refunded
PAY-01325,ORD-01531,credit_card,2024-04-22,178.61,pending
PAY-01844,ORD-00730,bank_transfer,2023-09-02,154.75,success
PAY-00608,ORD-00531,debit_card,2024-02-05,434.46,success
PAY-02147,ORD-02545,credit_card,2022-09-14,1998.94,success
PAY-02483,ORD-00532,apple_pay,2023-11-01,119.25,refunded
PAY-01320,ORD-01349,gift_card,2023-10-05,1450.97,refunded
PAY-01189,ORD-01869,credit_card,,713.79,success
PAY-02466,ORD-00111,credit_card,2024-03-25,467.7,failed
PAY-02355,ORD-02292,bank_transfer,2024-07-04,147.72,failed
PAY-02910,ORD-01134,credit_card,2023-08-08,17.59,failed
PAY-01361,ORD-01422,bank_transfer,2024-12-18,2022.14,success
PAY-01909,ORD-01589,credit_card,2022-04-09,536.16,success
PAY-00863,ORD-02855,credit_card,2024-04-22,1419.79,success
PAY-00068,ORD-02423,credit_card,2022-02-26,117.44,success
PAY-02510,ORD-00823,gift_card,2022-08-26,833.6,success
PAY-02921,ORD-00284,paypal,2022-06-19,375.46,failed
PAY-00981,ORD-01313,gift_card,2023-12-16,691.78,success
PAY-00310,ORD-01002,credit_card,2022-02-27,372.12,success
PAY-02413,ORD-02887,gift_card,2022-03-07,329.66,success
PAY-02786,ORD-01071,paypal,2023-05-11,2376.88,failed
PAY-00531,ORD-02796,gift_card,2023-02-09,596.95,success
PAY-01807,ORD-01795,google_pay,2024-08-16,233.85,success
PAY-01464,ORD-00539,credit_card,2024-09-26,448.09,failed
PAY-00615,ORD-02902,bank_transfer,2023-04-02,341.78,pending
PAY-00711,ORD-01150,debit_card,2023-03-26,14.57,failed
PAY-01359,ORD-01901,paypal,2022-07-26,662.77,success
PAY-00123,ORD-00715,debit_card,2024-03-08,2086.88,success
PAY-01273,ORD-01800,google_pay,2022-07-24,618.7,success
PAY-02519,ORD-02663,apple_pay,2023-09-03,58.75,success
PAY-00223,ORD-00067,google_pay,2022-11-13,1441.37,failed
PAY-01139,ORD-01427,bank_transfer,2024-05-02,1239.0,refunded
PAY-01218,ORD-00109,google_pay,2023-08-31,4923.3,success
PAY-00418,ORD-02918,google_pay,2022-03-06,2051.4,success
PAY-00300,ORD-02715,apple_pay,2022-05-12,164.55,failed
PAY-02680,ORD-02327,google_pay,2024-09-05,65.86,success
PAY-01263,ORD-00066,debit_card,2022-12-24,20.26,failed
PAY-02846,ORD-00939,credit_card,2024-09-03,1396.16,refunded
PAY-03089,ORD-02790,debit_card,2022-01-24,2221.47,pending
PAY-01792,ORD-01037,credit_card,2024-12-10,35.32,success
PAY-02374,ORD-02185,apple_pay,2022-05-15,1663.33,pending
PAY-01677,ORD-01228,credit_card,2023-02-23,2124.52,success
PAY-00303,ORD-00573,google_pay,2023-07-10,1200.36,failed
PAY-02327,ORD-02227,gift_card,2024-09-30,199.82,success
PAY-01436,ORD-00159,credit_card,2022-06-13,4989.9,refunded
PAY-02339,ORD-01679,debit_card,2022-02-26,395.74,success
PAY-02950,ORD-02683,paypal,2022-07-13,1132.37,success
PAY-01950,ORD-01971,gift_card,2024-02-02,2502.01,pending
PAY-00520,ORD-01210,gift_card,2022-11-11,1188.43,success
PAY-01904,ORD-02906,debit_card,2023-03-06,15.34,refunded
PAY-02812,ORD-00052,gift_card,2022-11-12,95.17,success
PAY-00103,ORD-02204,apple_pay,2023-06-14,952.15,success
PAY-02479,ORD-00989,bank_transfer,2023-03-13,129.58,success
PAY-01527,ORD-01309,credit_card,2023-10-09,1378.51,pending
PAY-02304,ORD-01018,debit_card,2022-05-05,2994.01,refunded
PAY-02975,ORD-02051,debit_card,2022-10-08,516.8,success
PAY-01041,ORD-02884,debit_card,2023-11-22,1040.45,refunded
PAY-01266,ORD-02641,paypal,2023-09-22,569.49,failed
PAY-01010,ORD-01947,bank_transfer,2023-08-30,66.22,success
PAY-01460,ORD-01153,bank_transfer,2024-11-29,711.26,success
PAY-02072,ORD-02622,debit_card,2022-01-15,254.09,success
PAY-02052,ORD-02009,debit_card,2024-03-09,203.15,success
PAY-00337,ORD-01865,credit_card,2024-02-25,728.21,failed
PAY-02197,ORD-02680,credit_card,2024-07-13,675.5,refunded
PAY-02512,ORD-00690,credit_card,2023-03-12,396.09,success
PAY-01425,ORD-00716,paypal,2022-06-03,771.68,success
PAY-02897,ORD-02594,debit_card,2022-05-29,1902.63,success
PAY-00188,ORD-01455,bank_transfer,2024-08-06,232.0,refunded
PAY-00380,ORD-02094,debit_card,2024-05-24,64.14,pending
PAY-02733,ORD-02283,debit_card,2022-03-03,902.67,success
PAY-01330,ORD-00680,debit_card,2024-04-30,358.51,pending
PAY-01380,ORD-02395,debit_card,2024-09-11,216.78,pending
PAY-01229,ORD-01453,google_pay,2023-11-07,331.7,success
PAY-01087,ORD-00174,apple_pay,2024-05-06,718.98,success
PAY-02930,ORD-01565,credit_card,2023-03-11,545.44,success
PAY-02153,ORD-02980,credit_card,2024-04-11,169.07,success
PAY-01367,ORD-01918,debit_card,2022-02-14,270.55,pending
PAY-02775,ORD-02402,credit_card,2023-10-20,690.91,success
PAY-02932,ORD-02421,credit_card,2023-08-13,1719.6,refunded
PAY-01403,ORD-00442,debit_card,2024-10-01,1005.68,refunded
PAY-02441,ORD-02844,debit_card,2024-05-12,998.19,success
PAY-02219,ORD-00509,bank_transfer,2023-05-26,513.28,pending
PAY-03058,ORD-02322,gift_card,2023-11-14,297.67,pending
PAY-02657,ORD-00734,credit_card,2023-01-18,33.65,success
PAY-01190,ORD-02242,apple_pay,2024-08-24,47.64,success
PAY-00252,ORD-02266,bank_transfer,2022-04-22,53.29,failed
PAY-03049,ORD-02128,paypal,2022-06-18,219.37,refunded
PAY-02852,ORD-00863,gift_card,2024-09-21,538.12,failed
PAY-02224,ORD-00021,gift_card,2023-03-27,2523.92,success
PAY-02748,ORD-00376,credit_card,2022-05-21,41.72,refunded
PAY-00931,ORD-02615,bank_transfer,2024-07-24,1569.77,failed
PAY-00036,ORD-00169,credit_card,2023-10-18,207.05,failed
PAY-00082,ORD-02558,debit_card,2022-04-04,631.29,refunded
PAY-01198,ORD-01853,credit_card,2023-03-15,696.92,success
PAY-00836,ORD-01946,credit_card,2024-02-12,486.45,failed
PAY-02232,ORD-00884,gift_card,2024-07-16,1192.02,success
PAY-00102,ORD-02482,credit_card,2024-03-31,868.78,refunded
PAY-01478,ORD-02139,gift_card,2024-05-20,211.01,failed
PAY-00855,ORD-01557,debit_card,2024-12-07,582.51,pending
PAY-01280,ORD-01298,credit_card,2024-07-17,1351.12,success
PAY-01797,ORD-00861,apple_pay,2022-05-15,1382.06,success
PAY-00535,ORD-01641,bank_transfer,2024-07-15,31.09,success
PAY-00793,ORD-01329,google_pay,,142.24,refunded
PAY-02844,ORD-01317,google_pay,2023-08-19,956.97,success
PAY-00139,ORD-02601,bank_transfer,2023-05-09,868.3,success
PAY-02252,ORD-00483,credit_card,2022-07-19,741.97,failed
PAY-02860,ORD-00900,credit_card,2023-05-26,602.28,pending
PAY-01240,ORD-02030,credit_card,2022-10-22,652.35,success
PAY-01553,ORD-01505,apple_pay,2022-10-05,110.53,refunded
PAY-02973,ORD-00324,credit_card,2022-11-11,193.38,success
PAY-01575,ORD-00132,google_pay,2024-12-26,428.58,success
PAY-00921,ORD-01069,debit_card,2023-05-09,1588.84,failed
PAY-02896,ORD-01240,paypal,2022-12-18,153.15,success
PAY-02209,ORD-00088,credit_card,2024-04-04,2102.47,success
PAY-00447,ORD-00243,google_pay,2023-06-10,874.1,failed
PAY-01168,ORD-00172,credit_card,2023-09-08,1106.12,failed
PAY-02075,ORD-02113,google_pay,2024-11-21,2806.66,failed
PAY-00097,ORD-00998,google_pay,2023-09-04,445.53,refunded
PAY-01375,ORD-02886,paypal,2022-09-05,59.98,success
PAY-03004,ORD-01357,google_pay,2023-07-08,24.95,success
PAY-01762,ORD-02839,apple_pay,2022-10-19,1296.01,failed
PAY-01649,ORD-02840,credit_card,2022-08-19,776.15,pending
PAY-01081,ORD-00266,debit_card,2023-05-18,210.83,success
PAY-02328,ORD-01773,credit_card,2022-08-31,681.29,refunded
PAY-00832,ORD-00495,debit_card,2023-05-15,48.56,success
PAY-02266,ORD-00873,google_pay,2023-04-26,1676.46,pending
PAY-00408,ORD-01844,gift_card,2023-01-01,179.57,failed
PAY-01070,ORD-01097,apple_pay,2022-09-12,2078.8,refunded
PAY-00454,ORD-01041,paypal,2024-09-08,220.93,refunded
PAY-01082,ORD-02368,google_pay,2022-11-22,29.3,refunded
PAY-01046,ORD-00995,credit_card,,702.02,pending
PAY-01564,ORD-01027,apple_pay,2022-04-07,826.3,success
PAY-02877,ORD-01951,apple_pay,2022-05-03,479.03,success
PAY-03065,ORD-00331,paypal,2024-04-26,1334.16,pending
PAY-00672,ORD-02425,credit_card,2024-03-15,1244.81,failed
PAY-02215,ORD-00155,credit_card,2023-09-26,205.47,success
PAY-00739,ORD-00002,credit_card,2022-12-15,958.26,failed
PAY-00788,ORD-00719,google_pay,2024-12-06,44.98,success
PAY-01443,ORD-00197,???,2022-11-10,316.97,failed
PAY-01281,ORD-02104,debit_card,2024-08-16,513.98,refunded
PAY-02168,ORD-00973,gift_card,2022-10-16,915.76,success
PAY-00966,ORD-01882,google_pay,2022-07-03,459.35,pending
PAY-00581,ORD-01959,credit_card,2023-06-13,678.28,pending
PAY-02400,ORD-01615,google_pay,2022-09-08,143.21,success
PAY-00152,ORD-02158,credit_card,2024-11-05,109.2,pending
PAY-01556,ORD-02412,debit_card,2022-11-04,935.05,failed
PAY-03048,ORD-02526,debit_card,2022-10-07,1862.26,success
PAY-01541,ORD-01387,gift_card,2023-07-15,278.2,success
PAY-02969,ORD-02994,google_pay,2024-03-30,137.2,success
PAY-02359,ORD-00967,gift_card,2022-10-01,280.6,refunded
PAY-01360,ORD-02142,bank_transfer,2024-05-04,193.11,success
PAY-00326,ORD-02749,paypal,2023-07-10,443.01,success
PAY-00653,ORD-01961,google_pay,2023-07-20,970.44,refunded
PAY-01384,ORD-02257,bank_transfer,2024-01-20,413.53,success
PAY-00367,ORD-01996,credit_card,2024-04-29,213.37,success
PAY-02482,ORD-01038,debit_card,2022-07-15,51.54,success
PAY-02323,ORD-02220,gift_card,2023-12-19,1886.15,pending
PAY-00073,ORD-01242,apple_pay,2023-07-13,530.54,refunded
PAY-00597,ORD-01280,paypal,2024-12-30,59.55,success
PAY-02911,ORD-01134,credit_card,2023-08-06,10.85,refunded
PAY-02802,ORD-02642,debit_card,2024-01-17,682.83,failed
PAY-01567,ORD-01699,debit_card,2024-06-28,132.37,pending
PAY-00056,ORD-01209,credit_card,2024-02-03,1915.52,success
PAY-02787,ORD-01748,bank_transfer,2023-07-29,841.61,refunded
PAY-01793,ORD-01061,google_pay,2023-09-15,845.71,pending
PAY-01450,ORD-00098,debit_card,2022-01-07,527.96,success
PAY-01992,ORD-00241,google_pay,2024-08-25,1561.86,success
PAY-03113,ORD-00507,debit_card,2022-04-30,39.56,success
PAY-02580,ORD-00794,credit_card,2024-05-01,139.56,success
PAY-00685,ORD-01768,bank_transfer,2023-02-27,73.84,pending
PAY-02352,ORD-01031,debit_card,2023-01-17,373.99,success
PAY-02180,ORD-01197,credit_card,2022-05-27,514.83,success
PAY-00378,ORD-00107,credit_card,2024-11-21,131.01,success
PAY-02453,ORD-02180,apple_pay,2022-02-01,619.25,success
PAY-02424,ORD-00724,credit_card,2022-05-19,50.43,success
PAY-02607,ORD-02785,credit_card,2024-09-05,272.33,success
PAY-02176,ORD-00574,apple_pay,2022-09-08,664.65,success
PAY-01565,ORD-01016,credit_card,2023-11-21,332.92,refunded
PAY-02740,ORD-02652,apple_pay,2024-03-10,331.82,pending
PAY-00568,ORD-00407,apple_pay,2024-11-17,200.99,failed
PAY-00033,ORD-02800,bank_transfer,2023-05-08,1108.68,success
PAY-00266,ORD-02971,google_pay,2024-08-23,613.17,failed
PAY-02822,ORD-00027,credit_card,2023-08-06,1249.76,success
PAY-02148,ORD-00347,credit_card,2022-12-10,771.7,success
PAY-01134,ORD-00026,gift_card,2022-01-30,268.54,success
PAY-00203,ORD-00666,bank_transfer,2023-08-28,918.29,success
PAY-00778,ORD-02489,bank_transfer,2022-09-30,846.69,refunded
PAY-00065,ORD-00781,gift_card,2023-07-30,88.6,failed
PAY-01601,ORD-02901,apple_pay,2024-03-08,492.24,success
PAY-00965,ORD-02559,credit_card,2024-12-29,1506.93,success
PAY-03125,ORD-02510,apple_pay,2022-08-19,45.44,refunded
PAY-00249,ORD-02897,google_pay,2024-06-26,321.68,success
PAY-00789,ORD-02298,bank_transfer,2024-10-10,1103.4,refunded
PAY-02462,ORD-01432,credit_card,2022-01-09,232.55,success
PAY-02624,ORD-00641,gift_card,2022-06-01,445.65,success
PAY-00361,ORD-00506,bank_transfer,2022-01-20,153.92,success
PAY-00240,ORD-00288,google_pay,2022-12-31,122.74,success
PAY-02730,ORD-01941,google_pay,2022-01-05,77.66,refunded
PAY-01688,ORD-00528,bank_transfer,2022-11-08,809.96,pending
PAY-00391,ORD-01407,credit_card,2024-05-06,3588.22,success
PAY-01771,ORD-00090,???,2024-12-10,587.87,refunded
PAY-00306,ORD-01361,debit_card,2023-12-10,218.95,success
PAY-01395,ORD-02176,bank_transfer,2024-07-16,62.36,success
PAY-01659,ORD-01249,N/A,2024-12-31,309.9,success
PAY-01586,ORD-00426,credit_card,2023-12-15,145.11,pending
PAY-03092,ORD-01087,credit_card,2023-08-02,1284.33,success
PAY-00729,ORD-00760,google_pay,2023-01-09,435.18,success
PAY-00700,ORD-01723,apple_pay,2024-12-07,402.91,success
PAY-02765,ORD-01119,apple_pay,2024-03-01,1014.52,pending
PAY-00601,ORD-01806,google_pay,2024-04-30,197.45,success
PAY-02828,ORD-02907,bank_transfer,2023-04-20,252.13,refunded
PAY-01796,ORD-02685,debit_card,2023-05-02,837.49,success
PAY-01211,ORD-00478,credit_card,2023-12-04,551.16,pending
PAY-00410,ORD-01956,google_pay,2023-05-20,1377.42,success
PAY-01486,ORD-01775,credit_card,2024-06-13,57.12,success
PAY-02793,ORD-00676,bank_transfer,2022-07-17,644.96,refunded
PAY-02311,ORD-02474,credit_card,2024-05-07,116.7,success
PAY-02407,ORD-01617,google_pay,2022-09-19,282.28,success
PAY-01900,ORD-02809,debit_card,2027-05-21,818.12,success
PAY-00333,ORD-02478,credit_card,2023-10-01,486.84,success
PAY-00948,ORD-01930,debit_card,2024-02-17,6535.26,success
PAY-01821,ORD-02348,bank_transfer,2024-06-29,516.26,failed
PAY-01353,ORD-02557,debit_card,2022-12-13,721.24,success
PAY-01638,ORD-02092,credit_card,2023-02-14,14.73,success
PAY-02300,ORD-01827,google_pay,2022-06-08,106.07,failed
PAY-02541,ORD-00019,gift_card,2024-11-08,1930.5,success
PAY-02587,ORD-00744,debit_card,2022-05-30,2510.17,success
PAY-02917,ORD-00397,google_pay,2024-01-08,2209.43,success
PAY-00277,ORD-01059,debit_card,2024-01-25,83.11,success
PAY-01494,ORD-00756,apple_pay,2022-03-22,304.59,success
PAY-01154,ORD-02881,apple_pay,2024-04-02,1606.31,failed
PAY-01881,ORD-02217,paypal,2024-11-16,155.13,success
PAY-00234,ORD-00866,credit_card,2024-06-01,537.27,success
PAY-02248,ORD-02821,google_pay,2022-03-18,287.39,failed
PAY-02008,ORD-01573,bank_transfer,2024-04-05,1785.12,success
PAY-00881,ORD-01987,paypal,,256.71,failed
PAY-03027,ORD-00589,google_pay,2023-06-29,611.23,refunded
PAY-01316,ORD-00644,google_pay,2022-06-16,386.63,success
PAY-02381,ORD-02535,apple_pay,2024-11-26,741.82,pending
PAY-01235,ORD-01287,credit_card,2024-02-23,452.28,success
PAY-02387,ORD-02736,gift_card,2023-12-30,77.23,failed
PAY-02955,ORD-00559,credit_card,2023-12-07,3094.94,pending
PAY-01143,ORD-01682,debit_card,2023-09-24,328.4,refunded
PAY-02129,ORD-01778,gift_card,2024-06-24,1098.54,success
PAY-03121,ORD-02720,paypal,2022-04-23,1432.7,pending
PAY-00780,ORD-00263,google_pay,2023-06-26,2437.3,success
PAY-01027,ORD-01712,bank_transfer,2023-03-23,481.07,success
PAY-02445,ORD-02665,credit_card,2022-10-06,56.38,refunded
PAY-01009,ORD-00538,bank_transfer,2024-06-06,82.75,success
PAY-01497,ORD-00513,debit_card,2022-03-19,288.1,success
PAY-00839,ORD-02832,paypal,2024-04-07,1922.87,refunded
PAY-00088,ORD-01276,gift_card,2023-09-26,810.51,success
PAY-01525,ORD-02495,debit_card,2023-06-08,330.92,success
PAY-00356,ORD-02189,paypal,2023-05-13,1950.6,failed
PAY-00225,ORD-02718,bank_transfer,2022-02-12,1485.06,refunded
PAY-01069,ORD-02922,paypal,2023-05-05,995.29,success
PAY-01521,ORD-00460,google_pay,2024-09-12,1003.83,success
PAY-00031,ORD-01477,debit_card,2024-02-03,20.01,success
PAY-01684,ORD-00398,google_pay,2022-05-10,715.8,pending
PAY-02043,ORD-00846,debit_card,2024-01-21,1806.11,refunded
PAY-01317,ORD-00932,debit_card,2022-12-14,363.42,failed
PAY-00829,ORD-00470,debit_card,2022-10-11,349.75,success
PAY-01084,ORD-01926,paypal,2023-01-16,97.82,pending
PAY-00800,ORD-02973,gift_card,,231.61,success
PAY-01423,ORD-01964,apple_pay,2024-01-22,344.3,success
PAY-01879,ORD-01139,credit_card,2023-01-18,874.95,success
PAY-01258,ORD-01465,paypal,2024-04-01,139.98,success
PAY-02834,ORD-01279,credit_card,2024-07-31,454.09,success
PAY-00898,ORD-00707,debit_card,2022-02-06,822.04,success
PAY-01698,ORD-00599,credit_card,2023-05-29,365.35,success
PAY-01162,ORD-00434,google_pay,2022-08-08,856.6,success
PAY-00011,ORD-02780,debit_card,2023-11-11,2496.07,refunded
PAY-00894,ORD-01630,google_pay,2023-10-11,1231.79,success
PAY-02794,ORD-02201,credit_card,2022-04-02,907.89,success
PAY-00242,ORD-02929,gift_card,2023-02-26,115.15,failed
PAY-02134,ORD-00563,google_pay,2024-05-06,516.51,refunded
PAY-02568,ORD-02924,debit_card,2024-03-22,621.02,success
PAY-01176,ORD-01883,credit_card,2022-10-08,835.33,success
PAY-02636,ORD-00436,debit_card,2024-04-11,655.66,pending
PAY-01885,ORD-00102,credit_card,2024-04-09,340.13,success
PAY-00573,ORD-02758,gift_card,2022-09-28,175.82,refunded
PAY-00899,ORD-01112,bank_transfer,2023-01-13,2004.59,pending
PAY-00494,ORD-00798,credit_card,2022-07-04,2385.65,refunded
PAY-02115,ORD-02472,credit_card,2023-04-04,404.75,failed
PAY-00635,ORD-01356,paypal,2022-10-26,525.05,success
PAY-00366,ORD-01645,credit_card,2023-03-07,442.64,pending
PAY-01744,ORD-02400,bank_transfer,2024-10-23,33.56,success
PAY-03127,ORD-00069,google_pay,2022-02-05,2879.38,success
PAY-02152,ORD-01342,apple_pay,2024-08-31,34.14,success
PAY-03021,ORD-01274,debit_card,2023-12-13,770.4,refunded
PAY-02106,ORD-01854,google_pay,2022-02-24,441.69,failed
PAY-01275,ORD-01878,gift_card,2022-07-16,711.66,success
PAY-01884,ORD-00115,gift_card,2022-02-18,1909.71,failed
PAY-00413,ORD-02302,debit_card,2022-03-30,56.3,success
PAY-00086,ORD-01022,credit_card,2022-02-13,1263.87,success
PAY-02146,ORD-01991,debit_card,2024-07-08,102.06,pending
PAY-00231,ORD-02507,debit_card,2023-12-26,1283.57,success
PAY-03029,ORD-02184,paypal,2022-01-20,503.34,refunded
PAY-00403,ORD-02426,credit_card,2024-09-14,1508.1,success
PAY-00576,ORD-02522,debit_card,2022-11-13,858.83,failed
PAY-01079,ORD-00216,gift_card,2026-10-04,1527.65,success
PAY-00224,ORD-02179,debit_card,2022-05-06,1058.96,success
PAY-02818,ORD-01650,google_pay,2024-08-20,3667.4,pending
PAY-00550,ORD-01818,credit_card,2024-03-28,473.2,success
PAY-00276,ORD-01243,debit_card,2022-02-17,340.57,failed
PAY-02143,ORD-01761,UNKNOWN,2023-04-12,29.55,failed
PAY-02957,ORD-00421,credit_card,2024-09-09,24.24,pending
PAY-00826,ORD-01129,google_pay,2024-12-24,1192.92,success
PAY-00766,ORD-01633,???,2022-05-29,191.3,success
PAY-02319,ORD-00980,gift_card,2025-09-03,404.27,refunded
PAY-01753,ORD-00498,credit_card,2023-03-28,1544.43,success
PAY-00339,ORD-02271,credit_card,2022-11-12,999.94,success
PAY-01110,ORD-02265,google_pay,2022-06-30,230.29,refunded
PAY-01246,ORD-01718,credit_card,2023-11-27,526.48,success
PAY-01467,ORD-01663,gift_card,2024-07-07,926.18,success
PAY-02430,ORD-01126,debit_card,2024-12-26,354.42,success
PAY-01026,ORD-00687,bank_transfer,2022-04-07,821.12,success
PAY-01710,ORD-02972,google_pay,2022-01-17,1663.03,success
PAY-02947,ORD-02879,debit_card,2024-08-20,123.45,success
PAY-00431,ORD-01760,debit_card,2024-08-31,1161.13,success
PAY-01749,ORD-02028,credit_card,2022-10-18,123.31,success
PAY-03002,ORD-01023,apple_pay,2022-01-17,682.82,failed
PAY-02029,ORD-00755,gift_card,2024-06-12,201.4,success
PAY-00503,ORD-00265,credit_card,2022-11-14,191.93,success
PAY-01748,ORD-00005,N/A,2024-07-01,1214.31,success
PAY-02989,ORD-01808,debit_card,2023-03-30,310.49,pending
PAY-00331,ORD-02893,google_pay,2024-05-05,921.64,success
PAY-02491,ORD-01429,credit_card,2023-08-08,1233.18,success
PAY-00854,ORD-00344,debit_card,2024-03-19,1714.56,success
PAY-02502,ORD-01081,debit_card,2022-09-04,621.35,success
PAY-00028,ORD-01316,debit_card,2023-05-07,759.61,failed
PAY-00016,ORD-02515,paypal,2024-02-18,208.39,success
PAY-01704,ORD-01980,google_pay,2023-03-12,927.18,success
PAY-02255,ORD-00237,bank_transfer,2024-09-11,576.96,success
PAY-02253,ORD-00775,apple_pay,2022-08-12,233.08,pending
PAY-02570,ORD-01585,debit_card,2024-02-13,138.11,success
PAY-01833,ORD-01555,paypal,2022-03-09,276.65,pending
PAY-02036,ORD-01232,debit_card,2024-11-09,1156.49,success
PAY-00307,ORD-01321,paypal,2024-08-03,1049.64,success
PAY-03123,ORD-00942,paypal,2022-11-16,243.09,success
PAY-00108,ORD-02590,paypal,2023-09-15,320.42,refunded
PAY-00790,ORD-01308,credit_card,2022-06-16,172.31,success
PAY-01076,ORD-02080,other,2022-01-12,742.93,pending
PAY-00483,ORD-00623,paypal,2024-04-19,8311.56,pending
PAY-01357,ORD-00578,apple_pay,2024-11-16,32.43,success
PAY-02890,ORD-02753,bank_transfer,2022-10-09,618.03,success
PAY-02440,ORD-01241,debit_card,2023-09-24,2013.8,success
PAY-01848,ORD-01148,gift_card,2023-06-25,130.72,failed
PAY-02806,ORD-02252,debit_card,2022-08-02,493.92,pending
PAY-02351,ORD-00881,???,2023-04-05,135.27,success
PAY-00519,ORD-00799,paypal,2024-03-17,1188.1,refunded
PAY-01702,ORD-02815,credit_card,2024-01-22,1425.2,refunded
PAY-01104,ORD-01467,debit_card,2023-06-27,53.28,success
PAY-01023,ORD-00361,gift_card,2023-02-09,46.98,success
PAY-02979,ORD-02237,paypal,2024-04-23,11.32,success
PAY-00752,ORD-02469,paypal,2022-07-25,403.87,success
PAY-01736,ORD-01147,bank_transfer,2023-06-14,1374.01,success
PAY-01544,ORD-02505,credit_card,2022-07-22,946.78,success
PAY-02839,ORD-00057,credit_card,2024-03-17,150.02,refunded
PAY-02318,ORD-01635,credit_card,2023-07-09,217.17,refunded
PAY-03133,ORD-02945,google_pay,2022-07-02,661.08,success
PAY-01255,ORD-01363,debit_card,2022-07-08,3152.03,failed
PAY-01964,ORD-01229,google_pay,2022-08-23,105.69,pending
PAY-00469,ORD-00663,bank_transfer,2024-12-19,356.69,pending
PAY-00158,ORD-02223,debit_card,2022-05-29,4359.57,refunded
PAY-01664,ORD-02451,gift_card,2022-11-16,278.26,success
PAY-02995,ORD-02866,paypal,2024-09-02,61.47,refunded
PAY-01560,ORD-01741,bank_transfer,2022-05-17,1743.7,refunded
PAY-01772,ORD-00355,gift_card,2025-06-16,210.4,pending
PAY-01181,ORD-00768,N/A,2023-08-13,1377.95,refunded
PAY-01554,ORD-02222,gift_card,2023-06-13,2228.99,success
PAY-02971,ORD-00530,credit_card,2022-12-06,1672.55,success
PAY-02444,ORD-02665,paypal,2022-10-05,33.1,pending
PAY-01133,ORD-00961,google_pay,2024-08-20,2350.37,success
PAY-02077,ORD-01689,google_pay,2022-07-25,440.11,success
PAY-00038,ORD-02172,credit_card,2022-04-07,1931.48,success
PAY-02805,ORD-00634,google_pay,2022-12-09,1711.56,success
PAY-01476,ORD-01285,credit_card,2023-03-15,3391.59,refunded
PAY-02526,ORD-01943,google_pay,2022-05-15,749.7,success
PAY-01437,ORD-02529,credit_card,2023-07-26,1309.86,refunded
PAY-01017,ORD-02543,bank_transfer,2022-09-09,1035.78,success
PAY-02671,ORD-00366,apple_pay,2024-07-05,28.23,success
PAY-01987,ORD-00304,credit_card,2023-11-09,186.83,success
PAY-01955,ORD-00853,paypal,2024-06-14,1037.11,success
PAY-02270,ORD-01042,google_pay,2024-11-09,2103.12,refunded
PAY-00428,ORD-02274,bank_transfer,2023-05-29,328.37,success
PAY-00725,ORD-02810,credit_card,2022-07-05,88.8,success
PAY-02047,ORD-00909,debit_card,2024-06-10,3145.96,success
PAY-00777,ORD-02166,paypal,2023-10-24,3768.61,success
PAY-02474,ORD-02599,google_pay,2022-05-21,355.4,failed
PAY-01928,ORD-00062,credit_card,2023-01-04,1473.18,pending
PAY-01289,ORD-02025,credit_card,2023-05-07,287.83,pending
PAY-01623,ORD-01729,bank_transfer,2023-10-16,345.78,refunded
PAY-02903,ORD-01915,apple_pay,2024-08-09,925.41,failed
PAY-01836,ORD-01840,credit_card,2023-11-16,1326.09,failed
PAY-01774,ORD-02156,bank_transfer,2022-07-14,379.67,success
PAY-01140,ORD-00783,credit_card,2022-09-01,32.81,refunded
PAY-00505,ORD-01469,apple_pay,2022-10-27,699.75,success
PAY-00271,ORD-02367,gift_card,2022-09-17,100.45,success
PAY-01922,ORD-02256,credit_card,2024-05-09,609.26,success
PAY-01867,ORD-00384,credit_card,2024-10-04,176.67,pending
PAY-00372,ORD-02452,paypal,2024-07-10,12.41,success
PAY-00248,ORD-02967,bank_transfer,2023-02-25,236.99,success
PAY-00459,ORD-00632,bank_transfer,2022-11-23,75.04,refunded
PAY-01529,ORD-00535,paypal,2023-04-04,39.98,refunded
PAY-02061,ORD-02727,bank_transfer,2024-08-04,1234.4,success
PAY-02665,ORD-02396,google_pay,2022-09-10,210.94,refunded
PAY-02394,ORD-01990,google_pay,2023-02-10,1061.68,failed
PAY-02883,ORD-02568,paypal,2024-01-03,30.85,refunded
PAY-01452,ORD-01376,debit_card,2026-11-11,349.61,success
PAY-00824,ORD-02789,credit_card,2022-12-01,285.17,success
PAY-02320,ORD-00747,paypal,2022-09-19,196.33,success
PAY-02261,ORD-01193,credit_card,2023-06-21,4862.83,success
PAY-01262,ORD-02384,apple_pay,2023-06-13,1235.22,success
PAY-02155,ORD-02394,apple_pay,2022-06-22,141.33,success
PAY-00584,ORD-02300,debit_card,2022-12-08,22.47,success
PAY-00996,ORD-01538,gift_card,2023-12-28,903.5,pending
PAY-02246,ORD-01050,paypal,2022-08-02,276.75,refunded
PAY-00464,ORD-02403,debit_card,2024-04-06,265.79,success
PAY-01641,ORD-00511,gift_card,2024-12-13,376.49,success
PAY-00580,ORD-00516,credit_card,2022-10-20,319.79,pending
PAY-01816,ORD-00192,paypal,2024-08-19,33.54,success
PAY-00765,ORD-00410,apple_pay,2022-02-18,1994.55,success
PAY-03099,ORD-01152,credit_card,2022-05-09,241.53,failed
PAY-01256,ORD-02637,credit_card,2027-09-18,59.01,success
PAY-03023,ORD-00611,debit_card,2022-02-05,53.93,pending
PAY-01210,ORD-02598,credit_card,2022-05-17,692.4,success
PAY-01388,ORD-00083,gift_card,2023-01-19,2026.24,success
PAY-03039,ORD-01850,debit_card,2023-11-27,1418.27,failed
PAY-00336,ORD-02584,apple_pay,2024-09-01,1045.14,refunded
PAY-02487,ORD-01816,gift_card,2022-04-05,2486.55,success
PAY-02892,ORD-01236,debit_card,2023-05-24,63.29,refunded
PAY-00354,ORD-02132,google_pay,2022-10-21,969.22,pending
PAY-01045,ORD-02398,gift_card,2024-09-14,615.3,success
PAY-01326,ORD-01730,gift_card,2024-12-07,65.38,pending
PAY-01030,ORD-00290,credit_card,2024-11-30,14.98,refunded
PAY-01514,ORD-02869,paypal,2024-04-20,200.86,failed
PAY-01269,ORD-00386,debit_card,2026-06-01,26.42,refunded
PAY-00723,ORD-02278,credit_card,2023-12-25,3265.88,failed
PAY-00792,ORD-00193,debit_card,2022-11-10,89.04,success
PAY-00748,ORD-00267,debit_card,2022-02-15,143.78,success
PAY-02576,ORD-01252,debit_card,2022-02-07,861.76,success
PAY-01088,ORD-01604,debit_card,2024-06-19,1666.6,success
PAY-02782,ORD-02759,credit_card,2024-05-08,767.36,refunded
PAY-01566,ORD-01016,bank_transfer,2023-11-21,417.28,success
PAY-01412,ORD-00039,gift_card,2024-04-15,17.14,success
PAY-01626,ORD-01924,apple_pay,2024-03-29,71.45,failed
PAY-01216,ORD-01107,credit_card,2023-04-01,90.52,refunded
PAY-02244,ORD-00339,debit_card,2022-09-02,1082.82,failed
PAY-00077,ORD-00244,other,2024-09-26,260.6,pending
PAY-00415,ORD-02997,apple_pay,2023-08-28,1297.0,success
PAY-00877,ORD-01955,google_pay,2024-10-19,503.74,success
PAY-03001,ORD-01032,paypal,2022-04-06,348.93,success
PAY-01570,ORD-01828,apple_pay,2024-05-17,425.38,failed
PAY-00444,ORD-01511,google_pay,2022-10-20,196.69,pending
PAY-01368,ORD-02306,bank_transfer,2022-06-19,199.03,refunded
PAY-00594,ORD-00562,bank_transfer,2024-07-23,94.48,success
PAY-02723,ORD-02627,apple_pay,2022-04-10,56.93,failed
PAY-01034,ORD-01692,gift_card,2023-10-25,43.99,success
PAY-02212,ORD-02818,debit_card,2023-02-25,1930.23,pending
PAY-01743,ORD-02668,debit_card,2022-04-21,3940.33,success
PAY-01159,ORD-01671,apple_pay,2023-10-22,353.82,success
PAY-02049,ORD-02640,credit_card,2023-01-31,33.51,success
PAY-00144,ORD-00012,debit_card,2022-07-02,509.01,success
PAY-00325,ORD-00096,credit_card,2023-11-01,104.9,success
PAY-02234,ORD-00171,debit_card,2022-08-14,1028.94,success
PAY-01985,ORD-01744,bank_transfer,2024-02-14,1998.29,success
PAY-01990,ORD-00445,google_pay,2024-04-23,140.51,success
PAY-00517,ORD-02015,debit_card,2024-01-21,47.4,refunded
PAY-01166,ORD-02630,debit_card,2024-06-10,211.96,success
PAY-00509,ORD-01090,bank_transfer,2022-02-23,989.01,failed
PAY-00603,ORD-01033,google_pay,2022-10-18,933.74,success
PAY-02079,ORD-02011,google_pay,2022-04-18,124.97,pending
PAY-00532,ORD-00469,credit_card,2024-03-04,570.66,success
PAY-00821,ORD-01367,google_pay,2022-07-03,40.04,refunded
PAY-00150,ORD-02137,gift_card,2023-08-11,19.47,success
PAY-02738,ORD-00485,debit_card,2023-07-03,893.45,failed
PAY-02062,ORD-02798,debit_card,2024-01-25,1039.83,refunded
PAY-01127,ORD-02114,credit_card,2022-06-15,314.82,success
PAY-02229,ORD-02711,credit_card,2022-10-29,294.36,success
PAY-02699,ORD-00855,debit_card,2022-07-28,588.86,success
PAY-00324,ORD-00096,apple_pay,2023-11-03,86.52,success
PAY-00843,ORD-02817,credit_card,2022-09-24,591.4,success
PAY-00487,ORD-00925,credit_card,2023-06-27,870.91,pending
PAY-02855,ORD-02390,credit_card,2022-05-20,814.61,pending
PAY-02694,ORD-02361,credit_card,2024-04-09,309.94,refunded
PAY-01035,ORD-02136,bank_transfer,2024-10-09,49.07,pending
PAY-02952,ORD-00391,credit_card,2024-06-30,31.15,refunded
PAY-01656,ORD-00638,credit_card,,346.33,success
PAY-00344,ORD-01272,apple_pay,2023-07-12,683.14,success
PAY-01629,ORD-02940,apple_pay,2022-02-19,2585.73,success
PAY-01402,ORD-02572,google_pay,2024-02-28,944.27,refunded
PAY-00355,ORD-00665,google_pay,2022-03-29,361.59,failed
PAY-00143,ORD-02991,credit_card,2023-02-06,124.29,success
PAY-02057,ORD-02721,debit_card,2024-02-04,874.02,success
PAY-02030,ORD-00431,google_pay,2022-03-30,370.02,refunded
PAY-00092,ORD-00645,debit_card,2022-01-24,678.48,success
PAY-01394,ORD-00992,credit_card,2022-03-15,2381.01,success
PAY-00350,ORD-01426,paypal,2023-05-10,1182.55,refunded
PAY-00917,ORD-02043,paypal,2024-05-15,1830.76,success
PAY-00079,ORD-01942,credit_card,2024-02-11,102.52,pending
PAY-00191,ORD-01502,credit_card,2022-12-01,45.81,success
PAY-00663,ORD-02432,google_pay,2022-09-27,470.49,success
PAY-01193,ORD-00964,debit_card,2024-12-04,355.58,success
PAY-01481,ORD-01347,debit_card,2022-03-08,474.98,success
PAY-00695,ORD-02122,debit_card,2022-07-26,48.36,success
PAY-00164,ORD-01495,apple_pay,2022-12-08,1446.97,success
PAY-00629,ORD-01703,bank_transfer,2024-11-05,572.2,refunded
PAY-02236,ORD-01070,debit_card,2024-01-19,1002.93,pending
PAY-02385,ORD-00286,credit_card,2026-07-01,154.26,failed
PAY-02739,ORD-00743,paypal,2023-11-20,3125.29,failed
PAY-01645,ORD-02831,debit_card,2023-02-26,114.09,pending
PAY-02050,ORD-02321,debit_card,2024-09-19,45.9,success
PAY-00697,ORD-00166,debit_card,2024-07-24,121.85,success
PAY-00312,ORD-01416,google_pay,2023-02-08,891.53,success
PAY-00540,ORD-02709,google_pay,2022-04-19,116.79,success
PAY-00270,ORD-02084,credit_card,2023-04-07,772.55,failed
PAY-02572,ORD-01491,debit_card,2024-01-01,1310.23,refunded
PAY-01461,ORD-01396,gift_card,2023-03-27,4569.62,success
PAY-02417,ORD-01670,debit_card,2024-12-28,44.26,success
PAY-01294,ORD-02646,credit_card,2027-07-20,220.94,success
PAY-01475,ORD-00208,credit_card,2023-05-25,34.09,refunded
PAY-01813,ORD-01186,credit_card,2022-06-09,1151.53,pending
PAY-02503,ORD-02494,apple_pay,2023-12-10,661.29,success
PAY-02393,ORD-00806,paypal,2024-10-06,413.61,success
PAY-01301,ORD-00146,credit_card,2024-07-28,1024.88,pending
PAY-00197,ORD-00186,credit_card,2023-10-05,1178.03,success
PAY-00864,ORD-01536,google_pay,2022-03-19,44.87,success
PAY-02378,ORD-01787,paypal,2024-08-28,496.42,pending
PAY-02220,ORD-00222,paypal,2024-03-02,77.48,success
PAY-02216,ORD-02700,gift_card,2024-08-08,73.78,refunded
PAY-03022,ORD-01289,debit_card,2023-06-12,75.74,success
PAY-00100,ORD-00200,credit_card,2023-05-10,89.99,success
PAY-00117,ORD-01259,paypal,2023-08-27,3504.72,success
PAY-01859,ORD-00764,credit_card,2023-11-24,274.58,success
PAY-01158,ORD-00058,credit_card,2022-06-12,101.4,success
PAY-00051,ORD-01757,google_pay,2022-07-11,53.7,success
PAY-02074,ORD-00603,credit_card,2026-01-04,43.66,failed
PAY-01371,ORD-02977,credit_card,2024-01-05,30.01,success
PAY-02721,ORD-02167,paypal,2023-01-15,141.69,success
PAY-03038,ORD-01157,debit_card,2024-08-05,252.69,success
PAY-00189,ORD-02060,debit_card,2022-11-07,1019.31,refunded
PAY-01530,ORD-00870,apple_pay,2024-07-01,70.64,success
PAY-00154,ORD-00025,bank_transfer,2023-04-16,751.12,refunded
PAY-02337,ORD-00130,credit_card,2023-10-16,298.4,success
PAY-01007,ORD-01223,credit_card,2024-03-24,17.0,success
PAY-01405,ORD-01810,credit_card,2024-07-16,289.36,success
PAY-02927,ORD-01890,gift_card,2022-06-03,1349.6,success
PAY-00194,ORD-02731,debit_card,2023-04-16,773.56,success
PAY-02900,ORD-02864,credit_card,2023-11-18,1120.56,refunded
PAY-00654,ORD-02851,debit_card,2022-02-18,645.31,pending
PAY-01513,ORD-02147,paypal,2022-12-10,1037.01,success
PAY-01715,ORD-01514,credit_card,2023-10-14,483.46,success
PAY-00853,ORD-00009,google_pay,2023-10-08,677.01,success
PAY-01350,ORD-02228,gift_card,2023-08-14,1207.43,pending
PAY-01690,ORD-02038,debit_card,2022-06-20,1518.34,success
PAY-02650,ORD-02486,gift_card,2023-04-19,145.27,success
PAY-01157,ORD-01537,credit_card,2022-04-23,1141.79,pending
PAY-01895,ORD-00754,paypal,2024-10-10,780.63,success
PAY-03115,ORD-02941,debit_card,2024-01-20,913.08,success
PAY-00955,ORD-00714,gift_card,2022-12-06,340.86,success
PAY-02962,ORD-01598,credit_card,2024-12-05,121.91,failed
PAY-00810,ORD-01548,google_pay,2023-09-23,83.96,refunded
PAY-02695,ORD-01379,apple_pay,2024-08-01,1209.0,success
PAY-00488,ORD-00925,credit_card,2023-06-30,842.46,refunded
PAY-00200,ORD-00135,credit_card,2023-05-28,708.85,success
PAY-01097,ORD-01687,debit_card,2024-08-01,188.22,failed
PAY-00852,ORD-00813,bank_transfer,2024-08-14,310.86,success
PAY-01930,ORD-00453,paypal,2024-05-31,174.27,success
PAY-02597,ORD-01563,paypal,2024-03-02,393.72,success
PAY-00910,ORD-02491,apple_pay,2022-11-10,321.25,success
PAY-03075,ORD-02175,bank_transfer,2024-11-08,905.38,success
PAY-01283,ORD-02552,apple_pay,2022-02-14,570.88,failed
PAY-00322,ORD-00575,gift_card,2024-03-08,691.35,pending
PAY-02185,ORD-02246,debit_card,2023-07-23,109.76,pending
PAY-02878,ORD-00379,paypal,2022-09-22,727.7,success
PAY-02734,ORD-01916,credit_card,2024-06-30,278.92,success
PAY-00041,ORD-00467,apple_pay,2022-10-27,737.46,success
PAY-00688,ORD-01666,gift_card,2022-09-06,55.1,success
PAY-00907,ORD-00489,debit_card,2024-03-02,190.65,success
PAY-01358,ORD-02898,paypal,2024-11-13,280.24,success
PAY-01893,ORD-02409,debit_card,2022-04-16,416.82,success
PAY-00182,ORD-00567,google_pay,2022-02-06,13.22,success
PAY-01401,ORD-02860,google_pay,2022-03-04,430.54,success
PAY-00640,ORD-01871,credit_card,2023-06-29,89.65,success
PAY-02078,ORD-00031,apple_pay,2024-05-22,806.61,success
PAY-02470,ORD-01290,credit_card,2022-03-01,469.96,success
PAY-02622,ORD-02656,google_pay,2024-11-24,30.05,refunded
PAY-01843,ORD-01554,gift_card,2022-12-24,26.37,success
PAY-03107,ORD-01110,bank_transfer,2022-11-12,1845.6,pending
PAY-00330,ORD-02899,debit_card,2023-12-21,347.63,pending
PAY-00652,ORD-01398,apple_pay,2023-02-17,1133.6,success
PAY-01976,ORD-02606,gift_card,2022-06-25,1842.05,success
PAY-00737,ORD-01896,debit_card,2024-04-08,2709.86,failed
PAY-01113,ORD-02153,apple_pay,2022-09-12,320.76,pending
PAY-02121,ORD-02461,paypal,2024-08-05,1556.98,success
PAY-01886,ORD-01678,credit_card,2024-04-11,69.4,pending
PAY-01763,ORD-02839,gift_card,2022-10-17,1212.11,pending
PAY-01071,ORD-02119,debit_card,2024-07-30,483.88,pending
PAY-02294,ORD-02005,credit_card,2023-05-04,992.69,success
PAY-01500,ORD-01045,apple_pay,2023-04-17,312.5,failed
PAY-02263,ORD-01167,credit_card,2022-05-13,563.73,refunded
PAY-00411,ORD-01351,debit_card,2022-12-19,398.42,success
PAY-02468,ORD-01060,bank_transfer,2024-03-19,30.19,refunded
PAY-01952,ORD-00544,google_pay,2023-11-10,195.96,success
PAY-00935,ORD-01415,gift_card,2023-07-23,90.78,pending
PAY-03053,ORD-01673,debit_card,2022-09-05,1466.79,success
PAY-00662,ORD-02517,credit_card,2024-01-20,26.4,success
PAY-02123,ORD-01784,debit_card,2024-07-01,117.75,pending
PAY-01304,ORD-00654,credit_card,2023-10-22,1224.79,success
PAY-02138,ORD-02845,bank_transfer,2024-03-16,87.32,success
PAY-00363,ORD-01133,debit_card,2022-02-21,800.27,success
PAY-01413,ORD-00969,debit_card,2022-10-14,346.72,failed
PAY-00669,ORD-01608,debit_card,2024-12-19,308.76,refunded
PAY-03114,ORD-02913,debit_card,2022-06-21,775.0,pending
PAY-00498,ORD-02621,apple_pay,2023-12-25,4543.22,failed
PAY-00690,ORD-02054,credit_card,2024-06-21,8153.28,pending
PAY-00043,ORD-00352,apple_pay,2024-10-01,900.62,refunded
PAY-02752,ORD-02135,credit_card,2024-04-02,1938.15,failed
PAY-00405,ORD-02090,google_pay,2024-09-04,448.37,pending
PAY-02284,ORD-02705,apple_pay,2023-07-12,64.03,failed
PAY-00797,ORD-02671,gift_card,2024-09-29,24.53,refunded
PAY-02521,ORD-02778,debit_card,2023-07-02,414.53,failed
PAY-01725,ORD-01549,credit_card,2024-05-29,173.96,pending
PAY-02537,ORD-01394,credit_card,2022-08-28,258.28,success
PAY-00386,ORD-01928,debit_card,2023-05-24,1629.69,success
PAY-00591,ORD-00868,debit_card,2023-06-18,638.36,refunded
PAY-00755,ORD-00070,credit_card,2024-11-23,883.21,pending
PAY-02025,ORD-02169,gift_card,2022-03-20,323.17,success
PAY-01337,ORD-02647,bank_transfer,2022-09-29,185.17,failed
PAY-00283,ORD-01802,credit_card,2022-09-23,99.3,success
PAY-03064,ORD-02058,apple_pay,2023-01-07,470.87,success
PAY-01056,ORD-02288,gift_card,2024-11-14,1372.03,failed
PAY-02899,ORD-00188,paypal,2022-02-19,242.34,refunded
PAY-02398,ORD-00153,bank_transfer,2024-10-23,622.77,pending
PAY-02591,ORD-01892,credit_card,2024-01-07,220.65,success
PAY-02172,ORD-02829,debit_card,2023-02-09,1580.05,success
PAY-00125,ORD-02308,gift_card,2022-07-01,194.25,pending
PAY-02673,ORD-02573,credit_card,2024-09-05,192.35,failed
PAY-00214,ORD-00351,paypal,2024-05-22,691.72,success
PAY-02463,ORD-01807,credit_card,2023-05-11,192.25,success
PAY-01923,ORD-02256,debit_card,2024-05-07,939.37,success
PAY-00100,ORD-00558,apple_pay,2024-10-14,481.74,success
PAY-01465,ORD-01733,credit_card,2022-05-30,724.68,success
PAY-02175,ORD-00160,debit_card,2023-01-13,997.99,pending
PAY-00246,ORD-02444,apple_pay,2024-12-31,48.37,success
PAY-02211,ORD-00803,credit_card,2022-06-06,155.32,refunded
PAY-01898,ORD-00129,paypal,2023-07-26,329.19,success
PAY-02968,ORD-01936,debit_card,2024-01-07,70.23,pending
PAY-00794,ORD-00036,paypal,2022-06-21,6834.1,refunded
PAY-02617,ORD-00011,debit_card,2023-06-28,2483.76,success
PAY-02472,ORD-02148,credit_card,2023-06-26,363.32,success
PAY-01192,ORD-01419,debit_card,2024-04-11,2514.76,pending
PAY-01591,ORD-02744,credit_card,2023-11-11,2321.6,success
PAY-03140,ORD-02564,credit_card,2022-01-09,573.6,failed
PAY-00892,ORD-02781,google_pay,2022-09-17,896.5,refunded
PAY-02745,ORD-01267,debit_card,2023-08-17,288.68,failed
PAY-02363,ORD-02628,debit_card,2023-10-23,1278.8,failed
PAY-01484,ORD-02387,apple_pay,2022-08-24,933.66,failed
PAY-00500,ORD-00779,gift_card,2023-10-27,149.92,success
PAY-02334,ORD-02764,debit_card,2024-10-03,356.19,failed
PAY-00021,ORD-02944,paypal,2024-10-24,184.35,success
PAY-01865,ORD-00252,debit_card,2024-12-06,816.2,success
PAY-00308,ORD-00708,paypal,2022-08-31,195.05,failed
PAY-01346,ORD-00454,credit_card,2022-03-10,840.2,refunded
PAY-01490,ORD-00668,apple_pay,2022-02-18,280.35,success
PAY-00605,ORD-02773,apple_pay,2022-12-11,168.22,success
PAY-00880,ORD-00162,debit_card,2022-10-02,124.75,success
PAY-00272,ORD-02582,credit_card,2024-12-31,1090.63,success
PAY-00549,ORD-01770,credit_card,2023-11-18,870.88,success
PAY-02126,ORD-02596,debit_card,2023-04-06,70.28,success
PAY-01612,ORD-01368,paypal,2022-09-27,1544.9,success
PAY-00233,ORD-01779,google_pay,2023-11-09,293.23,success
PAY-02114,ORD-02707,credit_card,2024-08-14,787.06,success
PAY-02547,ORD-01911,gift_card,2022-09-16,1036.63,refunded
PAY-02415,ORD-02116,paypal,2024-10-12,578.98,pending
PAY-00959,ORD-01326,debit_card,2024-04-24,149.12,refunded
PAY-02354,ORD-02317,apple_pay,2024-11-02,427.47,success
