session_id,customer_id,page_url,event_type,event_timestamp,device_type,browser,referrer_source
SESS-000001,CUST-0077,/blog,page_view,2024-10-15 23:21:49,mobile,Firefox,affiliate
SESS-000002,CUST-0173,/products/electronics,page_view,2024-10-14 15:44:38,mobile,Safari,instagram
SESS-000003,CUST-0144,/returns,scroll,2024-08-23 12:57:29,tablet,Firefox,bing
SESS-000004,,/products/home,remove_from_cart,2024-04-27 23:20:39,desktop,Chrome,instagram
SESS-000005,CUST-0217,/checkout,search,2024-11-03 12:07:43,desktop,Chrome,email_campaign
SESS-000006,CUST-0175,/blog,page_view,2024-04-11 02:22:01,mobile,Chrome,bing
SESS-000007,CUST-0394,/products/clothing,video_play,2024-11-28 15:58:19,desktop,Chrome,
SESS-000008,,/blog,page_view,2024-06-25 18:33:04,mobile,Edge,instagram
SESS-000009,,/checkout,search,2024-11-30 07:54:37,desktop,Edge,direct
SESS-000010,,/products/clothing,video_play,2024-12-14 17:46:23,tablet,Edge,bing
SESS-000011,,/checkout/payment,video_play,2024-05-24 00:56:41,mobile,Safari,affiliate
SESS-000012,CUST-0467,/,remove_from_cart,2024-03-27 11:07:48,mobile,Samsung Internet,bing
SESS-000013,CUST-0299,/checkout/payment,add_to_cart,2024-03-25 05:37:22,mobile,Edge,google
SESS-000014,,/cart,remove_from_cart,2024-08-20 09:40:08,desktop,Samsung Internet,tiktok
SESS-000015,CUST-0221,/account,scroll,2024-11-23 16:20:23,tablet,Firefox,
SESS-000016,,/products/home,video_play,2024-11-05 23:13:45,desktop,Chrome,google
SESS-000017,,/blog,search,2024-04-12 21:05:52,mobile,Edge,facebook
SESS-000018,,/blog,remove_from_cart,2024-07-30 21:11:08,desktop,Chrome,google
SESS-000019,,/checkout/confirmation,page_view,2024-05-22 02:09:19,mobile,Samsung Internet,bing
SESS-000020,CUST-0266,/products/clothing,page_view,2024-09-29 08:37:59,mobile,Safari,
SESS-000021,CUST-0088,/products,page_view,2024-03-07 04:41:42,mobile,Chrome,instagram
SESS-000022,CUST-0126,/products/electronics,add_to_cart,2024-06-25 22:23:10,mobile,Chrome,facebook
SESS-000023,,/products/sports,remove_from_cart,2024-12-05 12:32:00,mobile,Chrome,google
SESS-000024,,/cart,page_view,2024-04-07 21:28:41,mobile,Chrome,affiliate
SESS-000025,CUST-0385,/cart,search,2024-10-14 22:25:41,mobile,Chrome,affiliate
SESS-000026,CUST-0182,/,click,2024-12-07 13:17:56,desktop,Chrome,direct
SESS-000027,CUST-0252,/account/wishlist,search,2024-03-01 00:03:31,tablet,Safari,bing
SESS-000028,,/checkout,page_view,2024-09-24 05:16:46,desktop,Firefox,bing
SESS-000029,,/checkout,page_view,2024-09-14 13:59:37,mobile,Safari,instagram
SESS-000030,,/account/orders,purchase,2024-11-15 21:00:03,mobile,Chrome,facebook
SESS-000031,CUST-0326,/search,remove_from_cart,2024-08-28 18:41:16,bot,Bingbot,instagram
SESS-000032,CUST-0443,/products,page_view,2024-01-09 13:35:14,desktop,Chrome,tiktok
SESS-000033,CUST-0124,/account/wishlist,add_to_cart,2024-11-21 16:16:14,mobile,Chrome,affiliate
SESS-000034,CUST-0319,/search,video_play,2024-06-11 21:53:36,mobile,Safari,twitter
SESS-000035,,/products/sports,purchase,2024-06-27 01:36:57,desktop,Chrome,instagram
SESS-000036,,/blog,click,2024-09-10 22:40:00,mobile,Safari,
SESS-000037,CUST-0489,/contact,click,2024-08-31 11:25:59,mobile,Chrome,direct
SESS-000038,,/search,search,2024-08-13 13:25:31,desktop,Firefox,affiliate
SESS-000039,CUST-0113,/search,page_view,2024-03-23 08:24:05,tablet,Edge,tiktok
SESS-000040,CUST-0070,/products/sports,remove_from_cart,2024-02-12 11:40:37,mobile,Edge,twitter
SESS-000041,CUST-0288,/,remove_from_cart,2024-10-12 05:02:22,desktop,Chrome,email_campaign
SESS-000042,CUST-0172,/account/wishlist,click,2024-08-21 00:21:37,mobile,Samsung Internet,tiktok
SESS-000043,CUST-0137,/checkout,page_view,2024-11-12 17:29:01,tablet,Chrome,tiktok
SESS-000044,CUST-0114,/account/orders,remove_from_cart,2024-10-19 06:20:33,tablet,Samsung Internet,bing
SESS-000045,,/products,add_to_cart,2024-12-06 08:24:38,desktop,Chrome,direct
SESS-000046,,/products/books,add_to_cart,2024-03-20 21:15:51,mobile,Edge,facebook
SESS-000047,,/about,remove_from_cart,2024-03-26 16:28:27,tablet,Chrome,affiliate
SESS-000048,CUST-0378,/contact,video_play,2024-07-31 12:25:24,mobile,Safari,tiktok
SESS-000049,,/account/orders,page_view,2024-10-03 09:12:40,mobile,Chrome,facebook
SESS-000050,,/account,page_view,2024-07-04 15:35:20,mobile,Chrome,direct
SESS-000051,CUST-0467,/cart,begin_checkout,2024-10-29 20:21:33,tablet,Chrome,twitter
SESS-000052,CUST-0356,/products/electronics,click,2024-12-31 18:16:03,desktop,Chrome,google
SESS-000053,CUST-0437,/checkout,video_play,2024-01-29 11:20:23,tablet,Chrome,tiktok
SESS-000054,CUST-0389,/products,video_play,2024-11-07 20:20:02,tablet,Chrome,twitter
SESS-000055,CUST-0444,/checkout/payment,click,2024-01-21 03:21:06,desktop,Safari,
SESS-000056,CUST-0252,/products/sports,add_to_cart,2024-09-09 09:16:58,desktop,Chrome,bing
SESS-000057,CUST-0158,/products/home,add_to_cart,2024-03-18 04:33:31,desktop,Safari,bing
SESS-000058,,/faq,page_view,2024-06-04 14:08:57,desktop,Firefox,
SESS-000059,,/products/sports,scroll,2024-01-06 22:39:15,desktop,Chrome,tiktok
SESS-000060,,/returns,add_to_cart,2024-11-15 22:34:58,desktop,Chrome,twitter
SESS-000061,,/blog,purchase,2024-03-06 12:02:48,tablet,Chrome,
SESS-000062,CUST-0025,/contact,video_play,2024-07-26 10:42:33,mobile,Safari,google
SESS-000063,CUST-0154,/products/clothing,page_view,2024-09-24 08:52:09,mobile,Edge,facebook
SESS-000064,,/,add_to_cart,2024-03-09 11:57:18,mobile,Safari,instagram
SESS-000065,,/blog,scroll,2024-06-03 16:18:29,tablet,Chrome,instagram
SESS-000066,CUST-0443,/account/orders,search,2024-06-15 08:51:14,tablet,Edge,
SESS-000067,CUST-0226,/search,search,2024-11-01 08:13:43,mobile,Chrome,bing
SESS-000068,,/faq,page_view,2024-01-31 09:49:52,desktop,Safari,tiktok
SESS-000069,,/cart,remove_from_cart,2024-11-23 01:31:53,mobile,Samsung Internet,email_campaign
SESS-000070,CUST-0312,/account,scroll,2024-12-06 14:04:23,desktop,Samsung Internet,direct
SESS-000071,CUST-0175,/products/clothing,click,2024-11-16 08:57:57,desktop,Edge,google
SESS-000072,CUST-0071,/checkout/payment,purchase,2024-11-30 10:20:10,desktop,Samsung Internet,direct
SESS-000073,,/products/books,scroll,2024-04-16 08:40:52,mobile,Samsung Internet,email_campaign
SESS-000074,,/account/orders,click,2024-02-11 03:18:20,desktop,Firefox,bing
SESS-000075,CUST-0111,/products/electronics,purchase,2024-12-29 02:06:06,mobile,Edge,twitter
SESS-000076,CUST-0264,/products/books,purchase,2024-02-24 23:45:55,mobile,Chrome,bing
SESS-000077,CUST-0084,/contact,add_to_cart,2024-04-03 20:30:12,desktop,Safari,
SESS-000078,,/checkout/payment,video_play,2024-12-25 00:05:39,mobile,Edge,
SESS-000079,CUST-0487,/about,begin_checkout,2024-08-02 02:30:41,mobile,Edge,bing
SESS-000080,CUST-0133,/account,begin_checkout,2024-10-07 18:10:25,desktop,Safari,email_campaign
SESS-000081,CUST-0234,/returns,click,2024-12-02 08:54:12,tablet,Safari,email_campaign
SESS-000082,,/products/electronics,page_view,2024-08-21 15:27:27,mobile,Firefox,twitter
SESS-000083,CUST-0421,/products/home,page_view,2024-11-18 05:37:45,desktop,Edge,direct
SESS-000084,CUST-0178,/checkout,page_view,2024-12-15 20:12:42,mobile,Chrome,
SESS-000085,CUST-0049,/products/clothing,page_view,2024-07-30 04:31:38,desktop,Chrome,instagram
SESS-000086,,/products/home,add_to_cart,2024-07-07 11:30:29,desktop,Samsung Internet,twitter
SESS-000087,CUST-0024,/search,click,2024-12-13 15:49:24,tablet,Chrome,direct
SESS-000088,CUST-0197,/cart,begin_checkout,2024-05-06 11:11:18,mobile,Chrome,instagram
SESS-000089,CUST-0089,/checkout/payment,page_view,2024-04-17 05:01:51,desktop,Samsung Internet,direct
SESS-000090,CUST-0303,/products/electronics,video_play,2024-04-02 20:28:03,tablet,Firefox,bing
SESS-000091,CUST-0048,/returns,remove_from_cart,2024-02-08 16:17:14,mobile,Chrome,affiliate
SESS-000092,CUST-0067,/account/orders,video_play,2024-02-23 07:10:56,mobile,Chrome,email_campaign
SESS-000093,,/cart,page_view,2024-03-23 20:18:52,mobile,Firefox,direct
SESS-000094,CUST-0390,/products/electronics,click,2024-08-26 18:24:14,desktop,Safari,tiktok
SESS-000095,CUST-0265,/,add_to_cart,2024-09-14 07:08:12,desktop,Chrome,facebook
SESS-000096,,/returns,click,2024-04-14 06:38:43,mobile,Edge,tiktok
SESS-000097,CUST-0157,/contact,page_view,2024-12-12 19:17:03,tablet,Firefox,instagram
SESS-000098,CUST-0467,/checkout/payment,page_view,2024-06-14 02:51:00,tablet,Chrome,facebook
SESS-000099,CUST-0158,/account/orders,page_view,2024-12-11 11:39:44,mobile,Safari,tiktok
SESS-000100,CUST-0039,/products/home,scroll,2024-02-08 15:57:32,mobile,Safari,bing
SESS-000101,CUST-0241,/products/sports,scroll,2024-04-25 03:32:46,mobile,Safari,google
SESS-000102,,/faq,purchase,2024-06-26 07:24:19,tablet,Safari,affiliate
SESS-000103,CUST-0144,/checkout/confirmation,purchase,2024-04-04 04:49:34,desktop,Safari,
SESS-000104,CUST-0203,/checkout/confirmation,video_play,2024-11-26 17:44:09,mobile,Chrome,bing
SESS-000105,CUST-0141,/blog,page_view,2024-10-04 16:53:05,desktop,Safari,google
SESS-000106,CUST-0134,/account/orders,click,2024-11-25 18:07:47,mobile,Edge,affiliate
SESS-000107,CUST-0093,/products/clothing,click,2024-06-08 22:33:03,desktop,Samsung Internet,affiliate
SESS-000108,,/products/sports,click,2024-04-16 06:28:16,tablet,Samsung Internet,
SESS-000109,CUST-0418,/checkout/confirmation,scroll,2024-02-27 01:45:59,tablet,Safari,affiliate
SESS-000110,,/search,purchase,2024-02-22 01:33:18,mobile,Chrome,facebook
SESS-000111,CUST-0224,/returns,begin_checkout,2024-05-21 17:51:20,desktop,Firefox,bing
SESS-000112,,/checkout/payment,click,2024-06-11 11:03:01,desktop,Chrome,bing
SESS-000113,CUST-0167,/,page_view,2024-02-05 05:55:30,mobile,Firefox,
SESS-000114,CUST-0374,/products,page_view,2024-12-10 06:17:15,mobile,Samsung Internet,twitter
SESS-000115,CUST-0454,/returns,scroll,2024-06-08 13:16:50,mobile,Chrome,tiktok
SESS-000116,CUST-0071,/contact,page_view,2024-07-19 15:16:27,mobile,Chrome,google
SESS-000117,CUST-0438,/cart,purchase,2024-03-16 02:33:35,desktop,Chrome,
SESS-000118,,/contact,begin_checkout,2024-09-13 17:51:30,desktop,Safari,twitter
SESS-000119,CUST-0147,/about,page_view,2024-05-31 00:38:30,desktop,Chrome,affiliate
SESS-000120,CUST-0090,/search,click,2024-07-12 05:06:40,desktop,Chrome,instagram
SESS-000121,,/account/orders,search,2024-09-08 10:08:57,tablet,Firefox,instagram
SESS-000122,,/account,click,2024-02-02 02:12:09,mobile,Samsung Internet,instagram
SESS-000123,CUST-0337,/account,purchase,2024-12-18 06:05:12,desktop,Safari,facebook
SESS-000124,,/products/sports,page_view,2024-07-25 05:18:27,mobile,Chrome,
SESS-000125,,/account/wishlist,remove_from_cart,2024-12-21 11:00:49,mobile,Chrome,instagram
SESS-000126,,/returns,scroll,2024-06-15 03:37:30,desktop,Safari,affiliate
SESS-000127,,/faq,add_to_cart,2024-08-16 20:07:54,mobile,Chrome,tiktok
SESS-000128,,/products/books,search,2024-08-16 18:06:03,tablet,Safari,affiliate
SESS-000129,CUST-0417,/products/sports,click,2024-05-22 20:06:12,desktop,Safari,tiktok
SESS-000130,CUST-0319,/contact,begin_checkout,2024-08-12 15:12:52,desktop,Chrome,affiliate
SESS-000131,,/products/clothing,click,2024-05-14 13:45:22,mobile,Firefox,google
SESS-000132,CUST-0164,/cart,video_play,2024-01-16 17:08:11,mobile,Firefox,direct
SESS-000133,CUST-0335,/products,video_play,2024-01-12 07:43:15,desktop,Chrome,direct
SESS-000134,CUST-0327,/products/books,click,2024-06-13 22:07:03,mobile,Chrome,tiktok
SESS-000135,,/account/wishlist,click,2024-05-29 07:08:10,desktop,Samsung Internet,
SESS-000136,,/account,page_view,2024-08-11 11:16:28,mobile,Edge,twitter
SESS-000137,CUST-0070,/products,remove_from_cart,2024-02-02 11:46:00,mobile,Samsung Internet,affiliate
SESS-000138,CUST-0464,/products/sports,remove_from_cart,2024-06-19 16:17:24,mobile,Chrome,facebook
SESS-000139,CUST-0132,/checkout/confirmation,click,2024-11-14 15:08:50,tablet,Firefox,affiliate
SESS-000140,CUST-0089,/blog,page_view,2024-03-22 03:37:55,desktop,Samsung Internet,
SESS-000141,CUST-0388,/checkout/confirmation,begin_checkout,2024-07-19 09:16:55,mobile,Chrome,facebook
SESS-000142,,/products/home,video_play,2024-03-26 10:10:02,mobile,Firefox,twitter
SESS-000143,CUST-0380,/search,remove_from_cart,2024-01-06 04:48:52,desktop,Chrome,bing
SESS-000144,,/contact,click,2024-08-26 15:33:08,desktop,Edge,twitter
SESS-000145,CUST-0258,/contact,purchase,2024-07-17 02:20:24,mobile,Safari,email_campaign
SESS-000146,CUST-0203,/products/electronics,page_view,2024-07-23 01:19:58,desktop,Firefox,twitter
SESS-000147,CUST-0036,/checkout/confirmation,click,2024-11-16 22:45:51,desktop,Firefox,email_campaign
SESS-000148,,/checkout,remove_from_cart,2024-10-31 00:26:36,mobile,Chrome,instagram
SESS-000149,CUST-0007,/products/books,add_to_cart,2024-02-24 06:45:36,mobile,Samsung Internet,twitter
SESS-000150,CUST-0324,/contact,page_view,2024-12-09 08:39:55,desktop,Samsung Internet,
SESS-000151,CUST-0255,/products/electronics,search,2024-11-19 16:47:05,mobile,Safari,instagram
SESS-000152,,/search,search,2024-02-23 11:53:43,mobile,Safari,instagram
SESS-000153,CUST-0386,/products/home,click,2024-12-15 14:45:24,desktop,Samsung Internet,email_campaign
SESS-000154,,/about,click,2024-06-17 04:41:33,mobile,Chrome,
SESS-000155,CUST-0253,/products/electronics,click,2024-04-24 05:40:37,mobile,Firefox,tiktok
SESS-000156,,/blog,begin_checkout,2024-04-08 20:13:20,tablet,Chrome,
SESS-000157,CUST-0077,/products,page_view,2024-08-23 08:11:44,tablet,Safari,
SESS-000158,CUST-0151,/returns,begin_checkout,2024-05-24 17:30:22,mobile,Chrome,bing
SESS-000159,CUST-0089,/returns,remove_from_cart,2024-01-05 01:52:51,tablet,Safari,instagram
SESS-000160,CUST-0099,/blog,purchase,2024-08-23 00:57:48,mobile,Chrome,direct
SESS-000161,CUST-0063,/products/clothing,click,2024-04-02 16:31:15,tablet,Safari,google
SESS-000162,CUST-0129,/cart,page_view,2024-07-17 04:29:47,desktop,Chrome,direct
SESS-000163,CUST-0009,/returns,scroll,2024-07-31 03:56:57,tablet,Chrome,affiliate
SESS-000164,,/products/sports,search,2024-10-20 05:35:22,desktop,Chrome,facebook
SESS-000165,CUST-0218,/products/sports,scroll,2024-07-10 15:55:02,mobile,Edge,twitter
SESS-000166,,/products/sports,remove_from_cart,2024-02-15 02:01:11,tablet,Chrome,instagram
SESS-000167,CUST-0427,/,scroll,2024-07-25 08:54:02,desktop,Edge,email_campaign
SESS-000168,,/checkout/confirmation,click,2024-05-14 00:55:13,mobile,Safari,google
SESS-000169,,/returns,scroll,2024-10-10 04:47:03,tablet,Safari,tiktok
SESS-000170,CUST-0093,/contact,search,2024-11-15 01:56:21,tablet,Chrome,twitter
SESS-000171,CUST-0165,/products/sports,page_view,2024-01-11 19:42:32,desktop,Samsung Internet,twitter
SESS-000172,CUST-0349,/checkout/payment,search,2024-02-18 03:27:15,mobile,Chrome,facebook
SESS-000173,CUST-0027,/products/home,scroll,2024-05-04 07:46:40,tablet,Safari,affiliate
SESS-000174,CUST-0147,/,add_to_cart,2024-09-02 02:04:57,mobile,Firefox,twitter
SESS-000175,,/products/sports,click,2024-09-01 20:20:10,tablet,Safari,bing
SESS-000176,CUST-0383,/about,video_play,2024-06-08 23:37:14,mobile,Firefox,instagram
SESS-000177,CUST-0158,/search,video_play,2024-01-13 01:31:12,desktop,Chrome,twitter
SESS-000178,CUST-0065,/products/books,scroll,2024-07-06 22:23:00,desktop,Firefox,google
SESS-000179,CUST-0496,/products/books,search,2024-07-07 11:03:59,mobile,Samsung Internet,google
SESS-000180,,/products/books,begin_checkout,2024-02-12 06:06:20,desktop,Samsung Internet,
SESS-000181,CUST-0404,/account/orders,video_play,2024-02-10 17:37:37,bot,Googlebot,bing
SESS-000182,CUST-0210,/checkout/payment,click,2024-08-24 03:52:46,mobile,Chrome,tiktok
SESS-000183,CUST-0384,/products,search,2024-08-14 15:05:06,tablet,Firefox,direct
SESS-000184,CUST-0444,/products/clothing,search,2024-01-18 22:59:46,mobile,Safari,
SESS-000185,CUST-0336,/account/orders,video_play,2024-07-20 15:59:20,mobile,Firefox,google
SESS-000186,CUST-0113,/products,search,2024-08-20 11:35:49,desktop,Samsung Internet,
SESS-000187,,/checkout/confirmation,video_play,2024-04-28 14:51:11,desktop,Firefox,facebook
SESS-000188,CUST-0165,/account,begin_checkout,2024-03-01 07:25:29,desktop,Chrome,affiliate
SESS-000189,CUST-0125,/cart,search,2024-11-08 10:05:51,mobile,Chrome,google
SESS-000190,CUST-0213,/blog,page_view,2024-11-07 14:36:05,mobile,Safari,facebook
SESS-000191,CUST-0345,/about,click,2024-01-06 05:35:56,mobile,Chrome,tiktok
SESS-000192,CUST-0122,/checkout/confirmation,page_view,2024-09-11 23:34:58,tablet,Chrome,facebook
SESS-000193,CUST-0076,/returns,page_view,2024-10-29 12:41:13,mobile,Samsung Internet,direct
SESS-000194,CUST-0010,/search,begin_checkout,2024-02-08 20:38:39,desktop,Chrome,instagram
SESS-000195,CUST-0241,/,video_play,2024-02-25 08:42:32,mobile,Chrome,bing
SESS-000196,CUST-0444,/account,purchase,2024-03-13 07:49:49,mobile,Firefox,affiliate
SESS-000197,CUST-0307,/blog,click,2024-12-29 00:28:54,mobile,Chrome,tiktok
SESS-000198,CUST-0484,/products/home,scroll,2024-03-24 10:37:35,mobile,Chrome,tiktok
SESS-000199,CUST-0059,/checkout,click,2024-02-04 22:14:09,desktop,Safari,instagram
SESS-000200,,/checkout/payment,purchase,2024-10-22 07:25:51,tablet,Edge,tiktok
SESS-000201,CUST-0209,/about,remove_from_cart,2024-04-06 21:21:57,tablet,Chrome,email_campaign
SESS-000202,CUST-0133,/products/clothing,video_play,2024-03-01 17:03:50,tablet,Chrome,facebook
SESS-000203,CUST-0381,/products/clothing,add_to_cart,2024-08-10 10:05:27,tablet,Edge,bing
SESS-000204,CUST-0324,/checkout,remove_from_cart,2024-04-06 17:04:56,desktop,Samsung Internet,bing
SESS-000205,CUST-0211,/checkout,purchase,2024-12-30 01:00:10,bot,Python-urllib,email_campaign
SESS-000206,CUST-0193,/search,page_view,2024-09-08 16:32:32,desktop,Chrome,facebook
SESS-000207,CUST-0098,/faq,purchase,2024-03-03 04:44:04,desktop,Chrome,google
SESS-000208,,/search,begin_checkout,1970-01-01 00:00:00,mobile,Firefox,
SESS-000209,CUST-0341,/account/orders,click,2024-04-06 02:28:43,mobile,Edge,
SESS-000210,,/faq,click,2024-01-12 22:16:54,mobile,Safari,bing
SESS-000211,CUST-0034,/checkout,page_view,2024-10-23 10:10:38,desktop,Chrome,
SESS-000212,CUST-0143,/about,page_view,2024-10-20 10:38:02,tablet,Chrome,twitter
SESS-000213,,/checkout/confirmation,scroll,2024-09-15 16:39:08,tablet,Safari,
SESS-000214,CUST-0440,/products/home,purchase,2024-10-18 07:52:09,mobile,Edge,
SESS-000215,CUST-0334,/products/clothing,page_view,2024-12-24 00:36:05,mobile,Chrome,bing
SESS-000216,CUST-0412,/products/electronics,remove_from_cart,2024-12-26 00:19:50,tablet,Samsung Internet,tiktok
SESS-000217,CUST-0479,/checkout/confirmation,scroll,2024-09-16 17:56:53,mobile,Chrome,tiktok
SESS-000218,CUST-0034,/contact,page_view,2024-05-08 03:37:11,desktop,Edge,bing
SESS-000219,,/blog,video_play,2024-03-29 05:02:59,desktop,Chrome,twitter
SESS-000220,CUST-0164,/checkout/confirmation,search,2024-08-12 09:55:05,mobile,Edge,tiktok
SESS-000221,,/cart,page_view,2024-12-17 19:30:59,mobile,Firefox,
SESS-000222,CUST-0053,/products,purchase,2024-02-01 15:55:20,tablet,Firefox,facebook
SESS-000223,CUST-0104,/contact,video_play,2024-08-12 13:53:36,mobile,Chrome,bing
SESS-000224,CUST-0432,/checkout,video_play,2024-01-25 07:37:27,tablet,Chrome,twitter
SESS-000225,CUST-0302,/products/books,page_view,2024-08-08 02:06:37,mobile,Chrome,bing
SESS-000226,CUST-0005,/products/books,click,2024-02-19 09:26:45,desktop,Firefox,facebook
SESS-000227,,/search,page_view,2024-07-29 15:35:15,desktop,Samsung Internet,twitter
SESS-000228,CUST-0298,/returns,add_to_cart,2024-07-28 21:15:53,mobile,Edge,instagram
SESS-000229,CUST-0020,/checkout/confirmation,purchase,2024-12-10 10:36:24,desktop,Samsung Internet,twitter
SESS-000230,CUST-0149,/blog,remove_from_cart,2024-10-22 21:14:51,mobile,Edge,bing
SESS-000231,CUST-0236,/contact,scroll,2024-07-14 14:15:04,mobile,Safari,direct
SESS-000232,CUST-0416,/about,page_view,2024-10-11 21:13:18,mobile,Edge,affiliate
SESS-000233,,/about,search,2024-11-19 06:56:12,desktop,Firefox,facebook
SESS-000234,CUST-0430,/checkout,remove_from_cart,2024-07-09 01:13:30,mobile,Firefox,tiktok
SESS-000235,CUST-0245,/checkout/confirmation,page_view,2024-09-19 02:41:53,tablet,Samsung Internet,twitter
SESS-000236,,/account/orders,click,2024-03-19 17:19:35,tablet,Chrome,facebook
SESS-000237,CUST-0447,/blog,page_view,2024-09-06 05:51:38,desktop,Safari,email_campaign
SESS-000238,CUST-0049,/checkout,video_play,2024-12-20 19:13:17,mobile,Chrome,
SESS-000239,CUST-0097,/products/electronics,search,2030-04-07 12:00:00,tablet,Chrome,google
SESS-000240,CUST-0013,/account/wishlist,remove_from_cart,2024-07-30 12:15:50,tablet,Chrome,
SESS-000241,,/products/home,page_view,2024-03-10 01:43:23,mobile,Edge,instagram
SESS-000242,CUST-0185,/products,click,2024-09-01 18:54:29,mobile,Chrome,tiktok
SESS-000243,CUST-0068,/account/wishlist,video_play,2024-04-17 21:30:26,mobile,Samsung Internet,google
SESS-000244,CUST-0042,/checkout/confirmation,video_play,2024-06-29 06:11:36,desktop,Safari,bing
SESS-000245,CUST-0235,/products,add_to_cart,2024-11-07 18:46:50,desktop,Edge,google
SESS-000246,CUST-0450,/account,video_play,2024-08-09 22:09:05,mobile,Safari,bing
SESS-000247,,/contact,remove_from_cart,1970-01-01 00:00:00,mobile,Chrome,google
SESS-000248,CUST-0245,/products/sports,click,2024-09-26 09:40:09,mobile,Firefox,
SESS-000249,CUST-0251,/products/clothing,add_to_cart,2024-03-06 06:55:59,mobile,Chrome,twitter
SESS-000250,CUST-0151,/products/clothing,page_view,2024-06-26 07:12:13,desktop,Chrome,tiktok
SESS-000251,CUST-0195,/products,search,2024-05-24 17:45:51,mobile,Chrome,
SESS-000252,,/products,click,2024-05-29 00:09:16,desktop,Chrome,instagram
SESS-000253,CUST-0199,/checkout,click,2024-08-10 17:37:29,tablet,Samsung Internet,twitter
SESS-000254,CUST-0393,/account/wishlist,page_view,2024-10-02 18:39:57,tablet,Safari,tiktok
SESS-000255,,/checkout,video_play,2024-05-26 02:27:20,mobile,Edge,
SESS-000256,,/products/books,page_view,2024-04-09 13:23:40,mobile,Samsung Internet,bing
SESS-000257,CUST-0145,/search,scroll,2024-12-23 08:42:49,desktop,Safari,bing
SESS-000258,CUST-0368,/checkout,video_play,2024-07-21 04:10:45,mobile,Edge,affiliate
SESS-000259,CUST-0110,/account/orders,page_view,2024-12-28 09:06:16,mobile,Chrome,instagram
SESS-000260,CUST-0484,/products/books,click,2024-06-16 23:49:11,mobile,Firefox,facebook
SESS-000261,CUST-0319,/,video_play,2024-02-28 10:14:54,desktop,Safari,twitter
SESS-000262,CUST-0294,/checkout/payment,page_view,2024-01-03 03:25:55,tablet,Safari,affiliate
SESS-000263,CUST-0328,/account,video_play,2024-05-21 16:13:53,mobile,Chrome,instagram
SESS-000264,CUST-0069,/account,begin_checkout,2024-09-12 05:55:06,desktop,Edge,google
SESS-000265,,/cart,purchase,2024-07-01 12:13:35,mobile,Firefox,
SESS-000266,,/,remove_from_cart,2024-08-29 13:14:59,desktop,Firefox,bing
SESS-000267,CUST-0238,/cart,click,2024-11-20 20:57:24,mobile,Firefox,email_campaign
SESS-000268,,/products/clothing,click,2024-11-26 02:11:56,desktop,Chrome,facebook
SESS-000269,CUST-0326,/,add_to_cart,2024-11-27 16:21:32,mobile,Chrome,
SESS-000270,CUST-0166,/account/wishlist,scroll,2024-10-16 16:44:17,mobile,Safari,direct
SESS-000271,,/returns,add_to_cart,2024-10-27 11:40:01,tablet,Safari,affiliate
SESS-000272,,/blog,search,2024-05-04 22:02:51,mobile,Chrome,instagram
SESS-000273,,/about,scroll,2024-01-12 06:56:02,mobile,Edge,twitter
SESS-000274,CUST-0102,/checkout/payment,add_to_cart,2024-04-06 15:08:53,tablet,Samsung Internet,
SESS-000275,CUST-0185,/returns,begin_checkout,2024-04-06 15:20:50,tablet,Chrome,
SESS-000276,,/account/orders,purchase,2024-11-21 14:09:02,tablet,Chrome,instagram
SESS-000277,CUST-0127,/search,page_view,2024-06-25 22:56:07,desktop,Firefox,affiliate
SESS-000278,CUST-0260,/products/home,page_view,2024-11-17 02:07:08,tablet,Chrome,bing
SESS-000279,CUST-0253,/search,begin_checkout,2024-09-09 06:56:56,tablet,Chrome,bing
SESS-000280,,/cart,purchase,2024-02-10 02:35:11,desktop,Safari,google
SESS-000281,CUST-0467,/faq,page_view,2024-05-07 20:27:52,mobile,Safari,affiliate
SESS-000282,CUST-0093,/search,video_play,2024-07-09 12:06:41,desktop,Firefox,bing
SESS-000283,CUST-0170,/search,page_view,2024-01-25 13:42:35,tablet,Chrome,google
SESS-000284,CUST-0478,/products/clothing,click,2024-05-04 14:25:06,desktop,Safari,affiliate
SESS-000285,CUST-0025,/products/clothing,purchase,2024-06-04 14:23:04,tablet,Safari,
SESS-000286,CUST-0253,/about,add_to_cart,2024-05-28 05:55:08,mobile,Safari,tiktok
SESS-000287,,/account/wishlist,click,2024-04-09 09:26:28,mobile,Chrome,tiktok
SESS-000288,,/contact,begin_checkout,2024-06-01 00:58:06,mobile,Safari,instagram
SESS-000289,,/products/clothing,page_view,2024-05-12 19:22:21,desktop,Safari,direct
SESS-000290,CUST-0208,/checkout,scroll,2024-01-23 13:30:29,mobile,Samsung Internet,direct
SESS-000291,CUST-0173,/,begin_checkout,2024-05-05 18:42:24,tablet,Firefox,
SESS-000292,CUST-0288,/products/electronics,click,2024-10-01 16:23:17,desktop,Chrome,instagram
SESS-000293,,/cart,scroll,2024-04-18 15:41:56,desktop,Chrome,instagram
SESS-000294,CUST-0050,/account/wishlist,page_view,2024-05-30 15:49:01,desktop,Chrome,twitter
SESS-000295,CUST-0174,/products/home,add_to_cart,2024-03-18 10:44:20,mobile,Chrome,google
SESS-000296,CUST-0434,/checkout/payment,begin_checkout,2024-07-05 06:16:43,tablet,Edge,
SESS-000297,,/about,add_to_cart,2024-11-09 05:43:39,mobile,Chrome,google
SESS-000298,,/blog,purchase,2024-08-11 13:07:16,tablet,Firefox,
SESS-000299,CUST-0228,/products/sports,page_view,2024-05-30 15:21:21,desktop,Safari,bing
SESS-000300,CUST-0225,/contact,click,2024-10-22 20:52:44,mobile,Samsung Internet,
SESS-000301,CUST-0447,/account,remove_from_cart,2024-10-18 11:36:57,mobile,Chrome,facebook
SESS-000302,,/account/orders,click,2024-03-07 10:28:16,tablet,Chrome,affiliate
SESS-000303,,/search,remove_from_cart,2024-12-16 02:55:59,tablet,Safari,google
SESS-000304,CUST-0439,/products/electronics,page_view,2024-05-11 19:58:51,desktop,Chrome,tiktok
SESS-000305,CUST-0318,/search,video_play,2024-06-16 00:56:32,desktop,Edge,instagram
SESS-000306,,/products/sports,begin_checkout,2024-09-09 00:09:05,desktop,Edge,google
SESS-000307,CUST-0026,/,purchase,2024-03-01 12:31:10,desktop,Safari,facebook
SESS-000308,CUST-0332,/checkout,page_view,2024-12-16 22:45:58,mobile,Samsung Internet,instagram
SESS-000309,,/checkout/confirmation,click,2024-12-19 07:46:18,mobile,Samsung Internet,tiktok
SESS-000310,CUST-0276,/,page_view,2024-12-06 22:29:18,desktop,Samsung Internet,
SESS-000311,CUST-0139,/faq,page_view,2024-03-01 22:08:40,mobile,Chrome,affiliate
SESS-000312,,/search,purchase,2024-05-25 05:03:31,desktop,Safari,direct
SESS-000313,CUST-0440,/contact,page_view,2024-02-21 19:17:27,desktop,Chrome,
SESS-000314,CUST-0266,/products/electronics,page_view,2024-12-26 23:27:00,desktop,Chrome,tiktok
SESS-000315,CUST-0237,/products/books,page_view,2024-06-13 14:18:35,desktop,Firefox,twitter
SESS-000316,,/checkout,video_play,2024-05-27 08:53:59,desktop,Safari,email_campaign
SESS-000317,,/about,begin_checkout,2024-11-12 00:17:43,mobile,Safari,tiktok
SESS-000318,,/checkout/payment,page_view,2024-03-04 04:24:44,mobile,Chrome,tiktok
SESS-000319,CUST-0046,/,add_to_cart,2024-10-08 21:38:13,mobile,Safari,
SESS-000320,CUST-0247,/blog,purchase,2024-12-30 21:46:55,tablet,Edge,instagram
SESS-000321,CUST-0257,/about,click,2024-03-08 00:16:20,tablet,Chrome,instagram
SESS-000322,CUST-0281,/products/clothing,click,2024-07-03 13:22:56,desktop,Chrome,twitter
SESS-000323,,/products/sports,search,2024-07-16 06:42:18,mobile,Chrome,tiktok
SESS-000324,CUST-0205,/about,click,2024-12-14 09:10:08,mobile,Chrome,direct
SESS-000325,CUST-0152,/checkout,begin_checkout,2024-07-12 15:46:09,tablet,Edge,bing
SESS-000326,,/products/sports,add_to_cart,2024-08-02 05:58:49,desktop,Chrome,tiktok
SESS-000327,CUST-0267,/checkout,begin_checkout,1970-01-01 00:00:00,mobile,Edge,tiktok
SESS-000328,CUST-0397,/products/books,click,2024-04-30 01:26:16,desktop,Safari,email_campaign
SESS-000329,CUST-0477,/account/orders,remove_from_cart,2024-09-13 23:22:02,desktop,Safari,tiktok
SESS-000330,,/checkout/confirmation,video_play,2024-07-31 13:32:55,tablet,Edge,affiliate
SESS-000331,,/cart,remove_from_cart,2024-07-01 20:09:18,tablet,Chrome,
SESS-000332,,/cart,search,2024-10-31 19:52:41,mobile,Chrome,affiliate
SESS-000333,CUST-0353,/account,purchase,2024-06-06 08:50:08,tablet,Edge,google
SESS-000334,CUST-0478,/products/home,purchase,2024-08-22 18:22:57,desktop,Safari,twitter
SESS-000335,CUST-0174,/checkout,add_to_cart,2024-09-23 04:40:40,desktop,Safari,affiliate
SESS-000336,,/products,click,2024-02-08 13:19:30,mobile,Chrome,direct
SESS-000337,,/checkout/payment,click,2024-10-14 10:38:22,desktop,Firefox,affiliate
SESS-000338,CUST-0109,/faq,page_view,2024-03-02 06:49:44,tablet,Firefox,facebook
SESS-000339,,/checkout/payment,begin_checkout,2024-10-26 06:17:55,mobile,Chrome,affiliate
SESS-000340,,/products/electronics,click,2024-05-27 13:51:47,desktop,Chrome,email_campaign
SESS-000341,CUST-0284,/account/orders,page_view,2024-05-07 01:49:30,mobile,Chrome,instagram
SESS-000342,,/blog,search,2024-12-19 11:24:37,mobile,Firefox,affiliate
SESS-000343,CUST-0141,/products,click,2024-10-15 05:42:34,desktop,Safari,twitter
SESS-000344,CUST-0011,/about,click,2024-11-06 18:04:03,desktop,Safari,tiktok
SESS-000345,CUST-0407,/about,page_view,2024-12-03 09:11:22,desktop,Chrome,tiktok
SESS-000346,,/products/electronics,search,2024-06-19 00:44:39,mobile,Edge,instagram
SESS-000347,CUST-0341,/blog,click,2024-11-16 13:12:03,mobile,Safari,affiliate
SESS-000348,,/checkout,page_view,2024-04-11 14:13:47,mobile,Firefox,
SESS-000349,,/blog,page_view,2024-07-03 08:00:23,mobile,Chrome,google
SESS-000350,CUST-0384,/blog,search,2024-02-14 05:08:29,tablet,Samsung Internet,bing
SESS-000351,CUST-0195,/products/electronics,click,2024-12-29 08:23:56,desktop,Chrome,twitter
SESS-000352,CUST-0467,/products/home,click,2024-03-07 20:28:26,mobile,Samsung Internet,direct
SESS-000353,CUST-0271,/products/home,search,2024-08-21 06:27:05,mobile,Safari,bing
SESS-000354,,/account,click,2024-03-31 17:29:41,mobile,Samsung Internet,instagram
SESS-000355,CUST-0053,/cart,begin_checkout,2024-07-22 01:18:45,mobile,Safari,facebook
SESS-000356,CUST-0286,/faq,page_view,2024-10-17 04:51:58,desktop,Chrome,instagram
SESS-000357,,/products/home,scroll,2024-11-09 01:57:06,desktop,Chrome,bing
SESS-000358,CUST-0382,/account/wishlist,page_view,2024-03-01 18:16:15,mobile,Safari,google
SESS-000359,CUST-0497,/checkout,page_view,2024-12-25 10:24:22,mobile,Samsung Internet,affiliate
SESS-000360,,/account/orders,search,2024-03-25 00:19:53,tablet,Chrome,email_campaign
SESS-000361,CUST-0257,/checkout/payment,page_view,2024-01-25 11:10:29,desktop,Chrome,facebook
SESS-000362,,/account,purchase,2024-09-13 06:43:25,tablet,Chrome,google
SESS-000363,CUST-0054,/blog,page_view,2024-12-25 09:43:57,desktop,Samsung Internet,affiliate
SESS-000364,CUST-0168,/products/clothing,search,2024-04-04 21:50:24,desktop,Firefox,facebook
SESS-000365,CUST-0016,/products,purchase,2024-05-04 03:41:11,mobile,Chrome,tiktok
SESS-000366,,/blog,add_to_cart,2024-06-09 02:05:09,mobile,Chrome,google
SESS-000367,CUST-0328,/faq,click,2024-01-30 10:19:10,desktop,Edge,instagram
SESS-000368,,/checkout,page_view,2024-09-19 19:47:04,mobile,Samsung Internet,twitter
SESS-000369,,/about,video_play,2024-04-20 17:45:03,desktop,Safari,google
SESS-000370,CUST-0013,/account/wishlist,page_view,2024-04-16 16:01:49,mobile,Safari,facebook
SESS-000371,CUST-0253,/contact,click,2024-06-29 14:58:42,desktop,Safari,bing
SESS-000372,CUST-0493,/products/clothing,page_view,2024-10-14 10:30:33,mobile,Chrome,
SESS-000373,CUST-0009,/account/orders,remove_from_cart,2024-01-01 06:29:00,tablet,Chrome,instagram
SESS-000374,,/products/sports,scroll,2024-11-11 09:31:18,desktop,Chrome,bing
SESS-000375,CUST-0021,/products/clothing,purchase,2024-05-12 13:06:43,desktop,Safari,twitter
SESS-000376,CUST-0406,/checkout/confirmation,page_view,2024-06-08 06:29:53,mobile,Chrome,twitter
SESS-000377,CUST-0451,/about,page_view,2024-11-08 13:48:09,mobile,Safari,bing
SESS-000378,CUST-0145,/about,click,2024-04-16 15:57:58,desktop,Chrome,
SESS-000379,CUST-0136,/products/home,video_play,2024-03-28 15:44:35,mobile,Chrome,affiliate
SESS-000380,CUST-0120,/account,video_play,2024-01-17 22:03:04,desktop,Firefox,email_campaign
SESS-000381,CUST-0179,/contact,search,2024-06-19 08:25:22,mobile,Samsung Internet,email_campaign
SESS-000382,CUST-0331,/products/home,page_view,2024-05-16 01:32:24,mobile,Firefox,bing
SESS-000383,CUST-0279,/faq,video_play,2024-11-02 22:34:56,mobile,Chrome,google
SESS-000384,,/returns,page_view,2024-06-18 15:59:14,mobile,Firefox,affiliate
SESS-000385,CUST-0174,/returns,begin_checkout,2024-11-06 20:57:54,tablet,Samsung Internet,email_campaign
SESS-000386,CUST-0099,/checkout,purchase,2024-11-27 22:16:55,tablet,Chrome,direct
SESS-000387,CUST-0097,/checkout/payment,purchase,2024-03-21 16:47:48,desktop,Chrome,instagram
SESS-000388,,/account/wishlist,click,2024-06-04 00:27:32,tablet,Safari,instagram
SESS-000389,CUST-0128,/,search,2024-01-08 08:11:03,desktop,Safari,bing
SESS-000390,,/products/home,scroll,2024-07-22 11:41:48,mobile,Samsung Internet,facebook
SESS-000391,,/faq,search,2024-08-10 11:32:03,bot,SemrushBot,email_campaign
SESS-000392,,/account/wishlist,add_to_cart,2024-12-31 05:10:37,tablet,Chrome,instagram
SESS-000393,CUST-0083,/,click,2024-11-04 22:06:17,mobile,Chrome,instagram
SESS-000394,CUST-0480,/checkout/payment,page_view,2024-06-17 05:41:32,tablet,Safari,direct
SESS-000395,,/search,begin_checkout,2024-11-22 05:12:51,desktop,Chrome,google
SESS-000396,,/cart,scroll,2024-05-19 23:51:51,desktop,Chrome,affiliate
SESS-000397,CUST-0256,/products/books,remove_from_cart,2024-12-11 23:26:26,mobile,Chrome,bing
SESS-000398,CUST-0249,/products/books,search,2024-01-29 17:58:00,tablet,Safari,affiliate
SESS-000399,CUST-0307,/faq,search,2024-12-25 03:11:10,desktop,Chrome,affiliate
SESS-000400,,/account/orders,page_view,2024-03-29 10:42:50,desktop,Edge,email_campaign
SESS-000401,CUST-0481,/about,click,2024-09-29 18:22:05,mobile,Safari,email_campaign
SESS-000402,CUST-0196,/cart,video_play,2024-04-28 22:29:32,tablet,Safari,bing
SESS-000403,,/blog,page_view,2024-04-28 13:54:48,desktop,Safari,tiktok
SESS-000404,CUST-0214,/cart,remove_from_cart,2024-11-17 18:13:36,mobile,Chrome,instagram
SESS-000405,CUST-0144,/account,purchase,2024-11-21 12:23:40,mobile,Safari,instagram
SESS-000406,CUST-0482,/products/electronics,purchase,2024-01-15 16:17:21,mobile,Chrome,direct
SESS-000407,,/products,remove_from_cart,2024-12-22 17:47:32,mobile,Chrome,twitter
SESS-000408,CUST-0050,/account/wishlist,begin_checkout,2024-06-09 19:14:05,tablet,Chrome,bing
SESS-000409,,/products/books,click,2024-02-05 21:48:10,tablet,Safari,bing
SESS-000410,CUST-0068,/contact,click,2024-11-02 15:34:49,mobile,Firefox,
SESS-000411,CUST-0492,/checkout/payment,page_view,2024-10-29 21:24:02,desktop,Chrome,instagram
SESS-000412,CUST-0438,/products/electronics,page_view,2024-09-18 02:55:04,tablet,Chrome,google
SESS-000413,CUST-0061,/contact,scroll,2024-02-10 16:39:34,mobile,Chrome,tiktok
SESS-000414,,/checkout,search,2024-08-03 12:53:05,desktop,Safari,facebook
SESS-000415,,/returns,page_view,2024-05-22 22:52:56,mobile,Edge,tiktok
SESS-000416,CUST-0291,/account/orders,scroll,2024-06-09 08:59:37,desktop,Chrome,bing
SESS-000417,CUST-0241,/blog,purchase,2024-08-26 11:57:54,tablet,Edge,bing
SESS-000418,,/products/sports,video_play,2024-10-22 09:44:24,desktop,Chrome,email_campaign
SESS-000419,CUST-0130,/checkout,click,2024-01-13 22:41:52,mobile,Chrome,bing
SESS-000420,CUST-0190,/account,page_view,2024-04-12 12:17:45,desktop,Safari,email_campaign
SESS-000421,,/checkout/payment,page_view,2024-06-26 21:21:22,desktop,Chrome,email_campaign
SESS-000422,CUST-0424,/checkout/payment,add_to_cart,2024-03-29 06:39:33,tablet,Chrome,bing
SESS-000423,CUST-0490,/faq,purchase,2024-12-07 06:29:18,desktop,Chrome,
SESS-000424,,/account,add_to_cart,2024-06-30 04:49:56,mobile,Firefox,
SESS-000425,CUST-0174,/products/sports,page_view,2024-04-28 12:22:28,mobile,Chrome,
SESS-000426,CUST-0084,/checkout/confirmation,search,2024-11-21 19:51:34,mobile,Firefox,bing
SESS-000427,,/products/electronics,click,2024-09-11 10:36:44,mobile,Edge,twitter
SESS-000428,,/blog,page_view,2024-08-08 05:18:37,mobile,Safari,facebook
SESS-000429,,/contact,begin_checkout,2024-09-29 10:27:47,mobile,Chrome,bing
SESS-000430,,/products/home,click,2024-11-20 16:44:06,desktop,Samsung Internet,instagram
SESS-000431,,/checkout,video_play,2024-07-12 17:41:29,desktop,Chrome,
SESS-000432,,/,click,2024-12-23 13:41:33,desktop,Chrome,instagram
SESS-000433,CUST-0304,/about,scroll,2024-07-25 18:10:15,desktop,Firefox,bing
SESS-000434,CUST-0268,/search,page_view,2024-03-26 04:28:36,mobile,Chrome,direct
SESS-000435,,/cart,page_view,2024-05-19 17:01:56,desktop,Chrome,facebook
SESS-000436,CUST-0276,/products/electronics,remove_from_cart,2024-06-28 10:31:08,desktop,Samsung Internet,tiktok
SESS-000437,CUST-0147,/account,page_view,2024-01-07 01:17:29,mobile,Samsung Internet,instagram
SESS-000438,CUST-0332,/,click,2024-04-20 12:40:00,mobile,Samsung Internet,
SESS-000439,CUST-0448,/products/sports,scroll,2024-08-22 21:34:19,desktop,Edge,twitter
SESS-000440,CUST-0181,/blog,video_play,2024-04-07 20:20:24,mobile,Chrome,google
SESS-000441,,/cart,page_view,2024-07-25 17:25:35,bot,Bingbot,affiliate
SESS-000442,CUST-0454,/products/books,click,2024-10-14 17:49:09,desktop,Edge,twitter
SESS-000443,CUST-0468,/account/wishlist,purchase,2024-05-12 22:51:18,tablet,Edge,twitter
SESS-000444,CUST-0176,/,search,2024-07-12 00:19:35,mobile,Edge,
SESS-000445,CUST-0077,/account/wishlist,page_view,2024-07-27 16:07:34,desktop,Samsung Internet,affiliate
SESS-000446,CUST-0310,/products/books,remove_from_cart,2024-04-11 20:40:35,mobile,Chrome,bing
SESS-000447,,/checkout,remove_from_cart,2024-06-09 02:38:32,tablet,Chrome,bing
SESS-000448,CUST-0218,/products/electronics,add_to_cart,2024-09-05 18:16:04,mobile,Chrome,
SESS-000449,CUST-0183,/products/home,page_view,2024-05-13 10:52:20,desktop,Safari,tiktok
SESS-000450,,/products/home,click,2024-09-29 04:39:24,mobile,Chrome,facebook
SESS-000451,CUST-0055,/blog,scroll,2024-03-09 04:59:07,mobile,Safari,affiliate
SESS-000452,CUST-0039,/search,page_view,2024-11-05 17:55:18,tablet,Chrome,facebook
SESS-000453,,/cart,page_view,2024-01-11 03:34:47,mobile,Edge,tiktok
SESS-000454,,/checkout/confirmation,page_view,2024-06-09 22:05:34,tablet,Edge,instagram
SESS-000455,,/account/orders,remove_from_cart,2024-09-30 23:45:12,desktop,Samsung Internet,twitter
SESS-000456,CUST-0401,/account/wishlist,video_play,2024-01-13 08:54:31,tablet,Chrome,google
SESS-000457,,/products/books,video_play,2024-07-17 00:43:00,tablet,Chrome,affiliate
SESS-000458,CUST-0411,/checkout/confirmation,begin_checkout,2024-12-09 23:14:57,mobile,Chrome,affiliate
SESS-000459,CUST-0446,/products/books,page_view,2024-05-25 06:17:15,tablet,Chrome,twitter
SESS-000460,CUST-0161,/account/orders,page_view,2024-02-02 23:46:09,mobile,Firefox,facebook
SESS-000461,CUST-0138,/checkout/payment,begin_checkout,2024-12-29 10:13:36,mobile,Samsung Internet,direct
SESS-000462,,/checkout/confirmation,click,2024-07-20 23:14:11,tablet,Chrome,email_campaign
SESS-000463,CUST-0031,/products,click,2024-03-16 08:19:58,mobile,Edge,tiktok
SESS-000464,CUST-0485,/checkout,video_play,2024-01-09 12:52:29,mobile,Chrome,bing
SESS-000465,,/products/books,begin_checkout,2024-07-20 07:47:47,mobile,Chrome,email_campaign
SESS-000466,,/checkout/payment,scroll,2024-09-12 04:28:22,tablet,Edge,facebook
SESS-000467,CUST-0153,/products/books,begin_checkout,2024-06-21 04:41:44,tablet,Samsung Internet,direct
SESS-000468,CUST-0298,/account/wishlist,purchase,2024-09-22 15:49:33,tablet,Safari,facebook
SESS-000469,CUST-0174,/checkout/confirmation,page_view,2024-06-23 18:04:49,tablet,Chrome,instagram
SESS-000470,CUST-0235,/products/sports,page_view,2024-02-20 06:06:33,tablet,Chrome,direct
SESS-000471,CUST-0025,/checkout/payment,page_view,2024-04-13 06:00:55,desktop,Chrome,google
SESS-000472,,/contact,click,2024-10-18 14:04:00,desktop,Chrome,facebook
SESS-000473,CUST-0109,/checkout/confirmation,video_play,2024-09-15 20:07:06,desktop,Samsung Internet,google
SESS-000474,,/products/home,begin_checkout,2024-04-13 10:14:56,tablet,Edge,direct
SESS-000475,CUST-0300,/account,page_view,2024-08-30 15:13:19,desktop,Edge,bing
SESS-000476,CUST-0241,/checkout/confirmation,click,2024-04-10 18:38:04,mobile,Chrome,email_campaign
SESS-000477,CUST-0136,/account,add_to_cart,2024-11-21 21:08:04,mobile,Samsung Internet,affiliate
SESS-000478,CUST-0383,/,page_view,2024-04-17 21:22:08,mobile,Firefox,
SESS-000479,CUST-0034,/checkout/confirmation,video_play,2024-09-01 09:31:20,desktop,Safari,bing
SESS-000480,CUST-0288,/account/orders,scroll,2024-06-30 06:08:11,desktop,Chrome,email_campaign
SESS-000481,,/products/home,add_to_cart,2024-03-30 13:17:07,mobile,Chrome,affiliate
SESS-000482,,/products/books,search,2024-07-31 18:25:37,desktop,Chrome,affiliate
SESS-000483,CUST-0429,/products,click,2024-05-19 17:55:40,desktop,Chrome,google
SESS-000484,CUST-0138,/account/orders,video_play,2024-09-13 05:50:46,tablet,Firefox,instagram
SESS-000485,,/about,remove_from_cart,2024-12-10 01:07:32,tablet,Edge,affiliate
SESS-000486,CUST-0342,/account/wishlist,remove_from_cart,2024-09-10 13:25:05,mobile,Edge,email_campaign
SESS-000487,CUST-0206,/blog,page_view,2024-05-26 06:54:21,mobile,Safari,affiliate
SESS-000488,CUST-0162,/account,purchase,2024-08-27 12:53:58,mobile,Edge,
SESS-000489,CUST-0323,/blog,click,2024-05-26 02:12:19,desktop,Chrome,twitter
SESS-000490,,/checkout/confirmation,page_view,2024-05-26 18:26:33,tablet,Chrome,twitter
SESS-000491,CUST-0397,/about,add_to_cart,2024-04-21 14:29:41,desktop,Safari,facebook
SESS-000492,CUST-0492,/checkout/payment,video_play,2024-01-31 14:23:47,mobile,Chrome,affiliate
SESS-000493,CUST-0054,/faq,page_view,2024-08-19 10:56:37,mobile,Chrome,instagram
SESS-000494,CUST-0443,/checkout,page_view,2024-08-05 10:28:10,desktop,Safari,twitter
SESS-000495,CUST-0018,/faq,scroll,2024-12-13 08:27:43,bot,SemrushBot,direct
SESS-000496,,/products,page_view,2024-08-31 02:47:40,mobile,Safari,facebook
SESS-000497,,/checkout/confirmation,add_to_cart,2024-06-25 00:43:54,mobile,Chrome,instagram
SESS-000498,CUST-0004,/blog,click,2024-09-08 22:22:29,tablet,Chrome,affiliate
SESS-000499,CUST-0329,/contact,scroll,2024-03-29 02:58:52,desktop,Safari,google
SESS-000500,CUST-0366,/blog,page_view,2024-05-15 22:21:45,tablet,Firefox,instagram
SESS-000501,CUST-0492,/products/clothing,remove_from_cart,2024-02-20 17:18:09,desktop,Safari,bing
SESS-000502,,/cart,page_view,2024-11-12 00:10:18,mobile,Edge,facebook
SESS-000503,CUST-0146,/account/orders,click,2024-08-09 19:09:43,mobile,Safari,bing
SESS-000504,CUST-0412,/returns,begin_checkout,2024-06-27 02:07:58,desktop,Chrome,twitter
SESS-000505,,/search,begin_checkout,2030-12-28 12:00:00,tablet,Chrome,google
SESS-000506,CUST-0138,/about,video_play,2024-08-07 10:34:16,mobile,Chrome,google
SESS-000507,CUST-0155,/account/wishlist,page_view,2024-06-21 18:21:13,mobile,Samsung Internet,affiliate
SESS-000508,CUST-0340,/checkout,purchase,2024-02-13 17:11:03,mobile,Chrome,instagram
SESS-000509,,/products/books,scroll,2024-05-13 14:08:50,mobile,Safari,direct
SESS-000510,CUST-0075,/contact,begin_checkout,2024-06-28 11:46:21,tablet,Chrome,instagram
SESS-000511,CUST-0356,/search,remove_from_cart,2024-03-04 21:24:13,desktop,Safari,affiliate
SESS-000512,CUST-0420,/contact,click,2024-09-25 03:37:59,tablet,Firefox,
SESS-000513,,/blog,page_view,2024-08-24 07:33:49,mobile,Chrome,email_campaign
SESS-000514,,/account/wishlist,search,2024-07-30 06:22:08,mobile,Samsung Internet,email_campaign
SESS-000515,CUST-0096,/search,click,2024-09-02 12:46:54,mobile,Samsung Internet,bing
SESS-000516,CUST-0201,/products,video_play,2024-04-04 19:41:57,tablet,Chrome,tiktok
SESS-000517,,/products/home,begin_checkout,2024-05-23 02:45:15,desktop,Samsung Internet,instagram
SESS-000518,,/products/electronics,page_view,2024-09-22 17:02:22,mobile,Chrome,affiliate
SESS-000519,CUST-0270,/contact,page_view,2024-04-19 17:12:14,tablet,Edge,affiliate
SESS-000520,CUST-0365,/checkout,click,2024-02-29 16:36:39,desktop,Edge,facebook
SESS-000521,CUST-0244,/returns,page_view,2024-09-28 21:11:54,desktop,Samsung Internet,google
SESS-000522,CUST-0083,/products/clothing,purchase,2024-03-14 17:31:53,desktop,Edge,email_campaign
SESS-000523,CUST-0292,/products/home,add_to_cart,2024-09-05 04:25:22,mobile,Edge,facebook
SESS-000524,,/faq,video_play,2024-01-06 18:57:38,desktop,Chrome,twitter
SESS-000525,CUST-0149,/products/electronics,remove_from_cart,2024-09-14 16:07:21,tablet,Edge,google
SESS-000526,CUST-0221,/search,click,2024-08-23 19:40:28,tablet,Edge,twitter
SESS-000527,CUST-0243,/account/wishlist,begin_checkout,2024-02-10 14:37:35,mobile,Samsung Internet,affiliate
SESS-000528,,/cart,click,2024-12-25 21:01:15,desktop,Chrome,instagram
SESS-000529,CUST-0458,/returns,scroll,2024-08-21 23:57:19,tablet,Chrome,instagram
SESS-000530,,/,page_view,2024-06-20 21:16:02,tablet,Samsung Internet,tiktok
SESS-000531,CUST-0326,/returns,click,2024-12-28 20:23:49,mobile,Chrome,email_campaign
SESS-000532,,/returns,click,2024-11-30 14:36:16,mobile,Firefox,email_campaign
SESS-000533,CUST-0238,/products/home,page_view,2024-02-01 04:47:32,mobile,Chrome,twitter
SESS-000534,CUST-0127,/products/clothing,click,2024-01-05 06:11:37,desktop,Edge,affiliate
SESS-000535,CUST-0011,/products/clothing,page_view,2024-01-05 03:07:56,mobile,Chrome,direct
SESS-000536,CUST-0310,/blog,video_play,2024-05-27 22:10:39,tablet,Safari,direct
SESS-000537,CUST-0366,/cart,add_to_cart,2024-02-02 07:11:39,mobile,Chrome,affiliate
SESS-000538,,/products/electronics,remove_from_cart,2024-09-11 13:18:12,desktop,Firefox,tiktok
SESS-000539,,/products/books,purchase,2024-05-27 07:56:37,mobile,Firefox,email_campaign
SESS-000540,CUST-0171,/cart,add_to_cart,2024-05-16 22:25:20,tablet,Samsung Internet,facebook
SESS-000541,,/account/orders,click,2024-02-01 12:00:10,mobile,Safari,twitter
SESS-000542,CUST-0020,/,page_view,2024-05-06 03:20:48,mobile,Firefox,affiliate
SESS-000543,CUST-0026,/returns,purchase,2024-12-07 05:34:57,tablet,Samsung Internet,bing
SESS-000544,,/products/books,begin_checkout,2024-07-21 13:48:29,mobile,Chrome,tiktok
SESS-000545,CUST-0064,/account/orders,click,2024-07-18 12:48:54,desktop,Firefox,twitter
SESS-000546,,/contact,purchase,2024-11-04 13:44:28,desktop,Safari,
SESS-000547,CUST-0394,/returns,click,2024-09-09 15:12:57,desktop,Chrome,facebook
SESS-000548,CUST-0315,/products/clothing,begin_checkout,2024-04-16 13:07:32,desktop,Safari,facebook
SESS-000549,,/faq,page_view,2024-03-05 11:17:41,mobile,Chrome,twitter
SESS-000550,CUST-0439,/products/clothing,click,2024-05-22 18:06:00,mobile,Firefox,direct
SESS-000551,,/checkout,video_play,2024-11-23 10:33:29,tablet,Chrome,
SESS-000552,CUST-0090,/account/orders,purchase,2024-11-17 08:26:21,mobile,Samsung Internet,facebook
SESS-000553,CUST-0235,/contact,click,2024-12-07 07:51:17,tablet,Chrome,direct
SESS-000554,CUST-0490,/account,purchase,2024-10-05 04:10:15,bot,Googlebot,facebook
SESS-000555,CUST-0427,/checkout/confirmation,click,2024-10-20 22:50:12,mobile,Chrome,
SESS-000556,CUST-0210,/cart,page_view,2024-07-23 07:18:23,tablet,Samsung Internet,facebook
SESS-000557,CUST-0187,/products,add_to_cart,2024-05-07 05:51:19,desktop,Safari,direct
SESS-000558,CUST-0430,/account,click,2024-12-20 08:48:44,desktop,Safari,direct
SESS-000559,CUST-0170,/products/home,scroll,2024-03-13 23:32:14,mobile,Safari,instagram
SESS-000560,CUST-0099,/account/orders,search,2024-02-13 09:55:04,mobile,Chrome,tiktok
SESS-000561,CUST-0144,/contact,page_view,2024-11-26 17:59:18,desktop,Chrome,email_campaign
SESS-000562,CUST-0189,/account/orders,video_play,2024-06-19 13:35:04,mobile,Samsung Internet,twitter
SESS-000563,CUST-0426,/products,remove_from_cart,2024-09-12 06:05:27,tablet,Samsung Internet,tiktok
SESS-000564,CUST-0371,/faq,purchase,2024-04-11 13:11:10,mobile,Firefox,
SESS-000565,CUST-0167,/checkout/confirmation,video_play,2024-06-29 15:00:08,desktop,Safari,affiliate
SESS-000566,CUST-0020,/products/electronics,page_view,2024-04-12 12:12:04,mobile,Samsung Internet,
SESS-000567,CUST-0334,/faq,click,2024-03-22 17:33:06,tablet,Safari,tiktok
SESS-000568,CUST-0474,/returns,remove_from_cart,2024-05-30 20:42:53,tablet,Chrome,facebook
SESS-000569,CUST-0277,/checkout/confirmation,video_play,2024-10-29 10:05:08,tablet,Safari,instagram
SESS-000570,,/products,add_to_cart,2024-11-24 12:15:43,desktop,Safari,bing
SESS-000571,,/search,click,2024-01-27 05:12:35,desktop,Chrome,google
SESS-000572,CUST-0362,/products/books,page_view,2024-09-17 23:23:23,mobile,Safari,bing
SESS-000573,,/products/books,add_to_cart,2024-01-09 11:37:43,mobile,Safari,twitter
SESS-000574,CUST-0354,/products/sports,page_view,2024-02-23 11:26:52,desktop,Chrome,google
SESS-000575,,/returns,search,2024-12-13 18:51:00,mobile,Chrome,direct
SESS-000576,CUST-0444,/checkout/confirmation,scroll,2024-10-05 23:43:31,mobile,Chrome,
SESS-000577,CUST-0080,/account,click,2024-10-05 00:23:23,tablet,Chrome,tiktok
SESS-000578,CUST-0088,/cart,page_view,2024-01-15 12:48:55,mobile,Firefox,direct
SESS-000579,,/search,click,2024-07-28 05:36:51,mobile,Chrome,facebook
SESS-000580,CUST-0049,/account/orders,purchase,2024-05-28 13:01:12,desktop,Edge,tiktok
SESS-000581,CUST-0044,/cart,page_view,2024-09-13 03:53:06,tablet,Edge,twitter
SESS-000582,CUST-0306,/products/home,page_view,2024-11-07 23:31:52,desktop,Samsung Internet,twitter
SESS-000583,CUST-0455,/blog,click,2024-03-29 15:36:06,desktop,Chrome,bing
SESS-000584,CUST-0164,/account,page_view,2024-07-15 13:32:51,tablet,Chrome,google
SESS-000585,CUST-0300,/,add_to_cart,2024-10-15 00:45:35,desktop,Safari,twitter
SESS-000586,CUST-0116,/search,click,2024-02-21 21:29:13,mobile,Safari,email_campaign
SESS-000587,,/products,click,2024-03-24 17:20:37,mobile,Chrome,tiktok
SESS-000588,CUST-0205,/account/orders,scroll,2024-03-10 09:48:29,desktop,Chrome,email_campaign
SESS-000589,CUST-0345,/cart,purchase,2024-01-24 18:16:21,desktop,Samsung Internet,facebook
SESS-000590,CUST-0340,/returns,click,2024-02-17 06:36:04,desktop,Safari,instagram
SESS-000591,CUST-0141,/products/electronics,page_view,2024-01-26 04:30:55,mobile,Firefox,instagram
SESS-000592,CUST-0104,/products/books,remove_from_cart,2024-05-05 00:40:23,mobile,Safari,affiliate
SESS-000593,CUST-0015,/products/electronics,click,2024-04-16 16:06:27,desktop,Chrome,bing
SESS-000594,CUST-0051,/products/home,click,2024-07-15 14:28:31,mobile,Chrome,twitter
SESS-000595,,/faq,click,2024-03-08 06:52:43,desktop,Safari,tiktok
SESS-000596,CUST-0482,/blog,video_play,2024-06-30 08:33:09,mobile,Samsung Internet,
SESS-000597,CUST-0266,/account,page_view,2024-06-10 09:01:36,mobile,Safari,direct
SESS-000598,CUST-0110,/products/books,page_view,2024-06-18 06:34:55,tablet,Samsung Internet,affiliate
SESS-000599,CUST-0005,/about,purchase,2024-10-07 12:56:04,tablet,Samsung Internet,facebook
SESS-000600,CUST-0102,/checkout/payment,purchase,2024-03-05 07:30:46,tablet,Safari,
SESS-000601,,/returns,begin_checkout,2024-07-11 15:32:37,tablet,Edge,email_campaign
SESS-000602,CUST-0021,/blog,page_view,2024-07-06 09:06:27,mobile,Chrome,direct
SESS-000603,CUST-0186,/products,click,2024-07-20 16:11:36,mobile,Safari,
SESS-000604,CUST-0357,/,remove_from_cart,2024-02-13 18:12:47,mobile,Safari,direct
SESS-000605,CUST-0106,/account/orders,page_view,2024-12-22 06:18:49,mobile,Edge,facebook
SESS-000606,CUST-0434,/products/electronics,video_play,2024-07-07 16:06:44,tablet,Samsung Internet,affiliate
SESS-000607,CUST-0436,/search,page_view,2024-10-26 10:26:44,mobile,Chrome,affiliate
SESS-000608,,/search,click,2024-12-12 20:53:14,mobile,Samsung Internet,google
SESS-000609,CUST-0447,/,video_play,2024-10-22 22:20:45,tablet,Edge,tiktok
SESS-000610,,/cart,purchase,2024-05-06 00:11:37,desktop,Firefox,direct
SESS-000611,,/cart,search,2024-11-26 22:10:31,tablet,Safari,direct
SESS-000612,,/cart,begin_checkout,2024-09-03 10:29:11,desktop,Safari,tiktok
SESS-000613,,/faq,scroll,2024-10-31 05:46:55,desktop,Chrome,bing
SESS-000614,,/cart,page_view,2024-06-12 11:28:15,desktop,Samsung Internet,
SESS-000615,CUST-0459,/products/clothing,begin_checkout,2024-05-20 19:56:22,mobile,Chrome,google
SESS-000616,,/checkout,video_play,2024-10-31 04:55:07,mobile,Chrome,tiktok
SESS-000617,,/products/books,video_play,2024-06-23 00:43:58,mobile,Chrome,
SESS-000618,CUST-0326,/checkout,page_view,2024-02-22 14:28:33,desktop,Edge,facebook
SESS-000619,CUST-0402,/cart,add_to_cart,2024-02-14 15:15:06,desktop,Chrome,email_campaign
SESS-000620,CUST-0084,/products,video_play,2024-07-15 07:03:55,mobile,Chrome,instagram
SESS-000621,,/,purchase,2024-04-24 23:49:21,mobile,Chrome,tiktok
SESS-000622,,/products/home,add_to_cart,2024-12-12 20:47:15,tablet,Firefox,instagram
SESS-000623,CUST-0056,/about,video_play,2024-12-11 15:05:02,mobile,Edge,affiliate
SESS-000624,CUST-0122,/account/wishlist,scroll,2024-05-28 07:10:41,mobile,Safari,instagram
SESS-000625,,/products/home,page_view,2024-08-02 21:56:52,tablet,Edge,email_campaign
SESS-000626,,/products/home,click,2024-06-22 02:40:57,tablet,Chrome,instagram
SESS-000627,CUST-0107,/products/clothing,click,2024-05-18 11:08:45,desktop,Firefox,tiktok
SESS-000628,,/returns,click,2024-03-08 21:27:28,mobile,Samsung Internet,bing
SESS-000629,CUST-0308,/products,remove_from_cart,1970-01-01 00:00:00,mobile,Safari,email_campaign
SESS-000630,CUST-0229,/checkout/confirmation,page_view,2024-09-23 16:54:10,mobile,Edge,
SESS-000631,CUST-0091,/account/orders,begin_checkout,2024-10-26 14:13:27,desktop,Safari,direct
SESS-000632,,/search,click,2024-01-30 16:30:33,desktop,Samsung Internet,twitter
SESS-000633,CUST-0397,/account/wishlist,begin_checkout,2024-11-06 17:57:36,desktop,Samsung Internet,twitter
SESS-000634,,/checkout/payment,video_play,2024-04-09 10:16:08,mobile,Firefox,email_campaign
SESS-000635,CUST-0063,/about,page_view,2024-05-21 01:04:32,mobile,Safari,affiliate
SESS-000636,CUST-0334,/products/books,begin_checkout,2024-10-01 23:11:58,desktop,Edge,affiliate
SESS-000637,CUST-0101,/account,remove_from_cart,2024-01-21 16:51:58,mobile,Safari,twitter
SESS-000638,CUST-0263,/about,click,2024-02-27 20:00:17,desktop,Firefox,instagram
SESS-000639,CUST-0217,/faq,scroll,2024-06-22 23:36:46,desktop,Samsung Internet,tiktok
SESS-000640,,/account/orders,search,2024-06-27 06:33:06,mobile,Chrome,facebook
SESS-000641,,/checkout/confirmation,click,2024-08-28 03:36:24,mobile,Safari,bing
SESS-000642,,/blog,video_play,2024-02-14 21:40:22,tablet,Chrome,tiktok
SESS-000643,CUST-0182,/account,page_view,2024-11-08 18:55:52,desktop,Samsung Internet,affiliate
SESS-000644,,/products/electronics,search,2024-03-14 11:13:45,mobile,Firefox,email_campaign
SESS-000645,,/checkout/payment,purchase,2024-09-17 17:04:21,mobile,Chrome,google
SESS-000646,,/checkout,search,2024-05-27 22:52:06,tablet,Firefox,direct
SESS-000647,CUST-0168,/faq,page_view,2024-08-13 03:55:30,mobile,Chrome,direct
SESS-000648,CUST-0303,/products,begin_checkout,2024-08-23 09:46:17,mobile,Firefox,bing
SESS-000649,CUST-0152,/products/books,click,2024-09-13 01:46:44,mobile,Safari,instagram
SESS-000650,CUST-0030,/checkout/payment,click,2024-09-01 06:16:46,desktop,Chrome,twitter
SESS-000651,,/account,video_play,2024-01-11 15:02:34,desktop,Edge,
SESS-000652,CUST-0351,/products/electronics,begin_checkout,2024-11-19 10:19:07,desktop,Chrome,email_campaign
SESS-000653,CUST-0244,/checkout/payment,video_play,2024-03-12 17:33:14,mobile,Chrome,
SESS-000654,CUST-0067,/products/sports,remove_from_cart,2024-10-03 13:20:24,mobile,Samsung Internet,facebook
SESS-000655,CUST-0161,/returns,click,2024-09-29 20:33:22,mobile,Edge,facebook
SESS-000656,CUST-0349,/products/clothing,click,2024-07-02 08:48:09,desktop,Edge,facebook
SESS-000657,,/products/home,purchase,2024-03-12 01:14:44,desktop,Chrome,twitter
SESS-000658,CUST-0084,/blog,begin_checkout,2024-08-12 16:12:34,tablet,Firefox,direct
SESS-000659,,/returns,search,2024-01-06 03:52:28,tablet,Safari,affiliate
SESS-000660,CUST-0367,/account,purchase,2024-04-19 20:06:49,mobile,Chrome,google
SESS-000661,CUST-0025,/blog,video_play,2024-12-31 02:34:05,mobile,Safari,affiliate
SESS-000662,CUST-0342,/contact,click,2024-02-09 16:48:57,mobile,Firefox,facebook
SESS-000663,CUST-0294,/products,video_play,2024-11-08 20:50:45,bot,Bingbot,twitter
SESS-000664,CUST-0210,/checkout/confirmation,begin_checkout,2024-05-06 06:32:17,mobile,Edge,facebook
SESS-000665,CUST-0497,/checkout,click,2024-03-13 12:13:14,desktop,Chrome,instagram
SESS-000666,,/returns,add_to_cart,2024-03-28 20:05:43,tablet,Samsung Internet,twitter
SESS-000667,CUST-0089,/products/sports,video_play,2024-12-04 11:01:22,desktop,Chrome,facebook
SESS-000668,CUST-0457,/products,click,2024-01-04 03:39:37,tablet,Chrome,bing
SESS-000669,CUST-0261,/,purchase,2024-08-31 21:25:28,desktop,Samsung Internet,
SESS-000670,,/cart,purchase,2024-02-18 20:13:13,mobile,Chrome,facebook
SESS-000671,CUST-0203,/returns,scroll,2024-02-23 03:29:04,mobile,Chrome,
SESS-000672,CUST-0162,/products/home,page_view,2024-05-25 06:59:43,mobile,Samsung Internet,google
SESS-000673,CUST-0071,/search,click,2024-03-07 17:27:23,mobile,Chrome,instagram
SESS-000674,CUST-0062,/,begin_checkout,2024-11-19 01:51:57,tablet,Firefox,email_campaign
SESS-000675,,/faq,click,2024-07-01 23:58:57,desktop,Safari,instagram
SESS-000676,CUST-0297,/cart,video_play,2024-05-27 18:41:31,mobile,Samsung Internet,affiliate
SESS-000677,CUST-0495,/products,search,2024-06-07 04:12:19,tablet,Chrome,facebook
SESS-000678,CUST-0303,/products,page_view,2024-11-19 12:01:57,mobile,Firefox,instagram
SESS-000679,CUST-0184,/checkout,page_view,2024-04-12 07:41:00,tablet,Samsung Internet,tiktok
SESS-000680,CUST-0023,/checkout,page_view,2024-04-12 00:40:43,mobile,Safari,
SESS-000681,CUST-0292,/products/home,search,2024-11-06 18:31:06,desktop,Safari,tiktok
SESS-000682,CUST-0315,/cart,page_view,2024-10-01 05:06:47,desktop,Chrome,email_campaign
SESS-000683,CUST-0053,/account,scroll,2024-10-21 23:30:58,desktop,Chrome,tiktok
SESS-000684,CUST-0043,/products/clothing,scroll,2024-08-15 08:36:22,mobile,Firefox,google
SESS-000685,CUST-0363,/search,click,2024-12-23 01:08:08,mobile,Chrome,bing
SESS-000686,,/about,add_to_cart,2024-11-02 22:52:59,desktop,Chrome,tiktok
SESS-000687,CUST-0447,/checkout,scroll,2024-01-27 17:09:08,mobile,Firefox,facebook
SESS-000688,CUST-0237,/cart,scroll,2024-02-22 16:49:16,tablet,Safari,direct
SESS-000689,CUST-0101,/checkout/confirmation,click,2024-04-17 14:34:46,mobile,Samsung Internet,email_campaign
SESS-000690,CUST-0364,/account,click,2024-09-15 00:09:50,mobile,Safari,
SESS-000691,CUST-0305,/account/wishlist,video_play,2024-01-26 04:53:04,bot,SemrushBot,direct
SESS-000692,,/products,page_view,2024-02-19 00:57:50,mobile,Safari,direct
SESS-000693,CUST-0076,/returns,search,2024-07-09 13:28:09,mobile,Firefox,affiliate
SESS-000694,CUST-0366,/contact,page_view,2024-04-21 12:17:35,tablet,Safari,instagram
SESS-000695,CUST-0277,/products/electronics,remove_from_cart,2024-05-01 18:44:53,tablet,Samsung Internet,instagram
SESS-000696,CUST-0378,/products/clothing,click,2024-01-12 10:10:06,mobile,Chrome,email_campaign
SESS-000697,CUST-0354,/blog,purchase,2024-04-16 00:57:39,tablet,Chrome,instagram
SESS-000698,CUST-0402,/returns,video_play,2024-12-22 08:40:40,mobile,Chrome,direct
SESS-000699,CUST-0224,/returns,page_view,2024-06-02 00:55:01,mobile,Safari,bing
SESS-000700,CUST-0483,/about,search,2024-05-05 07:20:11,mobile,Chrome,twitter
SESS-000701,CUST-0354,/contact,page_view,2024-02-28 19:53:16,mobile,Chrome,email_campaign
SESS-000702,CUST-0349,/blog,video_play,2024-08-27 21:08:16,desktop,Edge,facebook
SESS-000703,CUST-0232,/returns,add_to_cart,2024-01-04 11:05:46,mobile,Safari,
SESS-000704,CUST-0061,/products/books,remove_from_cart,2024-02-03 13:44:49,mobile,Safari,tiktok
SESS-000705,CUST-0404,/checkout/confirmation,page_view,2024-10-21 21:57:05,mobile,Chrome,tiktok
SESS-000706,CUST-0050,/faq,add_to_cart,2024-11-26 01:41:42,desktop,Safari,instagram
SESS-000707,CUST-0406,/checkout,add_to_cart,2024-04-05 22:40:53,bot,Bingbot,bing
SESS-000708,,/products/clothing,search,2024-05-15 15:17:50,mobile,Chrome,instagram
SESS-000709,CUST-0429,/returns,page_view,2024-12-18 17:36:55,mobile,Chrome,
SESS-000710,CUST-0377,/products/electronics,scroll,2024-10-25 04:48:22,desktop,Safari,
SESS-000711,CUST-0430,/checkout/confirmation,add_to_cart,2024-05-25 12:46:44,desktop,Safari,google
SESS-000712,,/products/electronics,page_view,2024-12-28 05:13:15,bot,AhrefsBot,twitter
SESS-000713,,/products/books,scroll,2024-09-18 02:41:10,tablet,Chrome,facebook
SESS-000714,CUST-0471,/account/orders,remove_from_cart,2024-08-13 21:41:41,desktop,Chrome,bing
SESS-000715,,/blog,begin_checkout,2024-09-04 04:17:44,mobile,Safari,email_campaign
SESS-000716,,/checkout/confirmation,click,2024-09-19 20:32:40,tablet,Firefox,affiliate
SESS-000717,CUST-0127,/blog,add_to_cart,2024-03-28 10:53:36,mobile,Safari,google
SESS-000718,CUST-0100,/products/sports,purchase,2024-10-14 11:02:48,desktop,Chrome,email_campaign
SESS-000719,CUST-0350,/checkout,page_view,2024-01-27 07:06:36,tablet,Chrome,affiliate
SESS-000720,,/cart,add_to_cart,2024-06-11 05:08:05,tablet,Samsung Internet,
SESS-000721,,/checkout/payment,search,2024-12-20 03:05:15,mobile,Safari,affiliate
SESS-000722,CUST-0463,/products/sports,page_view,2024-06-09 05:52:17,mobile,Chrome,direct
SESS-000723,CUST-0314,/faq,search,2024-04-06 19:14:29,tablet,Chrome,twitter
SESS-000724,CUST-0413,/contact,scroll,2024-11-28 20:33:30,desktop,Firefox,facebook
SESS-000725,CUST-0205,/products/sports,page_view,2024-11-20 15:19:54,desktop,Firefox,twitter
SESS-000726,,/products/books,click,2024-07-15 20:27:27,desktop,Safari,facebook
SESS-000727,CUST-0228,/faq,remove_from_cart,2024-02-19 01:52:20,desktop,Chrome,twitter
SESS-000728,CUST-0398,/products/home,click,2024-02-29 08:50:44,desktop,Edge,tiktok
SESS-000729,CUST-0386,/search,remove_from_cart,2024-08-25 08:52:47,desktop,Chrome,twitter
SESS-000730,,/checkout/confirmation,click,2024-02-06 20:19:09,mobile,Chrome,instagram
SESS-000731,CUST-0354,/about,page_view,2024-08-24 17:06:46,desktop,Chrome,affiliate
SESS-000732,CUST-0396,/products/books,remove_from_cart,2024-01-30 23:09:43,mobile,Edge,tiktok
SESS-000733,,/search,click,2024-03-29 23:49:42,mobile,Safari,direct
SESS-000734,CUST-0436,/returns,page_view,2024-05-16 19:00:22,desktop,Firefox,bing
SESS-000735,CUST-0491,/products/clothing,add_to_cart,2024-02-13 22:08:46,mobile,Chrome,instagram
SESS-000736,CUST-0406,/products/home,click,2024-08-04 11:22:59,desktop,Safari,direct
SESS-000737,CUST-0412,/blog,page_view,2024-10-19 14:28:46,mobile,Safari,affiliate
SESS-000738,CUST-0466,/products/books,page_view,2024-09-16 15:10:48,tablet,Samsung Internet,google
SESS-000739,CUST-0402,/products/clothing,click,2024-12-10 07:21:33,tablet,Chrome,tiktok
SESS-000740,CUST-0293,/returns,click,2024-10-16 03:06:56,desktop,Chrome,instagram
SESS-000741,,/blog,video_play,2024-08-02 16:10:48,mobile,Samsung Internet,tiktok
SESS-000742,CUST-0185,/products/home,click,2024-12-22 22:04:56,tablet,Safari,google
SESS-000743,CUST-0282,/products,page_view,2024-09-11 04:12:45,desktop,Safari,facebook
SESS-000744,CUST-0093,/products/clothing,page_view,2024-03-23 09:35:35,desktop,Safari,
SESS-000745,CUST-0185,/account,page_view,2024-09-11 16:41:59,desktop,Firefox,direct
SESS-000746,CUST-0348,/products/home,search,2024-04-05 19:36:54,desktop,Edge,twitter
SESS-000747,CUST-0021,/products/home,page_view,2024-03-05 14:31:54,desktop,Chrome,email_campaign
SESS-000748,CUST-0181,/checkout/confirmation,add_to_cart,2024-12-21 18:29:10,mobile,Samsung Internet,facebook
SESS-000749,CUST-0162,/account,page_view,2024-08-03 12:15:58,mobile,Samsung Internet,
SESS-000750,CUST-0148,/products/electronics,page_view,2024-11-29 12:28:06,mobile,Chrome,tiktok
SESS-000751,,/products/books,page_view,2024-06-27 11:13:50,mobile,Chrome,direct
SESS-000752,,/cart,scroll,2024-05-05 14:15:03,mobile,Chrome,tiktok
SESS-000753,CUST-0060,/faq,page_view,2024-02-28 16:26:13,desktop,Samsung Internet,direct
SESS-000754,CUST-0473,/contact,click,2024-04-14 06:29:25,mobile,Edge,twitter
SESS-000755,CUST-0473,/cart,scroll,2024-03-13 11:15:04,desktop,Samsung Internet,bing
SESS-000756,CUST-0143,/account/wishlist,add_to_cart,2024-10-01 09:32:48,mobile,Chrome,
SESS-000757,CUST-0155,/returns,remove_from_cart,2024-07-13 14:09:27,mobile,Safari,facebook
SESS-000758,CUST-0289,/search,page_view,2024-01-06 03:47:19,mobile,Samsung Internet,twitter
SESS-000759,,/products/sports,scroll,2024-03-30 05:46:43,desktop,Samsung Internet,email_campaign
SESS-000760,,/products/sports,remove_from_cart,2024-11-28 14:52:28,tablet,Chrome,email_campaign
SESS-000761,CUST-0329,/faq,page_view,2024-02-21 00:24:26,mobile,Samsung Internet,
SESS-000762,CUST-0323,/products/books,page_view,2024-07-02 04:49:40,mobile,Safari,instagram
SESS-000763,CUST-0014,/checkout/payment,begin_checkout,2024-02-28 12:08:03,mobile,Firefox,
SESS-000764,CUST-0255,/account/orders,scroll,2024-12-31 00:52:25,tablet,Safari,facebook
SESS-000765,CUST-0113,/products/home,page_view,2024-10-23 11:37:55,mobile,Chrome,
SESS-000766,CUST-0270,/cart,click,2024-11-24 06:02:08,desktop,Safari,facebook
SESS-000767,,/products,click,2024-04-28 23:19:13,desktop,Chrome,affiliate
SESS-000768,CUST-0242,/faq,page_view,2024-09-24 15:37:35,desktop,Chrome,facebook
SESS-000769,CUST-0449,/products/clothing,video_play,2024-03-19 04:06:03,desktop,Chrome,
SESS-000770,,/contact,add_to_cart,2024-04-26 20:14:48,mobile,Samsung Internet,email_campaign
SESS-000771,CUST-0167,/cart,search,2024-06-20 08:37:27,mobile,Chrome,instagram
SESS-000772,,/about,video_play,2024-11-13 07:35:30,mobile,Chrome,twitter
SESS-000773,,/products/electronics,scroll,2024-02-25 20:03:46,tablet,Chrome,facebook
SESS-000774,,/account,scroll,2024-05-18 02:13:44,desktop,Edge,direct
SESS-000775,CUST-0494,/cart,remove_from_cart,2024-02-26 23:20:16,desktop,Safari,twitter
SESS-000776,CUST-0029,/products/home,click,2024-11-12 19:37:26,desktop,Safari,email_campaign
SESS-000777,CUST-0041,/account/wishlist,search,2024-02-28 10:27:17,tablet,Firefox,twitter
SESS-000778,CUST-0431,/account/orders,page_view,2024-08-19 20:57:58,desktop,Chrome,instagram
SESS-000779,CUST-0270,/products,click,2024-10-16 01:23:50,tablet,Chrome,bing
SESS-000780,,/products/clothing,click,2024-04-15 16:22:54,mobile,Edge,
SESS-000781,CUST-0431,/products/home,begin_checkout,2024-10-08 02:09:58,tablet,Chrome,
SESS-000782,CUST-0202,/checkout/payment,video_play,2024-09-15 20:29:35,desktop,Chrome,facebook
SESS-000783,,/faq,click,2024-09-21 12:53:44,tablet,Samsung Internet,bing
SESS-000784,,/products/clothing,click,2024-01-17 21:53:19,desktop,Chrome,tiktok
SESS-000785,CUST-0058,/checkout/payment,remove_from_cart,2024-09-12 17:43:08,mobile,Chrome,twitter
SESS-000786,CUST-0296,/blog,click,2024-07-21 04:29:36,desktop,Edge,affiliate
SESS-000787,,/checkout/confirmation,page_view,2024-02-04 18:35:15,desktop,Firefox,email_campaign
SESS-000788,CUST-0467,/checkout/confirmation,begin_checkout,2024-07-08 16:48:05,desktop,Chrome,affiliate
SESS-000789,CUST-0342,/search,add_to_cart,2024-02-29 10:13:58,tablet,Safari,instagram
SESS-000790,,/products/clothing,purchase,2024-06-19 11:38:14,desktop,Edge,twitter
SESS-000791,CUST-0013,/products/clothing,begin_checkout,2024-02-04 22:33:49,tablet,Firefox,direct
SESS-000792,CUST-0009,/contact,page_view,2024-12-16 10:06:54,mobile,Safari,email_campaign
SESS-000793,CUST-0191,/products,video_play,2024-06-29 11:00:11,mobile,Safari,
SESS-000794,CUST-0221,/cart,click,2024-10-01 01:29:56,mobile,Firefox,facebook
SESS-000795,CUST-0127,/returns,click,2024-11-24 04:23:50,mobile,Firefox,email_campaign
SESS-000796,CUST-0175,/checkout/payment,video_play,2024-03-23 06:20:23,desktop,Edge,instagram
SESS-000797,CUST-0453,/products,add_to_cart,2024-08-21 04:15:56,tablet,Chrome,direct
SESS-000798,CUST-0231,/checkout/confirmation,video_play,2024-09-28 00:01:07,mobile,Chrome,twitter
SESS-000799,CUST-0251,/faq,purchase,2024-10-29 23:11:59,mobile,Safari,google
SESS-000800,CUST-0301,/blog,remove_from_cart,2024-03-12 15:36:04,desktop,Edge,bing
SESS-000801,CUST-0247,/checkout,begin_checkout,2024-04-18 22:48:02,desktop,Chrome,affiliate
SESS-000802,CUST-0053,/products/electronics,scroll,2024-02-04 01:15:06,mobile,Chrome,affiliate
SESS-000803,CUST-0111,/products/books,begin_checkout,2024-08-16 18:24:59,tablet,Safari,direct
SESS-000804,CUST-0427,/,click,2024-06-17 15:17:54,mobile,Edge,affiliate
SESS-000805,,/products,begin_checkout,2024-09-20 16:42:10,tablet,Firefox,twitter
SESS-000806,CUST-0393,/account/wishlist,begin_checkout,2024-11-24 00:35:26,mobile,Chrome,affiliate
SESS-000807,CUST-0448,/products/books,purchase,2024-12-21 04:46:47,tablet,Firefox,bing
SESS-000808,,/,page_view,2024-02-17 12:55:47,mobile,Chrome,tiktok
SESS-000809,CUST-0475,/,page_view,2024-09-11 22:52:33,desktop,Firefox,direct
SESS-000810,CUST-0436,/products,page_view,2024-11-01 07:58:25,mobile,Samsung Internet,
SESS-000811,CUST-0234,/account,click,2024-12-18 21:47:17,tablet,Chrome,twitter
SESS-000812,CUST-0214,/,page_view,2024-03-09 08:49:25,mobile,Safari,email_campaign
SESS-000813,,/contact,click,2024-11-09 11:30:33,mobile,Safari,
SESS-000814,CUST-0192,/products/electronics,video_play,2024-12-18 10:02:33,mobile,Safari,facebook
SESS-000815,CUST-0121,/account,purchase,2024-07-20 03:13:02,mobile,Chrome,affiliate
SESS-000816,CUST-0061,/search,scroll,2024-04-28 21:31:17,mobile,Chrome,email_campaign
SESS-000817,,/products/electronics,purchase,2024-01-13 15:57:56,desktop,Firefox,direct
SESS-000818,,/checkout,page_view,2024-01-25 08:21:39,mobile,Chrome,email_campaign
SESS-000819,,/products,add_to_cart,2024-11-08 00:18:51,desktop,Chrome,facebook
SESS-000820,CUST-0052,/checkout/payment,scroll,2024-05-05 05:54:35,desktop,Safari,instagram
SESS-000821,,/account,page_view,2024-05-19 11:04:21,mobile,Samsung Internet,facebook
SESS-000822,CUST-0219,/search,remove_from_cart,2024-06-04 18:56:26,desktop,Firefox,affiliate
SESS-000823,CUST-0311,/cart,page_view,2024-07-27 15:23:35,mobile,Edge,instagram
SESS-000824,CUST-0316,/account/orders,page_view,2024-07-11 15:20:23,desktop,Samsung Internet,instagram
SESS-000825,CUST-0040,/products/books,click,2024-01-02 17:15:40,desktop,Safari,twitter
SESS-000826,CUST-0145,/products/clothing,scroll,2024-02-05 11:12:30,tablet,Chrome,tiktok
SESS-000827,,/,page_view,2024-02-10 15:41:57,desktop,Safari,email_campaign
SESS-000828,CUST-0298,/returns,scroll,2024-03-07 15:42:45,mobile,Samsung Internet,instagram
SESS-000829,CUST-0106,/products,page_view,2024-05-17 10:59:18,desktop,Chrome,email_campaign
SESS-000830,CUST-0378,/returns,page_view,2024-02-11 16:52:59,desktop,Chrome,facebook
SESS-000831,,/products/electronics,click,2024-07-29 13:57:55,desktop,Firefox,email_campaign
SESS-000832,CUST-0072,/products/clothing,click,2024-11-03 02:50:39,desktop,Firefox,tiktok
SESS-000833,CUST-0378,/checkout/payment,scroll,2024-09-24 07:40:14,mobile,Chrome,bing
SESS-000834,CUST-0392,/contact,video_play,2024-03-07 21:01:44,mobile,Chrome,twitter
SESS-000835,,/blog,click,2024-10-05 13:20:02,mobile,Safari,email_campaign
SESS-000836,CUST-0089,/blog,page_view,2024-09-07 18:26:05,desktop,Chrome,twitter
SESS-000837,CUST-0384,/account,page_view,2024-10-02 23:29:43,mobile,Edge,instagram
SESS-000838,CUST-0235,/account/orders,purchase,2024-05-03 02:59:01,mobile,Chrome,bing
SESS-000839,CUST-0001,/products/electronics,begin_checkout,2024-07-27 06:19:22,mobile,Chrome,affiliate
SESS-000840,CUST-0450,/returns,scroll,2024-03-02 00:23:40,mobile,Chrome,instagram
SESS-000841,CUST-0400,/contact,video_play,2024-10-29 07:12:48,tablet,Chrome,twitter
SESS-000842,CUST-0001,/about,click,2024-10-04 01:43:50,desktop,Chrome,direct
SESS-000843,CUST-0062,/products/home,scroll,2024-01-24 05:57:23,desktop,Chrome,tiktok
SESS-000844,CUST-0234,/products,click,2024-03-21 15:53:25,tablet,Edge,tiktok
SESS-000845,CUST-0320,/blog,search,2024-03-14 02:59:32,desktop,Safari,facebook
SESS-000846,,/account/orders,click,2024-06-08 23:53:51,mobile,Chrome,instagram
SESS-000847,,/cart,page_view,2024-05-27 03:33:31,mobile,Firefox,instagram
SESS-000848,CUST-0051,/products,scroll,2024-11-21 14:53:07,desktop,Chrome,bing
SESS-000849,,/products/books,scroll,2024-12-31 05:16:42,tablet,Edge,direct
SESS-000850,,/products/books,scroll,2024-12-10 16:56:04,mobile,Samsung Internet,tiktok
SESS-000851,CUST-0080,/products,remove_from_cart,2024-10-05 17:24:33,mobile,Firefox,tiktok
SESS-000852,CUST-0081,/checkout,search,2024-10-25 16:41:27,desktop,Chrome,tiktok
SESS-000853,CUST-0192,/about,page_view,2024-10-09 20:27:34,desktop,Safari,email_campaign
SESS-000854,CUST-0144,/products/electronics,click,2024-03-30 17:56:35,mobile,Safari,twitter
SESS-000855,CUST-0180,/products/sports,click,2024-11-18 08:41:41,desktop,Safari,tiktok
SESS-000856,,/,click,2024-12-13 17:30:35,mobile,Chrome,email_campaign
SESS-000857,CUST-0275,/blog,search,2024-11-09 08:58:55,desktop,Edge,twitter
SESS-000858,CUST-0461,/account/wishlist,click,2024-11-19 09:47:28,desktop,Firefox,google
SESS-000859,CUST-0338,/account/orders,remove_from_cart,2030-05-06 12:00:00,desktop,Samsung Internet,bing
SESS-000860,,/products/books,scroll,2024-06-30 19:14:50,desktop,Chrome,affiliate
SESS-000861,CUST-0418,/products/books,purchase,2024-01-09 02:16:02,desktop,Safari,facebook
SESS-000862,CUST-0406,/checkout,scroll,2024-06-22 10:49:12,desktop,Samsung Internet,
SESS-000863,,/checkout,search,2024-01-18 07:55:52,tablet,Safari,twitter
SESS-000864,,/products/books,page_view,2024-12-07 19:50:39,desktop,Safari,twitter
SESS-000865,,/products/sports,page_view,2024-08-10 02:49:28,desktop,Chrome,tiktok
SESS-000866,CUST-0003,/products/sports,search,2024-01-09 08:49:17,mobile,Edge,instagram
SESS-000867,,/cart,page_view,2024-07-23 18:47:16,desktop,Chrome,bing
SESS-000868,CUST-0453,/,click,1970-01-01 00:00:00,desktop,Safari,google
SESS-000869,,/account,remove_from_cart,2024-09-30 17:35:14,tablet,Safari,direct
SESS-000870,CUST-0282,/products/home,scroll,2024-08-19 04:38:10,desktop,Samsung Internet,instagram
SESS-000871,CUST-0352,/account/wishlist,page_view,2024-08-31 23:46:13,mobile,Safari,facebook
SESS-000872,CUST-0293,/products/home,click,2024-10-04 11:05:29,tablet,Chrome,tiktok
SESS-000873,,/search,click,2024-02-07 22:25:13,desktop,Chrome,bing
SESS-000874,CUST-0402,/returns,click,2024-11-07 19:27:05,mobile,Samsung Internet,instagram
SESS-000875,CUST-0011,/returns,page_view,2024-07-08 10:41:09,mobile,Chrome,instagram
SESS-000876,,/returns,scroll,2024-01-23 11:35:50,tablet,Edge,email_campaign
SESS-000877,CUST-0174,/contact,purchase,2024-04-10 21:28:42,tablet,Safari,instagram
SESS-000878,CUST-0256,/products/clothing,page_view,2024-10-28 10:38:38,mobile,Chrome,tiktok
SESS-000879,CUST-0401,/products,page_view,2024-08-16 14:44:52,bot,Bingbot,affiliate
SESS-000880,,/search,purchase,2024-01-02 08:40:44,desktop,Firefox,bing
SESS-000881,CUST-0455,/products,add_to_cart,2024-06-28 20:49:52,tablet,Firefox,google
SESS-000882,CUST-0423,/returns,scroll,2024-03-11 10:38:02,tablet,Chrome,bing
SESS-000883,,/about,click,2024-03-01 09:48:31,desktop,Firefox,bing
SESS-000884,,/checkout/confirmation,remove_from_cart,2024-02-20 17:58:31,desktop,Safari,email_campaign
SESS-000885,,/cart,search,2024-10-24 12:16:43,mobile,Firefox,google
SESS-000886,CUST-0403,/checkout,click,2024-10-03 14:55:00,mobile,Safari,google
SESS-000887,CUST-0215,/about,click,2024-12-19 00:37:43,tablet,Samsung Internet,facebook
SESS-000888,,/cart,page_view,2024-01-10 02:14:53,mobile,Safari,affiliate
SESS-000889,CUST-0134,/account/orders,purchase,2024-02-24 14:18:20,desktop,Edge,bing
SESS-000890,CUST-0283,/faq,scroll,2024-10-29 15:52:40,desktop,Chrome,bing
SESS-000891,CUST-0069,/checkout,click,2024-04-23 06:31:54,mobile,Firefox,tiktok
SESS-000892,CUST-0294,/products/home,search,2024-03-09 20:22:10,tablet,Chrome,instagram
SESS-000893,CUST-0006,/products,click,2024-01-18 11:59:15,mobile,Safari,
SESS-000894,CUST-0432,/about,page_view,2024-04-01 10:53:48,desktop,Firefox,direct
SESS-000895,CUST-0453,/account/wishlist,video_play,2024-12-15 23:28:21,mobile,Chrome,email_campaign
SESS-000896,CUST-0038,/account/orders,video_play,2024-03-28 01:26:46,mobile,Safari,bing
SESS-000897,,/cart,remove_from_cart,2024-04-08 23:44:43,tablet,Safari,facebook
SESS-000898,CUST-0166,/account/wishlist,remove_from_cart,2024-08-15 14:39:54,tablet,Safari,direct
SESS-000899,CUST-0012,/checkout/confirmation,purchase,2024-02-02 11:34:03,desktop,Firefox,affiliate
SESS-000900,CUST-0201,/faq,remove_from_cart,2024-02-25 04:55:07,tablet,Chrome,email_campaign
SESS-000901,CUST-0163,/about,remove_from_cart,2024-04-28 02:56:56,tablet,Edge,instagram
SESS-000902,CUST-0015,/products/electronics,scroll,2024-01-27 13:23:48,tablet,Chrome,facebook
SESS-000903,,/products/electronics,scroll,2024-04-01 10:17:04,desktop,Chrome,direct
SESS-000904,CUST-0054,/contact,page_view,2024-07-31 04:53:18,mobile,Chrome,twitter
SESS-000905,,/cart,search,2024-07-24 01:37:38,mobile,Safari,twitter
SESS-000906,CUST-0420,/products/books,remove_from_cart,2024-02-06 21:37:15,desktop,Chrome,tiktok
SESS-000907,CUST-0011,/products,scroll,2024-02-29 15:05:40,tablet,Firefox,
SESS-000908,CUST-0096,/cart,scroll,2024-01-20 13:59:20,desktop,Chrome,
SESS-000909,CUST-0147,/account/wishlist,click,2024-02-13 06:20:50,tablet,Safari,bing
SESS-000910,CUST-0500,/checkout/payment,video_play,2024-11-18 19:12:43,mobile,Samsung Internet,instagram
SESS-000911,,/checkout/confirmation,search,2024-07-26 02:31:09,mobile,Chrome,bing
SESS-000912,CUST-0053,/account/wishlist,video_play,2024-02-20 18:17:45,desktop,Edge,
SESS-000913,CUST-0334,/search,add_to_cart,2024-03-26 20:44:40,tablet,Firefox,
SESS-000914,CUST-0362,/products/electronics,search,2024-03-13 04:43:26,desktop,Safari,facebook
SESS-000915,CUST-0073,/,scroll,2024-03-31 21:49:23,mobile,Edge,google
SESS-000916,,/checkout,video_play,2024-12-22 09:42:55,mobile,Safari,facebook
SESS-000917,CUST-0279,/checkout/confirmation,scroll,2024-06-25 12:44:58,desktop,Samsung Internet,instagram
SESS-000918,CUST-0231,/returns,page_view,2024-03-28 03:53:11,tablet,Safari,instagram
SESS-000919,CUST-0371,/products/home,search,2024-02-10 22:35:21,mobile,Chrome,twitter
SESS-000920,CUST-0325,/checkout/confirmation,video_play,2024-04-27 03:10:27,mobile,Chrome,instagram
SESS-000921,CUST-0499,/products/electronics,remove_from_cart,2024-01-28 11:12:33,mobile,Firefox,direct
SESS-000922,,/search,page_view,2024-11-24 16:22:54,desktop,Chrome,instagram
SESS-000923,,/account/orders,click,2024-09-07 05:29:59,mobile,Safari,tiktok
SESS-000924,CUST-0472,/faq,purchase,2024-05-23 07:44:05,tablet,Safari,bing
SESS-000925,CUST-0033,/checkout/payment,scroll,2024-05-17 20:51:08,mobile,Edge,facebook
SESS-000926,CUST-0365,/products/home,page_view,2024-11-13 00:10:52,mobile,Chrome,direct
SESS-000927,CUST-0398,/products/books,page_view,2024-01-01 08:31:55,mobile,Safari,email_campaign
SESS-000928,CUST-0230,/blog,page_view,2024-09-23 03:02:03,desktop,Safari,email_campaign
SESS-000929,CUST-0238,/account,purchase,2024-12-25 09:07:37,mobile,Edge,google
SESS-000930,,/products,video_play,2024-01-13 09:52:17,tablet,Safari,bing
SESS-000931,CUST-0326,/returns,click,2024-11-05 18:46:13,tablet,Safari,twitter
SESS-000932,CUST-0421,/products/home,page_view,2024-10-27 06:34:52,mobile,Chrome,instagram
SESS-000933,CUST-0431,/products/electronics,click,2024-07-06 03:20:20,mobile,Edge,google
SESS-000934,,/account/wishlist,page_view,2024-03-12 20:12:42,tablet,Chrome,
SESS-000935,,/returns,purchase,2024-07-16 16:57:48,mobile,Safari,tiktok
SESS-000936,CUST-0136,/returns,video_play,2024-12-15 20:03:22,mobile,Safari,direct
SESS-000937,CUST-0065,/account,page_view,2024-04-20 21:36:26,mobile,Firefox,facebook
SESS-000938,CUST-0383,/blog,page_view,2024-04-11 08:26:19,desktop,Edge,facebook
SESS-000939,,/checkout/payment,click,2024-03-02 13:43:04,desktop,Firefox,affiliate
SESS-000940,,/blog,scroll,2024-01-11 13:21:38,desktop,Chrome,instagram
SESS-000941,CUST-0203,/products/electronics,page_view,2024-11-26 09:42:22,desktop,Edge,direct
SESS-000942,CUST-0307,/contact,add_to_cart,2024-02-12 05:45:11,mobile,Edge,twitter
SESS-000943,CUST-0107,/search,page_view,2024-09-16 13:40:45,desktop,Samsung Internet,facebook
SESS-000944,,/account/wishlist,scroll,2024-01-02 15:37:55,desktop,Chrome,bing
SESS-000945,CUST-0286,/about,click,2024-02-05 18:32:56,mobile,Safari,tiktok
SESS-000946,,/products/electronics,purchase,2024-12-09 19:34:39,desktop,Edge,
SESS-000947,CUST-0218,/search,purchase,2024-01-04 13:27:21,mobile,Firefox,affiliate
SESS-000948,,/about,purchase,2024-10-05 15:47:35,mobile,Samsung Internet,twitter
SESS-000949,,/search,scroll,2024-08-11 05:42:27,mobile,Edge,bing
SESS-000950,,/products/clothing,search,2024-04-19 15:25:49,tablet,Safari,affiliate
SESS-000951,,/cart,add_to_cart,2024-12-23 08:41:53,tablet,Chrome,facebook
SESS-000952,CUST-0334,/products/electronics,video_play,1970-01-01 00:00:00,mobile,Safari,affiliate
SESS-000953,CUST-0176,/checkout,page_view,2024-01-06 02:25:11,tablet,Chrome,
SESS-000954,CUST-0202,/account/orders,video_play,2024-10-16 23:55:50,desktop,Firefox,facebook
SESS-000955,,/products/electronics,page_view,2024-08-23 03:54:55,mobile,Firefox,
SESS-000956,CUST-0243,/account/orders,page_view,2024-09-29 11:02:30,desktop,Chrome,tiktok
SESS-000957,,/products/books,search,2024-11-29 02:07:24,desktop,Samsung Internet,email_campaign
SESS-000958,CUST-0443,/checkout/payment,page_view,2024-05-07 05:29:06,desktop,Safari,direct
SESS-000959,,/cart,click,2024-05-03 12:41:02,desktop,Firefox,instagram
SESS-000960,CUST-0369,/products/home,click,2024-12-14 08:46:22,mobile,Chrome,twitter
SESS-000961,CUST-0267,/account/orders,page_view,2024-10-13 09:37:12,desktop,Safari,affiliate
SESS-000962,CUST-0041,/products,click,2030-01-08 12:00:00,desktop,Firefox,instagram
SESS-000963,,/checkout/confirmation,click,2024-08-04 13:50:46,mobile,Samsung Internet,email_campaign
SESS-000964,,/account/orders,purchase,2024-12-15 04:27:05,tablet,Firefox,tiktok
SESS-000965,CUST-0439,/products,search,2024-05-09 10:56:53,desktop,Samsung Internet,facebook
SESS-000966,,/checkout,click,2024-08-18 02:47:40,tablet,Edge,direct
SESS-000967,CUST-0173,/products,purchase,2024-03-10 19:39:15,mobile,Edge,facebook
SESS-000968,CUST-0422,/products/sports,click,2024-06-09 08:48:07,mobile,Safari,instagram
SESS-000969,CUST-0185,/products/home,click,2024-05-17 13:33:37,tablet,Firefox,
SESS-000970,CUST-0364,/search,video_play,2024-07-24 13:06:54,mobile,Safari,
SESS-000971,CUST-0476,/contact,page_view,2024-09-20 11:48:40,tablet,Samsung Internet,
SESS-000972,,/checkout,page_view,2024-08-08 22:23:31,tablet,Safari,google
SESS-000973,,/checkout,remove_from_cart,2024-05-24 01:34:28,tablet,Safari,instagram
SESS-000974,,/about,click,2024-08-09 10:45:52,mobile,Firefox,tiktok
SESS-000975,,/returns,page_view,2024-03-23 14:19:17,tablet,Samsung Internet,email_campaign
SESS-000976,CUST-0097,/returns,video_play,2024-01-02 00:27:54,desktop,Chrome,google
SESS-000977,CUST-0274,/checkout/payment,click,2024-04-09 16:48:43,mobile,Chrome,affiliate
SESS-000978,CUST-0128,/products,video_play,2024-02-27 13:40:40,mobile,Edge,affiliate
SESS-000979,CUST-0411,/account/orders,video_play,2024-06-24 17:01:09,tablet,Edge,twitter
SESS-000980,,/products,page_view,2024-12-14 15:34:13,mobile,Chrome,twitter
SESS-000981,,/account/wishlist,begin_checkout,2024-07-03 23:00:21,mobile,Edge,google
SESS-000982,,/blog,page_view,2024-06-22 22:34:13,mobile,Chrome,bing
SESS-000983,CUST-0133,/products/clothing,remove_from_cart,2024-03-16 03:36:55,mobile,Safari,twitter
SESS-000984,CUST-0385,/search,click,2024-12-12 17:59:29,desktop,Chrome,direct
SESS-000985,,/checkout/confirmation,click,2024-12-27 10:09:26,mobile,Chrome,bing
SESS-000986,CUST-0499,/returns,page_view,2024-07-26 18:47:00,mobile,Samsung Internet,email_campaign
SESS-000987,CUST-0011,/products,video_play,2024-12-30 16:53:32,mobile,Safari,bing
SESS-000988,CUST-0477,/blog,page_view,2024-08-18 15:36:37,mobile,Chrome,instagram
SESS-000989,,/about,add_to_cart,2024-12-22 13:23:57,desktop,Edge,direct
SESS-000990,CUST-0010,/returns,click,2024-07-29 16:55:46,desktop,Chrome,
SESS-000991,,/products/home,page_view,2024-02-11 18:14:18,desktop,Chrome,
SESS-000992,,/contact,search,2024-10-13 11:31:02,mobile,Chrome,facebook
SESS-000993,CUST-0009,/account/orders,scroll,2024-03-25 01:29:59,desktop,Firefox,google
SESS-000994,,/blog,page_view,2024-07-20 23:55:02,desktop,Chrome,affiliate
SESS-000995,CUST-0439,/products/home,purchase,2024-11-02 06:07:10,mobile,Safari,affiliate
SESS-000996,CUST-0278,/,purchase,2024-01-06 17:05:26,mobile,Edge,google
SESS-000997,CUST-0407,/cart,click,2024-11-13 21:30:32,desktop,Firefox,direct
SESS-000998,CUST-0269,/checkout/payment,click,2024-04-27 12:42:23,desktop,Safari,email_campaign
SESS-000999,CUST-0319,/products/clothing,video_play,2024-09-20 22:52:38,desktop,Firefox,email_campaign
SESS-001000,,/products,click,2024-04-22 02:46:28,mobile,Chrome,bing
SESS-001001,,/contact,page_view,2024-01-27 04:46:49,tablet,Edge,direct
SESS-001002,,/products/books,click,2024-05-16 04:58:21,tablet,Chrome,email_campaign
SESS-001003,CUST-0323,/products/books,click,2024-06-21 00:01:30,mobile,Safari,facebook
SESS-001004,CUST-0192,/products/sports,page_view,2024-04-18 17:13:10,desktop,Samsung Internet,email_campaign
SESS-001005,CUST-0282,/account/wishlist,video_play,2024-09-03 11:57:00,desktop,Safari,facebook
SESS-001006,CUST-0485,/account,remove_from_cart,2024-07-05 23:33:21,mobile,Samsung Internet,instagram
SESS-001007,CUST-0114,/account/wishlist,remove_from_cart,2024-03-27 22:07:51,desktop,Chrome,
SESS-001008,,/faq,click,2024-01-02 16:04:36,desktop,Chrome,google
SESS-001009,CUST-0334,/products/clothing,page_view,2024-01-25 07:41:30,desktop,Safari,direct
SESS-001010,,/checkout,purchase,2024-09-21 08:24:51,desktop,Chrome,
SESS-001011,,/products/sports,page_view,2024-05-31 00:27:34,desktop,Firefox,email_campaign
SESS-001012,CUST-0354,/products/clothing,purchase,2024-07-08 20:57:43,tablet,Safari,email_campaign
SESS-001013,,/account/wishlist,remove_from_cart,2024-04-05 07:16:31,mobile,Samsung Internet,bing
SESS-001014,CUST-0170,/account,scroll,2024-10-28 12:59:43,mobile,Samsung Internet,
SESS-001015,,/faq,remove_from_cart,2024-08-02 02:02:41,mobile,Safari,tiktok
SESS-001016,CUST-0413,/blog,purchase,2024-09-18 05:23:20,mobile,Edge,email_campaign
SESS-001017,CUST-0493,/products/clothing,click,2024-11-07 08:06:59,mobile,Safari,tiktok
SESS-001018,CUST-0415,/account/orders,begin_checkout,2024-03-25 15:40:35,mobile,Safari,email_campaign
SESS-001019,CUST-0421,/checkout/confirmation,add_to_cart,2024-01-04 05:27:56,mobile,Safari,bing
SESS-001020,CUST-0249,/cart,video_play,2024-08-22 15:21:15,mobile,Firefox,twitter
SESS-001021,,/account/orders,video_play,2024-04-11 08:18:34,desktop,Firefox,facebook
SESS-001022,,/products/clothing,click,2024-03-25 03:57:35,mobile,Edge,email_campaign
SESS-001023,CUST-0407,/contact,search,2024-03-19 14:47:33,mobile,Chrome,google
SESS-001024,,/products/sports,page_view,2024-07-06 03:29:02,mobile,Safari,twitter
SESS-001025,CUST-0077,/account/orders,click,2024-09-02 14:44:43,tablet,Edge,twitter
SESS-001026,CUST-0227,/account,remove_from_cart,2024-07-10 17:25:42,mobile,Chrome,instagram
SESS-001027,,/about,click,2024-08-08 12:49:05,tablet,Chrome,facebook
SESS-001028,CUST-0494,/returns,scroll,2024-01-24 12:52:32,tablet,Samsung Internet,instagram
SESS-001029,,/checkout,video_play,2024-11-19 05:09:27,desktop,Safari,twitter
SESS-001030,CUST-0203,/checkout/payment,video_play,2024-06-14 19:46:23,mobile,Chrome,affiliate
SESS-001031,CUST-0006,/checkout/payment,add_to_cart,2024-05-20 19:02:06,desktop,Firefox,affiliate
SESS-001032,,/products/sports,video_play,2024-11-01 04:23:16,tablet,Samsung Internet,tiktok
SESS-001033,,/returns,purchase,2024-10-08 06:21:49,mobile,Safari,
SESS-001034,CUST-0271,/account/orders,page_view,2024-03-31 08:22:11,mobile,Safari,affiliate
SESS-001035,,/contact,add_to_cart,2024-11-22 16:23:40,mobile,Chrome,facebook
SESS-001036,CUST-0254,/products,search,2024-10-18 02:16:30,tablet,Safari,tiktok
SESS-001037,CUST-0047,/products/clothing,add_to_cart,2024-05-15 10:10:28,mobile,Chrome,twitter
SESS-001038,CUST-0218,/checkout/confirmation,click,2024-10-30 09:56:22,desktop,Chrome,twitter
SESS-001039,,/checkout,click,2024-01-28 08:50:06,desktop,Chrome,facebook
SESS-001040,CUST-0440,/contact,click,2024-07-25 05:02:56,mobile,Samsung Internet,instagram
SESS-001041,,/search,page_view,2024-11-29 06:57:47,desktop,Safari,
SESS-001042,,/account/wishlist,video_play,2024-07-15 19:44:40,mobile,Safari,email_campaign
SESS-001043,CUST-0499,/products,add_to_cart,2024-04-08 07:40:24,mobile,Safari,direct
SESS-001044,CUST-0103,/checkout/confirmation,add_to_cart,2024-07-27 17:48:10,desktop,Firefox,email_campaign
SESS-001045,,/products/books,remove_from_cart,2024-03-13 06:32:21,mobile,Safari,twitter
SESS-001046,CUST-0173,/blog,remove_from_cart,2024-10-17 20:38:19,desktop,Edge,affiliate
SESS-001047,,/products,page_view,2024-12-01 14:00:08,desktop,Edge,tiktok
SESS-001048,CUST-0112,/returns,page_view,2024-11-14 11:41:33,desktop,Safari,bing
SESS-001049,CUST-0221,/cart,page_view,2024-01-13 21:38:13,desktop,Firefox,facebook
SESS-001050,,/about,add_to_cart,2030-08-07 12:00:00,desktop,Chrome,tiktok
SESS-001051,CUST-0110,/products/clothing,video_play,2024-04-11 03:37:25,tablet,Chrome,affiliate
SESS-001052,CUST-0017,/faq,page_view,2024-10-09 15:16:50,tablet,Safari,email_campaign
SESS-001053,CUST-0341,/,page_view,2024-09-22 15:19:56,desktop,Chrome,tiktok
SESS-001054,CUST-0312,/products/clothing,page_view,2024-04-29 22:03:08,tablet,Firefox,facebook
SESS-001055,CUST-0268,/products/books,click,2024-12-09 08:52:46,desktop,Edge,google
SESS-001056,CUST-0324,/products/electronics,page_view,2024-02-13 14:44:18,mobile,Safari,email_campaign
SESS-001057,CUST-0262,/contact,page_view,2024-12-07 01:27:06,mobile,Edge,email_campaign
SESS-001058,,/products/electronics,purchase,2024-01-27 11:46:53,tablet,Chrome,instagram
SESS-001059,CUST-0420,/,click,2024-11-18 07:21:57,mobile,Chrome,direct
SESS-001060,,/account/wishlist,begin_checkout,1970-01-01 00:00:00,desktop,Safari,instagram
SESS-001061,CUST-0438,/account/orders,begin_checkout,2024-06-17 20:59:12,desktop,Chrome,bing
SESS-001062,,/returns,click,2024-05-28 12:36:51,mobile,Chrome,facebook
SESS-001063,CUST-0037,/about,video_play,2024-08-01 03:02:10,mobile,Samsung Internet,tiktok
SESS-001064,,/cart,click,2024-07-21 19:03:35,desktop,Edge,twitter
SESS-001065,,/products/home,click,2024-05-22 16:34:34,mobile,Safari,instagram
SESS-001066,CUST-0356,/contact,search,2024-10-22 15:43:26,mobile,Chrome,bing
SESS-001067,CUST-0275,/checkout/confirmation,search,2024-07-22 22:03:14,tablet,Safari,instagram
SESS-001068,CUST-0271,/returns,video_play,2024-04-06 20:45:12,desktop,Firefox,affiliate
SESS-001069,CUST-0323,/search,click,2024-04-24 22:02:07,tablet,Firefox,direct
SESS-001070,,/checkout/payment,search,2024-02-15 09:47:03,tablet,Safari,instagram
SESS-001071,CUST-0083,/products/electronics,page_view,2024-08-16 02:17:26,tablet,Chrome,
SESS-001072,,/contact,page_view,2024-03-02 00:52:49,tablet,Safari,instagram
SESS-001073,,/account,video_play,2024-10-23 02:07:08,mobile,Firefox,email_campaign
SESS-001074,CUST-0081,/checkout/payment,purchase,2024-08-23 12:23:20,bot,AhrefsBot,email_campaign
SESS-001075,CUST-0040,/,click,2024-07-02 05:07:37,mobile,Edge,google
SESS-001076,CUST-0175,/faq,page_view,2024-05-21 09:47:01,mobile,Firefox,bing
SESS-001077,CUST-0245,/cart,begin_checkout,2024-01-02 11:44:43,mobile,Chrome,bing
SESS-001078,CUST-0159,/checkout,purchase,2024-07-05 17:29:31,mobile,Safari,instagram
SESS-001079,CUST-0326,/products/sports,purchase,2024-08-11 16:57:06,tablet,Chrome,
SESS-001080,,/faq,page_view,2024-05-23 06:14:38,tablet,Safari,instagram
SESS-001081,CUST-0206,/checkout/confirmation,video_play,2024-12-29 22:54:45,mobile,Edge,bing
SESS-001082,CUST-0065,/contact,video_play,2024-12-30 04:35:50,tablet,Chrome,facebook
SESS-001083,CUST-0132,/search,remove_from_cart,2024-11-08 22:54:41,mobile,Safari,direct
SESS-001084,,/account/orders,video_play,2024-12-04 06:13:39,mobile,Safari,
SESS-001085,,/faq,page_view,2024-07-28 03:18:10,desktop,Chrome,bing
SESS-001086,,/products/electronics,add_to_cart,2024-03-23 06:41:02,tablet,Chrome,email_campaign
SESS-001087,,/products/electronics,page_view,2024-02-17 04:43:39,mobile,Samsung Internet,direct
SESS-001088,CUST-0339,/checkout/confirmation,add_to_cart,2024-12-22 05:55:27,desktop,Firefox,facebook
SESS-001089,CUST-0320,/products/electronics,page_view,2024-04-06 06:55:06,desktop,Safari,
SESS-001090,CUST-0200,/cart,remove_from_cart,2024-09-04 08:46:03,mobile,Safari,affiliate
SESS-001091,CUST-0344,/account,click,2024-06-15 01:19:29,desktop,Safari,twitter
SESS-001092,CUST-0481,/returns,add_to_cart,2024-06-15 21:38:12,tablet,Chrome,
SESS-001093,,/checkout,search,2024-05-31 07:23:12,tablet,Firefox,
SESS-001094,CUST-0421,/checkout/payment,page_view,2024-12-30 22:09:27,mobile,Safari,
SESS-001095,CUST-0403,/search,page_view,2024-05-02 05:11:59,mobile,Safari,affiliate
SESS-001096,CUST-0271,/cart,add_to_cart,2024-12-18 19:16:30,desktop,Safari,twitter
SESS-001097,,/account,page_view,2024-01-04 07:06:00,desktop,Samsung Internet,email_campaign
SESS-001098,CUST-0447,/returns,page_view,2024-01-03 13:38:46,desktop,Edge,facebook
SESS-001099,,/faq,search,2024-10-08 20:26:46,tablet,Samsung Internet,facebook
SESS-001100,CUST-0053,/checkout/confirmation,remove_from_cart,2024-11-23 08:03:09,mobile,Edge,tiktok
SESS-001101,CUST-0011,/products/electronics,search,2024-12-04 13:36:04,mobile,Safari,
SESS-001102,,/,click,2024-11-09 21:03:15,desktop,Chrome,google
SESS-001103,CUST-0229,/checkout/payment,begin_checkout,2024-04-23 10:10:58,tablet,Firefox,direct
SESS-001104,CUST-0094,/products/sports,page_view,2024-03-27 21:30:03,mobile,Chrome,instagram
SESS-001105,CUST-0161,/checkout/confirmation,page_view,2024-04-02 22:47:49,tablet,Chrome,tiktok
SESS-001106,CUST-0156,/,page_view,2024-01-27 23:47:38,mobile,Samsung Internet,twitter
SESS-001107,,/faq,page_view,2024-12-25 12:26:55,tablet,Safari,bing
SESS-001108,CUST-0231,/products/home,page_view,2024-03-22 20:44:50,desktop,Safari,twitter
SESS-001109,,/products/books,click,2024-06-11 20:36:51,mobile,Samsung Internet,facebook
SESS-001110,,/contact,page_view,2024-12-29 09:44:58,mobile,Edge,twitter
SESS-001111,CUST-0053,/,purchase,2024-12-22 04:43:05,desktop,Safari,email_campaign
SESS-001112,,/checkout/confirmation,page_view,2024-07-09 01:15:14,desktop,Safari,google
SESS-001113,CUST-0264,/checkout,remove_from_cart,2024-07-12 04:47:52,mobile,Chrome,direct
SESS-001114,CUST-0088,/products/home,page_view,2024-08-29 07:49:03,mobile,Samsung Internet,bing
SESS-001115,CUST-0402,/account/wishlist,page_view,2024-07-25 00:40:41,tablet,Safari,twitter
SESS-001116,CUST-0183,/account/orders,remove_from_cart,2024-09-07 07:37:00,mobile,Edge,google
SESS-001117,CUST-0004,/checkout/payment,begin_checkout,2024-11-08 07:32:19,mobile,Chrome,email_campaign
SESS-001118,CUST-0309,/products/clothing,video_play,2024-12-16 19:26:05,mobile,Chrome,direct
SESS-001119,,/account,begin_checkout,2024-04-17 13:28:32,mobile,Samsung Internet,bing
SESS-001120,CUST-0215,/products/sports,scroll,2024-02-28 14:02:20,bot,Bingbot,email_campaign
SESS-001121,CUST-0441,/products/electronics,video_play,2024-06-18 01:46:16,tablet,Safari,instagram
SESS-001122,CUST-0280,/,click,2024-04-10 20:07:58,mobile,Firefox,
SESS-001123,CUST-0185,/checkout/payment,add_to_cart,2024-05-23 05:53:49,tablet,Firefox,tiktok
SESS-001124,,/search,remove_from_cart,2024-03-23 05:37:42,desktop,Chrome,twitter
SESS-001125,CUST-0265,/,click,2024-12-06 04:05:29,mobile,Safari,email_campaign
SESS-001126,,/search,page_view,2024-02-25 09:52:37,mobile,Firefox,google
SESS-001127,CUST-0023,/products/sports,video_play,2024-06-24 05:09:14,desktop,Safari,
SESS-001128,CUST-0107,/checkout,search,2024-03-14 14:55:34,bot,SemrushBot,tiktok
SESS-001129,CUST-0499,/account/wishlist,remove_from_cart,2024-05-26 05:46:13,tablet,Chrome,instagram
SESS-001130,CUST-0184,/account,click,2024-06-22 02:12:25,desktop,Samsung Internet,email_campaign
SESS-001131,CUST-0109,/checkout/payment,page_view,2024-03-20 02:03:12,mobile,Safari,
SESS-001132,CUST-0060,/products/home,page_view,2024-08-06 23:24:54,mobile,Chrome,bing
SESS-001133,CUST-0148,/products/clothing,add_to_cart,2024-02-05 02:38:20,desktop,Chrome,instagram
SESS-001134,,/returns,scroll,2024-11-18 02:42:48,tablet,Firefox,tiktok
SESS-001135,CUST-0205,/products/sports,click,2024-01-24 06:13:25,desktop,Chrome,direct
SESS-001136,,/products/books,click,2024-09-18 11:44:01,desktop,Safari,tiktok
SESS-001137,CUST-0229,/checkout/payment,begin_checkout,2024-11-20 11:59:33,mobile,Safari,direct
SESS-001138,,/search,scroll,2024-03-26 01:05:59,mobile,Firefox,google
SESS-001139,,/products/electronics,page_view,2024-02-07 02:11:15,tablet,Samsung Internet,instagram
SESS-001140,CUST-0243,/cart,purchase,2024-01-29 05:34:06,mobile,Firefox,
SESS-001141,CUST-0461,/faq,begin_checkout,2024-07-24 03:31:51,mobile,Samsung Internet,
SESS-001142,CUST-0381,/checkout,click,2024-08-20 14:19:52,mobile,Chrome,facebook
SESS-001143,,/checkout/confirmation,scroll,2024-07-26 02:47:29,mobile,Safari,tiktok
SESS-001144,,/checkout,scroll,2024-04-04 02:16:21,desktop,Firefox,google
SESS-001145,CUST-0380,/products/clothing,video_play,2024-03-18 22:30:42,desktop,Chrome,bing
SESS-001146,CUST-0251,/products/books,begin_checkout,2024-03-18 16:00:20,mobile,Samsung Internet,instagram
SESS-001147,,/checkout/payment,begin_checkout,2024-06-30 04:02:10,desktop,Edge,google
SESS-001148,CUST-0154,/returns,click,2024-08-07 15:27:13,mobile,Chrome,facebook
SESS-001149,CUST-0079,/account/wishlist,add_to_cart,2024-05-06 07:57:56,desktop,Safari,google
SESS-001150,,/checkout/confirmation,purchase,2024-12-03 03:29:18,tablet,Safari,tiktok
SESS-001151,CUST-0280,/faq,purchase,2024-05-19 04:34:24,mobile,Edge,tiktok
SESS-001152,,/about,purchase,2024-06-21 18:59:52,tablet,Safari,instagram
SESS-001153,CUST-0148,/search,page_view,2024-06-04 18:12:44,tablet,Chrome,bing
SESS-001154,,/products/sports,search,2024-01-23 10:08:08,tablet,Samsung Internet,email_campaign
SESS-001155,CUST-0032,/products/books,remove_from_cart,2024-05-09 11:34:16,tablet,Chrome,twitter
SESS-001156,CUST-0011,/products/sports,video_play,2024-02-14 07:50:27,desktop,Safari,
SESS-001157,CUST-0031,/contact,remove_from_cart,2024-06-27 14:04:41,desktop,Chrome,tiktok
SESS-001158,CUST-0493,/account,remove_from_cart,2024-02-05 15:43:11,desktop,Samsung Internet,instagram
SESS-001159,CUST-0401,/account/orders,page_view,2024-04-06 00:04:42,mobile,Safari,facebook
SESS-001160,CUST-0372,/returns,purchase,2024-04-16 18:13:45,mobile,Safari,facebook
SESS-001161,CUST-0491,/about,scroll,2024-11-06 02:55:27,tablet,Samsung Internet,google
SESS-001162,CUST-0440,/account/orders,page_view,2024-09-13 19:45:04,mobile,Chrome,tiktok
SESS-001163,CUST-0209,/checkout/payment,click,2024-11-04 18:41:42,mobile,Safari,facebook
SESS-001164,,/products/sports,remove_from_cart,2024-06-19 22:26:16,tablet,Samsung Internet,facebook
SESS-001165,CUST-0327,/products/books,scroll,2024-08-16 02:54:27,bot,AhrefsBot,bing
SESS-001166,,/account/wishlist,begin_checkout,2024-09-15 03:28:28,desktop,Samsung Internet,email_campaign
SESS-001167,CUST-0412,/checkout/confirmation,click,2024-11-07 13:03:53,mobile,Safari,facebook
SESS-001168,CUST-0478,/blog,page_view,2024-04-09 00:21:55,mobile,Safari,direct
SESS-001169,,/account/orders,page_view,2024-04-24 17:14:12,desktop,Firefox,
SESS-001170,CUST-0019,/cart,video_play,2024-06-18 13:08:13,desktop,Chrome,twitter
SESS-001171,CUST-0023,/checkout,scroll,2024-06-11 06:57:59,mobile,Safari,
SESS-001172,CUST-0252,/about,video_play,2024-08-09 21:48:16,tablet,Chrome,
SESS-001173,CUST-0469,/cart,remove_from_cart,2024-02-10 13:31:50,mobile,Samsung Internet,tiktok
SESS-001174,CUST-0053,/checkout/confirmation,page_view,2024-12-09 00:46:13,tablet,Chrome,google
SESS-001175,,/products/home,purchase,2024-05-18 14:39:04,desktop,Edge,
SESS-001176,CUST-0500,/account/wishlist,search,2024-04-03 12:46:29,mobile,Safari,affiliate
SESS-001177,CUST-0499,/search,scroll,2024-07-10 08:11:24,desktop,Chrome,direct
SESS-001178,CUST-0049,/returns,page_view,2024-05-14 03:16:21,mobile,Firefox,
SESS-001179,CUST-0453,/about,scroll,2024-08-27 23:34:00,bot,Bingbot,email_campaign
SESS-001180,CUST-0011,/account/orders,scroll,2024-11-17 12:53:11,desktop,Safari,affiliate
SESS-001181,CUST-0236,/blog,purchase,2024-02-08 09:34:00,mobile,Chrome,instagram
SESS-001182,,/products/clothing,remove_from_cart,2024-12-08 20:14:27,mobile,Safari,tiktok
SESS-001183,CUST-0019,/products/electronics,click,2024-01-24 14:50:06,tablet,Edge,instagram
SESS-001184,CUST-0087,/,page_view,2024-06-23 01:54:23,tablet,Chrome,
SESS-001185,CUST-0257,/faq,remove_from_cart,2024-12-14 00:54:11,tablet,Chrome,direct
SESS-001186,CUST-0333,/about,click,2024-06-20 12:38:30,desktop,Chrome,affiliate
SESS-001187,,/returns,page_view,2024-07-21 07:05:30,bot,AhrefsBot,affiliate
SESS-001188,CUST-0115,/contact,search,2024-12-26 19:10:13,mobile,Chrome,direct
SESS-001189,CUST-0457,/checkout/confirmation,add_to_cart,2024-03-25 00:01:28,mobile,Samsung Internet,tiktok
SESS-001190,,/products,scroll,2024-01-12 09:21:55,mobile,Chrome,bing
SESS-001191,CUST-0383,/products/home,search,2024-06-25 18:54:07,desktop,Chrome,bing
SESS-001192,CUST-0410,/search,remove_from_cart,2024-02-04 17:41:31,mobile,Safari,direct
SESS-001193,,/checkout,page_view,2024-10-10 06:55:11,mobile,Firefox,affiliate
SESS-001194,CUST-0239,/returns,video_play,2024-02-13 10:16:13,tablet,Samsung Internet,twitter
SESS-001195,CUST-0231,/account/wishlist,purchase,2024-03-13 04:05:09,mobile,Edge,direct
SESS-001196,,/products,purchase,2024-10-16 14:51:53,mobile,Edge,affiliate
SESS-001197,CUST-0267,/account/orders,add_to_cart,2024-12-01 16:04:45,mobile,Chrome,facebook
SESS-001198,CUST-0063,/products/sports,begin_checkout,2024-06-04 06:16:18,mobile,Safari,twitter
SESS-001199,CUST-0079,/account/orders,purchase,2024-11-28 21:52:08,desktop,Chrome,email_campaign
SESS-001200,,/checkout,begin_checkout,2024-07-26 04:15:07,mobile,Edge,google
SESS-001201,,/products/sports,click,2024-01-19 23:23:31,mobile,Safari,google
SESS-001202,CUST-0373,/,begin_checkout,2024-12-09 09:15:25,tablet,Safari,twitter
SESS-001203,,/returns,begin_checkout,2024-02-17 21:11:21,mobile,Firefox,direct
SESS-001204,,/products/electronics,click,2024-06-28 19:37:37,desktop,Chrome,tiktok
SESS-001205,,/contact,page_view,2024-10-27 23:39:59,mobile,Chrome,direct
SESS-001206,CUST-0078,/checkout/confirmation,scroll,2024-08-24 12:49:00,tablet,Chrome,direct
SESS-001207,CUST-0122,/products/sports,page_view,2024-07-31 13:33:04,mobile,Chrome,
SESS-001208,CUST-0269,/faq,add_to_cart,2024-11-12 13:28:21,mobile,Safari,google
SESS-001209,CUST-0367,/products/sports,add_to_cart,2024-06-09 13:46:19,tablet,Chrome,instagram
SESS-001210,CUST-0171,/products/clothing,add_to_cart,2024-03-21 08:06:18,mobile,Chrome,instagram
SESS-001211,CUST-0385,/products/home,add_to_cart,2024-06-04 15:54:07,desktop,Edge,tiktok
SESS-001212,CUST-0046,/,begin_checkout,2024-04-29 12:43:04,desktop,Safari,direct
SESS-001213,,/products/sports,add_to_cart,2024-09-14 11:53:23,mobile,Edge,facebook
SESS-001214,CUST-0204,/search,add_to_cart,2024-07-26 19:53:09,mobile,Samsung Internet,tiktok
SESS-001215,CUST-0128,/checkout/confirmation,remove_from_cart,2024-12-05 10:41:52,mobile,Chrome,google
SESS-001216,CUST-0088,/checkout/confirmation,page_view,2024-03-09 06:56:16,mobile,Chrome,direct
SESS-001217,,/about,video_play,2024-12-06 03:45:19,mobile,Chrome,google
SESS-001218,CUST-0349,/products/electronics,click,2024-10-14 15:37:03,desktop,Chrome,instagram
SESS-001219,CUST-0406,/blog,page_view,2024-09-20 19:39:29,mobile,Safari,email_campaign
SESS-001220,CUST-0324,/products/clothing,remove_from_cart,2024-10-23 22:27:52,mobile,Chrome,affiliate
SESS-001221,,/account,remove_from_cart,2024-10-25 18:31:19,tablet,Edge,tiktok
SESS-001222,CUST-0292,/products/electronics,search,2024-08-24 12:06:58,desktop,Chrome,affiliate
SESS-001223,,/checkout,page_view,2024-10-26 06:27:38,mobile,Edge,affiliate
SESS-001224,CUST-0202,/products/clothing,page_view,2024-10-01 02:15:03,desktop,Chrome,facebook
SESS-001225,CUST-0450,/checkout,video_play,2024-10-23 12:12:57,mobile,Chrome,google
SESS-001226,CUST-0481,/checkout,video_play,2024-03-15 03:55:44,desktop,Samsung Internet,email_campaign
SESS-001227,,/returns,click,2024-01-26 08:15:21,mobile,Safari,twitter
SESS-001228,CUST-0389,/returns,video_play,2024-03-17 17:23:27,desktop,Firefox,google
SESS-001229,CUST-0004,/products/sports,begin_checkout,2024-06-10 23:30:51,mobile,Safari,google
SESS-001230,CUST-0330,/products/clothing,click,2024-01-09 19:20:36,mobile,Chrome,twitter
SESS-001231,CUST-0071,/cart,purchase,2024-02-05 01:48:53,desktop,Chrome,twitter
SESS-001232,,/checkout,page_view,2024-06-29 14:50:12,desktop,Chrome,instagram
SESS-001233,,/search,remove_from_cart,2024-01-27 11:56:53,mobile,Safari,facebook
SESS-001234,CUST-0101,/products/home,scroll,2024-12-31 01:20:16,desktop,Samsung Internet,instagram
SESS-001235,CUST-0019,/search,page_view,2024-01-27 05:22:40,mobile,Chrome,
SESS-001236,CUST-0390,/checkout,purchase,2024-01-05 06:37:48,tablet,Chrome,bing
SESS-001237,CUST-0011,/checkout/payment,click,2024-12-17 16:33:45,mobile,Chrome,bing
SESS-001238,CUST-0031,/returns,add_to_cart,2024-07-10 23:02:46,tablet,Samsung Internet,bing
SESS-001239,CUST-0277,/,page_view,2024-02-12 17:50:55,desktop,Chrome,tiktok
SESS-001240,CUST-0231,/account/orders,add_to_cart,2024-02-26 01:06:59,tablet,Firefox,google
SESS-001241,CUST-0498,/about,scroll,2024-03-09 13:30:25,mobile,Chrome,tiktok
SESS-001242,CUST-0017,/products/sports,search,2024-06-16 04:45:00,tablet,Chrome,
SESS-001243,CUST-0149,/account/orders,remove_from_cart,2024-04-15 02:03:56,desktop,Safari,direct
SESS-001244,CUST-0440,/products/electronics,page_view,2024-04-25 00:01:00,desktop,Safari,
SESS-001245,,/,click,2024-07-05 13:52:20,mobile,Edge,tiktok
SESS-001246,,/faq,page_view,2024-07-12 19:07:37,tablet,Samsung Internet,bing
SESS-001247,CUST-0184,/checkout,purchase,2024-06-28 11:50:18,tablet,Chrome,direct
SESS-001248,CUST-0214,/checkout,add_to_cart,2024-01-31 08:58:26,desktop,Safari,twitter
SESS-001249,CUST-0454,/account/wishlist,remove_from_cart,2024-06-11 02:00:47,mobile,Safari,facebook
SESS-001250,,/search,video_play,2024-05-21 00:40:55,desktop,Firefox,email_campaign
SESS-001251,CUST-0009,/blog,click,2024-06-03 17:44:49,mobile,Chrome,tiktok
SESS-001252,,/account,scroll,2024-01-26 20:01:05,mobile,Safari,facebook
SESS-001253,,/products/electronics,page_view,2024-08-14 18:44:43,tablet,Chrome,facebook
SESS-001254,CUST-0018,/,page_view,2024-02-17 21:29:49,mobile,Safari,email_campaign
SESS-001255,,/contact,scroll,2024-01-10 07:49:11,desktop,Chrome,tiktok
SESS-001256,CUST-0057,/faq,page_view,2024-10-07 21:40:20,desktop,Firefox,email_campaign
SESS-001257,CUST-0183,/contact,page_view,2024-08-14 02:19:21,mobile,Chrome,bing
SESS-001258,CUST-0478,/checkout/payment,remove_from_cart,2024-11-05 02:31:15,tablet,Samsung Internet,
SESS-001259,CUST-0397,/products/electronics,add_to_cart,2024-12-09 16:30:46,mobile,Samsung Internet,facebook
SESS-001260,CUST-0282,/account,click,2024-10-26 03:32:58,desktop,Chrome,direct
SESS-001261,CUST-0103,/checkout,begin_checkout,2024-09-03 22:37:34,mobile,Safari,twitter
SESS-001262,CUST-0037,/cart,search,2024-10-26 00:11:56,tablet,Chrome,affiliate
SESS-001263,,/products/books,page_view,2024-09-23 08:24:12,bot,Python-urllib,google
SESS-001264,CUST-0225,/products/electronics,remove_from_cart,2024-01-19 07:31:28,desktop,Safari,tiktok
SESS-001265,CUST-0241,/checkout,click,2024-12-11 17:03:02,tablet,Safari,direct
SESS-001266,CUST-0418,/products/home,add_to_cart,2024-05-09 22:37:40,tablet,Chrome,google
SESS-001267,,/products/clothing,page_view,2024-08-15 20:58:45,mobile,Chrome,
SESS-001268,CUST-0482,/checkout,page_view,2024-08-20 15:48:43,mobile,Chrome,tiktok
SESS-001269,CUST-0288,/products/books,search,2024-05-31 03:42:48,mobile,Safari,instagram
SESS-001270,CUST-0385,/cart,click,2024-04-30 05:15:09,desktop,Chrome,twitter
SESS-001271,CUST-0292,/checkout/confirmation,remove_from_cart,2024-07-04 13:53:15,mobile,Chrome,google
SESS-001272,,/products,begin_checkout,2024-10-26 18:51:52,desktop,Chrome,instagram
SESS-001273,CUST-0133,/account/wishlist,click,2024-12-31 04:18:58,desktop,Safari,email_campaign
SESS-001274,CUST-0226,/cart,begin_checkout,2024-04-12 08:55:11,desktop,Chrome,google
SESS-001275,CUST-0377,/faq,search,2024-11-16 09:39:23,mobile,Chrome,bing
SESS-001276,,/products/electronics,page_view,2024-08-28 13:49:08,desktop,Samsung Internet,tiktok
SESS-001277,CUST-0368,/products/clothing,page_view,2024-12-29 16:35:41,mobile,Edge,direct
SESS-001278,CUST-0449,/checkout/payment,remove_from_cart,2024-12-21 08:17:03,tablet,Chrome,bing
SESS-001279,CUST-0456,/products/books,page_view,2024-01-03 18:26:05,mobile,Firefox,bing
SESS-001280,CUST-0139,/checkout/payment,page_view,2024-12-30 19:57:00,mobile,Firefox,twitter
SESS-001281,,/cart,page_view,2024-08-06 11:36:52,desktop,Chrome,instagram
SESS-001282,,/contact,page_view,2024-11-28 00:16:25,tablet,Safari,google
SESS-001283,,/products,add_to_cart,2024-04-28 15:33:21,mobile,Chrome,twitter
SESS-001284,CUST-0137,/cart,page_view,2024-07-01 19:21:29,desktop,Samsung Internet,google
SESS-001285,CUST-0487,/search,page_view,2024-04-28 13:15:50,tablet,Safari,direct
SESS-001286,CUST-0173,/checkout/confirmation,page_view,2024-10-12 20:10:01,mobile,Safari,google
SESS-001287,CUST-0121,/blog,purchase,2024-05-08 04:47:34,mobile,Safari,affiliate
SESS-001288,,/checkout/payment,page_view,2024-11-25 12:43:31,desktop,Safari,twitter
SESS-001289,,/products/clothing,page_view,2024-03-22 09:18:18,mobile,Chrome,google
SESS-001290,CUST-0292,/products/clothing,begin_checkout,2024-01-20 06:45:53,mobile,Safari,google
SESS-001291,CUST-0257,/faq,search,2024-06-09 14:48:38,tablet,Chrome,tiktok
SESS-001292,,/checkout/payment,click,2024-12-24 17:16:04,tablet,Edge,affiliate
SESS-001293,CUST-0056,/products/books,remove_from_cart,2024-08-03 19:12:19,desktop,Safari,affiliate
SESS-001294,CUST-0121,/products/clothing,scroll,2024-06-21 21:40:57,mobile,Safari,
SESS-001295,CUST-0100,/about,add_to_cart,2024-04-08 01:27:56,desktop,Chrome,tiktok
SESS-001296,,/products/books,page_view,2024-06-18 00:28:45,desktop,Safari,affiliate
SESS-001297,CUST-0433,/about,begin_checkout,2024-11-27 11:39:19,desktop,Chrome,instagram
SESS-001298,,/products/electronics,remove_from_cart,2024-04-27 12:43:56,mobile,Chrome,google
SESS-001299,,/products/sports,page_view,2024-04-08 04:04:40,desktop,Samsung Internet,facebook
SESS-001300,CUST-0287,/cart,begin_checkout,2024-08-24 11:57:36,mobile,Safari,tiktok
SESS-001301,CUST-0190,/,click,2024-03-24 11:07:38,bot,SemrushBot,facebook
SESS-001302,,/,search,2024-03-23 21:34:17,desktop,Safari,bing
SESS-001303,CUST-0311,/blog,page_view,2024-04-09 03:04:17,desktop,Edge,instagram
SESS-001304,CUST-0057,/products/books,page_view,2024-11-16 19:17:59,tablet,Edge,
SESS-001305,,/checkout,page_view,2024-05-10 00:33:06,desktop,Chrome,affiliate
SESS-001306,,/account,add_to_cart,2024-06-30 00:55:38,mobile,Chrome,google
SESS-001307,CUST-0185,/products,page_view,2024-11-25 01:15:13,tablet,Edge,twitter
SESS-001308,,/checkout/payment,purchase,2024-08-04 10:54:50,mobile,Safari,affiliate
SESS-001309,CUST-0455,/account,remove_from_cart,2024-09-09 07:54:04,desktop,Chrome,facebook
SESS-001310,CUST-0302,/faq,search,2024-01-07 00:20:28,bot,Bingbot,instagram
SESS-001311,CUST-0269,/products/sports,search,2024-01-26 01:11:29,mobile,Firefox,google
SESS-001312,,/products/home,search,2024-10-08 13:35:25,mobile,Edge,google
SESS-001313,CUST-0365,/checkout/payment,search,2024-08-24 17:26:35,mobile,Firefox,
SESS-001314,,/contact,click,2024-10-16 08:31:32,tablet,Chrome,direct
SESS-001315,,/products/clothing,page_view,2024-06-04 23:01:47,mobile,Safari,facebook
SESS-001316,,/products/home,page_view,2024-02-04 18:56:40,mobile,Edge,tiktok
SESS-001317,CUST-0447,/checkout/confirmation,purchase,2024-01-13 00:40:31,tablet,Chrome,affiliate
SESS-001318,,/,search,2024-06-27 02:10:21,mobile,Chrome,google
SESS-001319,CUST-0207,/about,page_view,2024-04-22 23:17:34,mobile,Safari,tiktok
SESS-001320,,/account,search,2024-07-06 00:21:11,mobile,Safari,facebook
SESS-001321,,/account/orders,page_view,2024-09-19 22:07:37,tablet,Safari,affiliate
SESS-001322,CUST-0208,/account,purchase,2024-07-11 01:08:57,tablet,Firefox,twitter
SESS-001323,CUST-0482,/cart,begin_checkout,2024-06-10 02:43:58,mobile,Safari,twitter
SESS-001324,CUST-0034,/products/books,add_to_cart,2024-02-28 12:11:44,desktop,Safari,tiktok
SESS-001325,,/products/electronics,video_play,2024-06-05 23:59:02,mobile,Safari,facebook
SESS-001326,,/account,click,2024-05-20 14:23:07,mobile,Safari,instagram
SESS-001327,,/checkout/confirmation,begin_checkout,2024-07-15 19:03:19,desktop,Edge,instagram
SESS-001328,,/returns,remove_from_cart,2024-01-20 10:34:55,mobile,Chrome,
SESS-001329,CUST-0432,/account/orders,page_view,2024-03-14 15:48:21,mobile,Safari,facebook
SESS-001330,,/products/electronics,remove_from_cart,2024-12-29 16:14:21,tablet,Firefox,tiktok
SESS-001331,,/products/sports,add_to_cart,2024-02-08 17:54:38,mobile,Chrome,tiktok
SESS-001332,CUST-0006,/account,search,2024-01-12 22:36:39,desktop,Chrome,
SESS-001333,CUST-0037,/blog,page_view,2024-01-20 05:18:57,desktop,Samsung Internet,direct
SESS-001334,,/products,page_view,2024-11-03 07:11:11,bot,Googlebot,twitter
SESS-001335,CUST-0495,/products/home,page_view,2024-12-12 19:49:23,tablet,Samsung Internet,facebook
SESS-001336,CUST-0351,/products/clothing,purchase,2024-08-29 03:02:08,mobile,Samsung Internet,instagram
SESS-001337,CUST-0008,/products/books,search,2024-03-31 16:52:58,desktop,Safari,instagram
SESS-001338,CUST-0125,/,video_play,2024-07-27 00:03:41,mobile,Chrome,bing
SESS-001339,CUST-0491,/products,begin_checkout,2024-09-24 20:36:22,mobile,Samsung Internet,affiliate
SESS-001340,,/checkout,add_to_cart,2024-05-18 16:17:00,desktop,Chrome,bing
SESS-001341,,/faq,add_to_cart,2024-07-27 11:46:27,tablet,Safari,facebook
SESS-001342,CUST-0116,/cart,purchase,2024-01-01 12:39:17,tablet,Samsung Internet,facebook
SESS-001343,,/products/clothing,page_view,2024-11-03 02:59:47,mobile,Chrome,twitter
SESS-001344,,/,search,2024-07-03 12:58:16,tablet,Chrome,email_campaign
SESS-001345,CUST-0316,/checkout/payment,click,2024-07-27 06:28:14,desktop,Chrome,google
SESS-001346,,/checkout/confirmation,page_view,2024-06-08 18:02:45,tablet,Safari,direct
SESS-001347,CUST-0435,/about,purchase,2024-10-23 15:19:26,mobile,Chrome,google
SESS-001348,,/products,purchase,2024-12-02 20:20:15,desktop,Chrome,instagram
SESS-001349,CUST-0136,/,page_view,2024-11-20 23:16:55,desktop,Safari,affiliate
SESS-001350,CUST-0432,/products/home,add_to_cart,2024-02-19 05:21:35,mobile,Chrome,facebook
SESS-001351,,/products/books,search,2024-12-25 05:22:28,desktop,Samsung Internet,twitter
SESS-001352,CUST-0242,/checkout/payment,page_view,2024-06-18 11:12:45,tablet,Chrome,tiktok
SESS-001353,CUST-0114,/checkout/payment,begin_checkout,2024-07-30 11:23:21,desktop,Safari,instagram
SESS-001354,,/products/sports,video_play,2024-01-28 13:30:27,tablet,Chrome,twitter
SESS-001355,CUST-0373,/cart,scroll,2024-04-01 15:40:39,tablet,Safari,twitter
SESS-001356,CUST-0458,/products/books,search,2024-03-28 10:27:06,desktop,Samsung Internet,google
SESS-001357,CUST-0418,/checkout,page_view,2024-09-06 12:13:47,mobile,Edge,direct
SESS-001358,CUST-0404,/products/books,click,2024-04-18 00:08:21,desktop,Safari,email_campaign
SESS-001359,CUST-0091,/products/clothing,page_view,2024-12-26 21:01:48,desktop,Edge,email_campaign
SESS-001360,CUST-0111,/products/home,click,2024-10-08 23:12:01,mobile,Chrome,affiliate
SESS-001361,,/account/orders,add_to_cart,2024-05-25 00:37:56,tablet,Safari,instagram
SESS-001362,CUST-0042,/blog,click,2024-02-11 17:02:49,desktop,Safari,tiktok
SESS-001363,CUST-0219,/account,scroll,2024-10-02 11:59:59,mobile,Firefox,affiliate
SESS-001364,,/products,page_view,2024-05-13 09:00:31,mobile,Firefox,
SESS-001365,CUST-0295,/contact,add_to_cart,2024-01-08 09:24:46,mobile,Safari,tiktok
SESS-001366,CUST-0442,/checkout/confirmation,page_view,2024-11-09 02:47:34,desktop,Edge,bing
SESS-001367,,/account/wishlist,video_play,2024-01-06 02:46:22,desktop,Safari,instagram
SESS-001368,CUST-0246,/cart,page_view,2024-05-26 13:12:36,tablet,Chrome,affiliate
SESS-001369,CUST-0326,/faq,video_play,2024-05-14 23:05:07,mobile,Edge,affiliate
SESS-001370,CUST-0263,/account/wishlist,begin_checkout,2024-01-11 13:25:48,desktop,Edge,email_campaign
SESS-001371,,/contact,page_view,2024-09-01 19:40:10,mobile,Chrome,tiktok
SESS-001372,CUST-0123,/account/orders,page_view,2024-03-07 22:44:45,mobile,Samsung Internet,instagram
SESS-001373,CUST-0062,/blog,page_view,2024-12-31 12:18:22,desktop,Chrome,
SESS-001374,CUST-0041,/products/sports,purchase,2024-07-01 02:53:26,desktop,Chrome,instagram
SESS-001375,,/products/clothing,begin_checkout,2024-02-05 15:07:40,mobile,Safari,facebook
SESS-001376,CUST-0223,/blog,click,2024-09-04 12:59:02,desktop,Safari,direct
SESS-001377,CUST-0293,/contact,click,2024-07-17 02:11:49,mobile,Safari,direct
SESS-001378,CUST-0428,/faq,search,2024-09-09 02:15:18,tablet,Chrome,direct
SESS-001379,,/products/home,search,2024-01-01 08:10:22,mobile,Chrome,google
SESS-001380,,/account/wishlist,purchase,2024-12-09 11:11:07,tablet,Chrome,email_campaign
SESS-001381,,/products,click,2024-06-19 04:00:29,mobile,Chrome,
SESS-001382,CUST-0292,/search,page_view,2024-11-23 12:51:41,mobile,Chrome,google
SESS-001383,CUST-0368,/faq,click,2024-10-17 08:02:26,mobile,Safari,affiliate
SESS-001384,,/products/books,page_view,2024-06-18 20:30:04,desktop,Samsung Internet,tiktok
SESS-001385,CUST-0495,/blog,search,2024-11-15 23:15:40,mobile,Samsung Internet,google
SESS-001386,CUST-0194,/products,purchase,2024-01-11 14:53:24,desktop,Chrome,instagram
SESS-001387,CUST-0485,/about,begin_checkout,2024-10-28 06:49:17,tablet,Safari,direct
SESS-001388,CUST-0252,/account,video_play,2024-05-27 13:14:04,mobile,Edge,direct
SESS-001389,CUST-0171,/faq,page_view,2024-04-07 08:47:50,tablet,Safari,tiktok
SESS-001390,,/checkout,purchase,2024-12-26 06:53:47,tablet,Edge,tiktok
SESS-001391,CUST-0342,/products/home,scroll,2024-07-11 03:46:57,mobile,Samsung Internet,twitter
SESS-001392,CUST-0236,/blog,page_view,2024-12-14 12:10:40,tablet,Firefox,bing
SESS-001393,CUST-0063,/products/sports,scroll,2024-08-07 21:53:49,desktop,Chrome,instagram
SESS-001394,,/checkout/confirmation,page_view,2024-06-21 05:05:57,desktop,Chrome,tiktok
SESS-001395,CUST-0237,/returns,scroll,2024-05-11 23:23:39,tablet,Samsung Internet,bing
SESS-001396,CUST-0246,/products/electronics,page_view,2024-01-06 07:59:29,mobile,Safari,tiktok
SESS-001397,,/search,search,2024-07-12 11:56:01,desktop,Chrome,direct
SESS-001398,,/search,begin_checkout,2024-05-27 16:44:06,mobile,Chrome,email_campaign
SESS-001399,CUST-0020,/account/wishlist,begin_checkout,2024-02-20 19:43:49,desktop,Safari,email_campaign
SESS-001400,CUST-0248,/products/home,click,2024-05-03 12:14:07,desktop,Samsung Internet,
SESS-001401,,/checkout,click,2024-01-12 11:02:59,mobile,Firefox,google
SESS-001402,CUST-0180,/products/electronics,begin_checkout,2024-12-19 05:00:38,desktop,Firefox,affiliate
SESS-001403,CUST-0073,/contact,click,2024-07-08 08:01:46,mobile,Safari,tiktok
SESS-001404,CUST-0448,/,remove_from_cart,2024-06-07 01:49:55,desktop,Safari,bing
SESS-001405,CUST-0124,/contact,video_play,2024-06-03 18:19:17,tablet,Chrome,affiliate
SESS-001406,CUST-0408,/account/wishlist,begin_checkout,2024-05-04 10:10:06,mobile,Samsung Internet,affiliate
SESS-001407,CUST-0086,/about,scroll,2024-01-05 05:36:39,desktop,Edge,facebook
SESS-001408,CUST-0474,/checkout/payment,search,2024-11-28 20:42:15,mobile,Safari,bing
SESS-001409,,/,purchase,2024-09-29 08:44:15,desktop,Chrome,affiliate
SESS-001410,CUST-0033,/account/orders,search,2024-05-02 04:18:42,mobile,Samsung Internet,affiliate
SESS-001411,,/account,page_view,2024-08-07 06:49:21,desktop,Chrome,tiktok
SESS-001412,CUST-0351,/account/orders,click,2024-03-01 04:41:09,mobile,Safari,direct
SESS-001413,CUST-0389,/products/books,search,2024-08-13 23:09:20,mobile,Firefox,facebook
SESS-001414,CUST-0432,/checkout,search,2024-07-01 18:29:13,tablet,Chrome,
SESS-001415,CUST-0429,/checkout/confirmation,begin_checkout,2024-02-25 04:07:17,desktop,Edge,twitter
SESS-001416,,/products/home,begin_checkout,2024-01-03 11:29:00,desktop,Chrome,facebook
SESS-001417,,/products,video_play,2024-03-16 00:13:22,mobile,Chrome,direct
SESS-001418,,/account,page_view,2024-12-04 05:59:31,desktop,Safari,facebook
SESS-001419,CUST-0306,/returns,page_view,2024-11-17 06:10:26,mobile,Samsung Internet,facebook
SESS-001420,,/cart,page_view,2024-03-15 17:55:15,desktop,Safari,bing
SESS-001421,,/blog,begin_checkout,2024-01-21 02:01:25,desktop,Samsung Internet,instagram
SESS-001422,CUST-0220,/checkout,search,2024-12-18 17:05:44,mobile,Chrome,twitter
SESS-001423,CUST-0284,/checkout/confirmation,search,2024-12-28 22:46:09,mobile,Firefox,tiktok
SESS-001424,,/checkout/confirmation,video_play,2024-09-13 17:44:27,desktop,Chrome,tiktok
SESS-001425,,/contact,page_view,2024-05-31 18:40:18,desktop,Chrome,direct
SESS-001426,,/products,begin_checkout,2024-08-11 10:59:38,mobile,Safari,instagram
SESS-001427,CUST-0361,/products,click,2024-12-05 08:08:01,mobile,Chrome,bing
SESS-001428,CUST-0347,/account,add_to_cart,2024-05-27 20:47:14,desktop,Safari,twitter
SESS-001429,CUST-0261,/checkout/payment,click,2024-07-12 10:08:35,mobile,Samsung Internet,
SESS-001430,,/products/books,video_play,2024-04-17 02:14:17,desktop,Chrome,direct
SESS-001431,CUST-0358,/,click,2024-07-01 11:14:50,mobile,Safari,tiktok
SESS-001432,CUST-0178,/products/electronics,purchase,2024-09-28 20:56:04,desktop,Safari,tiktok
SESS-001433,CUST-0285,/products/sports,video_play,2024-12-07 16:47:16,mobile,Safari,facebook
SESS-001434,CUST-0491,/cart,purchase,2024-11-05 17:38:57,mobile,Safari,
SESS-001435,CUST-0114,/contact,purchase,2024-07-10 23:30:34,desktop,Edge,bing
SESS-001436,CUST-0118,/products/electronics,page_view,2024-04-28 03:53:19,tablet,Samsung Internet,instagram
SESS-001437,CUST-0228,/cart,scroll,2024-12-26 22:18:28,mobile,Chrome,tiktok
SESS-001438,CUST-0393,/products/clothing,page_view,2024-03-22 03:50:07,mobile,Chrome,google
SESS-001439,CUST-0177,/products,click,2024-09-18 08:07:32,mobile,Chrome,direct
SESS-001440,CUST-0478,/blog,search,2024-04-30 06:02:14,mobile,Edge,bing
SESS-001441,CUST-0055,/account/orders,scroll,2024-05-19 07:42:54,desktop,Chrome,affiliate
SESS-001442,CUST-0128,/checkout,add_to_cart,2024-05-17 19:47:19,tablet,Samsung Internet,tiktok
SESS-001443,CUST-0341,/account/orders,page_view,2024-09-26 17:51:54,desktop,Chrome,
SESS-001444,CUST-0252,/products,page_view,2024-11-08 14:04:20,mobile,Firefox,tiktok
SESS-001445,CUST-0397,/returns,remove_from_cart,2024-02-09 04:48:57,tablet,Edge,facebook
SESS-001446,CUST-0306,/faq,add_to_cart,2024-01-20 19:01:27,tablet,Chrome,bing
SESS-001447,CUST-0403,/returns,page_view,2024-04-07 17:58:01,mobile,Samsung Internet,
SESS-001448,,/account/orders,remove_from_cart,2024-03-08 00:12:54,mobile,Safari,direct
SESS-001449,,/products/sports,remove_from_cart,2024-10-03 08:28:05,desktop,Edge,twitter
SESS-001450,,/account,video_play,2024-07-27 00:03:10,mobile,Samsung Internet,email_campaign
SESS-001451,CUST-0251,/cart,page_view,2024-06-27 20:40:27,mobile,Chrome,email_campaign
SESS-001452,CUST-0274,/checkout/confirmation,purchase,2024-02-09 23:50:55,mobile,Safari,email_campaign
SESS-001453,,/checkout/confirmation,page_view,2024-02-02 12:56:24,desktop,Chrome,google
SESS-001454,CUST-0435,/faq,click,2024-08-31 16:54:55,desktop,Chrome,bing
SESS-001455,CUST-0107,/search,search,2024-07-13 10:49:22,tablet,Firefox,affiliate
SESS-001456,CUST-0418,/products/books,scroll,2024-12-16 17:22:44,mobile,Firefox,direct
SESS-001457,CUST-0009,/products,click,2024-08-13 11:47:13,tablet,Chrome,bing
SESS-001458,,/products/electronics,page_view,2024-05-22 14:46:24,mobile,Firefox,tiktok
SESS-001459,CUST-0376,/cart,scroll,2024-07-01 19:15:32,mobile,Samsung Internet,google
SESS-001460,CUST-0226,/returns,click,2024-11-29 19:09:30,mobile,Chrome,
SESS-001461,,/account/wishlist,page_view,2024-08-29 08:43:58,mobile,Chrome,email_campaign
SESS-001462,,/contact,click,2024-06-20 13:23:07,desktop,Safari,affiliate
SESS-001463,,/products,remove_from_cart,2024-10-22 16:53:37,mobile,Chrome,bing
SESS-001464,CUST-0380,/checkout,page_view,2024-01-04 09:50:26,mobile,Edge,google
SESS-001465,CUST-0313,/about,click,2024-06-26 15:47:06,mobile,Chrome,tiktok
SESS-001466,CUST-0248,/products/clothing,page_view,2024-11-29 09:58:19,mobile,Chrome,twitter
SESS-001467,CUST-0215,/returns,add_to_cart,2024-03-28 00:16:54,mobile,Chrome,direct
SESS-001468,CUST-0353,/account/orders,remove_from_cart,2024-09-13 04:25:34,desktop,Safari,email_campaign
SESS-001469,,/products/sports,scroll,2024-08-28 11:50:03,desktop,Safari,affiliate
SESS-001470,CUST-0358,/cart,video_play,2024-09-14 13:46:47,mobile,Chrome,
SESS-001471,CUST-0114,/products,search,2024-08-29 08:36:25,desktop,Chrome,instagram
SESS-001472,,/account/orders,video_play,2024-04-15 23:10:20,mobile,Chrome,
SESS-001473,CUST-0379,/faq,click,2024-07-24 14:03:19,mobile,Chrome,direct
SESS-001474,CUST-0418,/products/sports,page_view,2024-05-24 08:07:50,desktop,Samsung Internet,facebook
SESS-001475,CUST-0255,/account/orders,scroll,2024-08-11 19:57:35,mobile,Firefox,direct
SESS-001476,,/products/electronics,purchase,2024-06-03 18:27:20,tablet,Samsung Internet,bing
SESS-001477,CUST-0452,/,remove_from_cart,2024-11-03 10:04:06,mobile,Samsung Internet,instagram
SESS-001478,,/about,add_to_cart,2024-07-17 02:19:16,desktop,Chrome,direct
SESS-001479,,/products/books,click,2024-07-01 14:40:39,mobile,Samsung Internet,google
SESS-001480,CUST-0255,/products/sports,page_view,2024-06-08 23:27:31,mobile,Safari,affiliate
SESS-001481,CUST-0081,/checkout/payment,video_play,2024-08-18 15:18:38,desktop,Edge,email_campaign
SESS-001482,,/faq,page_view,2024-02-23 20:17:41,mobile,Safari,twitter
SESS-001483,CUST-0397,/,scroll,2024-04-24 07:41:44,mobile,Safari,twitter
SESS-001484,CUST-0216,/products/home,remove_from_cart,2024-07-26 04:40:28,tablet,Chrome,bing
SESS-001485,CUST-0344,/checkout/confirmation,page_view,2024-06-18 15:49:31,mobile,Chrome,direct
SESS-001486,CUST-0259,/checkout,purchase,2024-09-21 10:19:57,desktop,Chrome,google
SESS-001487,CUST-0418,/cart,purchase,2024-05-06 13:27:46,mobile,Firefox,twitter
SESS-001488,CUST-0322,/contact,begin_checkout,2024-04-25 15:14:15,desktop,Chrome,facebook
SESS-001489,CUST-0130,/products/clothing,begin_checkout,2024-10-30 03:38:43,mobile,Chrome,google
SESS-001490,CUST-0292,/account/orders,video_play,2024-07-19 02:50:16,desktop,Safari,bing
SESS-001491,CUST-0241,/checkout,click,2024-02-21 21:12:05,desktop,Samsung Internet,instagram
SESS-001492,CUST-0450,/products/clothing,click,2024-05-22 14:20:45,desktop,Samsung Internet,twitter
SESS-001493,CUST-0457,/checkout/confirmation,click,2024-12-22 21:30:00,desktop,Chrome,google
SESS-001494,,/account/wishlist,remove_from_cart,2024-02-12 05:12:22,tablet,Chrome,twitter
SESS-001495,CUST-0243,/faq,purchase,2024-05-22 19:54:50,mobile,Samsung Internet,direct
SESS-001496,CUST-0054,/blog,video_play,2024-03-20 20:38:51,desktop,Firefox,instagram
SESS-001497,CUST-0220,/products,page_view,2024-09-13 01:14:30,tablet,Samsung Internet,twitter
SESS-001498,,/products/books,click,2024-03-29 05:13:53,desktop,Safari,google
SESS-001499,CUST-0099,/products/sports,begin_checkout,2024-10-13 22:36:16,mobile,Safari,bing
SESS-001500,CUST-0234,/account/orders,click,2024-04-08 01:43:40,mobile,Edge,direct
SESS-001501,CUST-0111,/products,click,2030-12-07 12:00:00,mobile,Safari,instagram
SESS-001502,,/cart,purchase,2024-11-06 13:04:16,mobile,Safari,email_campaign
SESS-001503,CUST-0458,/faq,page_view,2024-07-01 10:30:56,desktop,Chrome,facebook
SESS-001504,CUST-0021,/returns,page_view,2024-07-19 00:41:03,tablet,Chrome,direct
SESS-001505,CUST-0192,/products/clothing,add_to_cart,2024-07-10 21:23:58,mobile,Firefox,tiktok
SESS-001506,CUST-0481,/products/clothing,begin_checkout,2024-01-06 22:00:14,tablet,Edge,twitter
SESS-001507,CUST-0228,/contact,remove_from_cart,2024-05-20 20:00:05,desktop,Chrome,google
SESS-001508,CUST-0211,/products/books,video_play,2024-08-20 15:10:35,mobile,Safari,
SESS-001509,CUST-0386,/about,search,2024-04-28 07:16:35,mobile,Chrome,facebook
SESS-001510,CUST-0453,/products,page_view,2024-05-25 21:59:23,desktop,Firefox,bing
SESS-001511,,/search,click,2024-12-12 12:09:21,mobile,Chrome,facebook
SESS-001512,,/checkout,search,2024-02-11 15:19:11,tablet,Chrome,google
SESS-001513,CUST-0191,/,click,2024-09-20 09:53:52,mobile,Edge,instagram
SESS-001514,CUST-0285,/products/clothing,page_view,2030-01-12 12:00:00,mobile,Firefox,google
SESS-001515,,/account,remove_from_cart,2024-10-05 00:45:17,mobile,Samsung Internet,
SESS-001516,CUST-0272,/account,click,2024-01-07 01:07:12,desktop,Chrome,twitter
SESS-001517,,/products/books,search,2024-01-20 20:07:30,desktop,Firefox,affiliate
SESS-001518,,/returns,click,1970-01-01 00:00:00,desktop,Chrome,
SESS-001519,,/account/wishlist,click,2024-01-30 15:03:24,tablet,Edge,facebook
SESS-001520,,/account/wishlist,remove_from_cart,2024-12-06 04:10:27,desktop,Samsung Internet,email_campaign
SESS-001521,CUST-0136,/checkout/payment,click,2024-02-29 18:40:11,tablet,Edge,tiktok
SESS-001522,CUST-0092,/products/books,page_view,2024-11-17 19:02:42,desktop,Chrome,
SESS-001523,,/account,remove_from_cart,2024-06-10 15:39:00,mobile,Safari,facebook
SESS-001524,,/faq,page_view,2024-06-09 09:44:20,tablet,Safari,affiliate
SESS-001525,CUST-0159,/checkout/confirmation,page_view,2024-06-07 15:18:37,desktop,Chrome,affiliate
SESS-001526,,/search,begin_checkout,2024-04-20 15:29:48,tablet,Samsung Internet,bing
SESS-001527,CUST-0102,/blog,click,2024-06-15 11:42:14,tablet,Chrome,
SESS-001528,CUST-0154,/about,page_view,2024-12-08 02:32:40,desktop,Samsung Internet,google
SESS-001529,,/products/home,page_view,2024-10-30 02:10:43,tablet,Safari,facebook
SESS-001530,CUST-0488,/products,page_view,2024-08-23 14:37:27,tablet,Chrome,bing
SESS-001531,CUST-0169,/account/wishlist,scroll,2024-11-26 12:41:42,desktop,Samsung Internet,affiliate
SESS-001532,,/blog,click,2024-06-22 01:42:54,tablet,Samsung Internet,twitter
SESS-001533,CUST-0137,/account/orders,purchase,2024-12-21 15:47:19,mobile,Chrome,facebook
SESS-001534,CUST-0135,/returns,page_view,2024-05-24 21:46:18,mobile,Firefox,bing
SESS-001535,,/search,purchase,2024-11-29 08:08:16,mobile,Safari,direct
SESS-001536,CUST-0001,/products/electronics,page_view,2024-10-04 03:24:04,desktop,Chrome,google
SESS-001537,,/products/books,video_play,2024-02-21 23:16:19,desktop,Chrome,
SESS-001538,CUST-0190,/search,click,2024-06-08 06:19:00,tablet,Safari,facebook
SESS-001539,CUST-0350,/contact,video_play,2024-07-02 15:54:18,mobile,Samsung Internet,facebook
SESS-001540,,/search,click,2024-09-26 21:49:26,tablet,Edge,direct
SESS-001541,CUST-0452,/about,click,2024-06-29 17:29:14,bot,Bingbot,facebook
SESS-001542,,/checkout/payment,scroll,2024-06-03 13:32:23,mobile,Edge,google
SESS-001543,,/search,remove_from_cart,2024-03-19 15:48:19,desktop,Safari,email_campaign
SESS-001544,CUST-0217,/faq,video_play,2024-05-14 09:24:46,desktop,Safari,bing
SESS-001545,,/about,click,2024-02-19 18:53:28,mobile,Chrome,google
SESS-001546,,/cart,click,2024-10-28 16:00:59,mobile,Safari,direct
SESS-001547,,/contact,click,2024-12-21 06:29:16,desktop,Firefox,facebook
SESS-001548,CUST-0118,/account/wishlist,purchase,2024-10-23 01:17:12,tablet,Chrome,twitter
SESS-001549,CUST-0500,/returns,click,2024-07-14 09:09:15,mobile,Chrome,
SESS-001550,CUST-0397,/checkout/payment,click,2024-03-07 01:00:01,tablet,Safari,instagram
SESS-001551,CUST-0204,/products,video_play,2024-10-06 22:06:44,mobile,Safari,google
SESS-001552,CUST-0247,/account/wishlist,page_view,2024-02-27 07:49:04,mobile,Firefox,instagram
SESS-001553,,/products/sports,page_view,2024-11-13 05:44:13,desktop,Chrome,email_campaign
SESS-001554,CUST-0151,/account/orders,click,2024-03-01 22:06:15,mobile,Safari,bing
SESS-001555,,/cart,page_view,2024-05-12 17:58:42,tablet,Chrome,bing
SESS-001556,CUST-0484,/checkout/confirmation,purchase,2024-07-26 20:17:59,mobile,Chrome,affiliate
SESS-001557,,/checkout,purchase,2024-07-06 02:19:18,desktop,Firefox,affiliate
SESS-001558,,/cart,search,2024-05-05 19:57:39,desktop,Chrome,email_campaign
SESS-001559,CUST-0219,/about,click,2024-08-28 18:26:25,desktop,Edge,instagram
SESS-001560,,/products/electronics,video_play,2024-04-10 14:35:23,desktop,Safari,tiktok
SESS-001561,,/contact,click,2024-09-28 23:14:09,mobile,Chrome,google
SESS-001562,,/account/wishlist,page_view,2024-11-26 04:19:45,tablet,Chrome,facebook
SESS-001563,CUST-0365,/checkout,purchase,2024-09-25 11:06:43,bot,Googlebot,
SESS-001564,,/account/wishlist,click,2024-08-11 23:51:32,mobile,Chrome,facebook
SESS-001565,CUST-0037,/faq,purchase,2024-11-03 13:18:44,desktop,Chrome,instagram
SESS-001566,CUST-0063,/checkout/payment,purchase,2024-08-10 19:26:40,tablet,Samsung Internet,affiliate
SESS-001567,,/products/sports,purchase,2024-08-27 16:39:21,mobile,Chrome,twitter
SESS-001568,CUST-0168,/,begin_checkout,2024-03-31 02:12:50,desktop,Safari,google
SESS-001569,CUST-0225,/checkout/confirmation,click,2024-10-16 12:17:24,tablet,Samsung Internet,tiktok
SESS-001570,CUST-0170,/contact,add_to_cart,2024-07-18 21:22:31,tablet,Chrome,twitter
SESS-001571,CUST-0053,/checkout,purchase,2024-01-09 18:00:47,mobile,Chrome,
SESS-001572,CUST-0044,/products/books,click,2024-02-21 08:24:18,mobile,Firefox,affiliate
SESS-001573,CUST-0380,/products/books,begin_checkout,2024-01-17 07:10:39,mobile,Edge,direct
SESS-001574,CUST-0077,/checkout/payment,click,2024-09-10 17:33:21,mobile,Safari,email_campaign
SESS-001575,CUST-0053,/products/sports,scroll,2024-02-06 08:04:05,desktop,Chrome,bing
SESS-001576,,/checkout,scroll,2024-10-30 03:12:27,tablet,Samsung Internet,bing
SESS-001577,,/search,remove_from_cart,2024-05-24 19:46:26,tablet,Safari,email_campaign
SESS-001578,,/faq,search,2024-12-25 19:49:02,desktop,Chrome,tiktok
SESS-001579,CUST-0125,/checkout/confirmation,page_view,2024-12-12 14:40:26,desktop,Chrome,email_campaign
SESS-001580,CUST-0370,/account/orders,click,2024-02-17 02:46:04,mobile,Safari,tiktok
SESS-001581,CUST-0010,/products/sports,scroll,2024-05-28 21:54:51,desktop,Chrome,email_campaign
SESS-001582,CUST-0323,/products/electronics,page_view,2024-10-26 12:45:50,desktop,Firefox,facebook
SESS-001583,CUST-0454,/products/electronics,search,2024-04-19 15:53:41,mobile,Safari,email_campaign
SESS-001584,,/account/wishlist,click,2024-01-23 16:48:47,mobile,Chrome,direct
SESS-001585,CUST-0476,/products/electronics,page_view,2024-08-15 17:51:15,tablet,Chrome,twitter
SESS-001586,,/products/sports,video_play,2024-06-14 01:22:16,tablet,Edge,email_campaign
SESS-001587,CUST-0089,/checkout/payment,scroll,2024-10-02 01:37:33,mobile,Samsung Internet,email_campaign
SESS-001588,CUST-0484,/account/orders,begin_checkout,2024-04-01 11:40:46,desktop,Firefox,google
SESS-001589,,/products/home,begin_checkout,2024-09-22 10:40:25,desktop,Chrome,bing
SESS-001590,CUST-0479,/products/electronics,begin_checkout,2024-06-21 11:33:24,mobile,Safari,google
SESS-001591,,/about,search,2024-02-04 05:56:28,tablet,Safari,tiktok
SESS-001592,CUST-0143,/about,page_view,2030-11-06 12:00:00,tablet,Chrome,direct
SESS-001593,CUST-0216,/checkout,purchase,2024-06-26 02:20:40,mobile,Chrome,direct
SESS-001594,,/products/books,page_view,2024-05-18 09:08:44,mobile,Firefox,google
SESS-001595,CUST-0449,/account/wishlist,begin_checkout,2024-06-23 01:06:11,tablet,Chrome,instagram
SESS-001596,,/checkout/confirmation,begin_checkout,2024-12-20 09:09:23,desktop,Chrome,twitter
SESS-001597,CUST-0495,/checkout/confirmation,purchase,2024-08-18 03:44:47,mobile,Safari,
SESS-001598,CUST-0307,/checkout/payment,click,2024-11-09 18:42:03,mobile,Samsung Internet,instagram
SESS-001599,CUST-0077,/account,remove_from_cart,2024-02-15 15:16:03,mobile,Safari,twitter
SESS-001600,,/products/sports,click,2024-10-19 22:16:33,mobile,Chrome,facebook
SESS-001601,,/products,click,2024-07-23 11:21:50,tablet,Chrome,facebook
SESS-001602,CUST-0388,/account/orders,click,2024-09-29 21:03:46,mobile,Chrome,twitter
SESS-001603,,/account/orders,add_to_cart,2024-01-05 01:44:23,mobile,Samsung Internet,direct
SESS-001604,,/checkout,click,2024-03-27 02:59:37,desktop,Safari,
SESS-001605,,/blog,page_view,2024-05-15 06:53:48,tablet,Chrome,twitter
SESS-001606,CUST-0171,/contact,search,2024-08-09 13:27:52,bot,AhrefsBot,bing
SESS-001607,CUST-0435,/about,add_to_cart,2024-01-11 04:46:13,desktop,Firefox,facebook
SESS-001608,,/products/clothing,video_play,2024-09-09 13:40:03,desktop,Chrome,bing
SESS-001609,CUST-0385,/contact,video_play,2024-05-02 16:07:24,bot,AhrefsBot,affiliate
SESS-001610,CUST-0212,/contact,click,2024-12-26 09:43:03,desktop,Chrome,email_campaign
SESS-001611,CUST-0004,/faq,remove_from_cart,2024-08-18 03:54:21,mobile,Edge,instagram
SESS-001612,,/account/orders,search,2024-10-13 20:51:52,mobile,Chrome,affiliate
SESS-001613,CUST-0003,/products/electronics,remove_from_cart,2024-03-05 13:22:50,mobile,Edge,facebook
SESS-001614,CUST-0483,/products/sports,add_to_cart,2024-08-25 02:42:50,desktop,Edge,tiktok
SESS-001615,,/account/orders,scroll,2024-06-07 06:13:34,mobile,Edge,direct
SESS-001616,CUST-0332,/products,scroll,2024-03-06 00:03:16,mobile,Samsung Internet,bing
SESS-001617,CUST-0070,/account/orders,page_view,2024-05-12 23:29:32,desktop,Edge,google
SESS-001618,,/account/wishlist,add_to_cart,2024-10-02 05:25:28,desktop,Safari,instagram
SESS-001619,CUST-0436,/products/clothing,purchase,2024-12-18 07:11:04,mobile,Chrome,twitter
SESS-001620,CUST-0352,/account/orders,page_view,2024-03-07 05:46:14,mobile,Edge,affiliate
SESS-001621,CUST-0008,/products/books,click,2024-03-29 10:32:46,mobile,Chrome,email_campaign
SESS-001622,CUST-0237,/account/wishlist,page_view,2024-12-17 10:39:44,desktop,Firefox,email_campaign
SESS-001623,CUST-0087,/contact,purchase,2024-11-25 13:52:08,tablet,Chrome,
SESS-001624,,/account/orders,page_view,2024-06-13 02:27:05,mobile,Samsung Internet,bing
SESS-001625,,/,click,2024-07-10 20:37:09,mobile,Samsung Internet,facebook
SESS-001626,CUST-0334,/checkout,page_view,2024-01-24 08:55:50,desktop,Safari,affiliate
SESS-001627,,/blog,click,2024-05-12 11:12:54,tablet,Firefox,
SESS-001628,CUST-0059,/products,add_to_cart,2024-11-02 03:06:01,mobile,Chrome,
SESS-001629,CUST-0057,/search,begin_checkout,2024-01-13 10:07:31,desktop,Samsung Internet,instagram
SESS-001630,CUST-0012,/about,scroll,2024-08-19 00:47:23,desktop,Edge,affiliate
SESS-001631,,/account,video_play,2024-06-30 08:27:29,desktop,Edge,affiliate
SESS-001632,CUST-0167,/about,search,2024-10-23 20:47:15,desktop,Edge,
SESS-001633,CUST-0203,/faq,page_view,2024-09-22 07:10:14,mobile,Samsung Internet,
SESS-001634,,/account/orders,remove_from_cart,2024-12-08 11:52:43,desktop,Safari,email_campaign
SESS-001635,CUST-0485,/checkout,click,2024-10-13 04:21:24,mobile,Safari,affiliate
SESS-001636,CUST-0108,/returns,search,2024-01-02 06:36:14,tablet,Chrome,email_campaign
SESS-001637,CUST-0454,/account/orders,click,2024-09-24 05:28:04,mobile,Edge,
SESS-001638,CUST-0221,/products,purchase,2024-11-30 08:50:00,mobile,Safari,twitter
SESS-001639,CUST-0321,/checkout/payment,page_view,2024-05-05 15:26:59,desktop,Chrome,facebook
SESS-001640,CUST-0196,/account/wishlist,scroll,2024-07-06 11:12:21,desktop,Safari,
SESS-001641,CUST-0395,/products/clothing,page_view,2024-10-25 17:14:47,mobile,Samsung Internet,
SESS-001642,,/,purchase,2024-06-28 05:17:57,mobile,Chrome,tiktok
SESS-001643,CUST-0419,/about,purchase,2024-09-16 18:33:45,desktop,Chrome,instagram
SESS-001644,,/products/books,remove_from_cart,2024-01-26 09:55:34,desktop,Firefox,bing
SESS-001645,CUST-0290,/search,purchase,2024-04-07 09:07:25,mobile,Safari,affiliate
SESS-001646,CUST-0362,/returns,remove_from_cart,2024-04-03 06:41:27,desktop,Safari,twitter
SESS-001647,CUST-0224,/contact,search,2024-05-05 02:49:28,desktop,Safari,tiktok
SESS-001648,,/checkout,page_view,2024-11-12 00:55:08,mobile,Chrome,email_campaign
SESS-001649,CUST-0073,/products/electronics,begin_checkout,2024-11-24 19:33:14,tablet,Safari,direct
SESS-001650,,/checkout,remove_from_cart,2024-11-27 06:27:16,mobile,Safari,email_campaign
SESS-001651,CUST-0310,/checkout,purchase,2024-07-12 00:34:08,desktop,Safari,affiliate
SESS-001652,,/products,page_view,2024-08-12 01:20:01,tablet,Edge,direct
SESS-001653,,/account/wishlist,page_view,2024-09-09 01:10:06,mobile,Safari,affiliate
SESS-001654,CUST-0196,/checkout/confirmation,click,2024-11-25 12:02:29,tablet,Safari,bing
SESS-001655,CUST-0123,/checkout/confirmation,video_play,2024-05-08 01:36:05,mobile,Samsung Internet,
SESS-001656,,/products/home,begin_checkout,2024-07-14 18:11:17,desktop,Chrome,email_campaign
SESS-001657,CUST-0297,/cart,video_play,2024-02-13 15:20:08,desktop,Chrome,direct
SESS-001658,,/contact,page_view,2024-03-11 07:41:28,mobile,Chrome,tiktok
SESS-001659,,/cart,purchase,2024-02-04 13:42:13,desktop,Chrome,google
SESS-001660,CUST-0230,/checkout/confirmation,begin_checkout,2024-04-07 17:24:07,tablet,Chrome,email_campaign
SESS-001661,CUST-0229,/checkout/confirmation,begin_checkout,2024-07-16 19:49:17,desktop,Samsung Internet,email_campaign
SESS-001662,,/products,page_view,2024-02-13 16:14:15,desktop,Chrome,tiktok
SESS-001663,,/checkout,page_view,2024-06-24 20:15:25,tablet,Safari,bing
SESS-001664,CUST-0499,/account/orders,scroll,2024-01-12 19:10:27,desktop,Chrome,instagram
SESS-001665,CUST-0477,/products/home,purchase,2024-02-12 10:21:38,mobile,Edge,instagram
SESS-001666,CUST-0001,/account/orders,page_view,2024-03-06 14:15:38,tablet,Chrome,affiliate
SESS-001667,CUST-0352,/faq,purchase,2024-11-14 14:53:02,desktop,Chrome,tiktok
SESS-001668,,/products/clothing,scroll,2024-08-26 07:06:37,desktop,Safari,email_campaign
SESS-001669,,/blog,click,2024-06-12 06:45:29,tablet,Safari,bing
SESS-001670,CUST-0256,/cart,page_view,2024-03-25 10:22:50,tablet,Samsung Internet,instagram
SESS-001671,,/returns,add_to_cart,2024-07-31 07:38:11,desktop,Safari,twitter
SESS-001672,CUST-0090,/returns,purchase,2024-03-24 16:07:04,mobile,Safari,facebook
SESS-001673,,/account/orders,click,2024-02-22 19:55:41,mobile,Edge,facebook
SESS-001674,CUST-0062,/search,add_to_cart,2024-09-25 10:23:10,desktop,Chrome,instagram
SESS-001675,,/checkout,search,2024-02-04 22:37:29,tablet,Edge,email_campaign
SESS-001676,,/products/electronics,scroll,2024-10-31 14:04:07,desktop,Safari,tiktok
SESS-001677,CUST-0309,/returns,video_play,2024-08-03 10:40:26,desktop,Chrome,twitter
SESS-001678,CUST-0277,/checkout/payment,page_view,2024-05-14 08:16:08,mobile,Safari,twitter
SESS-001679,,/checkout,add_to_cart,2030-03-27 12:00:00,mobile,Firefox,instagram
SESS-001680,CUST-0311,/returns,click,2024-07-14 08:14:01,desktop,Edge,tiktok
SESS-001681,CUST-0182,/cart,click,2024-01-06 07:02:21,tablet,Samsung Internet,twitter
SESS-001682,CUST-0188,/account/orders,begin_checkout,2024-04-29 10:42:24,mobile,Firefox,bing
SESS-001683,CUST-0171,/products/home,click,2024-11-14 23:44:42,desktop,Firefox,instagram
SESS-001684,,/products/sports,page_view,2024-07-03 15:06:04,desktop,Chrome,bing
SESS-001685,,/blog,search,2024-05-29 23:10:58,mobile,Chrome,
SESS-001686,,/products/home,scroll,2024-11-22 10:20:05,mobile,Firefox,tiktok
SESS-001687,CUST-0091,/contact,page_view,2024-11-30 19:48:07,desktop,Chrome,bing
SESS-001688,CUST-0391,/products,search,2024-12-04 16:32:25,mobile,Chrome,bing
SESS-001689,,/products/books,begin_checkout,2024-05-20 01:07:36,mobile,Chrome,google
SESS-001690,CUST-0149,/account/wishlist,search,2024-01-31 12:00:53,mobile,Safari,bing
SESS-001691,CUST-0212,/products,page_view,2024-12-11 00:02:13,desktop,Edge,
SESS-001692,CUST-0034,/faq,scroll,2024-04-06 01:54:27,tablet,Safari,direct
SESS-001693,,/contact,search,2024-08-27 06:15:38,tablet,Safari,tiktok
SESS-001694,CUST-0396,/account,click,2024-06-07 08:50:53,tablet,Samsung Internet,facebook
SESS-001695,,/checkout/confirmation,video_play,2024-09-04 17:30:55,mobile,Chrome,
SESS-001696,,/products,purchase,2024-08-25 12:42:33,tablet,Firefox,google
SESS-001697,,/account,page_view,2024-05-20 21:46:42,bot,Googlebot,email_campaign
SESS-001698,CUST-0047,/search,scroll,2024-09-14 19:06:47,desktop,Chrome,instagram
SESS-001699,CUST-0224,/cart,page_view,2024-03-05 03:04:28,mobile,Chrome,tiktok
SESS-001700,CUST-0076,/products/books,purchase,2024-12-06 01:45:15,desktop,Firefox,bing
SESS-001701,CUST-0332,/account/wishlist,remove_from_cart,2024-05-22 10:57:29,mobile,Safari,instagram
SESS-001702,CUST-0097,/checkout/confirmation,click,2024-04-27 15:07:09,desktop,Samsung Internet,facebook
SESS-001703,,/faq,click,2024-01-27 16:12:06,desktop,Safari,
SESS-001704,CUST-0261,/about,begin_checkout,2024-01-15 14:44:03,tablet,Chrome,twitter
SESS-001705,CUST-0313,/blog,search,2024-06-18 03:59:21,mobile,Chrome,direct
SESS-001706,,/products/electronics,search,2024-09-17 03:39:47,tablet,Firefox,instagram
SESS-001707,CUST-0342,/account,add_to_cart,2024-10-16 19:18:30,desktop,Safari,instagram
SESS-001708,CUST-0365,/search,begin_checkout,2024-09-26 23:10:17,tablet,Chrome,affiliate
SESS-001709,CUST-0063,/products/electronics,add_to_cart,2024-04-29 06:37:58,tablet,Safari,google
SESS-001710,CUST-0185,/checkout/payment,search,2024-01-06 01:54:15,tablet,Safari,twitter
SESS-001711,CUST-0234,/checkout/confirmation,begin_checkout,2024-10-10 11:50:00,desktop,Safari,facebook
SESS-001712,CUST-0425,/search,search,2024-02-06 05:46:17,desktop,Chrome,email_campaign
SESS-001713,CUST-0197,/search,scroll,2024-07-03 16:51:54,desktop,Chrome,facebook
SESS-001714,CUST-0376,/account/wishlist,video_play,2024-10-25 08:43:41,desktop,Samsung Internet,instagram
SESS-001715,CUST-0062,/products/home,video_play,2024-03-23 15:34:20,tablet,Safari,
SESS-001716,CUST-0214,/,scroll,2024-01-22 15:34:29,tablet,Firefox,instagram
SESS-001717,CUST-0249,/products/books,remove_from_cart,2024-09-02 08:48:45,tablet,Chrome,email_campaign
SESS-001718,CUST-0403,/about,click,2024-06-24 14:35:57,tablet,Samsung Internet,email_campaign
SESS-001719,,/products/books,click,2024-02-04 09:30:29,mobile,Safari,tiktok
SESS-001720,,/checkout/payment,click,2024-09-11 07:29:51,mobile,Chrome,
SESS-001721,CUST-0150,/account,click,2024-02-27 09:52:22,tablet,Samsung Internet,
SESS-001722,CUST-0012,/account,page_view,2024-07-30 15:25:39,desktop,Chrome,direct
SESS-001723,CUST-0404,/account/wishlist,video_play,2024-01-29 04:30:13,tablet,Chrome,facebook
SESS-001724,CUST-0446,/products/sports,scroll,1970-01-01 00:00:00,desktop,Samsung Internet,instagram
SESS-001725,CUST-0036,/about,purchase,2024-11-26 22:52:26,mobile,Chrome,google
SESS-001726,CUST-0436,/contact,page_view,2024-07-17 13:01:21,mobile,Chrome,twitter
SESS-001727,CUST-0180,/products/electronics,video_play,2024-04-04 01:14:48,mobile,Firefox,facebook
SESS-001728,CUST-0303,/products/clothing,search,2024-10-02 13:20:10,tablet,Chrome,email_campaign
SESS-001729,CUST-0039,/cart,page_view,2024-09-06 23:52:31,mobile,Chrome,
SESS-001730,CUST-0193,/products/books,scroll,2024-01-31 00:23:19,mobile,Safari,bing
SESS-001731,CUST-0074,/search,click,2024-03-30 10:47:28,mobile,Chrome,direct
SESS-001732,CUST-0176,/products/books,page_view,2024-04-08 21:02:40,desktop,Chrome,
SESS-001733,CUST-0356,/products/electronics,page_view,2024-02-26 17:59:56,mobile,Edge,instagram
SESS-001734,,/checkout,purchase,2024-01-02 05:28:23,mobile,Chrome,bing
SESS-001735,,/products/sports,page_view,2024-09-29 08:42:30,mobile,Safari,twitter
SESS-001736,CUST-0038,/checkout/confirmation,page_view,2024-05-01 12:27:16,desktop,Firefox,twitter
SESS-001737,CUST-0410,/about,click,2024-11-01 15:27:51,mobile,Chrome,bing
SESS-001738,,/products,page_view,2024-01-04 21:30:54,mobile,Firefox,
SESS-001739,CUST-0099,/account/wishlist,click,2024-09-03 14:05:52,tablet,Chrome,twitter
SESS-001740,,/account/wishlist,page_view,2024-07-19 11:17:10,mobile,Firefox,tiktok
SESS-001741,CUST-0179,/account/wishlist,click,2024-04-26 06:27:18,mobile,Safari,direct
SESS-001742,CUST-0306,/search,search,2024-08-12 08:52:21,desktop,Chrome,instagram
SESS-001743,CUST-0396,/returns,click,2024-02-19 06:18:46,desktop,Edge,email_campaign
SESS-001744,CUST-0227,/,page_view,2024-02-01 04:07:45,desktop,Edge,instagram
SESS-001745,CUST-0021,/search,click,2024-05-15 19:33:36,tablet,Chrome,twitter
SESS-001746,CUST-0328,/products/sports,page_view,2024-05-13 22:40:54,tablet,Safari,
SESS-001747,CUST-0077,/,search,2024-06-18 05:32:28,mobile,Firefox,google
SESS-001748,CUST-0338,/contact,page_view,2024-08-29 08:55:09,desktop,Firefox,affiliate
SESS-001749,CUST-0332,/faq,search,2024-11-23 01:16:17,desktop,Chrome,instagram
SESS-001750,CUST-0189,/products/clothing,purchase,2024-02-14 01:50:33,tablet,Samsung Internet,affiliate
SESS-001751,CUST-0005,/search,begin_checkout,2024-02-02 18:38:45,mobile,Samsung Internet,facebook
SESS-001752,CUST-0250,/products/home,add_to_cart,2024-11-18 07:27:01,tablet,Chrome,twitter
SESS-001753,,/checkout,search,2024-06-09 12:53:04,mobile,Safari,direct
SESS-001754,CUST-0228,/products/sports,page_view,2024-09-07 00:08:35,desktop,Edge,affiliate
SESS-001755,CUST-0438,/products,purchase,2024-03-24 06:23:47,desktop,Chrome,instagram
SESS-001756,CUST-0386,/search,purchase,2024-02-24 15:21:42,tablet,Samsung Internet,facebook
SESS-001757,,/products/electronics,remove_from_cart,2024-11-10 17:15:59,desktop,Safari,google
SESS-001758,CUST-0444,/products,page_view,2024-08-14 15:28:32,mobile,Firefox,bing
SESS-001759,CUST-0226,/products/sports,page_view,2024-09-21 20:19:11,desktop,Safari,direct
SESS-001760,CUST-0175,/products,remove_from_cart,2024-07-18 12:32:46,mobile,Safari,google
SESS-001761,CUST-0049,/checkout/confirmation,page_view,2024-10-03 08:54:36,desktop,Chrome,twitter
SESS-001762,,/products,page_view,2024-11-09 08:02:53,mobile,Safari,affiliate
SESS-001763,CUST-0296,/returns,click,2024-05-27 05:49:15,mobile,Chrome,tiktok
SESS-001764,,/account,begin_checkout,2024-08-22 18:02:32,mobile,Firefox,
SESS-001765,,/cart,add_to_cart,2024-09-16 16:30:28,mobile,Chrome,direct
SESS-001766,,/products,search,2024-12-21 22:33:18,bot,Googlebot,tiktok
SESS-001767,,/checkout/payment,click,2024-11-16 13:55:19,desktop,Chrome,facebook
SESS-001768,,/checkout/confirmation,click,2024-02-27 22:30:18,mobile,Edge,
SESS-001769,,/account,begin_checkout,2024-12-10 01:57:17,mobile,Chrome,google
SESS-001770,,/returns,purchase,2024-05-13 17:15:51,tablet,Safari,email_campaign
SESS-001771,,/checkout/confirmation,scroll,2024-06-12 04:55:39,tablet,Samsung Internet,twitter
SESS-001772,,/checkout,video_play,2024-11-23 12:43:10,mobile,Edge,
SESS-001773,CUST-0155,/products/electronics,page_view,2024-10-22 10:46:36,mobile,Samsung Internet,google
SESS-001774,CUST-0089,/checkout/confirmation,search,2024-10-31 11:01:42,mobile,Edge,instagram
SESS-001775,CUST-0439,/contact,page_view,2024-04-13 06:12:31,mobile,Safari,
SESS-001776,,/products/home,click,2024-08-14 13:27:49,tablet,Firefox,bing
SESS-001777,CUST-0417,/about,video_play,2024-04-15 04:18:27,desktop,Chrome,affiliate
SESS-001778,CUST-0272,/products/home,page_view,2024-08-02 14:08:24,mobile,Chrome,direct
SESS-001779,,/checkout/confirmation,video_play,2024-07-29 08:30:42,mobile,Safari,instagram
SESS-001780,CUST-0036,/returns,click,2024-02-05 17:22:33,mobile,Samsung Internet,twitter
SESS-001781,CUST-0343,/checkout/confirmation,page_view,2024-03-21 00:36:51,bot,Googlebot,google
SESS-001782,CUST-0291,/about,scroll,2024-07-01 01:42:04,desktop,Chrome,instagram
SESS-001783,,/products/home,page_view,2024-01-31 16:22:47,desktop,Firefox,affiliate
SESS-001784,,/account/orders,add_to_cart,2024-06-12 06:50:20,desktop,Firefox,tiktok
SESS-001785,CUST-0053,/checkout/confirmation,video_play,2024-12-08 12:00:54,tablet,Safari,
SESS-001786,CUST-0092,/checkout,add_to_cart,2024-06-03 23:16:32,desktop,Firefox,affiliate
SESS-001787,CUST-0477,/checkout/payment,click,2024-09-27 15:18:28,tablet,Safari,email_campaign
SESS-001788,CUST-0434,/account/wishlist,scroll,2024-10-03 20:18:07,mobile,Edge,direct
SESS-001789,CUST-0273,/contact,page_view,2024-03-23 22:49:06,desktop,Safari,affiliate
SESS-001790,CUST-0426,/products,add_to_cart,2024-10-02 02:41:07,mobile,Edge,bing
SESS-001791,CUST-0246,/,begin_checkout,2024-02-18 11:06:48,desktop,Chrome,direct
SESS-001792,CUST-0472,/cart,page_view,2024-12-16 22:02:31,tablet,Safari,instagram
SESS-001793,CUST-0471,/products/home,scroll,2024-11-13 05:34:39,desktop,Chrome,facebook
SESS-001794,,/products/home,remove_from_cart,2024-07-26 01:26:47,tablet,Firefox,
SESS-001795,CUST-0021,/checkout,click,2024-04-14 05:20:41,mobile,Chrome,tiktok
SESS-001796,CUST-0362,/search,search,2024-04-13 21:36:38,desktop,Firefox,direct
SESS-001797,,/products/books,begin_checkout,2024-12-11 04:54:41,mobile,Edge,
SESS-001798,CUST-0262,/checkout,search,2024-11-11 06:51:05,desktop,Chrome,tiktok
SESS-001799,CUST-0358,/about,video_play,2024-06-08 21:56:28,mobile,Chrome,twitter
SESS-001800,CUST-0156,/,remove_from_cart,2024-05-18 22:03:41,mobile,Safari,google
SESS-001801,,/products/sports,video_play,2024-09-10 01:17:39,mobile,Samsung Internet,instagram
SESS-001802,,/account/orders,begin_checkout,2024-04-07 22:46:34,mobile,Chrome,affiliate
SESS-001803,CUST-0415,/checkout,purchase,2024-01-07 09:46:10,desktop,Safari,twitter
SESS-001804,CUST-0444,/cart,scroll,2024-09-29 15:22:02,tablet,Safari,
SESS-001805,,/cart,page_view,2024-05-06 19:03:56,mobile,Safari,
SESS-001806,CUST-0359,/account,page_view,2024-01-29 06:47:43,desktop,Samsung Internet,direct
SESS-001807,CUST-0107,/products/clothing,purchase,2024-08-25 22:54:27,mobile,Edge,direct
SESS-001808,CUST-0122,/products,page_view,2024-09-13 10:46:50,desktop,Samsung Internet,instagram
SESS-001809,CUST-0021,/products,page_view,2024-07-10 21:59:26,desktop,Safari,facebook
SESS-001810,CUST-0223,/products/sports,page_view,2024-04-03 03:34:41,tablet,Chrome,direct
SESS-001811,CUST-0046,/products/sports,video_play,2024-03-01 15:57:57,desktop,Edge,
SESS-001812,CUST-0380,/products/sports,click,2024-03-08 12:04:10,mobile,Chrome,affiliate
SESS-001813,CUST-0045,/products/books,remove_from_cart,2024-08-21 04:49:04,tablet,Safari,twitter
SESS-001814,CUST-0294,/account/orders,video_play,2024-03-26 05:18:23,tablet,Firefox,instagram
SESS-001815,,/account/orders,begin_checkout,2024-02-17 01:21:17,mobile,Chrome,google
SESS-001816,CUST-0163,/products/home,add_to_cart,2024-03-04 17:47:28,mobile,Safari,google
SESS-001817,,/products/home,video_play,2024-09-01 12:28:36,desktop,Chrome,facebook
SESS-001818,CUST-0243,/blog,add_to_cart,2024-01-08 05:48:01,desktop,Chrome,
SESS-001819,CUST-0497,/account/wishlist,add_to_cart,2024-12-02 18:02:49,mobile,Firefox,twitter
SESS-001820,CUST-0441,/account/orders,page_view,2024-02-12 04:32:42,mobile,Safari,facebook
SESS-001821,CUST-0013,/checkout/payment,scroll,2024-01-19 01:15:40,tablet,Chrome,facebook
SESS-001822,CUST-0433,/account/orders,purchase,2024-09-29 03:13:47,desktop,Chrome,twitter
SESS-001823,CUST-0255,/about,search,2024-12-26 10:12:05,mobile,Samsung Internet,email_campaign
SESS-001824,,/products/sports,page_view,2024-09-25 19:32:24,mobile,Firefox,email_campaign
SESS-001825,CUST-0121,/products,purchase,2024-11-23 11:17:23,desktop,Chrome,direct
SESS-001826,,/checkout,begin_checkout,2024-09-28 00:31:16,desktop,Chrome,twitter
SESS-001827,CUST-0270,/account/orders,add_to_cart,2024-05-03 21:03:11,mobile,Firefox,email_campaign
SESS-001828,CUST-0042,/account/wishlist,remove_from_cart,2024-05-02 22:59:27,desktop,Firefox,twitter
SESS-001829,CUST-0214,/products/books,remove_from_cart,2024-11-29 05:46:52,mobile,Chrome,instagram
SESS-001830,CUST-0359,/faq,video_play,2024-08-04 22:24:28,desktop,Safari,email_campaign
SESS-001831,,/returns,page_view,2024-09-21 03:45:54,mobile,Chrome,instagram
SESS-001832,CUST-0431,/faq,begin_checkout,2024-07-05 19:29:00,mobile,Chrome,instagram
SESS-001833,CUST-0203,/,page_view,2024-01-23 15:26:44,desktop,Safari,facebook
SESS-001834,CUST-0366,/about,click,2024-11-18 02:22:39,mobile,Chrome,bing
SESS-001835,,/products/books,remove_from_cart,2024-05-24 11:57:45,mobile,Samsung Internet,affiliate
SESS-001836,,/,purchase,2024-02-03 20:51:11,tablet,Samsung Internet,twitter
SESS-001837,,/products/books,video_play,2024-08-02 20:25:18,mobile,Samsung Internet,direct
SESS-001838,CUST-0008,/returns,purchase,2024-11-19 03:36:04,desktop,Safari,instagram
SESS-001839,,/products/sports,video_play,2024-10-24 03:01:35,mobile,Chrome,twitter
SESS-001840,CUST-0031,/blog,remove_from_cart,2024-08-31 06:23:52,tablet,Samsung Internet,twitter
SESS-001841,,/products,search,2024-04-10 02:49:36,desktop,Safari,twitter
SESS-001842,CUST-0230,/account/wishlist,remove_from_cart,2024-07-04 09:02:25,mobile,Edge,bing
SESS-001843,,/products/books,search,2024-07-09 06:40:48,mobile,Safari,bing
SESS-001844,CUST-0095,/products/home,search,2024-06-14 13:37:51,desktop,Edge,affiliate
SESS-001845,CUST-0386,/checkout/payment,begin_checkout,2024-08-30 19:49:40,tablet,Chrome,twitter
SESS-001846,CUST-0281,/products,scroll,2024-11-09 02:45:50,desktop,Chrome,facebook
SESS-001847,CUST-0010,/returns,remove_from_cart,2024-08-04 10:42:59,tablet,Edge,email_campaign
SESS-001848,CUST-0340,/cart,add_to_cart,2024-06-12 19:33:27,desktop,Chrome,bing
SESS-001849,CUST-0022,/checkout/payment,video_play,2024-05-12 23:32:09,tablet,Safari,bing
SESS-001850,CUST-0088,/blog,click,2024-12-03 19:17:34,tablet,Chrome,
SESS-001851,,/account,begin_checkout,2024-10-16 12:16:46,desktop,Safari,direct
SESS-001852,CUST-0205,/cart,add_to_cart,2024-11-20 22:31:18,mobile,Chrome,twitter
SESS-001853,CUST-0403,/search,page_view,2024-01-01 00:58:51,desktop,Safari,twitter
SESS-001854,CUST-0462,/about,video_play,2024-06-13 13:11:54,tablet,Chrome,google
SESS-001855,CUST-0194,/checkout/confirmation,add_to_cart,2024-10-05 00:39:33,mobile,Firefox,tiktok
SESS-001856,CUST-0323,/products/sports,click,2024-11-12 00:02:32,mobile,Safari,tiktok
SESS-001857,,/,remove_from_cart,2024-06-08 15:26:10,mobile,Firefox,affiliate
SESS-001858,,/,click,2024-01-10 18:51:31,desktop,Samsung Internet,
SESS-001859,,/faq,add_to_cart,2024-03-04 13:29:53,desktop,Chrome,affiliate
SESS-001860,CUST-0035,/account,page_view,2024-08-21 05:55:03,desktop,Firefox,affiliate
SESS-001861,CUST-0167,/account,page_view,2024-03-20 13:41:22,mobile,Safari,google
SESS-001862,CUST-0362,/checkout/confirmation,page_view,2024-12-22 07:08:38,tablet,Chrome,direct
SESS-001863,,/account/wishlist,page_view,2024-02-23 16:12:54,mobile,Chrome,direct
SESS-001864,,/about,click,2024-08-20 12:57:22,desktop,Chrome,email_campaign
SESS-001865,CUST-0087,/about,page_view,2024-05-23 05:01:21,mobile,Edge,facebook
SESS-001866,CUST-0145,/checkout/confirmation,add_to_cart,2024-11-14 19:47:36,desktop,Chrome,twitter
SESS-001867,CUST-0224,/checkout,click,2024-02-26 10:41:22,mobile,Firefox,direct
SESS-001868,,/returns,begin_checkout,2024-06-18 17:00:46,mobile,Chrome,affiliate
SESS-001869,CUST-0270,/products/home,video_play,2024-05-30 13:29:51,desktop,Chrome,tiktok
SESS-001870,CUST-0331,/cart,page_view,2024-02-13 04:41:04,desktop,Chrome,affiliate
SESS-001871,,/products/books,page_view,2024-01-14 17:23:31,tablet,Safari,direct
SESS-001872,CUST-0213,/checkout/payment,scroll,2024-07-12 12:44:02,mobile,Chrome,google
SESS-001873,,/search,remove_from_cart,2024-11-13 12:15:43,desktop,Chrome,email_campaign
SESS-001874,CUST-0215,/products,add_to_cart,2024-12-16 15:30:51,mobile,Chrome,twitter
SESS-001875,,/checkout/confirmation,search,2024-07-05 12:44:54,desktop,Samsung Internet,direct
SESS-001876,CUST-0158,/faq,page_view,2024-01-23 09:51:39,desktop,Firefox,google
SESS-001877,CUST-0352,/about,video_play,2024-06-20 19:34:37,tablet,Chrome,instagram
SESS-001878,CUST-0173,/returns,begin_checkout,2024-08-18 12:07:27,tablet,Firefox,tiktok
SESS-001879,,/search,click,2024-11-28 04:38:17,tablet,Chrome,email_campaign
SESS-001880,CUST-0255,/returns,click,2024-09-30 21:17:57,mobile,Safari,
SESS-001881,CUST-0366,/checkout/confirmation,page_view,2024-05-09 02:40:42,tablet,Chrome,facebook
SESS-001882,,/search,page_view,2024-04-09 04:23:19,tablet,Samsung Internet,direct
SESS-001883,CUST-0239,/checkout/confirmation,scroll,2024-01-28 14:04:46,mobile,Edge,google
SESS-001884,CUST-0402,/returns,page_view,2024-06-25 00:47:10,mobile,Chrome,google
SESS-001885,CUST-0261,/checkout/confirmation,purchase,2024-06-23 22:16:42,mobile,Chrome,bing
SESS-001886,CUST-0041,/returns,remove_from_cart,2024-04-17 02:24:16,desktop,Firefox,affiliate
SESS-001887,CUST-0092,/,page_view,2024-02-07 00:21:18,desktop,Chrome,twitter
SESS-001888,CUST-0078,/products/books,click,2024-03-21 11:42:20,mobile,Edge,
SESS-001889,CUST-0174,/faq,search,2024-05-15 14:16:30,mobile,Firefox,twitter
SESS-001890,CUST-0442,/faq,search,2024-12-08 07:17:16,mobile,Safari,google
SESS-001891,CUST-0464,/products/clothing,click,2024-08-27 01:07:04,tablet,Firefox,direct
SESS-001892,CUST-0450,/checkout/confirmation,click,2024-06-17 19:06:41,tablet,Safari,bing
SESS-001893,CUST-0348,/search,add_to_cart,2024-04-09 00:11:24,desktop,Firefox,email_campaign
SESS-001894,CUST-0331,/about,add_to_cart,2024-03-24 17:07:09,desktop,Firefox,
SESS-001895,CUST-0435,/blog,video_play,2024-02-29 04:07:22,desktop,Chrome,twitter
SESS-001896,CUST-0137,/contact,search,2024-05-03 10:17:48,mobile,Safari,affiliate
SESS-001897,CUST-0388,/checkout,page_view,2024-05-06 21:15:37,mobile,Firefox,instagram
SESS-001898,,/faq,video_play,2024-04-14 10:05:38,tablet,Chrome,instagram
SESS-001899,,/products/clothing,page_view,2024-12-19 21:46:06,mobile,Samsung Internet,tiktok
SESS-001900,CUST-0277,/products/home,add_to_cart,2024-08-04 04:49:27,mobile,Samsung Internet,instagram
SESS-001901,CUST-0297,/about,add_to_cart,2024-09-12 09:05:07,mobile,Chrome,facebook
SESS-001902,,/checkout,scroll,2024-10-07 15:35:35,mobile,Safari,affiliate
SESS-001903,CUST-0158,/blog,page_view,2024-10-21 14:34:24,desktop,Firefox,affiliate
SESS-001904,,/cart,click,2024-07-02 06:57:59,tablet,Firefox,twitter
SESS-001905,CUST-0418,/returns,begin_checkout,2024-03-12 08:18:38,tablet,Samsung Internet,direct
SESS-001906,CUST-0240,/about,purchase,2024-03-31 21:59:48,mobile,Chrome,
SESS-001907,CUST-0316,/products/home,scroll,2024-06-28 10:59:58,desktop,Chrome,affiliate
SESS-001908,CUST-0356,/products,remove_from_cart,2024-08-14 19:08:52,desktop,Firefox,instagram
SESS-001909,CUST-0351,/products/electronics,page_view,2024-08-01 11:05:32,tablet,Edge,direct
SESS-001910,CUST-0095,/account/wishlist,add_to_cart,2024-11-01 07:40:09,desktop,Chrome,affiliate
SESS-001911,CUST-0065,/checkout,click,2024-07-03 22:27:50,desktop,Firefox,instagram
SESS-001912,,/blog,click,2024-04-01 06:15:06,tablet,Safari,twitter
SESS-001913,CUST-0123,/account/wishlist,page_view,2024-04-30 02:38:31,tablet,Chrome,instagram
SESS-001914,CUST-0050,/products/electronics,page_view,2024-12-15 16:06:02,mobile,Chrome,google
SESS-001915,CUST-0199,/cart,remove_from_cart,2024-06-07 17:56:11,tablet,Safari,affiliate
SESS-001916,,/returns,click,2024-03-28 18:04:25,mobile,Chrome,tiktok
SESS-001917,CUST-0366,/,add_to_cart,2024-07-22 02:17:18,desktop,Chrome,twitter
SESS-001918,CUST-0313,/about,click,2024-07-03 12:44:25,mobile,Firefox,instagram
SESS-001919,,/,begin_checkout,2024-12-11 20:22:43,desktop,Samsung Internet,direct
SESS-001920,CUST-0057,/contact,add_to_cart,2024-07-19 01:33:21,mobile,Samsung Internet,email_campaign
SESS-001921,,/about,scroll,2024-09-29 04:35:42,tablet,Chrome,tiktok
SESS-001922,CUST-0056,/blog,begin_checkout,2024-09-01 19:20:15,mobile,Safari,facebook
SESS-001923,,/products/home,add_to_cart,2024-04-14 06:38:15,desktop,Edge,twitter
SESS-001924,,/products,search,2024-04-27 23:18:00,tablet,Safari,instagram
SESS-001925,CUST-0243,/blog,click,2024-12-08 14:24:06,mobile,Samsung Internet,bing
SESS-001926,,/account/orders,add_to_cart,2024-08-09 12:33:32,tablet,Firefox,
SESS-001927,CUST-0345,/products/electronics,purchase,2024-02-22 12:13:29,mobile,Firefox,google
SESS-001928,CUST-0113,/products/home,begin_checkout,2024-05-13 18:29:46,mobile,Safari,affiliate
SESS-001929,,/account/wishlist,page_view,2024-01-24 08:35:25,mobile,Chrome,instagram
SESS-001930,CUST-0013,/products/sports,begin_checkout,2024-07-11 02:38:29,bot,Python-urllib,direct
SESS-001931,CUST-0154,/,scroll,2024-12-21 23:33:43,desktop,Safari,google
SESS-001932,CUST-0173,/products,page_view,2024-05-09 12:45:54,mobile,Samsung Internet,instagram
SESS-001933,,/products/clothing,click,2024-06-27 08:11:31,desktop,Edge,email_campaign
SESS-001934,CUST-0019,/checkout/confirmation,scroll,2024-11-05 16:39:04,tablet,Safari,email_campaign
SESS-001935,,/checkout/confirmation,remove_from_cart,2024-09-23 00:38:55,mobile,Safari,affiliate
SESS-001936,CUST-0211,/account/orders,video_play,2024-02-04 04:04:18,tablet,Chrome,instagram
SESS-001937,CUST-0052,/products/books,add_to_cart,2024-11-08 07:45:11,tablet,Firefox,affiliate
SESS-001938,,/checkout/payment,scroll,2024-06-04 19:10:56,mobile,Safari,bing
SESS-001939,CUST-0492,/account,purchase,2024-09-11 19:31:08,mobile,Edge,twitter
SESS-001940,CUST-0207,/checkout/confirmation,click,2024-01-24 00:20:26,mobile,Chrome,email_campaign
SESS-001941,CUST-0419,/account,page_view,2024-09-16 13:17:08,desktop,Safari,tiktok
SESS-001942,CUST-0489,/contact,video_play,2024-11-03 23:39:03,tablet,Chrome,facebook
SESS-001943,CUST-0442,/products,begin_checkout,1970-01-01 00:00:00,desktop,Safari,facebook
SESS-001944,CUST-0338,/checkout/payment,page_view,2024-07-14 17:25:18,tablet,Samsung Internet,google
SESS-001945,,/checkout/payment,click,2024-10-17 08:10:37,desktop,Safari,affiliate
SESS-001946,,/checkout,click,2024-05-18 05:44:47,tablet,Safari,email_campaign
SESS-001947,,/returns,video_play,2024-09-23 10:44:24,mobile,Firefox,twitter
SESS-001948,CUST-0204,/faq,video_play,2024-02-13 03:29:43,desktop,Firefox,affiliate
SESS-001949,CUST-0469,/cart,add_to_cart,2024-01-21 13:50:19,desktop,Safari,affiliate
SESS-001950,CUST-0210,/products/books,click,2024-09-17 11:14:50,tablet,Safari,facebook
SESS-001951,CUST-0057,/cart,click,2024-09-27 17:28:36,mobile,Chrome,twitter
SESS-001952,CUST-0211,/about,video_play,2024-10-16 07:19:19,tablet,Chrome,twitter
SESS-001953,CUST-0029,/products/clothing,page_view,2024-05-23 13:47:13,desktop,Chrome,
SESS-001954,CUST-0031,/products/sports,purchase,2024-09-26 22:23:38,mobile,Samsung Internet,
SESS-001955,,/,page_view,2024-02-11 07:25:58,mobile,Safari,email_campaign
SESS-001956,CUST-0410,/about,add_to_cart,2024-12-10 15:50:02,mobile,Safari,affiliate
SESS-001957,,/search,purchase,2024-08-30 16:22:41,tablet,Firefox,direct
SESS-001958,CUST-0013,/account,add_to_cart,2024-11-16 12:43:18,desktop,Samsung Internet,bing
SESS-001959,,/products/clothing,page_view,2024-05-23 19:34:03,mobile,Edge,bing
SESS-001960,,/search,video_play,2024-09-06 12:11:24,mobile,Safari,google
SESS-001961,,/,page_view,2024-07-27 15:19:03,mobile,Chrome,bing
SESS-001962,CUST-0172,/products/sports,scroll,2024-06-28 15:25:48,mobile,Chrome,twitter
SESS-001963,CUST-0496,/account/orders,remove_from_cart,2024-07-22 01:46:49,desktop,Samsung Internet,instagram
SESS-001964,CUST-0340,/products,search,2024-06-21 00:56:31,mobile,Samsung Internet,affiliate
SESS-001965,CUST-0489,/account/orders,remove_from_cart,2024-02-24 06:26:39,tablet,Edge,bing
SESS-001966,CUST-0108,/,video_play,2024-07-06 15:32:19,tablet,Firefox,google
SESS-001967,CUST-0039,/account/orders,add_to_cart,2024-07-21 05:42:58,mobile,Chrome,google
SESS-001968,CUST-0209,/products,video_play,2024-08-05 07:09:41,mobile,Firefox,bing
SESS-001969,,/products/clothing,page_view,2024-01-18 07:05:22,mobile,Safari,google
SESS-001970,CUST-0018,/account/wishlist,scroll,2024-08-25 04:18:52,desktop,Firefox,
SESS-001971,CUST-0061,/returns,page_view,2024-01-27 09:15:54,mobile,Firefox,tiktok
SESS-001972,CUST-0438,/products/electronics,add_to_cart,2024-11-06 15:13:27,desktop,Firefox,
SESS-001973,,/blog,click,2024-06-14 20:47:33,mobile,Edge,instagram
SESS-001974,,/blog,page_view,2024-03-20 17:28:07,desktop,Firefox,affiliate
SESS-001975,CUST-0281,/checkout/payment,page_view,2024-01-03 02:36:32,desktop,Samsung Internet,
SESS-001976,CUST-0088,/account,purchase,2024-08-04 19:23:41,tablet,Firefox,google
SESS-001977,,/checkout/confirmation,add_to_cart,2024-07-21 18:11:45,desktop,Chrome,tiktok
SESS-001978,CUST-0365,/products/books,page_view,2024-04-17 01:46:11,mobile,Safari,affiliate
SESS-001979,,/products/sports,page_view,2024-08-03 06:29:39,desktop,Samsung Internet,email_campaign
SESS-001980,CUST-0425,/products/books,purchase,2024-10-12 13:16:06,mobile,Chrome,bing
SESS-001981,,/,remove_from_cart,2024-09-03 20:03:30,tablet,Chrome,
SESS-001982,,/products/clothing,search,2024-09-12 13:40:18,mobile,Firefox,twitter
SESS-001983,CUST-0278,/products/clothing,page_view,2024-05-31 09:06:45,desktop,Edge,affiliate
SESS-001984,CUST-0037,/search,page_view,2024-08-13 01:28:35,desktop,Chrome,
SESS-001985,CUST-0096,/cart,click,2024-12-19 23:33:31,mobile,Chrome,instagram
SESS-001986,CUST-0119,/returns,search,2024-06-13 16:19:45,mobile,Firefox,google
SESS-001987,CUST-0265,/blog,scroll,2024-12-17 18:12:06,desktop,Firefox,
SESS-001988,CUST-0010,/contact,scroll,2024-10-09 12:36:09,mobile,Edge,bing
SESS-001989,,/about,search,2024-12-24 03:10:09,desktop,Safari,direct
SESS-001990,CUST-0242,/search,remove_from_cart,2024-05-20 01:03:45,mobile,Firefox,tiktok
SESS-001991,CUST-0395,/products/electronics,purchase,2024-02-09 11:06:05,desktop,Samsung Internet,tiktok
SESS-001992,,/products/clothing,search,2024-06-24 22:41:58,tablet,Edge,twitter
SESS-001993,CUST-0035,/returns,scroll,2024-01-02 13:12:55,mobile,Samsung Internet,
SESS-001994,,/account/orders,page_view,2024-09-09 01:21:34,tablet,Firefox,google
SESS-001995,,/products/books,remove_from_cart,2024-05-15 04:21:49,mobile,Chrome,google
SESS-001996,CUST-0025,/blog,remove_from_cart,2024-07-17 10:11:33,mobile,Samsung Internet,google
SESS-001997,,/account/orders,click,2024-09-08 19:22:20,mobile,Firefox,affiliate
SESS-001998,,/products/sports,purchase,2024-01-12 15:33:57,mobile,Edge,direct
SESS-001999,,/contact,remove_from_cart,2024-02-07 10:51:30,desktop,Chrome,bing
SESS-002000,CUST-0120,/contact,search,2024-09-22 05:45:49,mobile,Samsung Internet,email_campaign
SESS-002001,,/products/home,add_to_cart,2024-11-02 12:57:22,mobile,Chrome,google
SESS-002002,CUST-0478,/blog,page_view,2024-08-10 10:34:00,tablet,Safari,instagram
SESS-002003,CUST-0277,/products/books,page_view,2024-07-30 09:49:59,mobile,Samsung Internet,
SESS-002004,,/,video_play,2024-04-20 14:30:40,mobile,Edge,tiktok
SESS-002005,CUST-0254,/products/home,page_view,2024-07-09 12:07:52,tablet,Chrome,bing
SESS-002006,CUST-0187,/products/sports,click,2024-10-26 21:07:21,mobile,Edge,tiktok
SESS-002007,CUST-0218,/,page_view,2024-06-15 04:41:59,desktop,Safari,
SESS-002008,CUST-0490,/faq,purchase,2024-03-19 22:33:48,desktop,Edge,
SESS-002009,CUST-0281,/returns,page_view,2024-01-02 10:45:04,desktop,Safari,instagram
SESS-002010,,/account/orders,click,2024-11-02 01:12:06,mobile,Chrome,
SESS-002011,CUST-0010,/account/wishlist,scroll,2024-04-04 12:17:38,mobile,Chrome,twitter
SESS-002012,,/blog,begin_checkout,2024-11-10 17:52:32,tablet,Edge,affiliate
SESS-002013,CUST-0223,/account/wishlist,remove_from_cart,2024-03-09 18:16:50,desktop,Chrome,direct
SESS-002014,CUST-0408,/blog,begin_checkout,2024-08-29 21:40:22,desktop,Chrome,email_campaign
SESS-002015,,/products/clothing,page_view,2024-12-03 15:19:22,mobile,Firefox,email_campaign
SESS-002016,CUST-0396,/products,add_to_cart,2024-10-11 19:25:19,mobile,Chrome,facebook
SESS-002017,,/checkout,begin_checkout,2024-11-25 00:04:38,mobile,Safari,affiliate
SESS-002018,CUST-0269,/products/books,begin_checkout,2024-10-19 18:24:24,desktop,Firefox,
SESS-002019,CUST-0051,/returns,scroll,2024-06-03 21:01:03,mobile,Firefox,bing
SESS-002020,CUST-0023,/checkout,remove_from_cart,2024-08-17 01:39:07,mobile,Samsung Internet,twitter
SESS-002021,CUST-0437,/returns,video_play,2024-03-15 20:33:57,mobile,Samsung Internet,bing
SESS-002022,CUST-0384,/products/sports,scroll,2024-01-02 09:26:23,mobile,Chrome,bing
SESS-002023,CUST-0201,/search,add_to_cart,2024-01-09 00:42:37,mobile,Chrome,email_campaign
SESS-002024,CUST-0251,/,search,2024-08-02 22:07:59,mobile,Safari,direct
SESS-002025,CUST-0371,/blog,add_to_cart,2024-06-11 14:00:58,desktop,Chrome,google
SESS-002026,CUST-0185,/checkout/confirmation,scroll,2024-09-07 14:35:23,desktop,Chrome,affiliate
SESS-002027,CUST-0187,/account/wishlist,search,2024-12-17 20:58:12,tablet,Samsung Internet,facebook
SESS-002028,CUST-0029,/cart,search,2024-07-17 19:17:14,desktop,Samsung Internet,bing
SESS-002029,,/cart,video_play,2024-02-27 04:39:09,mobile,Edge,bing
SESS-002030,CUST-0047,/about,click,2024-09-04 20:25:19,mobile,Chrome,email_campaign
SESS-002031,CUST-0081,/search,click,2024-09-06 17:38:58,mobile,Chrome,email_campaign
SESS-002032,CUST-0153,/checkout,page_view,2024-12-09 13:53:46,mobile,Chrome,google
SESS-002033,CUST-0492,/products/books,page_view,2024-04-13 10:21:41,mobile,Safari,twitter
SESS-002034,CUST-0026,/search,page_view,2024-02-12 02:27:28,desktop,Chrome,
SESS-002035,CUST-0308,/account,remove_from_cart,2024-04-30 01:35:56,mobile,Chrome,direct
SESS-002036,,/products,page_view,2024-02-25 12:03:37,mobile,Safari,tiktok
SESS-002037,,/about,page_view,2024-01-10 19:16:35,desktop,Edge,facebook
SESS-002038,CUST-0465,/products/electronics,page_view,2024-03-21 18:19:40,tablet,Chrome,bing
SESS-002039,,/products/clothing,add_to_cart,2024-08-02 09:29:01,mobile,Chrome,google
SESS-002040,CUST-0333,/account,purchase,2024-09-22 06:27:05,mobile,Safari,email_campaign
SESS-002041,CUST-0354,/products/clothing,video_play,2024-07-29 20:31:21,tablet,Safari,facebook
SESS-002042,,/products/home,page_view,2024-06-07 19:04:25,tablet,Firefox,bing
SESS-002043,CUST-0465,/products/sports,page_view,2024-03-14 01:03:04,desktop,Samsung Internet,facebook
SESS-002044,CUST-0412,/account,purchase,2024-05-17 15:45:43,desktop,Chrome,google
SESS-002045,,/checkout/confirmation,page_view,2024-09-02 15:09:14,tablet,Edge,tiktok
SESS-002046,CUST-0401,/account/orders,video_play,2024-03-01 11:31:24,desktop,Firefox,affiliate
SESS-002047,,/products/electronics,click,2024-09-11 09:15:17,tablet,Safari,tiktok
SESS-002048,,/faq,search,2024-12-09 00:24:45,desktop,Edge,tiktok
SESS-002049,CUST-0028,/,purchase,2024-04-04 18:40:48,mobile,Chrome,affiliate
SESS-002050,CUST-0161,/products/home,click,2024-09-20 17:02:11,mobile,Edge,
SESS-002051,,/checkout/payment,page_view,2024-09-10 16:48:53,bot,Bingbot,facebook
SESS-002052,CUST-0130,/products/books,search,2024-05-08 16:24:03,desktop,Chrome,email_campaign
SESS-002053,CUST-0243,/blog,scroll,2024-10-20 21:37:55,mobile,Firefox,direct
SESS-002054,CUST-0404,/account,click,2024-04-24 04:38:05,mobile,Chrome,google
SESS-002055,CUST-0202,/account/orders,purchase,2024-06-20 20:27:05,desktop,Chrome,facebook
SESS-002056,CUST-0042,/account,purchase,2024-07-28 11:03:49,mobile,Chrome,email_campaign
SESS-002057,CUST-0032,/blog,page_view,2024-04-29 05:10:10,tablet,Chrome,google
SESS-002058,CUST-0473,/faq,page_view,2024-11-21 04:42:50,mobile,Samsung Internet,affiliate
SESS-002059,CUST-0011,/checkout/payment,video_play,2024-02-03 17:56:47,desktop,Samsung Internet,bing
SESS-002060,CUST-0203,/products,add_to_cart,2024-01-04 11:56:35,mobile,Chrome,direct
SESS-002061,,/cart,add_to_cart,2024-03-09 10:15:24,desktop,Firefox,affiliate
SESS-002062,,/blog,page_view,2024-10-06 00:40:51,mobile,Samsung Internet,google
SESS-002063,CUST-0420,/account/wishlist,remove_from_cart,2024-03-11 07:55:40,tablet,Chrome,bing
SESS-002064,CUST-0335,/faq,purchase,2024-10-10 14:04:02,tablet,Chrome,instagram
SESS-002065,,/checkout/confirmation,search,2024-07-15 09:17:54,tablet,Safari,bing
SESS-002066,CUST-0103,/faq,purchase,2024-02-19 07:04:20,mobile,Chrome,twitter
SESS-002067,CUST-0018,/products/clothing,begin_checkout,2024-08-08 07:28:45,desktop,Edge,twitter
SESS-002068,,/cart,purchase,2024-03-03 20:56:15,tablet,Firefox,direct
SESS-002069,,/account/orders,search,2024-10-30 22:30:56,mobile,Firefox,instagram
SESS-002070,CUST-0113,/account,scroll,2024-05-20 14:56:47,mobile,Safari,google
SESS-002071,,/account/orders,page_view,2024-08-24 00:02:41,tablet,Safari,twitter
SESS-002072,CUST-0385,/cart,search,2024-05-12 02:23:12,tablet,Safari,facebook
SESS-002073,CUST-0083,/checkout/confirmation,page_view,2024-07-24 12:32:09,mobile,Chrome,instagram
SESS-002074,CUST-0391,/contact,scroll,2024-11-15 08:58:14,mobile,Chrome,affiliate
SESS-002075,CUST-0087,/checkout/confirmation,purchase,2024-07-18 12:00:02,tablet,Chrome,instagram
SESS-002076,CUST-0058,/checkout,begin_checkout,2024-04-02 21:08:42,desktop,Chrome,
SESS-002077,CUST-0414,/cart,page_view,2024-12-25 06:58:15,mobile,Firefox,
SESS-002078,CUST-0476,/products/sports,begin_checkout,2024-05-01 05:11:18,tablet,Chrome,twitter
SESS-002079,CUST-0393,/blog,click,2024-09-03 10:12:32,mobile,Firefox,
SESS-002080,,/products/books,click,2024-04-19 16:13:46,mobile,Safari,google
SESS-002081,CUST-0113,/faq,remove_from_cart,2024-02-24 00:08:14,mobile,Chrome,facebook
SESS-002082,CUST-0253,/products/home,click,2024-02-17 23:33:29,desktop,Chrome,facebook
SESS-002083,CUST-0317,/search,click,2024-01-18 00:53:16,mobile,Chrome,facebook
SESS-002084,,/products,remove_from_cart,2024-12-11 16:56:18,mobile,Chrome,facebook
SESS-002085,CUST-0324,/about,search,2024-12-07 01:27:33,tablet,Firefox,facebook
SESS-002086,CUST-0120,/about,remove_from_cart,2024-07-05 16:00:29,desktop,Chrome,email_campaign
SESS-002087,,/products/sports,begin_checkout,2024-05-16 10:54:35,mobile,Chrome,affiliate
SESS-002088,CUST-0223,/account,click,2024-06-19 00:23:43,desktop,Safari,
SESS-002089,CUST-0116,/products/electronics,click,2024-11-25 21:24:51,mobile,Chrome,email_campaign
SESS-002090,,/returns,video_play,2024-08-06 07:52:33,mobile,Chrome,tiktok
SESS-002091,CUST-0401,/cart,page_view,2024-08-04 04:21:00,mobile,Safari,
SESS-002092,,/products/sports,search,2024-09-10 10:46:33,mobile,Firefox,email_campaign
SESS-002093,CUST-0036,/search,add_to_cart,2024-09-21 22:29:46,desktop,Firefox,direct
SESS-002094,CUST-0409,/blog,page_view,2024-01-29 17:07:29,desktop,Chrome,
SESS-002095,CUST-0215,/products/clothing,click,2024-11-13 10:07:50,desktop,Chrome,email_campaign
SESS-002096,,/products/sports,click,2024-09-05 17:04:04,mobile,Samsung Internet,
SESS-002097,CUST-0062,/products/books,video_play,2024-09-23 12:20:18,mobile,Firefox,twitter
SESS-002098,CUST-0159,/account,scroll,2024-05-18 18:38:22,mobile,Edge,twitter
SESS-002099,CUST-0373,/checkout/payment,purchase,2024-03-03 02:08:32,desktop,Safari,google
SESS-002100,CUST-0500,/products/clothing,page_view,2024-03-22 04:02:25,mobile,Safari,bing
SESS-002101,CUST-0103,/search,click,2024-10-07 09:17:48,mobile,Chrome,tiktok
SESS-002102,CUST-0219,/blog,purchase,2024-07-20 19:44:26,tablet,Samsung Internet,google
SESS-002103,CUST-0159,/account,scroll,2024-07-16 05:42:20,mobile,Edge,instagram
SESS-002104,CUST-0240,/checkout/payment,video_play,2024-10-02 15:50:10,tablet,Chrome,tiktok
SESS-002105,CUST-0029,/checkout/confirmation,click,2024-03-24 05:34:54,mobile,Chrome,direct
SESS-002106,CUST-0335,/products/sports,begin_checkout,2024-06-09 12:37:52,mobile,Chrome,bing
SESS-002107,,/about,scroll,2024-08-02 12:40:54,tablet,Chrome,instagram
SESS-002108,CUST-0272,/account,page_view,2024-02-17 02:27:29,desktop,Chrome,google
SESS-002109,,/cart,remove_from_cart,2024-09-03 07:09:52,desktop,Edge,google
SESS-002110,CUST-0407,/products/clothing,video_play,2024-08-04 11:25:59,mobile,Chrome,
SESS-002111,CUST-0260,/products/sports,purchase,2024-10-20 00:54:20,mobile,Chrome,facebook
SESS-002112,CUST-0112,/products/books,click,2024-07-07 15:25:17,mobile,Firefox,google
SESS-002113,CUST-0282,/blog,remove_from_cart,2024-11-26 03:20:40,tablet,Edge,tiktok
SESS-002114,CUST-0178,/products/home,click,2024-11-08 14:01:38,desktop,Edge,google
SESS-002115,CUST-0034,/account,add_to_cart,2024-06-19 08:50:11,mobile,Chrome,affiliate
SESS-002116,,/account,scroll,2024-08-06 04:46:30,tablet,Safari,tiktok
SESS-002117,CUST-0361,/contact,video_play,2024-01-03 04:50:09,mobile,Safari,google
SESS-002118,,/search,page_view,2024-11-22 03:18:46,desktop,Safari,direct
SESS-002119,CUST-0313,/products/home,page_view,2024-12-10 10:09:04,desktop,Samsung Internet,email_campaign
SESS-002120,CUST-0124,/products/electronics,scroll,2024-02-09 08:06:50,desktop,Samsung Internet,
SESS-002121,CUST-0053,/blog,page_view,2024-08-23 21:03:23,mobile,Samsung Internet,tiktok
SESS-002122,,/checkout/confirmation,page_view,2024-04-28 15:23:15,mobile,Chrome,direct
SESS-002123,CUST-0281,/products,page_view,2024-01-05 04:44:57,desktop,Firefox,instagram
SESS-002124,CUST-0342,/cart,click,2024-02-06 09:25:36,desktop,Chrome,
SESS-002125,,/products/clothing,remove_from_cart,2024-09-27 02:47:38,mobile,Samsung Internet,twitter
SESS-002126,CUST-0013,/products/books,click,2024-03-12 14:15:53,mobile,Chrome,instagram
SESS-002127,CUST-0248,/account/orders,click,2024-10-25 04:26:54,mobile,Safari,google
SESS-002128,,/products,begin_checkout,2024-08-19 02:51:36,tablet,Samsung Internet,tiktok
SESS-002129,,/checkout/confirmation,page_view,2024-11-10 22:19:29,mobile,Chrome,
SESS-002130,CUST-0226,/account/orders,scroll,2024-01-31 09:15:58,mobile,Chrome,email_campaign
SESS-002131,CUST-0250,/products/books,purchase,2024-01-29 06:01:02,mobile,Firefox,tiktok
SESS-002132,,/checkout/confirmation,video_play,2024-01-31 17:49:07,tablet,Edge,tiktok
SESS-002133,CUST-0157,/faq,begin_checkout,2024-12-21 06:31:29,mobile,Samsung Internet,instagram
SESS-002134,CUST-0050,/products/sports,page_view,2024-06-05 10:19:41,mobile,Chrome,affiliate
SESS-002135,CUST-0484,/account/wishlist,add_to_cart,2024-11-22 04:23:25,mobile,Chrome,tiktok
SESS-002136,CUST-0408,/returns,page_view,2024-05-20 13:56:43,desktop,Chrome,facebook
SESS-002137,CUST-0154,/products/electronics,scroll,2024-06-22 14:31:15,tablet,Safari,affiliate
SESS-002138,CUST-0032,/blog,add_to_cart,2024-04-26 00:19:23,mobile,Firefox,facebook
SESS-002139,CUST-0448,/search,add_to_cart,2024-08-16 20:23:02,tablet,Firefox,direct
SESS-002140,CUST-0270,/products/electronics,purchase,2024-02-10 21:16:55,desktop,Chrome,email_campaign
SESS-002141,,/products/electronics,click,2024-10-06 00:59:18,mobile,Firefox,tiktok
SESS-002142,CUST-0244,/checkout/confirmation,search,2024-02-16 23:28:16,mobile,Chrome,email_campaign
SESS-002143,CUST-0270,/products/home,page_view,2024-08-11 21:34:22,desktop,Firefox,bing
SESS-002144,CUST-0237,/products,page_view,2024-06-20 09:50:50,desktop,Firefox,direct
SESS-002145,CUST-0465,/returns,scroll,2024-08-28 03:37:31,desktop,Safari,instagram
SESS-002146,CUST-0452,/account/orders,scroll,2024-05-18 05:47:10,mobile,Samsung Internet,instagram
SESS-002147,CUST-0323,/products/home,video_play,2024-10-02 06:36:42,desktop,Chrome,bing
SESS-002148,,/about,click,2024-06-17 15:23:34,mobile,Safari,direct
SESS-002149,CUST-0257,/products,click,2024-10-19 10:37:36,bot,SemrushBot,facebook
SESS-002150,,/faq,scroll,2024-09-16 20:04:44,mobile,Safari,tiktok
SESS-002151,,/returns,page_view,2024-05-06 21:26:06,tablet,Chrome,tiktok
SESS-002152,,/products/clothing,add_to_cart,2024-01-11 09:16:55,mobile,Safari,twitter
SESS-002153,CUST-0477,/faq,remove_from_cart,2024-06-28 18:41:41,desktop,Edge,affiliate
SESS-002154,,/products/sports,search,2024-06-10 15:40:24,tablet,Safari,facebook
SESS-002155,CUST-0497,/checkout,click,2024-07-29 08:18:57,tablet,Samsung Internet,
SESS-002156,CUST-0186,/products/home,add_to_cart,2024-04-19 19:49:37,desktop,Chrome,affiliate
SESS-002157,,/products,page_view,2024-11-25 21:42:10,mobile,Safari,email_campaign
SESS-002158,,/products/sports,click,2024-01-22 23:30:25,mobile,Samsung Internet,facebook
SESS-002159,CUST-0472,/faq,remove_from_cart,2024-07-31 04:36:28,tablet,Safari,instagram
SESS-002160,CUST-0251,/products/home,page_view,2024-08-25 13:27:30,mobile,Chrome,tiktok
SESS-002161,,/search,page_view,2024-07-16 06:25:28,mobile,Samsung Internet,facebook
SESS-002162,,/checkout,purchase,2024-02-24 04:42:01,mobile,Chrome,
SESS-002163,CUST-0250,/,click,2024-03-10 21:49:53,mobile,Safari,tiktok
SESS-002164,CUST-0470,/products/clothing,video_play,2024-03-19 15:59:17,desktop,Chrome,twitter
SESS-002165,,/blog,click,2024-09-10 11:09:40,mobile,Safari,google
SESS-002166,,/blog,page_view,2024-07-01 03:47:53,mobile,Chrome,bing
SESS-002167,CUST-0114,/products,remove_from_cart,2024-08-27 01:11:31,desktop,Safari,affiliate
SESS-002168,CUST-0312,/,page_view,2024-11-14 03:49:09,desktop,Chrome,google
SESS-002169,CUST-0120,/contact,begin_checkout,2024-05-21 02:51:35,mobile,Samsung Internet,instagram
SESS-002170,CUST-0400,/about,click,2024-01-11 18:48:27,tablet,Safari,instagram
SESS-002171,CUST-0326,/products/clothing,remove_from_cart,2024-11-03 05:53:02,mobile,Chrome,bing
SESS-002172,,/blog,page_view,2024-02-21 22:52:17,desktop,Firefox,affiliate
SESS-002173,CUST-0341,/search,remove_from_cart,2024-03-09 03:49:46,bot,AhrefsBot,tiktok
SESS-002174,CUST-0215,/faq,scroll,2024-03-02 20:41:50,mobile,Chrome,bing
SESS-002175,CUST-0298,/,click,2024-08-01 07:38:36,tablet,Samsung Internet,affiliate
SESS-002176,CUST-0391,/about,add_to_cart,2024-03-08 15:09:08,mobile,Firefox,twitter
SESS-002177,,/search,click,2024-08-15 12:21:52,mobile,Chrome,
SESS-002178,CUST-0039,/checkout,search,2024-07-26 05:23:41,desktop,Safari,tiktok
SESS-002179,CUST-0420,/about,click,2024-06-26 01:13:52,mobile,Firefox,tiktok
SESS-002180,,/checkout/confirmation,purchase,2024-01-19 09:16:51,mobile,Firefox,facebook
SESS-002181,CUST-0457,/about,page_view,2024-07-21 16:17:33,bot,SemrushBot,google
SESS-002182,,/contact,add_to_cart,2024-11-22 20:19:59,desktop,Safari,twitter
SESS-002183,,/products/books,purchase,2024-07-01 08:43:27,tablet,Edge,instagram
SESS-002184,CUST-0342,/account,video_play,2024-08-01 09:15:25,tablet,Firefox,google
SESS-002185,CUST-0039,/products/sports,click,2024-08-13 02:35:15,mobile,Edge,instagram
SESS-002186,CUST-0118,/blog,begin_checkout,2024-09-21 04:52:32,desktop,Safari,instagram
SESS-002187,CUST-0293,/checkout/confirmation,click,2024-05-09 10:42:06,mobile,Firefox,instagram
SESS-002188,,/returns,video_play,2024-04-19 23:39:32,mobile,Chrome,twitter
SESS-002189,CUST-0456,/account/wishlist,search,2024-12-20 23:17:44,mobile,Chrome,twitter
SESS-002190,,/products/home,click,2024-09-05 08:14:38,desktop,Firefox,bing
SESS-002191,CUST-0436,/cart,click,2024-08-29 14:27:51,desktop,Safari,email_campaign
SESS-002192,,/,search,2024-06-10 11:15:35,mobile,Chrome,bing
SESS-002193,CUST-0078,/products/home,page_view,2024-06-17 02:37:56,tablet,Edge,instagram
SESS-002194,CUST-0156,/account/wishlist,add_to_cart,2024-12-28 17:31:21,mobile,Edge,direct
SESS-002195,,/account,begin_checkout,2024-02-11 12:01:35,desktop,Chrome,direct
SESS-002196,CUST-0319,/faq,video_play,2024-09-17 15:36:01,mobile,Samsung Internet,tiktok
SESS-002197,,/faq,add_to_cart,2024-02-12 08:00:35,desktop,Edge,tiktok
SESS-002198,CUST-0278,/returns,page_view,2024-07-13 13:45:26,desktop,Safari,affiliate
SESS-002199,CUST-0496,/account,begin_checkout,2024-07-26 02:39:14,tablet,Edge,affiliate
SESS-002200,CUST-0084,/cart,add_to_cart,2024-03-23 06:34:15,mobile,Chrome,twitter
SESS-002201,CUST-0042,/cart,purchase,2024-02-02 10:25:17,mobile,Chrome,instagram
SESS-002202,CUST-0356,/checkout,remove_from_cart,2024-10-23 20:12:23,mobile,Chrome,bing
SESS-002203,CUST-0117,/account/wishlist,begin_checkout,2024-10-23 03:48:22,desktop,Firefox,email_campaign
SESS-002204,CUST-0362,/products/sports,scroll,2024-07-04 22:36:39,tablet,Edge,
SESS-002205,,/checkout/confirmation,remove_from_cart,2024-07-24 13:06:03,mobile,Chrome,google
SESS-002206,CUST-0148,/account/orders,video_play,2024-05-06 00:55:06,desktop,Edge,twitter
SESS-002207,CUST-0379,/products/books,page_view,2024-10-29 03:00:23,mobile,Edge,twitter
SESS-002208,,/cart,scroll,2024-10-28 17:44:08,desktop,Chrome,email_campaign
SESS-002209,,/account/wishlist,begin_checkout,2024-10-03 04:01:14,mobile,Safari,instagram
SESS-002210,CUST-0085,/products/clothing,click,2024-10-05 13:10:59,tablet,Chrome,facebook
SESS-002211,CUST-0204,/account/orders,remove_from_cart,2024-09-05 16:21:31,mobile,Safari,direct
SESS-002212,CUST-0132,/about,page_view,2024-06-09 02:25:20,desktop,Safari,facebook
SESS-002213,CUST-0131,/products/sports,add_to_cart,2024-11-05 18:56:24,desktop,Safari,affiliate
SESS-002214,CUST-0254,/products/home,scroll,2024-02-20 09:24:13,mobile,Chrome,email_campaign
SESS-002215,,/checkout,click,2024-11-09 07:59:28,tablet,Chrome,
SESS-002216,CUST-0049,/,video_play,2024-08-24 17:08:18,desktop,Chrome,direct
SESS-002217,CUST-0144,/account,add_to_cart,2024-02-02 04:43:15,mobile,Firefox,twitter
SESS-002218,CUST-0009,/blog,click,2024-11-21 17:21:11,desktop,Firefox,bing
SESS-002219,CUST-0150,/returns,search,2024-12-10 16:01:54,mobile,Safari,instagram
SESS-002220,,/returns,page_view,2024-10-23 04:31:32,desktop,Samsung Internet,email_campaign
SESS-002221,CUST-0312,/products/books,begin_checkout,2024-07-29 04:49:07,desktop,Chrome,bing
SESS-002222,CUST-0468,/cart,remove_from_cart,2024-02-10 17:15:28,mobile,Chrome,
SESS-002223,CUST-0064,/returns,click,2024-09-15 18:48:59,desktop,Samsung Internet,email_campaign
SESS-002224,CUST-0403,/contact,click,2024-08-17 05:09:16,mobile,Edge,instagram
SESS-002225,,/checkout/payment,search,2024-05-09 15:32:19,desktop,Safari,tiktok
SESS-002226,CUST-0371,/products/home,search,2024-01-27 09:24:54,tablet,Edge,direct
SESS-002227,,/products/electronics,search,2024-06-07 00:24:01,desktop,Safari,twitter
SESS-002228,CUST-0289,/products/sports,search,2024-06-14 15:19:32,tablet,Chrome,facebook
SESS-002229,CUST-0012,/checkout,page_view,2024-04-17 17:26:40,mobile,Safari,google
SESS-002230,CUST-0165,/blog,purchase,2024-05-01 02:44:35,desktop,Safari,twitter
SESS-002231,CUST-0210,/account,begin_checkout,2024-05-02 10:52:35,desktop,Safari,facebook
SESS-002232,,/products,scroll,2024-09-05 03:47:03,desktop,Edge,affiliate
SESS-002233,CUST-0340,/account/wishlist,begin_checkout,2024-10-06 06:35:31,mobile,Chrome,bing
SESS-002234,CUST-0171,/search,click,2024-11-15 13:57:01,desktop,Safari,email_campaign
SESS-002235,CUST-0408,/products/home,remove_from_cart,2024-01-24 03:49:08,mobile,Chrome,affiliate
SESS-002236,,/products,remove_from_cart,2024-07-06 12:56:11,mobile,Safari,direct
SESS-002237,,/cart,page_view,2024-09-21 10:47:23,desktop,Edge,
SESS-002238,CUST-0295,/account,search,2024-09-16 08:49:04,desktop,Chrome,bing
SESS-002239,CUST-0340,/,add_to_cart,2024-05-26 18:27:53,mobile,Chrome,facebook
SESS-002240,,/faq,click,2024-05-22 04:04:16,bot,Python-urllib,instagram
SESS-002241,CUST-0108,/products/home,purchase,2024-06-09 16:54:41,mobile,Chrome,tiktok
SESS-002242,CUST-0377,/account/wishlist,remove_from_cart,2024-10-29 07:56:42,desktop,Chrome,direct
SESS-002243,CUST-0238,/account/wishlist,click,2024-02-29 14:28:18,mobile,Safari,tiktok
SESS-002244,CUST-0317,/about,search,2024-04-13 09:57:18,desktop,Edge,google
SESS-002245,CUST-0427,/products/electronics,begin_checkout,2024-09-14 21:02:47,mobile,Firefox,affiliate
SESS-002246,CUST-0306,/faq,search,2024-01-13 21:31:59,mobile,Firefox,bing
SESS-002247,CUST-0446,/products/electronics,begin_checkout,2024-04-22 21:38:22,mobile,Safari,email_campaign
SESS-002248,,/products/books,purchase,2024-07-23 10:21:19,mobile,Edge,tiktok
SESS-002249,CUST-0250,/checkout/payment,purchase,2024-12-07 06:46:25,tablet,Edge,email_campaign
SESS-002250,CUST-0355,/contact,page_view,2024-05-07 15:55:47,mobile,Chrome,instagram
SESS-002251,CUST-0376,/cart,video_play,2024-08-02 09:21:23,desktop,Chrome,instagram
SESS-002252,,/account/orders,scroll,2024-10-11 23:35:56,tablet,Safari,affiliate
SESS-002253,,/search,remove_from_cart,2024-09-30 12:49:28,desktop,Chrome,facebook
SESS-002254,CUST-0382,/returns,remove_from_cart,2024-09-03 15:59:02,desktop,Chrome,google
SESS-002255,,/about,begin_checkout,2024-03-24 16:35:07,tablet,Chrome,tiktok
SESS-002256,,/cart,click,2024-03-18 03:42:09,mobile,Edge,tiktok
SESS-002257,CUST-0424,/products,click,2024-03-29 23:32:56,desktop,Chrome,direct
SESS-002258,CUST-0061,/checkout/confirmation,video_play,2024-12-04 17:51:13,tablet,Safari,twitter
SESS-002259,CUST-0464,/account/wishlist,page_view,2024-12-01 00:55:02,desktop,Edge,email_campaign
SESS-002260,CUST-0330,/returns,remove_from_cart,2024-11-06 20:11:49,desktop,Firefox,affiliate
SESS-002261,,/products/home,purchase,2024-03-19 19:30:28,mobile,Safari,affiliate
SESS-002262,,/faq,scroll,2024-12-24 18:02:47,mobile,Samsung Internet,instagram
SESS-002263,CUST-0190,/faq,search,2024-09-22 06:01:34,mobile,Safari,tiktok
SESS-002264,CUST-0081,/contact,add_to_cart,2024-01-04 10:40:56,mobile,Chrome,instagram
SESS-002265,,/products/clothing,begin_checkout,2024-08-06 23:38:10,desktop,Safari,instagram
SESS-002266,,/account/wishlist,page_view,2024-02-06 02:08:11,mobile,Firefox,google
SESS-002267,CUST-0037,/account,click,2024-10-30 15:53:17,tablet,Safari,email_campaign
SESS-002268,,/products/clothing,page_view,2024-04-26 03:37:40,mobile,Safari,affiliate
SESS-002269,CUST-0446,/products,click,2024-01-24 00:55:40,tablet,Chrome,twitter
SESS-002270,CUST-0189,/returns,search,2024-05-03 00:29:02,mobile,Samsung Internet,direct
SESS-002271,CUST-0230,/faq,video_play,2024-07-14 23:52:26,mobile,Edge,
SESS-002272,,/blog,search,2024-04-06 07:17:41,mobile,Safari,email_campaign
SESS-002273,CUST-0005,/products/sports,click,2024-05-02 17:08:21,mobile,Samsung Internet,twitter
SESS-002274,CUST-0135,/search,click,2024-06-18 02:18:00,desktop,Safari,
SESS-002275,,/account/wishlist,search,2024-07-25 03:37:20,desktop,Chrome,instagram
SESS-002276,CUST-0395,/blog,page_view,2024-06-17 11:40:38,mobile,Edge,facebook
SESS-002277,CUST-0043,/products/sports,add_to_cart,2024-10-30 19:54:29,mobile,Safari,affiliate
SESS-002278,CUST-0461,/,click,2024-01-28 14:28:51,desktop,Safari,facebook
SESS-002279,CUST-0016,/checkout/confirmation,remove_from_cart,2024-09-21 11:43:40,desktop,Safari,tiktok
SESS-002280,,/products/home,remove_from_cart,2024-02-27 10:03:02,desktop,Chrome,twitter
SESS-002281,,/products/books,page_view,2024-11-09 14:08:08,desktop,Firefox,bing
SESS-002282,CUST-0155,/products,add_to_cart,2024-09-02 12:18:36,tablet,Safari,facebook
SESS-002283,CUST-0237,/account/wishlist,page_view,2024-04-05 10:02:19,mobile,Safari,google
SESS-002284,,/returns,video_play,2024-01-05 20:42:13,desktop,Chrome,bing
SESS-002285,,/account/orders,page_view,2024-03-16 10:59:38,desktop,Firefox,google
SESS-002286,CUST-0290,/returns,add_to_cart,2024-03-27 06:58:28,mobile,Safari,twitter
SESS-002287,CUST-0058,/account/orders,click,2024-03-20 08:44:21,desktop,Safari,bing
SESS-002288,CUST-0500,/products,page_view,2024-04-05 01:00:35,tablet,Safari,tiktok
SESS-002289,CUST-0154,/products/books,page_view,2024-03-06 22:44:54,mobile,Chrome,facebook
SESS-002290,,/contact,page_view,2024-10-16 08:41:31,desktop,Edge,tiktok
SESS-002291,,/cart,remove_from_cart,2024-01-09 19:05:47,mobile,Samsung Internet,facebook
SESS-002292,,/products,page_view,2024-10-19 02:10:48,tablet,Chrome,instagram
SESS-002293,,/checkout/payment,purchase,2024-12-10 02:31:35,mobile,Edge,instagram
SESS-002294,CUST-0072,/products/books,click,2024-11-23 09:40:09,mobile,Edge,bing
SESS-002295,CUST-0325,/account,begin_checkout,2024-11-12 12:01:44,mobile,Samsung Internet,bing
SESS-002296,CUST-0328,/blog,scroll,2024-04-24 20:10:42,mobile,Chrome,google
SESS-002297,CUST-0078,/products/clothing,page_view,2024-01-01 10:08:10,bot,Python-urllib,bing
SESS-002298,,/about,begin_checkout,2024-03-05 20:05:18,mobile,Safari,email_campaign
SESS-002299,CUST-0498,/,begin_checkout,2024-12-06 04:22:51,desktop,Firefox,facebook
SESS-002300,CUST-0212,/cart,page_view,2024-01-05 09:57:04,tablet,Chrome,instagram
SESS-002301,CUST-0080,/products/electronics,page_view,2024-02-05 05:41:15,tablet,Chrome,twitter
SESS-002302,,/products/home,begin_checkout,2024-02-10 15:31:32,tablet,Chrome,bing
SESS-002303,CUST-0377,/checkout,search,2024-03-18 08:17:59,desktop,Edge,affiliate
SESS-002304,,/account/wishlist,purchase,2024-11-29 16:31:54,tablet,Edge,affiliate
SESS-002305,,/search,add_to_cart,2024-09-06 01:57:25,mobile,Safari,instagram
SESS-002306,CUST-0064,/blog,click,2024-10-09 02:25:26,tablet,Safari,twitter
SESS-002307,CUST-0450,/returns,scroll,2024-11-24 23:54:45,tablet,Samsung Internet,email_campaign
SESS-002308,,/checkout/payment,search,2024-07-14 23:03:25,mobile,Chrome,bing
SESS-002309,CUST-0124,/faq,search,2024-07-28 01:41:30,mobile,Chrome,
SESS-002310,CUST-0470,/returns,begin_checkout,2024-10-29 06:51:28,mobile,Chrome,tiktok
SESS-002311,,/account/orders,video_play,2024-02-29 07:37:40,mobile,Safari,
SESS-002312,,/blog,page_view,2024-04-27 11:29:21,tablet,Chrome,direct
SESS-002313,CUST-0397,/returns,click,2024-02-20 22:27:54,desktop,Safari,direct
SESS-002314,,/products/clothing,page_view,2024-02-26 04:37:39,mobile,Chrome,facebook
SESS-002315,CUST-0393,/search,click,2024-01-27 00:14:12,mobile,Samsung Internet,affiliate
SESS-002316,,/account/orders,add_to_cart,2024-03-13 11:39:01,tablet,Firefox,direct
SESS-002317,CUST-0017,/about,remove_from_cart,2024-09-27 07:02:20,mobile,Safari,google
SESS-002318,CUST-0304,/products/sports,add_to_cart,2024-08-15 02:57:34,tablet,Firefox,bing
SESS-002319,CUST-0045,/products/electronics,click,2024-06-23 00:58:18,tablet,Chrome,facebook
SESS-002320,,/account,search,2024-05-05 20:22:25,desktop,Chrome,google
SESS-002321,CUST-0261,/contact,scroll,2024-07-28 11:25:53,desktop,Safari,facebook
SESS-002322,CUST-0067,/faq,purchase,2024-07-05 02:51:01,mobile,Safari,twitter
SESS-002323,CUST-0388,/,click,2024-10-12 16:27:34,mobile,Chrome,instagram
SESS-002324,CUST-0142,/products/home,begin_checkout,2024-09-26 16:26:37,desktop,Safari,google
SESS-002325,CUST-0025,/products/home,page_view,2024-08-06 21:14:14,tablet,Samsung Internet,
SESS-002326,,/account/orders,page_view,2024-11-02 17:36:48,tablet,Safari,twitter
SESS-002327,CUST-0169,/products/sports,add_to_cart,2024-10-17 02:15:51,bot,Python-urllib,facebook
SESS-002328,,/account/orders,click,2024-01-02 17:45:55,desktop,Samsung Internet,instagram
SESS-002329,CUST-0494,/products/clothing,click,2024-08-21 14:21:26,mobile,Safari,instagram
SESS-002330,CUST-0453,/checkout/payment,page_view,2024-09-04 13:40:02,desktop,Safari,twitter
SESS-002331,CUST-0481,/checkout,add_to_cart,2024-06-19 05:53:50,desktop,Chrome,google
SESS-002332,CUST-0063,/cart,click,2024-03-14 16:53:48,desktop,Edge,tiktok
SESS-002333,CUST-0070,/products/sports,click,2024-09-04 08:02:15,tablet,Edge,direct
SESS-002334,CUST-0213,/products/electronics,page_view,2024-09-17 15:38:33,mobile,Chrome,affiliate
SESS-002335,CUST-0187,/checkout/payment,purchase,2024-10-02 03:26:36,desktop,Chrome,email_campaign
SESS-002336,CUST-0374,/cart,purchase,2024-10-12 17:03:11,mobile,Edge,google
SESS-002337,CUST-0301,/products/books,page_view,2024-12-30 11:36:28,mobile,Safari,direct
SESS-002338,CUST-0058,/account/wishlist,page_view,2024-02-24 21:55:40,desktop,Samsung Internet,direct
SESS-002339,CUST-0200,/products,click,2024-05-17 00:55:40,tablet,Edge,google
SESS-002340,CUST-0088,/contact,click,2024-08-14 22:08:07,desktop,Firefox,google
SESS-002341,,/returns,click,2024-10-25 01:51:28,desktop,Safari,email_campaign
SESS-002342,CUST-0451,/products,click,2024-10-01 16:06:46,mobile,Chrome,email_campaign
SESS-002343,,/returns,click,2024-04-19 13:48:27,tablet,Firefox,
SESS-002344,CUST-0400,/contact,scroll,2024-02-01 20:21:54,desktop,Samsung Internet,google
SESS-002345,CUST-0380,/account/wishlist,scroll,2024-06-01 14:20:20,mobile,Chrome,direct
SESS-002346,CUST-0101,/returns,video_play,2024-03-04 16:00:07,mobile,Firefox,
SESS-002347,CUST-0283,/contact,add_to_cart,2024-04-26 05:41:42,desktop,Chrome,bing
SESS-002348,CUST-0418,/checkout/confirmation,click,2024-08-29 17:15:30,mobile,Chrome,email_campaign
SESS-002349,CUST-0454,/account,scroll,2024-08-30 06:26:43,mobile,Samsung Internet,tiktok
SESS-002350,CUST-0277,/checkout/payment,click,2024-06-25 14:59:38,mobile,Samsung Internet,affiliate
SESS-002351,CUST-0352,/products/clothing,add_to_cart,2024-06-09 22:13:34,mobile,Safari,email_campaign
SESS-002352,CUST-0375,/contact,click,2024-07-19 20:44:30,desktop,Chrome,instagram
SESS-002353,CUST-0005,/products/home,purchase,1970-01-01 00:00:00,desktop,Edge,bing
SESS-002354,CUST-0342,/products/electronics,purchase,2024-04-23 11:02:32,tablet,Samsung Internet,bing
SESS-002355,,/products/clothing,search,2024-03-20 19:14:40,desktop,Safari,affiliate
SESS-002356,CUST-0340,/products/clothing,video_play,2024-10-09 08:33:51,desktop,Samsung Internet,twitter
SESS-002357,CUST-0097,/checkout/payment,page_view,2024-06-14 11:25:58,mobile,Edge,affiliate
SESS-002358,,/returns,click,2024-10-12 08:50:59,mobile,Samsung Internet,facebook
SESS-002359,CUST-0106,/blog,add_to_cart,2024-02-13 10:35:58,mobile,Edge,facebook
SESS-002360,CUST-0166,/products/clothing,add_to_cart,2024-01-11 06:43:24,mobile,Edge,facebook
SESS-002361,CUST-0104,/products/sports,scroll,2024-08-01 14:07:13,mobile,Safari,google
SESS-002362,CUST-0350,/account/orders,add_to_cart,2024-12-07 04:04:05,tablet,Chrome,bing
SESS-002363,,/products/sports,search,2024-04-30 17:52:42,mobile,Chrome,email_campaign
SESS-002364,CUST-0207,/cart,click,2024-10-27 03:04:11,desktop,Chrome,bing
SESS-002365,CUST-0205,/account,page_view,2024-08-31 13:12:43,desktop,Chrome,
SESS-002366,CUST-0299,/products/home,click,2024-11-09 15:36:53,mobile,Chrome,tiktok
SESS-002367,CUST-0249,/contact,scroll,2024-09-30 23:01:14,desktop,Chrome,bing
SESS-002368,CUST-0031,/search,purchase,2030-12-16 12:00:00,tablet,Chrome,direct
SESS-002369,CUST-0061,/products/clothing,video_play,2024-08-23 11:11:20,desktop,Edge,direct
SESS-002370,CUST-0390,/faq,page_view,2024-12-24 02:25:48,tablet,Firefox,facebook
SESS-002371,CUST-0251,/account/orders,page_view,2024-10-01 04:59:37,desktop,Edge,email_campaign
SESS-002372,,/account/wishlist,add_to_cart,2024-06-22 15:38:44,tablet,Edge,google
SESS-002373,,/faq,purchase,2024-01-27 08:54:10,tablet,Chrome,
SESS-002374,CUST-0196,/checkout,page_view,2024-03-01 02:07:18,mobile,Chrome,direct
SESS-002375,,/about,click,2024-01-09 09:57:36,mobile,Chrome,google
SESS-002376,,/account,remove_from_cart,2024-09-12 06:15:29,mobile,Safari,google
SESS-002377,CUST-0316,/checkout/confirmation,page_view,2030-01-13 12:00:00,mobile,Samsung Internet,google
SESS-002378,,/products/clothing,page_view,2024-03-07 14:49:23,mobile,Chrome,twitter
SESS-002379,CUST-0316,/checkout/confirmation,page_view,2024-11-24 20:38:59,desktop,Safari,twitter
SESS-002380,,/search,video_play,2024-09-20 03:25:29,mobile,Chrome,google
SESS-002381,CUST-0074,/checkout/payment,page_view,2024-06-07 18:16:00,desktop,Firefox,email_campaign
SESS-002382,CUST-0062,/checkout,remove_from_cart,2024-08-27 17:54:58,desktop,Safari,google
SESS-002383,,/cart,page_view,2024-03-23 05:58:27,mobile,Edge,twitter
SESS-002384,CUST-0272,/contact,page_view,2024-05-20 18:45:05,desktop,Chrome,direct
SESS-002385,CUST-0291,/checkout,add_to_cart,2024-05-14 17:28:14,tablet,Chrome,instagram
SESS-002386,CUST-0119,/checkout,remove_from_cart,2024-12-25 13:27:34,mobile,Safari,instagram
SESS-002387,,/blog,scroll,2024-10-03 16:10:42,mobile,Safari,google
SESS-002388,CUST-0198,/faq,video_play,2024-10-19 15:46:12,desktop,Firefox,direct
SESS-002389,CUST-0021,/cart,scroll,2024-01-07 09:33:48,tablet,Chrome,bing
SESS-002390,CUST-0268,/products/home,begin_checkout,2024-08-09 11:38:58,tablet,Chrome,email_campaign
SESS-002391,CUST-0204,/checkout,click,2024-08-22 00:16:26,desktop,Chrome,twitter
SESS-002392,CUST-0405,/products/sports,page_view,2024-02-01 04:25:43,tablet,Chrome,email_campaign
SESS-002393,CUST-0259,/checkout,click,2024-07-04 01:54:53,mobile,Chrome,facebook
SESS-002394,,/products/sports,page_view,2024-03-17 19:54:44,tablet,Chrome,google
SESS-002395,,/products/home,begin_checkout,2024-11-13 11:05:03,tablet,Chrome,affiliate
SESS-002396,,/account,purchase,2024-03-19 01:43:06,desktop,Chrome,facebook
SESS-002397,CUST-0030,/faq,remove_from_cart,2024-05-11 02:16:40,mobile,Safari,bing
SESS-002398,,/products/sports,page_view,2024-10-03 23:45:16,mobile,Firefox,twitter
SESS-002399,CUST-0481,/products,page_view,2024-10-05 04:17:49,mobile,Chrome,tiktok
SESS-002400,,/checkout,add_to_cart,2024-04-19 06:18:16,mobile,Chrome,tiktok
SESS-002401,,/products/clothing,purchase,2024-12-29 03:41:09,mobile,Chrome,direct
SESS-002402,,/faq,search,2024-01-26 14:45:19,tablet,Firefox,affiliate
SESS-002403,CUST-0099,/products/sports,click,2024-09-18 08:55:56,tablet,Chrome,tiktok
SESS-002404,CUST-0033,/products/clothing,purchase,2024-12-03 02:06:37,desktop,Chrome,direct
SESS-002405,CUST-0127,/,search,2024-09-06 07:23:52,mobile,Safari,google
SESS-002406,CUST-0037,/about,add_to_cart,2024-06-26 03:56:17,tablet,Safari,
SESS-002407,,/search,video_play,2024-08-30 22:01:14,tablet,Edge,instagram
SESS-002408,,/search,add_to_cart,2024-07-24 02:34:17,desktop,Chrome,google
SESS-002409,CUST-0059,/cart,click,2024-10-09 20:19:10,mobile,Chrome,bing
SESS-002410,,/faq,video_play,2024-09-12 09:33:24,mobile,Chrome,twitter
SESS-002411,CUST-0492,/cart,page_view,2024-06-05 23:27:41,tablet,Edge,twitter
SESS-002412,CUST-0425,/products/home,click,2024-08-12 10:42:03,mobile,Chrome,facebook
SESS-002413,CUST-0424,/,scroll,2024-06-22 10:51:34,mobile,Safari,tiktok
SESS-002414,CUST-0272,/account,add_to_cart,2024-06-10 00:33:04,mobile,Safari,email_campaign
SESS-002415,,/account/orders,page_view,2024-07-05 19:24:44,desktop,Chrome,facebook
SESS-002416,CUST-0099,/about,page_view,2024-08-30 08:15:01,mobile,Edge,affiliate
SESS-002417,CUST-0182,/products/clothing,video_play,2024-11-16 03:45:30,mobile,Chrome,twitter
SESS-002418,CUST-0132,/checkout,begin_checkout,2024-05-13 14:21:16,mobile,Edge,google
SESS-002419,CUST-0492,/,scroll,2024-09-28 21:34:43,tablet,Chrome,email_campaign
SESS-002420,CUST-0282,/cart,remove_from_cart,2024-06-25 16:15:17,mobile,Safari,email_campaign
SESS-002421,CUST-0173,/returns,purchase,2024-12-29 14:51:36,mobile,Samsung Internet,tiktok
SESS-002422,,/products/clothing,page_view,2024-03-15 08:45:08,desktop,Safari,direct
SESS-002423,CUST-0020,/account,video_play,2024-10-17 09:04:02,tablet,Edge,
SESS-002424,,/products/clothing,page_view,2024-10-01 14:23:01,desktop,Safari,twitter
SESS-002425,CUST-0267,/checkout/payment,video_play,2024-10-29 13:59:48,mobile,Samsung Internet,affiliate
SESS-002426,CUST-0401,/search,begin_checkout,2024-07-19 16:36:41,mobile,Chrome,facebook
SESS-002427,CUST-0480,/products/sports,scroll,2024-04-03 03:20:20,mobile,Safari,twitter
SESS-002428,CUST-0472,/products,page_view,2024-03-01 03:55:45,mobile,Safari,google
SESS-002429,,/cart,search,2024-05-02 20:20:50,mobile,Chrome,twitter
SESS-002430,CUST-0067,/products,page_view,2024-02-08 14:29:27,desktop,Samsung Internet,
SESS-002431,CUST-0130,/products/books,click,2024-12-31 04:35:34,mobile,Chrome,bing
SESS-002432,CUST-0061,/products/home,page_view,2024-11-12 15:57:46,tablet,Chrome,facebook
SESS-002433,,/search,click,2024-05-02 08:27:42,desktop,Edge,affiliate
SESS-002434,CUST-0311,/blog,begin_checkout,2024-01-08 08:39:35,mobile,Safari,tiktok
SESS-002435,,/checkout/confirmation,page_view,2024-06-08 06:00:16,mobile,Chrome,affiliate
SESS-002436,CUST-0148,/checkout/confirmation,search,2024-08-19 00:07:42,mobile,Chrome,email_campaign
SESS-002437,,/products,begin_checkout,2024-04-01 04:53:13,mobile,Firefox,facebook
SESS-002438,,/checkout/payment,purchase,2024-01-12 02:34:22,mobile,Safari,bing
SESS-002439,,/products/home,video_play,2024-07-05 18:52:05,desktop,Chrome,bing
SESS-002440,CUST-0048,/checkout/confirmation,remove_from_cart,2024-07-20 08:52:27,desktop,Chrome,affiliate
SESS-002441,CUST-0004,/cart,remove_from_cart,2024-05-08 05:52:58,desktop,Firefox,facebook
SESS-002442,,/checkout/payment,scroll,2024-09-24 16:06:31,tablet,Safari,affiliate
SESS-002443,CUST-0110,/contact,page_view,2024-10-02 05:50:11,desktop,Samsung Internet,facebook
SESS-002444,,/,begin_checkout,2024-12-08 08:47:10,mobile,Edge,tiktok
SESS-002445,CUST-0314,/returns,scroll,2024-10-05 18:26:54,desktop,Chrome,affiliate
SESS-002446,CUST-0248,/,purchase,2024-06-26 02:23:52,mobile,Chrome,direct
SESS-002447,,/,purchase,2024-05-31 19:06:08,desktop,Safari,affiliate
SESS-002448,CUST-0123,/account/wishlist,click,2024-03-10 19:15:15,tablet,Samsung Internet,twitter
SESS-002449,CUST-0406,/account/orders,click,2024-06-27 04:58:32,desktop,Chrome,facebook
SESS-002450,,/checkout,page_view,2024-05-03 19:42:27,desktop,Samsung Internet,bing
SESS-002451,CUST-0372,/blog,video_play,2024-10-29 07:22:21,mobile,Safari,instagram
SESS-002452,CUST-0156,/account/orders,remove_from_cart,2024-12-26 22:57:51,mobile,Samsung Internet,direct
SESS-002453,CUST-0365,/products/home,page_view,2024-05-20 22:05:13,tablet,Safari,twitter
SESS-002454,CUST-0248,/products/sports,video_play,2024-06-12 12:38:32,desktop,Safari,direct
SESS-002455,CUST-0064,/checkout/confirmation,click,2024-08-08 15:04:14,mobile,Edge,google
SESS-002456,CUST-0184,/,click,2024-09-06 09:00:34,mobile,Chrome,facebook
SESS-002457,CUST-0136,/products/books,search,2024-01-17 04:16:58,desktop,Safari,google
SESS-002458,CUST-0365,/faq,purchase,2024-01-06 15:22:48,mobile,Safari,google
SESS-002459,CUST-0217,/search,page_view,2024-12-05 19:16:29,desktop,Chrome,tiktok
SESS-002460,CUST-0091,/products/electronics,add_to_cart,2024-10-24 09:39:56,tablet,Edge,bing
SESS-002461,CUST-0297,/contact,purchase,2024-02-01 04:16:54,desktop,Chrome,
SESS-002462,CUST-0128,/products,scroll,2024-03-21 07:33:28,mobile,Safari,instagram
SESS-002463,CUST-0298,/account,search,2024-03-09 22:56:49,mobile,Chrome,instagram
SESS-002464,CUST-0302,/account/wishlist,remove_from_cart,2024-04-04 20:58:21,mobile,Firefox,facebook
SESS-002465,CUST-0263,/faq,video_play,2024-09-27 05:44:20,tablet,Firefox,direct
SESS-002466,CUST-0314,/products/home,remove_from_cart,2024-04-27 02:57:11,mobile,Chrome,google
SESS-002467,CUST-0154,/checkout/confirmation,begin_checkout,2024-07-02 15:43:19,mobile,Chrome,instagram
SESS-002468,CUST-0483,/products/electronics,begin_checkout,2024-10-05 00:33:32,tablet,Samsung Internet,direct
SESS-002469,CUST-0470,/products,video_play,2024-10-19 06:24:28,desktop,Chrome,
SESS-002470,CUST-0056,/checkout,page_view,2024-01-18 11:03:22,mobile,Edge,direct
SESS-002471,,/,remove_from_cart,2024-03-16 16:36:22,mobile,Chrome,affiliate
SESS-002472,CUST-0372,/products/books,page_view,2024-09-16 04:07:34,mobile,Chrome,
SESS-002473,CUST-0041,/faq,add_to_cart,2024-07-06 14:34:20,tablet,Safari,twitter
SESS-002474,CUST-0226,/checkout,page_view,2024-06-28 06:27:42,desktop,Chrome,bing
SESS-002475,CUST-0098,/products/books,video_play,2024-12-04 16:57:41,mobile,Firefox,facebook
SESS-002476,CUST-0293,/products/home,page_view,2024-05-23 00:01:21,desktop,Chrome,
SESS-002477,,/search,scroll,2024-12-19 13:55:38,mobile,Firefox,direct
SESS-002478,CUST-0373,/account,search,2024-12-17 21:27:01,mobile,Chrome,
SESS-002479,,/about,scroll,2024-12-05 14:51:23,mobile,Firefox,twitter
SESS-002480,CUST-0078,/about,scroll,2024-11-20 19:24:28,desktop,Edge,bing
SESS-002481,CUST-0230,/about,add_to_cart,2024-11-13 22:51:19,mobile,Edge,
SESS-002482,CUST-0289,/checkout/payment,add_to_cart,2024-01-25 11:01:39,mobile,Chrome,email_campaign
SESS-002483,CUST-0444,/,click,2024-03-21 21:34:47,tablet,Chrome,direct
SESS-002484,CUST-0103,/about,page_view,2024-10-09 21:29:16,mobile,Firefox,direct
SESS-002485,CUST-0398,/cart,video_play,2024-12-15 20:22:09,mobile,Firefox,facebook
SESS-002486,CUST-0280,/products/sports,begin_checkout,2024-09-03 13:47:02,mobile,Firefox,instagram
SESS-002487,,/,page_view,2024-03-29 05:52:22,mobile,Edge,email_campaign
SESS-002488,,/,click,2024-11-04 09:56:52,mobile,Chrome,facebook
SESS-002489,CUST-0426,/about,video_play,2024-07-12 13:20:19,tablet,Firefox,twitter
SESS-002490,,/checkout,click,2024-11-01 18:39:10,desktop,Safari,facebook
SESS-002491,,/products,purchase,2024-05-08 17:01:10,mobile,Chrome,direct
SESS-002492,CUST-0468,/account/orders,search,2024-01-27 18:40:50,mobile,Chrome,email_campaign
SESS-002493,CUST-0452,/products/home,begin_checkout,2024-04-11 00:21:25,tablet,Chrome,google
SESS-002494,CUST-0216,/products/home,search,2024-04-18 15:45:22,tablet,Chrome,
SESS-002495,CUST-0242,/account,page_view,2024-01-09 11:02:55,desktop,Chrome,google
SESS-002496,CUST-0494,/products/clothing,purchase,2024-06-05 18:56:59,desktop,Safari,tiktok
SESS-002497,,/products/electronics,page_view,2024-04-03 09:56:35,mobile,Safari,affiliate
SESS-002498,CUST-0086,/products,page_view,2024-05-03 02:34:20,mobile,Firefox,bing
SESS-002499,CUST-0494,/products/clothing,page_view,2024-09-14 18:06:43,desktop,Firefox,
SESS-002500,CUST-0116,/products,click,2024-08-27 07:26:11,desktop,Edge,twitter
SESS-002501,,/checkout/payment,page_view,2024-07-10 21:04:53,mobile,Chrome,email_campaign
SESS-002502,CUST-0119,/products/electronics,click,2024-03-29 04:48:58,desktop,Safari,facebook
SESS-002503,,/account,page_view,2024-02-03 23:37:45,desktop,Chrome,affiliate
SESS-002504,,/products/electronics,scroll,2024-04-09 20:31:19,mobile,Chrome,
SESS-002505,,/about,page_view,2024-07-30 23:55:14,desktop,Chrome,bing
SESS-002506,CUST-0135,/products,page_view,2024-09-24 14:49:43,desktop,Firefox,
SESS-002507,CUST-0296,/faq,add_to_cart,2024-11-10 10:21:34,mobile,Chrome,tiktok
SESS-002508,CUST-0094,/search,begin_checkout,2024-09-08 22:15:19,mobile,Chrome,direct
SESS-002509,CUST-0499,/account,click,2024-07-25 14:45:30,desktop,Chrome,email_campaign
SESS-002510,CUST-0434,/contact,add_to_cart,2024-08-03 00:38:43,desktop,Chrome,bing
SESS-002511,,/faq,scroll,2024-10-10 06:18:46,desktop,Samsung Internet,
SESS-002512,,/products/home,page_view,2024-08-11 23:55:31,desktop,Safari,twitter
SESS-002513,,/products/electronics,remove_from_cart,2024-11-18 05:00:09,mobile,Safari,bing
SESS-002514,,/,click,2024-03-02 22:10:44,desktop,Edge,tiktok
SESS-002515,CUST-0184,/products/sports,begin_checkout,2024-02-10 17:53:31,mobile,Samsung Internet,email_campaign
SESS-002516,,/search,video_play,2024-05-13 03:07:44,mobile,Chrome,tiktok
SESS-002517,CUST-0381,/search,search,2024-05-20 11:49:10,mobile,Chrome,twitter
SESS-002518,CUST-0308,/blog,page_view,2024-07-31 00:47:49,tablet,Chrome,direct
SESS-002519,,/checkout/confirmation,page_view,2024-08-20 03:27:53,desktop,Chrome,affiliate
SESS-002520,CUST-0196,/products/electronics,search,2024-08-11 07:11:20,tablet,Edge,google
SESS-002521,CUST-0039,/products/books,page_view,2024-10-06 16:46:48,tablet,Edge,instagram
SESS-002522,CUST-0266,/account/wishlist,click,2024-05-29 08:04:36,desktop,Edge,google
SESS-002523,,/products/home,purchase,2024-12-03 17:35:47,tablet,Safari,facebook
SESS-002524,,/account/wishlist,page_view,2024-05-25 05:50:20,tablet,Safari,google
SESS-002525,,/account/orders,remove_from_cart,2024-09-07 16:06:50,mobile,Edge,email_campaign
SESS-002526,CUST-0241,/products/clothing,add_to_cart,2024-10-17 21:21:39,mobile,Safari,
SESS-002527,CUST-0132,/blog,page_view,2024-04-09 22:58:40,mobile,Edge,bing
SESS-002528,CUST-0176,/checkout,page_view,2024-02-02 03:34:32,desktop,Samsung Internet,affiliate
SESS-002529,CUST-0393,/faq,click,2024-12-12 00:15:35,tablet,Edge,bing
SESS-002530,,/returns,scroll,2024-08-28 00:13:42,tablet,Firefox,affiliate
SESS-002531,CUST-0157,/account/orders,click,2024-08-16 00:54:13,desktop,Chrome,affiliate
SESS-002532,CUST-0147,/products/books,click,2024-04-07 13:52:04,mobile,Samsung Internet,tiktok
SESS-002533,CUST-0397,/contact,page_view,2024-04-28 06:10:46,desktop,Chrome,direct
SESS-002534,CUST-0031,/products/clothing,remove_from_cart,2024-04-25 04:23:30,mobile,Samsung Internet,affiliate
SESS-002535,,/checkout,page_view,2024-10-17 15:23:05,desktop,Chrome,facebook
SESS-002536,CUST-0090,/checkout,page_view,2024-03-23 09:54:07,mobile,Safari,facebook
SESS-002537,CUST-0225,/checkout,scroll,2024-08-05 16:33:34,mobile,Chrome,bing
SESS-002538,CUST-0184,/checkout/confirmation,begin_checkout,2024-10-26 10:25:50,tablet,Chrome,instagram
SESS-002539,,/about,search,2024-07-02 00:25:35,mobile,Edge,google
SESS-002540,CUST-0208,/account/wishlist,add_to_cart,2024-06-26 19:04:58,mobile,Edge,instagram
SESS-002541,CUST-0286,/checkout/confirmation,purchase,2024-06-25 15:22:56,mobile,Safari,tiktok
SESS-002542,CUST-0184,/account/wishlist,add_to_cart,2024-09-21 01:00:02,desktop,Firefox,twitter
SESS-002543,CUST-0135,/faq,purchase,2024-03-28 15:10:41,mobile,Chrome,
SESS-002544,CUST-0108,/search,search,2024-04-09 18:07:43,mobile,Firefox,instagram
SESS-002545,CUST-0034,/account/wishlist,page_view,2024-09-12 09:01:57,tablet,Chrome,google
SESS-002546,CUST-0210,/products/books,purchase,2024-05-24 17:18:05,desktop,Firefox,instagram
SESS-002547,CUST-0468,/contact,purchase,2024-04-12 00:10:53,desktop,Safari,instagram
SESS-002548,,/returns,begin_checkout,2024-02-12 06:43:14,tablet,Chrome,bing
SESS-002549,CUST-0264,/about,page_view,2024-12-20 17:47:35,desktop,Chrome,instagram
SESS-002550,,/cart,click,2024-06-10 17:04:52,mobile,Chrome,instagram
SESS-002551,,/products/books,page_view,2024-02-05 12:26:34,tablet,Chrome,direct
SESS-002552,CUST-0351,/returns,search,2024-05-29 01:05:39,desktop,Chrome,instagram
SESS-002553,CUST-0252,/account/wishlist,purchase,2024-10-22 15:11:23,mobile,Chrome,facebook
SESS-002554,CUST-0190,/cart,page_view,2024-10-26 03:11:09,tablet,Chrome,twitter
SESS-002555,CUST-0092,/account,video_play,2024-11-20 18:31:40,tablet,Samsung Internet,direct
SESS-002556,,/products/clothing,scroll,2024-12-25 01:04:11,mobile,Edge,bing
SESS-002557,CUST-0129,/account/wishlist,click,2024-10-17 11:33:19,mobile,Chrome,direct
SESS-002558,CUST-0091,/about,add_to_cart,2024-12-20 06:31:50,mobile,Safari,twitter
SESS-002559,CUST-0124,/checkout,page_view,2024-12-16 10:10:46,desktop,Chrome,tiktok
SESS-002560,CUST-0215,/,click,2024-08-31 11:32:33,desktop,Safari,tiktok
SESS-002561,,/contact,click,2024-09-02 15:14:57,desktop,Samsung Internet,google
SESS-002562,,/about,remove_from_cart,2024-02-23 18:54:04,desktop,Edge,tiktok
SESS-002563,CUST-0389,/checkout/payment,add_to_cart,2024-03-02 20:02:40,desktop,Chrome,facebook
SESS-002564,CUST-0090,/checkout/payment,click,2024-09-07 08:20:18,desktop,Chrome,instagram
SESS-002565,CUST-0185,/products/sports,scroll,2024-02-16 06:13:05,desktop,Edge,
SESS-002566,CUST-0120,/checkout/payment,page_view,2024-07-09 08:20:26,desktop,Chrome,bing
SESS-002567,CUST-0387,/account/orders,add_to_cart,2024-10-24 22:33:22,desktop,Chrome,instagram
SESS-002568,CUST-0178,/,add_to_cart,2024-01-25 18:15:55,desktop,Chrome,email_campaign
SESS-002569,,/account/wishlist,add_to_cart,2024-07-06 17:35:13,mobile,Chrome,email_campaign
SESS-002570,CUST-0168,/account/wishlist,video_play,2024-08-17 12:20:20,desktop,Safari,affiliate
SESS-002571,CUST-0052,/blog,page_view,2024-04-14 06:59:41,mobile,Firefox,direct
SESS-002572,CUST-0319,/products,click,2024-06-17 17:11:14,desktop,Chrome,twitter
SESS-002573,CUST-0245,/products/sports,video_play,2024-03-08 11:39:28,mobile,Chrome,email_campaign
SESS-002574,CUST-0001,/products/clothing,purchase,2024-02-15 15:58:46,mobile,Safari,bing
SESS-002575,,/about,search,2024-09-28 19:07:56,mobile,Samsung Internet,facebook
SESS-002576,CUST-0251,/returns,scroll,2024-02-24 21:26:48,mobile,Safari,twitter
SESS-002577,CUST-0018,/products/clothing,page_view,1970-01-01 00:00:00,mobile,Chrome,email_campaign
SESS-002578,CUST-0434,/account/wishlist,click,2024-11-08 23:51:15,desktop,Chrome,google
SESS-002579,CUST-0060,/search,add_to_cart,2024-08-19 06:36:31,desktop,Safari,google
SESS-002580,CUST-0071,/account,add_to_cart,2024-11-19 08:26:37,mobile,Chrome,twitter
SESS-002581,CUST-0022,/,search,2024-09-01 05:00:13,desktop,Samsung Internet,email_campaign
SESS-002582,CUST-0287,/search,add_to_cart,2024-06-30 01:16:40,desktop,Samsung Internet,email_campaign
SESS-002583,CUST-0054,/,page_view,2024-12-24 15:31:31,mobile,Chrome,twitter
SESS-002584,,/products/books,remove_from_cart,2024-12-27 04:14:49,desktop,Firefox,instagram
SESS-002585,CUST-0174,/account/orders,click,2024-06-06 00:18:36,tablet,Edge,direct
SESS-002586,CUST-0441,/products/books,page_view,2024-11-18 15:51:56,tablet,Samsung Internet,google
SESS-002587,CUST-0500,/products/home,page_view,2024-08-20 13:23:48,desktop,Samsung Internet,bing
SESS-002588,,/checkout/payment,video_play,2024-05-05 01:46:24,mobile,Safari,direct
SESS-002589,CUST-0493,/faq,page_view,2024-11-13 18:53:44,mobile,Chrome,direct
SESS-002590,CUST-0145,/,click,1970-01-01 00:00:00,tablet,Firefox,email_campaign
SESS-002591,CUST-0059,/account,page_view,2024-10-30 18:26:51,desktop,Firefox,affiliate
SESS-002592,,/cart,page_view,2024-02-01 01:48:35,mobile,Samsung Internet,bing
SESS-002593,CUST-0091,/products/books,add_to_cart,2030-09-10 12:00:00,desktop,Edge,bing
SESS-002594,,/contact,page_view,2024-09-17 00:59:28,tablet,Chrome,direct
SESS-002595,CUST-0342,/faq,scroll,2024-09-07 00:01:24,mobile,Safari,twitter
SESS-002596,,/account,page_view,2024-08-11 14:19:08,mobile,Chrome,facebook
SESS-002597,CUST-0006,/blog,page_view,2024-05-20 00:25:06,mobile,Chrome,
SESS-002598,CUST-0291,/products/clothing,page_view,2024-10-04 00:49:06,desktop,Safari,affiliate
SESS-002599,CUST-0279,/checkout,begin_checkout,2024-04-14 02:42:23,mobile,Chrome,instagram
SESS-002600,CUST-0007,/account/wishlist,page_view,2024-01-03 01:30:12,bot,Python-urllib,direct
SESS-002601,CUST-0347,/checkout/payment,scroll,2024-04-12 06:41:32,desktop,Firefox,facebook
SESS-002602,,/products/sports,page_view,2024-08-09 20:06:24,tablet,Samsung Internet,tiktok
SESS-002603,,/,page_view,2024-07-28 21:42:46,tablet,Safari,google
SESS-002604,CUST-0330,/contact,remove_from_cart,2024-10-22 13:54:10,desktop,Firefox,tiktok
SESS-002605,,/search,click,2024-08-08 04:02:39,desktop,Samsung Internet,facebook
SESS-002606,,/about,scroll,2024-03-02 13:00:51,tablet,Chrome,bing
SESS-002607,,/products/electronics,begin_checkout,2024-02-19 01:49:56,tablet,Edge,google
SESS-002608,CUST-0328,/blog,page_view,2024-12-14 17:57:49,tablet,Safari,tiktok
SESS-002609,CUST-0362,/returns,page_view,2024-02-12 23:23:15,desktop,Firefox,
SESS-002610,CUST-0441,/products/home,scroll,2024-03-06 08:30:39,mobile,Edge,direct
SESS-002611,CUST-0094,/about,remove_from_cart,2024-07-26 00:56:20,desktop,Chrome,bing
SESS-002612,CUST-0439,/products/sports,page_view,2024-07-23 13:44:04,desktop,Safari,bing
SESS-002613,CUST-0314,/products/books,begin_checkout,2024-11-14 07:38:27,mobile,Safari,google
SESS-002614,CUST-0494,/blog,scroll,2024-08-04 15:19:29,mobile,Chrome,direct
SESS-002615,CUST-0334,/,remove_from_cart,2024-11-30 23:52:24,desktop,Firefox,bing
SESS-002616,CUST-0202,/,click,2024-03-09 19:17:52,bot,Bingbot,google
SESS-002617,CUST-0250,/account/wishlist,purchase,2024-07-30 13:28:23,tablet,Chrome,twitter
SESS-002618,CUST-0149,/blog,purchase,2024-01-16 15:59:12,mobile,Chrome,facebook
SESS-002619,CUST-0151,/products/clothing,click,2024-09-23 04:06:54,tablet,Safari,affiliate
SESS-002620,CUST-0229,/returns,page_view,2024-01-27 20:08:09,desktop,Chrome,
SESS-002621,CUST-0062,/account,add_to_cart,2024-12-26 11:15:29,mobile,Safari,instagram
SESS-002622,,/account/wishlist,page_view,2024-11-17 16:39:04,desktop,Samsung Internet,facebook
SESS-002623,CUST-0128,/blog,page_view,2024-03-31 04:40:08,mobile,Safari,
SESS-002624,CUST-0339,/contact,page_view,2024-10-13 03:54:47,desktop,Chrome,email_campaign
SESS-002625,CUST-0116,/about,video_play,2024-04-15 05:29:51,mobile,Edge,instagram
SESS-002626,CUST-0348,/products,add_to_cart,2024-06-30 15:57:09,desktop,Firefox,google
SESS-002627,CUST-0049,/products/sports,begin_checkout,2024-01-31 19:39:46,desktop,Safari,tiktok
SESS-002628,CUST-0356,/account,purchase,2024-06-25 02:48:19,mobile,Safari,twitter
SESS-002629,CUST-0489,/products/electronics,click,2024-06-21 15:28:13,mobile,Safari,affiliate
SESS-002630,,/products/sports,begin_checkout,2024-12-31 14:49:48,tablet,Safari,instagram
SESS-002631,CUST-0168,/cart,remove_from_cart,2024-11-21 01:48:55,desktop,Chrome,google
SESS-002632,,/products,purchase,2024-03-29 11:01:16,desktop,Edge,facebook
SESS-002633,,/blog,add_to_cart,2024-09-05 05:24:07,mobile,Samsung Internet,google
SESS-002634,CUST-0243,/search,scroll,2024-01-20 23:47:02,mobile,Chrome,tiktok
SESS-002635,CUST-0376,/account/orders,page_view,2024-10-20 21:27:16,mobile,Safari,affiliate
SESS-002636,,/cart,search,2024-10-26 21:00:16,mobile,Chrome,bing
SESS-002637,,/cart,add_to_cart,2024-02-29 16:27:25,desktop,Edge,instagram
SESS-002638,CUST-0061,/products/home,click,2024-08-12 01:31:55,mobile,Safari,bing
SESS-002639,CUST-0500,/products/electronics,remove_from_cart,2024-03-25 08:57:25,mobile,Firefox,email_campaign
SESS-002640,,/products/home,page_view,2024-09-26 19:03:20,desktop,Samsung Internet,twitter
SESS-002641,,/cart,click,2024-08-01 16:08:05,mobile,Firefox,email_campaign
SESS-002642,CUST-0240,/products/books,page_view,2024-01-17 04:27:32,desktop,Firefox,google
SESS-002643,CUST-0149,/checkout/confirmation,remove_from_cart,2024-07-05 10:47:02,tablet,Firefox,tiktok
SESS-002644,CUST-0325,/account/orders,begin_checkout,2024-10-13 23:36:25,desktop,Chrome,facebook
SESS-002645,CUST-0418,/products/home,page_view,2024-12-08 04:03:25,mobile,Chrome,direct
SESS-002646,,/products/home,click,1970-01-01 00:00:00,desktop,Chrome,affiliate
SESS-002647,CUST-0354,/cart,purchase,2024-05-09 20:17:50,mobile,Chrome,google
SESS-002648,CUST-0293,/checkout/confirmation,click,2024-09-04 02:15:10,tablet,Chrome,google
SESS-002649,CUST-0388,/products,remove_from_cart,2024-02-21 21:04:21,tablet,Edge,email_campaign
SESS-002650,CUST-0228,/products/electronics,search,2024-03-19 12:27:07,desktop,Chrome,direct
SESS-002651,,/products/sports,purchase,2024-04-05 21:33:32,tablet,Chrome,affiliate
SESS-002652,CUST-0494,/account/wishlist,search,2024-12-25 18:48:31,desktop,Safari,direct
SESS-002653,CUST-0089,/account/orders,add_to_cart,2024-05-29 18:37:40,mobile,Chrome,bing
SESS-002654,CUST-0194,/cart,video_play,2024-01-08 16:34:50,mobile,Edge,bing
SESS-002655,,/products,page_view,2024-02-12 03:08:42,tablet,Safari,
SESS-002656,,/products,scroll,2024-07-18 08:38:13,tablet,Samsung Internet,facebook
SESS-002657,CUST-0356,/contact,page_view,2024-11-08 22:13:17,tablet,Chrome,affiliate
SESS-002658,CUST-0196,/products/clothing,remove_from_cart,2024-08-12 19:43:57,tablet,Samsung Internet,instagram
SESS-002659,CUST-0151,/products/sports,add_to_cart,2024-11-14 00:10:13,mobile,Safari,google
SESS-002660,CUST-0209,/account/wishlist,click,2024-07-16 00:35:03,tablet,Safari,facebook
SESS-002661,,/blog,begin_checkout,2024-09-10 14:31:53,tablet,Chrome,bing
SESS-002662,,/account/orders,page_view,2024-09-15 09:02:31,desktop,Edge,facebook
SESS-002663,,/products,add_to_cart,2024-05-26 09:37:16,mobile,Chrome,
SESS-002664,,/faq,page_view,2024-11-09 21:16:45,tablet,Edge,twitter
SESS-002665,CUST-0172,/checkout/confirmation,click,2024-07-27 19:40:03,desktop,Chrome,email_campaign
SESS-002666,CUST-0466,/contact,click,2024-09-22 00:02:45,mobile,Firefox,bing
SESS-002667,CUST-0097,/products/electronics,click,2024-06-12 15:38:21,tablet,Chrome,google
SESS-002668,CUST-0496,/cart,page_view,2024-06-06 01:36:59,tablet,Chrome,
SESS-002669,CUST-0441,/about,remove_from_cart,2024-01-28 15:25:26,tablet,Edge,email_campaign
SESS-002670,CUST-0028,/contact,scroll,2024-06-04 15:29:32,mobile,Safari,email_campaign
SESS-002671,,/checkout/payment,purchase,2024-01-30 05:14:29,mobile,Edge,tiktok
SESS-002672,CUST-0009,/products/home,add_to_cart,2024-10-26 22:30:26,desktop,Chrome,bing
SESS-002673,CUST-0105,/products/books,scroll,2024-09-25 00:17:21,desktop,Chrome,direct
SESS-002674,CUST-0078,/cart,add_to_cart,2024-08-01 08:40:51,mobile,Samsung Internet,bing
SESS-002675,CUST-0350,/faq,page_view,2024-09-08 08:48:48,mobile,Firefox,
SESS-002676,,/,page_view,2024-07-23 19:34:36,desktop,Edge,bing
SESS-002677,,/contact,scroll,2024-03-16 01:16:35,mobile,Edge,
SESS-002678,CUST-0406,/products/clothing,search,2024-12-07 13:08:40,desktop,Edge,email_campaign
SESS-002679,CUST-0068,/checkout,search,2024-05-15 12:29:48,tablet,Safari,twitter
SESS-002680,CUST-0379,/products/home,page_view,2024-08-20 18:57:18,mobile,Chrome,instagram
SESS-002681,,/account/wishlist,page_view,2024-09-16 19:59:07,mobile,Chrome,affiliate
SESS-002682,CUST-0431,/checkout,begin_checkout,2024-09-03 10:30:33,mobile,Chrome,direct
SESS-002683,,/account,scroll,2024-04-02 18:29:22,tablet,Edge,twitter
SESS-002684,,/checkout/payment,video_play,2024-11-20 03:42:08,mobile,Firefox,email_campaign
SESS-002685,,/blog,search,2024-09-10 13:57:54,mobile,Firefox,instagram
SESS-002686,CUST-0211,/account,add_to_cart,2024-03-18 17:58:35,mobile,Safari,bing
SESS-002687,CUST-0440,/products/home,click,2024-08-08 11:14:52,mobile,Firefox,bing
SESS-002688,CUST-0459,/products/clothing,add_to_cart,2024-10-15 00:24:19,desktop,Chrome,google
SESS-002689,CUST-0217,/search,scroll,2024-05-14 09:05:51,tablet,Safari,facebook
SESS-002690,CUST-0329,/returns,scroll,2024-05-11 19:11:43,desktop,Firefox,direct
SESS-002691,CUST-0410,/returns,begin_checkout,2024-07-29 04:55:55,mobile,Safari,facebook
SESS-002692,CUST-0377,/account/orders,video_play,2024-08-16 05:03:41,tablet,Chrome,affiliate
SESS-002693,CUST-0316,/search,video_play,2024-03-24 13:21:41,desktop,Chrome,tiktok
SESS-002694,CUST-0241,/account/wishlist,begin_checkout,2024-05-08 22:10:14,desktop,Chrome,
SESS-002695,CUST-0051,/account,scroll,2024-09-22 20:34:38,tablet,Chrome,direct
SESS-002696,CUST-0055,/products/books,page_view,2024-02-04 12:49:48,desktop,Samsung Internet,bing
SESS-002697,,/products/clothing,purchase,2024-06-21 14:33:36,tablet,Chrome,twitter
SESS-002698,CUST-0485,/about,scroll,2024-11-12 04:41:58,desktop,Firefox,google
SESS-002699,,/account/orders,search,2024-06-12 14:21:05,desktop,Chrome,google
SESS-002700,CUST-0102,/search,remove_from_cart,2024-01-01 23:49:13,mobile,Safari,twitter
SESS-002701,CUST-0156,/products,scroll,2024-07-11 17:09:14,tablet,Chrome,twitter
SESS-002702,,/about,remove_from_cart,2024-10-18 23:52:48,desktop,Safari,google
SESS-002703,,/checkout,click,2024-04-03 03:59:18,desktop,Safari,twitter
SESS-002704,CUST-0349,/products,page_view,2024-03-06 17:48:14,tablet,Safari,bing
SESS-002705,,/checkout/payment,scroll,2024-03-26 22:53:14,desktop,Edge,tiktok
SESS-002706,CUST-0137,/account/wishlist,page_view,2024-04-08 18:45:26,desktop,Safari,instagram
SESS-002707,CUST-0234,/checkout,search,2024-06-20 03:16:38,mobile,Chrome,
SESS-002708,CUST-0249,/products/electronics,purchase,2024-11-19 08:50:07,mobile,Chrome,google
SESS-002709,CUST-0041,/,video_play,2024-11-11 01:32:37,desktop,Chrome,twitter
SESS-002710,CUST-0286,/contact,page_view,2024-05-25 01:01:23,tablet,Chrome,affiliate
SESS-002711,,/cart,scroll,2024-09-10 23:24:27,mobile,Firefox,tiktok
SESS-002712,,/cart,page_view,2024-12-07 12:37:15,desktop,Samsung Internet,google
SESS-002713,CUST-0463,/faq,begin_checkout,2024-04-13 23:32:25,desktop,Samsung Internet,facebook
SESS-002714,CUST-0011,/account/orders,video_play,2024-11-18 20:38:24,mobile,Firefox,facebook
SESS-002715,CUST-0014,/products/books,page_view,2024-12-21 10:49:42,mobile,Chrome,instagram
SESS-002716,CUST-0142,/account,page_view,2024-07-17 08:39:05,mobile,Chrome,
SESS-002717,CUST-0482,/contact,page_view,2024-07-24 12:37:25,desktop,Safari,facebook
SESS-002718,,/products/electronics,begin_checkout,2024-06-02 06:07:40,mobile,Edge,affiliate
SESS-002719,CUST-0451,/products/home,click,2024-01-17 16:39:24,desktop,Chrome,bing
SESS-002720,CUST-0351,/,click,2024-05-18 05:00:53,mobile,Samsung Internet,email_campaign
SESS-002721,,/checkout,page_view,2024-03-07 04:06:53,desktop,Safari,instagram
SESS-002722,CUST-0003,/checkout/payment,video_play,2024-04-17 04:22:33,mobile,Firefox,bing
SESS-002723,,/faq,purchase,2024-10-15 18:37:38,desktop,Chrome,tiktok
SESS-002724,CUST-0179,/account,search,2024-01-19 19:06:35,desktop,Safari,google
SESS-002725,CUST-0256,/account,page_view,2024-11-16 14:01:38,mobile,Samsung Internet,tiktok
SESS-002726,,/faq,click,2024-12-27 22:59:27,mobile,Safari,
SESS-002727,,/search,page_view,2024-06-24 09:02:47,desktop,Safari,email_campaign
SESS-002728,,/products/sports,click,2024-04-28 09:32:11,mobile,Firefox,twitter
SESS-002729,CUST-0344,/products/clothing,remove_from_cart,2024-10-13 15:25:02,desktop,Chrome,tiktok
SESS-002730,CUST-0063,/blog,scroll,2024-07-12 07:32:21,mobile,Safari,bing
SESS-002731,CUST-0046,/faq,scroll,2024-10-03 13:39:02,desktop,Samsung Internet,twitter
SESS-002732,CUST-0422,/products,page_view,2024-05-23 23:52:46,desktop,Safari,
SESS-002733,CUST-0234,/faq,add_to_cart,2024-07-29 06:20:43,mobile,Chrome,google
SESS-002734,,/account/orders,begin_checkout,2024-09-20 19:42:55,mobile,Safari,tiktok
SESS-002735,CUST-0182,/checkout/confirmation,remove_from_cart,2024-11-21 03:35:41,mobile,Edge,email_campaign
SESS-002736,CUST-0098,/products/electronics,scroll,2024-09-26 07:53:29,desktop,Safari,email_campaign
SESS-002737,CUST-0154,/,page_view,2024-10-14 03:42:37,desktop,Safari,twitter
SESS-002738,,/checkout/payment,page_view,2024-08-12 02:36:42,desktop,Chrome,tiktok
SESS-002739,,/contact,page_view,2024-11-22 02:55:55,mobile,Chrome,affiliate
SESS-002740,CUST-0147,/account/orders,page_view,2024-10-22 14:02:20,mobile,Firefox,twitter
SESS-002741,CUST-0314,/products/home,scroll,2024-04-13 09:05:51,mobile,Chrome,instagram
SESS-002742,,/products/clothing,purchase,2024-09-30 17:30:58,tablet,Edge,email_campaign
SESS-002743,CUST-0258,/account/wishlist,page_view,2024-06-15 18:09:05,mobile,Samsung Internet,google
SESS-002744,CUST-0307,/contact,page_view,2024-09-11 11:34:35,desktop,Chrome,facebook
SESS-002745,CUST-0227,/checkout,video_play,2024-06-07 12:36:40,mobile,Chrome,direct
SESS-002746,,/about,page_view,2024-04-07 15:29:49,mobile,Samsung Internet,instagram
SESS-002747,CUST-0112,/account/wishlist,click,2024-11-26 18:33:13,desktop,Samsung Internet,facebook
SESS-002748,,/contact,page_view,2024-08-18 13:49:45,desktop,Safari,tiktok
SESS-002749,CUST-0496,/blog,page_view,2024-05-23 13:26:21,tablet,Chrome,google
SESS-002750,,/account,click,2024-03-25 11:17:10,mobile,Safari,google
SESS-002751,CUST-0155,/about,page_view,2024-04-11 19:28:11,desktop,Edge,
SESS-002752,,/account/wishlist,scroll,2024-11-17 19:43:33,tablet,Edge,email_campaign
SESS-002753,CUST-0115,/blog,begin_checkout,2024-03-07 16:49:09,mobile,Firefox,twitter
SESS-002754,,/,click,2024-11-14 22:08:43,desktop,Safari,direct
SESS-002755,,/products/clothing,video_play,2024-12-18 10:13:32,desktop,Chrome,google
SESS-002756,CUST-0023,/checkout/payment,video_play,2024-04-26 15:10:15,mobile,Firefox,direct
SESS-002757,,/returns,video_play,2024-08-05 15:48:18,desktop,Chrome,email_campaign
SESS-002758,,/returns,add_to_cart,2024-01-13 15:29:12,bot,Bingbot,bing
SESS-002759,CUST-0288,/search,remove_from_cart,2024-04-26 01:08:13,mobile,Chrome,direct
SESS-002760,CUST-0034,/,search,2024-05-13 02:12:21,mobile,Safari,email_campaign
SESS-002761,,/products/electronics,purchase,2024-01-21 04:33:56,mobile,Safari,bing
SESS-002762,CUST-0256,/account,video_play,2024-12-29 06:25:30,desktop,Safari,affiliate
SESS-002763,,/contact,search,2024-08-23 14:40:11,desktop,Chrome,tiktok
SESS-002764,CUST-0350,/search,search,2024-07-27 05:27:11,mobile,Safari,instagram
SESS-002765,CUST-0148,/products/books,page_view,2024-05-30 14:28:46,desktop,Chrome,affiliate
SESS-002766,CUST-0009,/products/clothing,page_view,2024-09-28 00:40:26,desktop,Firefox,tiktok
SESS-002767,,/account/orders,add_to_cart,2024-03-03 15:48:54,desktop,Safari,google
SESS-002768,CUST-0416,/account,search,2024-03-05 14:26:03,mobile,Samsung Internet,direct
SESS-002769,CUST-0288,/checkout/confirmation,remove_from_cart,2024-10-15 12:50:02,mobile,Safari,twitter
SESS-002770,CUST-0219,/,remove_from_cart,2024-05-11 05:12:02,desktop,Samsung Internet,bing
SESS-002771,,/,click,2024-09-05 14:25:02,mobile,Firefox,affiliate
SESS-002772,CUST-0136,/account,begin_checkout,2024-06-25 08:56:59,desktop,Safari,tiktok
SESS-002773,CUST-0110,/products/electronics,video_play,2024-03-03 03:25:59,mobile,Safari,twitter
SESS-002774,CUST-0259,/faq,click,2024-02-13 10:51:01,tablet,Chrome,google
SESS-002775,CUST-0239,/contact,page_view,2024-08-21 16:59:46,mobile,Firefox,facebook
SESS-002776,CUST-0247,/checkout,search,2024-05-22 11:50:08,mobile,Firefox,bing
SESS-002777,CUST-0458,/contact,begin_checkout,2024-08-01 01:16:56,mobile,Chrome,direct
SESS-002778,,/,scroll,2024-11-01 04:46:09,mobile,Samsung Internet,bing
SESS-002779,CUST-0316,/products/clothing,page_view,2024-01-23 20:32:19,desktop,Safari,direct
SESS-002780,,/checkout/payment,page_view,2024-04-13 11:29:11,tablet,Safari,tiktok
SESS-002781,,/,search,2024-02-10 05:47:42,desktop,Safari,direct
SESS-002782,CUST-0357,/account/orders,page_view,2024-10-13 15:04:39,desktop,Firefox,tiktok
SESS-002783,CUST-0234,/products/home,search,2024-04-01 08:30:01,mobile,Chrome,twitter
SESS-002784,CUST-0272,/,remove_from_cart,2024-08-25 10:22:13,tablet,Safari,google
SESS-002785,CUST-0354,/products/electronics,video_play,2024-09-24 12:02:39,tablet,Safari,direct
SESS-002786,CUST-0197,/products/sports,video_play,2024-07-03 06:57:41,desktop,Firefox,google
SESS-002787,CUST-0213,/returns,click,2024-11-28 10:41:40,mobile,Firefox,direct
SESS-002788,CUST-0312,/products,page_view,2024-10-22 16:08:41,mobile,Chrome,bing
SESS-002789,CUST-0320,/faq,scroll,2024-04-20 11:06:15,tablet,Safari,instagram
SESS-002790,CUST-0126,/,click,2024-10-23 10:16:23,mobile,Chrome,twitter
SESS-002791,CUST-0063,/returns,click,2024-10-20 18:02:28,mobile,Samsung Internet,
SESS-002792,,/faq,search,2024-12-12 19:11:06,desktop,Safari,instagram
SESS-002793,CUST-0416,/checkout/confirmation,scroll,2024-05-29 18:48:42,mobile,Chrome,google
SESS-002794,CUST-0222,/search,search,2024-12-31 16:23:54,mobile,Chrome,
SESS-002795,CUST-0477,/search,scroll,2024-05-03 15:36:42,mobile,Chrome,email_campaign
SESS-002796,CUST-0027,/products/home,scroll,2024-03-24 21:53:20,desktop,Chrome,
SESS-002797,,/products/electronics,page_view,2024-10-03 08:19:57,mobile,Safari,twitter
SESS-002798,CUST-0329,/account/wishlist,page_view,2024-01-09 19:17:10,desktop,Chrome,
SESS-002799,,/account/orders,purchase,2024-03-22 14:56:30,mobile,Chrome,twitter
SESS-002800,CUST-0119,/account,remove_from_cart,2024-07-14 12:00:14,mobile,Safari,google
SESS-002801,,/search,purchase,2024-08-24 00:19:08,mobile,Chrome,google
SESS-002802,,/cart,page_view,2024-02-06 17:13:13,tablet,Chrome,affiliate
SESS-002803,,/about,page_view,2024-11-05 05:35:26,desktop,Samsung Internet,facebook
SESS-002804,,/account/orders,purchase,2024-12-07 11:33:13,bot,Python-urllib,direct
SESS-002805,CUST-0230,/,page_view,2024-10-08 19:51:34,tablet,Samsung Internet,direct
SESS-002806,CUST-0219,/products/clothing,click,2024-05-14 14:16:52,tablet,Chrome,email_campaign
SESS-002807,,/contact,page_view,2024-11-22 23:23:02,desktop,Chrome,bing
SESS-002808,CUST-0098,/contact,click,2024-09-09 15:45:28,desktop,Edge,
SESS-002809,CUST-0009,/contact,page_view,2024-09-27 11:13:38,desktop,Edge,google
SESS-002810,CUST-0196,/products/home,video_play,2024-01-19 21:54:42,desktop,Safari,twitter
SESS-002811,,/account,page_view,2024-07-26 17:03:22,mobile,Edge,facebook
SESS-002812,CUST-0437,/blog,click,2024-01-01 01:10:21,mobile,Chrome,email_campaign
SESS-002813,,/search,remove_from_cart,2024-02-04 00:48:11,mobile,Chrome,twitter
SESS-002814,,/checkout,click,2024-02-12 22:05:22,mobile,Samsung Internet,email_campaign
SESS-002815,CUST-0406,/checkout,purchase,2024-08-06 11:28:34,desktop,Safari,facebook
SESS-002816,CUST-0303,/account/orders,click,2024-04-03 13:52:32,tablet,Chrome,twitter
SESS-002817,,/account/orders,begin_checkout,2024-10-04 06:05:37,desktop,Samsung Internet,affiliate
SESS-002818,CUST-0494,/products,scroll,2024-06-30 22:20:20,desktop,Samsung Internet,bing
SESS-002819,CUST-0398,/products/sports,remove_from_cart,2024-05-03 13:31:54,mobile,Edge,facebook
SESS-002820,CUST-0341,/faq,page_view,2024-03-11 23:53:33,desktop,Edge,twitter
SESS-002821,CUST-0407,/products/clothing,page_view,2024-08-18 18:13:20,tablet,Chrome,bing
SESS-002822,CUST-0314,/checkout,video_play,2024-12-30 02:17:53,tablet,Chrome,facebook
SESS-002823,CUST-0061,/products/sports,page_view,2024-01-04 18:00:31,tablet,Edge,twitter
SESS-002824,,/faq,click,2024-06-21 08:02:21,desktop,Chrome,direct
SESS-002825,,/checkout/confirmation,page_view,2024-01-12 15:48:25,tablet,Safari,google
SESS-002826,CUST-0290,/returns,page_view,2024-07-17 02:05:20,desktop,Samsung Internet,email_campaign
SESS-002827,CUST-0217,/checkout,page_view,2024-03-20 02:17:23,mobile,Chrome,affiliate
SESS-002828,,/products/electronics,remove_from_cart,2024-02-17 22:37:28,mobile,Firefox,tiktok
SESS-002829,CUST-0290,/account/wishlist,search,2024-08-16 18:22:54,tablet,Chrome,affiliate
SESS-002830,CUST-0386,/products/books,remove_from_cart,2024-06-19 10:35:53,tablet,Samsung Internet,instagram
SESS-002831,CUST-0162,/blog,click,2024-11-30 14:34:05,mobile,Edge,affiliate
SESS-002832,CUST-0356,/cart,page_view,2024-02-09 07:31:24,mobile,Edge,tiktok
SESS-002833,CUST-0455,/account,click,2024-06-16 10:33:42,desktop,Chrome,
SESS-002834,CUST-0423,/account/wishlist,video_play,2024-12-05 03:44:23,tablet,Samsung Internet,google
SESS-002835,CUST-0366,/products/sports,add_to_cart,2024-11-17 09:40:44,mobile,Safari,bing
SESS-002836,,/checkout,page_view,2024-03-07 22:39:14,tablet,Edge,twitter
SESS-002837,,/checkout/payment,page_view,2024-09-06 20:16:15,desktop,Chrome,email_campaign
SESS-002838,,/cart,add_to_cart,2024-08-22 21:07:15,desktop,Firefox,facebook
SESS-002839,CUST-0469,/products/books,page_view,2024-06-09 09:30:06,mobile,Safari,tiktok
SESS-002840,CUST-0180,/about,video_play,2024-04-10 04:26:50,mobile,Chrome,tiktok
SESS-002841,CUST-0387,/contact,scroll,2024-04-13 08:39:02,desktop,Samsung Internet,facebook
SESS-002842,CUST-0156,/returns,video_play,2024-04-03 05:19:06,mobile,Safari,twitter
SESS-002843,,/contact,page_view,2024-03-11 05:02:55,desktop,Chrome,facebook
SESS-002844,,/account/wishlist,add_to_cart,2024-01-06 14:19:53,mobile,Chrome,google
SESS-002845,CUST-0336,/cart,page_view,2024-03-15 12:35:48,mobile,Chrome,instagram
SESS-002846,CUST-0328,/returns,scroll,2024-09-19 16:47:12,desktop,Edge,email_campaign
SESS-002847,CUST-0027,/checkout,click,2024-07-18 06:20:19,mobile,Chrome,instagram
SESS-002848,CUST-0030,/blog,begin_checkout,2024-02-18 03:59:05,mobile,Samsung Internet,facebook
SESS-002849,CUST-0223,/cart,click,2024-11-15 15:34:49,tablet,Chrome,
SESS-002850,CUST-0255,/,page_view,2024-07-19 05:24:43,tablet,Edge,tiktok
SESS-002851,CUST-0374,/checkout,page_view,2024-05-26 11:03:09,mobile,Firefox,google
SESS-002852,CUST-0094,/contact,page_view,2024-07-26 21:43:35,tablet,Chrome,email_campaign
SESS-002853,,/,page_view,2024-06-15 18:59:34,mobile,Chrome,email_campaign
SESS-002854,CUST-0058,/checkout/confirmation,begin_checkout,2024-04-15 04:51:14,mobile,Chrome,facebook
SESS-002855,CUST-0455,/contact,page_view,2024-09-20 11:09:17,mobile,Edge,instagram
SESS-002856,CUST-0174,/cart,video_play,2024-10-12 16:52:39,mobile,Chrome,google
SESS-002857,CUST-0417,/products/books,add_to_cart,2024-05-04 14:56:08,desktop,Samsung Internet,email_campaign
SESS-002858,CUST-0485,/checkout,click,2024-05-02 10:08:25,desktop,Edge,twitter
SESS-002859,CUST-0475,/faq,page_view,2024-09-21 01:09:09,tablet,Safari,tiktok
SESS-002860,CUST-0344,/account,scroll,2024-04-07 02:55:59,tablet,Safari,
SESS-002861,CUST-0014,/blog,page_view,2024-05-11 15:06:49,desktop,Chrome,bing
SESS-002862,CUST-0262,/faq,page_view,2024-07-01 19:28:01,desktop,Chrome,facebook
SESS-002863,CUST-0462,/products/clothing,purchase,2024-11-12 12:52:19,tablet,Chrome,direct
SESS-002864,CUST-0002,/products/books,click,2024-01-05 22:57:21,mobile,Chrome,bing
SESS-002865,CUST-0452,/faq,page_view,2024-11-14 10:17:32,mobile,Chrome,direct
SESS-002866,CUST-0026,/products/books,scroll,2024-06-23 20:28:24,mobile,Firefox,instagram
SESS-002867,CUST-0011,/checkout/payment,click,2024-07-13 22:30:56,desktop,Chrome,twitter
SESS-002868,CUST-0486,/contact,remove_from_cart,2024-05-07 14:28:00,mobile,Samsung Internet,tiktok
SESS-002869,CUST-0314,/account/wishlist,scroll,2024-12-02 14:25:07,tablet,Chrome,
SESS-002870,CUST-0339,/blog,scroll,2024-11-18 08:19:24,mobile,Chrome,affiliate
SESS-002871,CUST-0491,/cart,remove_from_cart,2024-05-13 21:13:04,mobile,Edge,bing
SESS-002872,CUST-0360,/checkout/payment,click,2024-02-01 03:40:23,desktop,Chrome,instagram
SESS-002873,CUST-0141,/account,begin_checkout,2024-06-09 21:34:31,desktop,Safari,twitter
SESS-002874,CUST-0250,/returns,video_play,2024-02-21 15:29:38,desktop,Safari,
SESS-002875,CUST-0489,/returns,search,2024-05-18 23:21:22,desktop,Chrome,direct
SESS-002876,,/checkout/confirmation,click,2024-04-15 23:33:52,desktop,Chrome,facebook
SESS-002877,,/cart,begin_checkout,2024-06-11 06:23:30,mobile,Safari,affiliate
SESS-002878,,/account/wishlist,click,2024-06-12 23:35:34,mobile,Edge,instagram
SESS-002879,CUST-0125,/checkout/payment,page_view,2024-05-16 10:49:50,desktop,Chrome,email_campaign
SESS-002880,,/faq,begin_checkout,2024-04-22 18:32:41,desktop,Samsung Internet,bing
SESS-002881,CUST-0276,/products/books,scroll,1970-01-01 00:00:00,desktop,Safari,twitter
SESS-002882,,/checkout/payment,page_view,2024-01-18 20:17:52,mobile,Edge,affiliate
SESS-002883,CUST-0442,/products/clothing,remove_from_cart,2024-07-24 12:54:55,mobile,Chrome,email_campaign
SESS-002884,CUST-0182,/cart,begin_checkout,2024-01-10 21:59:51,tablet,Firefox,
SESS-002885,CUST-0036,/products,click,2024-08-10 14:04:51,tablet,Samsung Internet,bing
SESS-002886,,/products/books,search,2024-06-08 01:37:08,mobile,Edge,google
SESS-002887,CUST-0132,/,page_view,2024-07-02 07:14:46,desktop,Firefox,instagram
SESS-002888,CUST-0222,/products/clothing,page_view,2024-10-31 17:56:05,desktop,Samsung Internet,affiliate
SESS-002889,CUST-0308,/account/orders,click,2024-10-24 06:04:30,mobile,Firefox,tiktok
SESS-002890,CUST-0217,/cart,page_view,2024-07-02 21:22:27,mobile,Chrome,tiktok
SESS-002891,,/products/sports,remove_from_cart,2024-11-16 20:49:09,desktop,Chrome,direct
SESS-002892,CUST-0112,/products,add_to_cart,2024-04-01 03:47:12,tablet,Samsung Internet,bing
SESS-002893,CUST-0349,/products/home,remove_from_cart,2024-01-14 00:49:29,tablet,Chrome,twitter
SESS-002894,,/checkout,page_view,2024-04-20 18:55:05,desktop,Samsung Internet,facebook
SESS-002895,CUST-0035,/contact,remove_from_cart,2024-02-14 20:44:19,mobile,Chrome,affiliate
SESS-002896,,/checkout,begin_checkout,2024-03-10 15:35:42,desktop,Chrome,facebook
SESS-002897,CUST-0435,/products,begin_checkout,2024-10-28 02:35:44,mobile,Samsung Internet,tiktok
SESS-002898,CUST-0267,/returns,search,2024-09-22 09:20:32,mobile,Firefox,google
SESS-002899,,/about,scroll,2024-09-01 03:17:01,desktop,Safari,twitter
SESS-002900,CUST-0098,/search,purchase,2024-06-27 04:53:13,mobile,Chrome,
SESS-002901,CUST-0399,/,click,2024-10-04 02:34:22,mobile,Edge,
SESS-002902,CUST-0087,/products/clothing,search,2024-06-24 21:40:04,tablet,Firefox,email_campaign
SESS-002903,CUST-0243,/checkout,add_to_cart,2024-04-20 05:46:24,mobile,Edge,twitter
SESS-002904,CUST-0212,/about,begin_checkout,2024-07-04 22:16:47,desktop,Safari,direct
SESS-002905,CUST-0251,/cart,begin_checkout,2024-08-17 17:40:40,desktop,Samsung Internet,twitter
SESS-002906,CUST-0044,/products/electronics,page_view,2024-05-08 15:51:06,mobile,Safari,bing
SESS-002907,CUST-0190,/account,purchase,2024-03-04 13:08:25,mobile,Edge,instagram
SESS-002908,CUST-0364,/checkout,begin_checkout,2024-11-24 01:44:10,desktop,Chrome,facebook
SESS-002909,,/products/home,page_view,2024-03-31 12:24:50,mobile,Samsung Internet,bing
SESS-002910,CUST-0331,/faq,page_view,2024-11-11 16:57:07,desktop,Safari,
SESS-002911,CUST-0337,/returns,remove_from_cart,2024-07-29 06:51:50,desktop,Safari,
SESS-002912,CUST-0181,/products,page_view,2024-06-25 12:57:45,desktop,Samsung Internet,instagram
SESS-002913,,/products,page_view,2024-05-21 15:44:16,desktop,Chrome,tiktok
SESS-002914,CUST-0433,/search,page_view,2024-06-13 23:06:07,desktop,Chrome,tiktok
SESS-002915,,/cart,scroll,2024-09-02 16:07:34,tablet,Safari,direct
SESS-002916,,/checkout/confirmation,search,2024-11-17 19:28:30,mobile,Edge,twitter
SESS-002917,,/account/orders,remove_from_cart,2024-05-20 14:11:54,mobile,Chrome,email_campaign
SESS-002918,CUST-0045,/products/clothing,page_view,2024-09-30 06:25:01,mobile,Chrome,twitter
SESS-002919,,/products/electronics,click,2024-02-29 19:54:29,desktop,Chrome,affiliate
SESS-002920,CUST-0452,/account/orders,page_view,2024-02-21 08:06:03,mobile,Chrome,
SESS-002921,CUST-0497,/checkout,begin_checkout,2024-08-27 02:41:43,desktop,Samsung Internet,affiliate
SESS-002922,CUST-0498,/checkout,begin_checkout,2024-05-26 02:44:12,desktop,Firefox,direct
SESS-002923,CUST-0088,/contact,remove_from_cart,2024-02-23 03:26:18,mobile,Edge,google
SESS-002924,CUST-0107,/blog,begin_checkout,2024-09-27 03:04:21,tablet,Samsung Internet,direct
SESS-002925,,/search,page_view,2024-08-13 07:31:58,desktop,Safari,google
SESS-002926,CUST-0165,/account,add_to_cart,2024-07-26 14:49:11,mobile,Safari,tiktok
SESS-002927,CUST-0283,/account,purchase,2024-02-07 11:19:04,desktop,Safari,twitter
SESS-002928,CUST-0169,/products/clothing,page_view,2024-02-07 02:35:03,mobile,Chrome,direct
SESS-002929,,/returns,click,2024-02-29 01:37:47,desktop,Firefox,email_campaign
SESS-002930,CUST-0224,/checkout/confirmation,click,2024-10-07 15:31:17,desktop,Samsung Internet,affiliate
SESS-002931,CUST-0432,/account/wishlist,page_view,2024-07-09 11:42:18,mobile,Chrome,email_campaign
SESS-002932,CUST-0188,/cart,remove_from_cart,2024-06-23 12:06:10,desktop,Safari,tiktok
SESS-002933,CUST-0350,/products,purchase,2024-04-10 10:29:14,tablet,Chrome,tiktok
SESS-002934,CUST-0443,/products/home,remove_from_cart,2024-12-09 23:43:03,desktop,Chrome,bing
SESS-002935,CUST-0370,/products,begin_checkout,2024-02-18 22:38:01,tablet,Samsung Internet,facebook
SESS-002936,CUST-0083,/products/books,page_view,2024-01-31 21:06:35,tablet,Safari,twitter
SESS-002937,CUST-0421,/blog,page_view,2024-07-06 17:40:33,mobile,Safari,facebook
SESS-002938,CUST-0191,/,page_view,2024-01-12 17:06:41,tablet,Chrome,tiktok
SESS-002939,CUST-0257,/,search,2024-07-30 14:04:32,mobile,Edge,twitter
SESS-002940,,/products/sports,remove_from_cart,2024-06-28 00:16:37,tablet,Chrome,facebook
SESS-002941,CUST-0026,/search,page_view,2024-07-28 08:32:38,desktop,Safari,bing
SESS-002942,CUST-0092,/account/orders,video_play,2024-08-24 02:57:55,mobile,Safari,
SESS-002943,CUST-0406,/blog,page_view,2024-08-26 00:31:25,desktop,Firefox,instagram
SESS-002944,CUST-0449,/account/wishlist,begin_checkout,2024-05-27 02:56:57,mobile,Chrome,email_campaign
SESS-002945,CUST-0391,/account/wishlist,click,2024-05-04 02:21:38,tablet,Safari,
SESS-002946,CUST-0392,/,remove_from_cart,2024-12-20 14:49:38,desktop,Safari,facebook
SESS-002947,,/products/clothing,purchase,2024-02-01 11:27:26,tablet,Chrome,
SESS-002948,CUST-0251,/checkout,page_view,2024-06-12 06:36:35,tablet,Edge,tiktok
SESS-002949,CUST-0437,/about,click,1970-01-01 00:00:00,tablet,Safari,bing
SESS-002950,CUST-0115,/faq,remove_from_cart,2024-09-09 15:46:47,mobile,Samsung Internet,tiktok
SESS-002951,,/products/clothing,remove_from_cart,1970-01-01 00:00:00,mobile,Edge,facebook
SESS-002952,CUST-0290,/account/wishlist,add_to_cart,2024-10-25 19:53:56,desktop,Safari,google
SESS-002953,CUST-0346,/returns,add_to_cart,2024-08-04 01:18:34,tablet,Edge,instagram
SESS-002954,,/products,remove_from_cart,2024-01-01 04:15:26,desktop,Chrome,direct
SESS-002955,,/checkout/payment,scroll,2024-11-02 21:57:56,desktop,Safari,bing
SESS-002956,,/checkout/confirmation,remove_from_cart,2024-05-02 07:00:07,desktop,Chrome,google
SESS-002957,,/products,page_view,2024-11-27 10:30:58,mobile,Chrome,affiliate
SESS-002958,,/search,page_view,2024-01-18 20:49:16,desktop,Safari,google
SESS-002959,CUST-0049,/blog,scroll,2024-04-28 08:32:51,mobile,Chrome,twitter
SESS-002960,,/faq,search,2024-12-12 07:21:31,desktop,Edge,
SESS-002961,,/products/clothing,video_play,2024-02-18 20:27:25,desktop,Edge,google
SESS-002962,,/products/sports,begin_checkout,2024-06-13 00:49:15,mobile,Chrome,
SESS-002963,CUST-0336,/about,click,2024-12-30 10:59:40,mobile,Chrome,instagram
SESS-002964,CUST-0346,/products,scroll,2024-07-27 15:57:19,mobile,Edge,facebook
SESS-002965,CUST-0169,/checkout/confirmation,begin_checkout,2024-01-18 07:21:08,tablet,Chrome,facebook
SESS-002966,,/,remove_from_cart,2024-12-30 09:18:07,mobile,Safari,direct
SESS-002967,,/products/electronics,purchase,2024-06-07 15:57:00,desktop,Safari,bing
SESS-002968,CUST-0063,/checkout/payment,add_to_cart,2024-01-06 13:12:12,desktop,Edge,direct
SESS-002969,,/about,click,2024-07-12 11:43:53,tablet,Chrome,bing
SESS-002970,CUST-0246,/blog,remove_from_cart,2024-03-21 08:48:42,tablet,Safari,google
SESS-002971,CUST-0180,/products,add_to_cart,2024-04-11 21:18:51,desktop,Firefox,bing
SESS-002972,CUST-0311,/about,click,2024-02-07 14:19:25,tablet,Chrome,
SESS-002973,CUST-0001,/search,remove_from_cart,2024-02-01 19:43:56,mobile,Firefox,instagram
SESS-002974,CUST-0071,/checkout/confirmation,click,2024-03-06 12:51:45,mobile,Edge,tiktok
SESS-002975,CUST-0356,/products/clothing,click,2024-06-23 18:10:45,tablet,Samsung Internet,instagram
SESS-002976,CUST-0233,/products/books,video_play,2024-12-09 13:29:57,desktop,Samsung Internet,
SESS-002977,CUST-0282,/checkout/confirmation,search,2024-04-30 20:00:31,tablet,Edge,google
SESS-002978,CUST-0120,/search,page_view,2024-12-30 22:42:29,desktop,Chrome,
SESS-002979,CUST-0439,/blog,begin_checkout,2024-05-08 16:49:41,desktop,Chrome,
SESS-002980,CUST-0208,/contact,page_view,2024-05-26 05:22:46,mobile,Samsung Internet,google
SESS-002981,,/faq,page_view,2024-09-01 22:23:07,desktop,Safari,twitter
SESS-002982,,/account/wishlist,click,2024-02-16 00:58:23,tablet,Chrome,email_campaign
SESS-002983,CUST-0400,/returns,begin_checkout,2024-03-28 14:46:13,mobile,Samsung Internet,direct
SESS-002984,,/,click,2024-05-13 08:56:42,mobile,Firefox,google
SESS-002985,,/search,page_view,2024-12-15 03:12:09,mobile,Firefox,facebook
SESS-002986,,/products/electronics,scroll,2024-12-07 19:45:32,tablet,Edge,
SESS-002987,CUST-0233,/contact,purchase,2024-05-18 16:39:58,desktop,Firefox,instagram
SESS-002988,CUST-0195,/account,add_to_cart,2024-08-28 04:33:35,mobile,Safari,
SESS-002989,CUST-0385,/products,search,2024-09-02 14:14:31,desktop,Chrome,bing
SESS-002990,,/returns,search,2024-09-25 05:08:28,mobile,Chrome,email_campaign
SESS-002991,CUST-0449,/products/sports,click,2024-12-27 22:56:03,desktop,Chrome,
SESS-002992,CUST-0299,/account,click,2024-09-18 14:47:48,mobile,Safari,twitter
SESS-002993,,/faq,search,2024-09-09 11:59:17,tablet,Samsung Internet,tiktok
SESS-002994,,/,remove_from_cart,2024-10-23 19:54:16,mobile,Chrome,twitter
SESS-002995,,/products/home,begin_checkout,2024-11-16 13:00:34,mobile,Chrome,direct
SESS-002996,CUST-0446,/returns,page_view,2024-01-23 20:17:03,mobile,Chrome,bing
SESS-002997,CUST-0261,/products/books,scroll,2024-01-19 15:57:28,desktop,Edge,direct
SESS-002998,CUST-0499,/products/home,add_to_cart,2024-04-06 19:21:22,desktop,Edge,
SESS-002999,CUST-0121,/products/books,page_view,2024-09-14 00:53:02,tablet,Safari,
SESS-003000,CUST-0300,/account/orders,page_view,2024-07-05 18:28:30,mobile,Chrome,twitter
SESS-003001,CUST-0109,/returns,click,2024-04-15 09:14:30,tablet,Edge,
SESS-003002,CUST-0067,/checkout,click,2024-01-16 07:54:28,tablet,Safari,twitter
SESS-003003,CUST-0494,/checkout,begin_checkout,2024-09-25 09:09:43,mobile,Safari,bing
SESS-003004,CUST-0201,/search,page_view,2024-06-19 05:09:51,desktop,Chrome,twitter
SESS-003005,,/blog,begin_checkout,2024-09-26 16:57:04,desktop,Edge,instagram
SESS-003006,CUST-0494,/products,video_play,2024-09-01 19:59:28,mobile,Edge,bing
SESS-003007,CUST-0068,/products/sports,begin_checkout,2024-11-26 11:14:58,mobile,Chrome,email_campaign
SESS-003008,CUST-0455,/returns,begin_checkout,2024-03-07 04:35:04,mobile,Chrome,tiktok
SESS-003009,,/returns,search,2024-08-07 05:55:49,desktop,Samsung Internet,instagram
SESS-003010,CUST-0403,/cart,page_view,2024-04-03 01:51:45,mobile,Chrome,google
SESS-003011,CUST-0409,/faq,add_to_cart,2024-11-05 05:34:08,mobile,Safari,direct
SESS-003012,CUST-0323,/,page_view,2024-02-09 07:08:38,tablet,Samsung Internet,affiliate
SESS-003013,,/account/orders,page_view,2024-04-28 10:01:20,mobile,Firefox,google
SESS-003014,CUST-0409,/returns,page_view,2024-09-05 12:42:22,desktop,Chrome,direct
SESS-003015,CUST-0028,/products,search,2024-02-09 19:07:48,mobile,Safari,direct
SESS-003016,CUST-0362,/account,page_view,2024-07-13 14:40:41,desktop,Safari,twitter
SESS-003017,CUST-0262,/products/sports,click,2024-11-28 03:22:20,tablet,Chrome,tiktok
SESS-003018,,/checkout/payment,scroll,2024-03-13 03:53:19,mobile,Edge,google
SESS-003019,,/faq,page_view,2024-02-12 04:03:30,tablet,Edge,affiliate
SESS-003020,CUST-0052,/products/home,remove_from_cart,2024-10-13 10:34:16,mobile,Chrome,facebook
SESS-003021,CUST-0062,/products/home,remove_from_cart,2024-12-31 02:45:11,desktop,Edge,tiktok
SESS-003022,CUST-0072,/checkout/payment,click,2024-08-09 14:50:18,desktop,Chrome,instagram
SESS-003023,,/checkout/payment,click,2024-07-28 00:42:09,mobile,Chrome,
SESS-003024,CUST-0400,/account/wishlist,add_to_cart,2024-08-12 19:56:18,desktop,Samsung Internet,email_campaign
SESS-003025,CUST-0135,/account,video_play,2024-10-24 13:58:10,tablet,Edge,google
SESS-003026,CUST-0324,/checkout/payment,video_play,2024-09-14 21:36:42,mobile,Edge,twitter
SESS-003027,CUST-0122,/products/electronics,begin_checkout,2024-04-17 08:35:24,mobile,Chrome,direct
SESS-003028,CUST-0055,/blog,video_play,2024-08-09 15:05:10,mobile,Edge,email_campaign
SESS-003029,CUST-0142,/products/home,begin_checkout,2024-01-31 02:18:16,mobile,Safari,bing
SESS-003030,CUST-0447,/products/books,page_view,2024-08-25 10:02:42,tablet,Chrome,bing
SESS-003031,CUST-0117,/blog,video_play,2024-12-14 00:09:27,mobile,Chrome,
SESS-003032,,/account/wishlist,page_view,2024-06-26 22:50:04,tablet,Chrome,facebook
SESS-003033,,/cart,search,2024-01-14 10:20:20,tablet,Chrome,
SESS-003034,CUST-0094,/checkout/payment,scroll,2024-08-25 02:53:03,desktop,Edge,google
SESS-003035,,/checkout,click,2024-01-29 00:00:01,mobile,Chrome,facebook
SESS-003036,,/blog,video_play,2024-07-02 18:35:45,desktop,Safari,email_campaign
SESS-003037,CUST-0040,/about,begin_checkout,2024-07-09 04:19:46,desktop,Edge,instagram
SESS-003038,,/checkout/payment,page_view,2024-02-03 20:28:39,mobile,Chrome,direct
SESS-003039,,/blog,click,2024-05-02 13:13:55,bot,Python-urllib,google
SESS-003040,CUST-0327,/products/sports,remove_from_cart,2024-08-30 18:34:14,desktop,Chrome,twitter
SESS-003041,CUST-0340,/blog,video_play,2024-12-10 19:21:56,bot,SemrushBot,
SESS-003042,CUST-0447,/products/books,page_view,2024-12-01 20:57:24,tablet,Chrome,direct
SESS-003043,,/products/books,page_view,2024-09-06 05:26:28,mobile,Edge,facebook
SESS-003044,CUST-0011,/,remove_from_cart,2024-09-14 00:31:49,tablet,Firefox,bing
SESS-003045,,/about,page_view,2024-08-12 04:36:53,tablet,Edge,direct
SESS-003046,CUST-0189,/,remove_from_cart,2024-04-25 17:12:20,mobile,Edge,instagram
SESS-003047,CUST-0144,/,remove_from_cart,2024-09-28 05:01:42,desktop,Safari,
SESS-003048,CUST-0465,/,search,2024-04-30 13:18:56,desktop,Samsung Internet,instagram
SESS-003049,,/checkout/payment,purchase,2024-12-16 05:48:54,mobile,Chrome,google
SESS-003050,CUST-0171,/checkout,video_play,2024-04-29 15:08:27,tablet,Chrome,google
SESS-003051,CUST-0189,/search,click,2024-12-28 13:45:38,mobile,Firefox,facebook
SESS-003052,CUST-0238,/products/home,begin_checkout,2024-07-17 11:32:09,tablet,Samsung Internet,twitter
SESS-003053,CUST-0296,/about,remove_from_cart,2024-10-05 11:16:40,tablet,Edge,instagram
SESS-003054,CUST-0171,/blog,click,2024-01-23 13:11:26,desktop,Chrome,facebook
SESS-003055,,/search,remove_from_cart,2024-03-10 13:37:14,tablet,Chrome,direct
SESS-003056,,/about,purchase,2024-07-14 08:05:21,tablet,Edge,
SESS-003057,CUST-0182,/account/orders,page_view,2024-12-23 14:12:40,desktop,Safari,instagram
SESS-003058,,/account/wishlist,video_play,2024-09-30 23:09:07,desktop,Samsung Internet,direct
SESS-003059,CUST-0143,/account/orders,video_play,2024-02-17 13:50:46,desktop,Edge,email_campaign
SESS-003060,,/about,purchase,2024-10-08 22:46:48,mobile,Chrome,direct
SESS-003061,CUST-0363,/cart,add_to_cart,2024-01-22 13:05:12,mobile,Chrome,bing
SESS-003062,,/account/wishlist,click,2024-04-30 12:08:29,desktop,Safari,
SESS-003063,CUST-0068,/checkout/payment,search,2024-02-08 19:46:38,mobile,Firefox,bing
SESS-003064,,/faq,click,2024-01-15 03:15:30,desktop,Edge,tiktok
SESS-003065,,/products/books,scroll,2024-11-08 18:11:23,desktop,Edge,tiktok
SESS-003066,,/returns,remove_from_cart,2024-05-08 01:20:42,tablet,Chrome,tiktok
SESS-003067,,/checkout/confirmation,video_play,2024-05-27 19:12:19,mobile,Chrome,email_campaign
SESS-003068,CUST-0478,/account/orders,add_to_cart,2024-09-27 01:57:12,mobile,Samsung Internet,email_campaign
SESS-003069,CUST-0270,/account/orders,page_view,2024-06-18 19:20:16,desktop,Safari,email_campaign
SESS-003070,CUST-0082,/products/electronics,add_to_cart,2024-12-11 08:57:52,desktop,Chrome,facebook
SESS-003071,CUST-0446,/products/clothing,video_play,2024-08-28 13:43:12,mobile,Chrome,direct
SESS-003072,CUST-0220,/,click,2024-03-27 11:55:27,mobile,Chrome,direct
SESS-003073,CUST-0330,/,scroll,2024-05-04 21:59:28,mobile,Samsung Internet,google
SESS-003074,,/checkout,page_view,2024-06-02 22:04:45,desktop,Chrome,google
SESS-003075,CUST-0122,/about,page_view,2024-05-14 01:29:50,tablet,Chrome,
SESS-003076,CUST-0241,/account/wishlist,page_view,2024-03-09 21:43:01,mobile,Chrome,direct
SESS-003077,CUST-0094,/search,search,2024-09-05 01:48:13,desktop,Edge,twitter
SESS-003078,CUST-0198,/products/home,purchase,2024-09-11 01:57:23,desktop,Safari,facebook
SESS-003079,CUST-0433,/checkout/confirmation,scroll,2024-12-17 07:59:50,desktop,Samsung Internet,bing
SESS-003080,CUST-0245,/products/clothing,page_view,2024-12-10 22:54:45,mobile,Chrome,affiliate
SESS-003081,CUST-0162,/about,click,2024-08-22 08:01:08,desktop,Edge,tiktok
SESS-003082,CUST-0186,/faq,remove_from_cart,2024-08-07 02:08:04,mobile,Safari,twitter
SESS-003083,,/checkout,click,2024-07-31 22:28:06,tablet,Safari,instagram
SESS-003084,CUST-0126,/products,click,2024-02-02 06:59:08,mobile,Chrome,tiktok
SESS-003085,CUST-0095,/faq,begin_checkout,2024-08-12 15:27:07,desktop,Chrome,affiliate
SESS-003086,CUST-0112,/products,page_view,2024-05-29 04:11:22,mobile,Safari,google
SESS-003087,,/account/orders,page_view,2024-07-11 18:09:26,mobile,Chrome,google
SESS-003088,CUST-0257,/blog,click,2024-09-14 11:44:32,mobile,Samsung Internet,
SESS-003089,CUST-0220,/,page_view,2024-01-31 16:05:35,desktop,Chrome,
SESS-003090,CUST-0268,/,scroll,2024-10-27 16:37:24,desktop,Edge,facebook
SESS-003091,,/products/books,click,2024-06-08 08:05:44,tablet,Safari,
SESS-003092,,/faq,click,2024-08-13 08:54:57,mobile,Safari,bing
SESS-003093,CUST-0087,/blog,add_to_cart,2024-07-30 23:16:58,mobile,Chrome,affiliate
SESS-003094,CUST-0217,/products/clothing,add_to_cart,2024-07-15 16:35:36,mobile,Safari,tiktok
SESS-003095,,/contact,scroll,2024-05-01 22:48:34,desktop,Samsung Internet,direct
SESS-003096,CUST-0311,/returns,add_to_cart,2024-07-28 13:24:44,mobile,Firefox,twitter
SESS-003097,CUST-0387,/faq,click,2024-03-08 00:41:14,tablet,Chrome,affiliate
SESS-003098,CUST-0290,/account/orders,video_play,2024-06-28 21:43:23,mobile,Firefox,
SESS-003099,CUST-0175,/about,scroll,2024-02-17 18:02:33,tablet,Chrome,twitter
SESS-003100,,/products/books,purchase,2024-04-29 23:32:44,desktop,Firefox,twitter
SESS-003101,CUST-0036,/cart,add_to_cart,2024-08-03 13:12:13,mobile,Safari,facebook
SESS-003102,CUST-0432,/search,remove_from_cart,2024-09-25 02:38:03,desktop,Chrome,direct
SESS-003103,CUST-0366,/account,click,2024-09-01 05:30:08,mobile,Safari,twitter
SESS-003104,CUST-0310,/products,page_view,2024-09-16 08:23:07,tablet,Safari,google
SESS-003105,,/blog,add_to_cart,2024-12-03 14:29:05,desktop,Chrome,instagram
SESS-003106,CUST-0352,/products/books,scroll,2024-02-17 10:25:54,mobile,Firefox,direct
SESS-003107,CUST-0226,/blog,scroll,2024-08-28 19:57:37,tablet,Firefox,email_campaign
SESS-003108,CUST-0105,/products/sports,page_view,2024-08-25 16:44:13,desktop,Samsung Internet,facebook
SESS-003109,CUST-0442,/account/orders,video_play,2024-11-27 20:30:05,mobile,Chrome,twitter
SESS-003110,CUST-0337,/blog,search,2024-11-29 04:38:04,tablet,Firefox,bing
SESS-003111,,/returns,add_to_cart,2024-12-24 02:10:39,tablet,Chrome,affiliate
SESS-003112,CUST-0376,/,add_to_cart,2024-10-16 15:44:34,mobile,Firefox,instagram
SESS-003113,CUST-0184,/blog,page_view,2024-06-06 11:20:49,mobile,Chrome,bing
SESS-003114,CUST-0119,/checkout,click,2024-02-18 13:21:06,mobile,Chrome,affiliate
SESS-003115,CUST-0375,/account,add_to_cart,2024-10-12 18:21:09,tablet,Edge,direct
SESS-003116,,/account,page_view,2024-07-23 00:42:03,tablet,Safari,affiliate
SESS-003117,CUST-0228,/account/wishlist,purchase,2024-08-08 17:56:40,mobile,Safari,bing
SESS-003118,CUST-0470,/,search,2024-08-28 14:14:15,desktop,Chrome,bing
SESS-003119,,/faq,begin_checkout,2024-01-08 04:39:18,mobile,Chrome,email_campaign
SESS-003120,,/products,scroll,2024-01-30 18:09:17,mobile,Safari,twitter
SESS-003121,CUST-0437,/products/clothing,add_to_cart,2024-01-19 21:19:37,tablet,Safari,email_campaign
SESS-003122,CUST-0147,/about,video_play,2024-11-09 12:56:25,desktop,Firefox,google
SESS-003123,,/products/electronics,search,2024-12-20 06:32:07,desktop,Chrome,email_campaign
SESS-003124,,/products/electronics,click,2024-06-10 07:33:20,mobile,Firefox,bing
SESS-003125,CUST-0209,/checkout,page_view,2024-11-17 21:53:44,bot,Googlebot,
SESS-003126,CUST-0205,/products/electronics,page_view,2024-06-11 09:54:24,mobile,Chrome,affiliate
SESS-003127,,/cart,remove_from_cart,2024-12-23 00:44:44,mobile,Safari,affiliate
SESS-003128,CUST-0421,/products/books,click,2024-11-05 11:43:28,desktop,Safari,email_campaign
SESS-003129,CUST-0211,/products,click,2024-09-06 04:51:55,desktop,Safari,instagram
SESS-003130,,/search,begin_checkout,2024-11-23 13:48:37,desktop,Samsung Internet,email_campaign
SESS-003131,CUST-0495,/blog,click,2024-12-15 07:24:05,desktop,Safari,email_campaign
SESS-003132,CUST-0133,/products/sports,click,2024-05-04 05:58:28,mobile,Firefox,bing
SESS-003133,CUST-0158,/returns,click,2024-03-14 18:09:19,tablet,Chrome,email_campaign
SESS-003134,,/blog,click,2024-08-07 09:11:50,mobile,Safari,
SESS-003135,CUST-0364,/about,video_play,2024-11-17 00:11:00,mobile,Firefox,twitter
SESS-003136,,/account,begin_checkout,2024-07-19 05:14:12,desktop,Samsung Internet,tiktok
SESS-003137,CUST-0433,/products/home,add_to_cart,2024-08-29 20:02:27,mobile,Safari,email_campaign
SESS-003138,CUST-0005,/products/sports,add_to_cart,2024-06-01 17:01:05,tablet,Chrome,facebook
SESS-003139,CUST-0247,/account/wishlist,search,2024-04-17 08:39:19,desktop,Firefox,instagram
SESS-003140,,/cart,add_to_cart,2024-06-27 05:38:00,mobile,Safari,twitter
SESS-003141,CUST-0267,/account/orders,click,2024-12-22 14:25:49,desktop,Chrome,
SESS-003142,CUST-0133,/products/electronics,click,2024-05-07 02:00:54,mobile,Edge,twitter
SESS-003143,CUST-0320,/products,video_play,2024-08-26 14:44:54,mobile,Edge,
SESS-003144,CUST-0251,/blog,add_to_cart,2024-02-09 18:34:20,desktop,Firefox,direct
SESS-003145,CUST-0114,/checkout/confirmation,begin_checkout,2024-11-19 14:19:56,mobile,Chrome,twitter
SESS-003146,CUST-0349,/faq,page_view,2024-01-26 19:34:07,mobile,Chrome,direct
SESS-003147,CUST-0336,/returns,begin_checkout,2024-10-28 21:52:03,bot,Python-urllib,email_campaign
SESS-003148,CUST-0283,/blog,remove_from_cart,2024-04-05 16:07:42,desktop,Edge,google
SESS-003149,CUST-0163,/checkout/payment,add_to_cart,2024-12-28 13:07:59,desktop,Edge,twitter
SESS-003150,,/blog,begin_checkout,2024-09-14 19:07:08,tablet,Firefox,direct
SESS-003151,CUST-0212,/returns,click,2024-03-16 13:01:40,desktop,Chrome,twitter
SESS-003152,CUST-0065,/account,add_to_cart,2024-12-14 07:24:46,mobile,Samsung Internet,google
SESS-003153,CUST-0057,/products/electronics,page_view,2024-09-30 16:18:35,mobile,Firefox,affiliate
SESS-003154,CUST-0445,/about,page_view,2024-04-21 19:44:51,tablet,Chrome,bing
SESS-003155,,/returns,page_view,2024-12-01 05:33:08,bot,SemrushBot,
SESS-003156,CUST-0486,/products,begin_checkout,2024-04-16 13:34:18,tablet,Safari,bing
SESS-003157,CUST-0460,/,begin_checkout,2024-06-27 10:12:07,desktop,Chrome,instagram
SESS-003158,CUST-0332,/cart,remove_from_cart,2024-11-12 09:36:31,mobile,Chrome,instagram
SESS-003159,,/checkout/confirmation,search,2024-11-05 10:36:11,mobile,Chrome,facebook
SESS-003160,CUST-0267,/account/wishlist,remove_from_cart,2024-06-03 15:15:12,mobile,Safari,google
SESS-003161,CUST-0157,/checkout,scroll,2024-08-19 10:26:46,mobile,Safari,affiliate
SESS-003162,,/blog,purchase,2024-12-12 17:24:37,mobile,Samsung Internet,twitter
SESS-003163,CUST-0351,/account/orders,add_to_cart,2024-04-03 08:31:26,mobile,Chrome,
SESS-003164,CUST-0178,/checkout/confirmation,begin_checkout,2024-12-30 15:02:02,desktop,Chrome,direct
SESS-003165,,/faq,search,2024-05-11 14:35:08,desktop,Samsung Internet,facebook
SESS-003166,,/products/electronics,page_view,2024-10-20 15:13:26,mobile,Firefox,google
SESS-003167,,/account,page_view,2024-12-31 02:59:17,mobile,Chrome,twitter
SESS-003168,CUST-0080,/products/sports,begin_checkout,2024-06-09 05:16:48,desktop,Chrome,tiktok
SESS-003169,CUST-0060,/products,page_view,2024-01-05 07:23:51,mobile,Chrome,email_campaign
SESS-003170,,/account/orders,click,2024-01-24 20:23:58,tablet,Firefox,email_campaign
SESS-003171,CUST-0467,/account/orders,begin_checkout,2024-04-21 04:58:42,tablet,Chrome,email_campaign
SESS-003172,CUST-0385,/contact,purchase,2024-05-01 05:55:25,tablet,Chrome,facebook
SESS-003173,CUST-0392,/products/electronics,add_to_cart,2024-02-10 10:12:36,mobile,Safari,facebook
SESS-003174,,/faq,scroll,2024-10-26 14:32:57,desktop,Safari,tiktok
SESS-003175,,/blog,remove_from_cart,2024-09-15 03:06:16,tablet,Chrome,instagram
SESS-003176,CUST-0129,/checkout/payment,page_view,2024-09-29 08:06:59,tablet,Firefox,tiktok
SESS-003177,CUST-0309,/account,click,2024-01-01 00:43:50,mobile,Edge,affiliate
SESS-003178,CUST-0377,/search,remove_from_cart,2024-08-14 09:21:20,mobile,Safari,
SESS-003179,,/blog,page_view,2024-04-13 22:38:02,desktop,Samsung Internet,affiliate
SESS-003180,CUST-0298,/account/wishlist,page_view,2024-06-01 14:35:10,tablet,Safari,tiktok
SESS-003181,CUST-0445,/contact,video_play,2024-11-05 21:20:32,mobile,Firefox,affiliate
SESS-003182,,/products/books,begin_checkout,2024-02-25 15:36:42,tablet,Firefox,
SESS-003183,CUST-0122,/returns,remove_from_cart,2024-09-11 00:50:24,mobile,Chrome,affiliate
SESS-003184,CUST-0314,/checkout/confirmation,remove_from_cart,2024-05-02 20:56:20,desktop,Edge,
SESS-003185,,/account/orders,page_view,2024-07-22 06:12:14,desktop,Chrome,twitter
SESS-003186,CUST-0415,/products,purchase,2024-10-01 11:05:57,desktop,Chrome,tiktok
SESS-003187,CUST-0330,/products/books,purchase,2024-10-25 07:08:21,desktop,Firefox,direct
SESS-003188,,/account/wishlist,search,2024-01-20 01:59:36,desktop,Safari,facebook
SESS-003189,CUST-0078,/faq,click,2024-09-11 03:13:25,tablet,Chrome,tiktok
SESS-003190,CUST-0379,/products/electronics,page_view,2024-09-15 00:31:48,tablet,Edge,tiktok
SESS-003191,,/checkout/payment,page_view,2024-10-10 03:50:54,mobile,Firefox,twitter
SESS-003192,CUST-0107,/products/sports,click,2024-10-02 14:02:09,desktop,Firefox,tiktok
SESS-003193,CUST-0456,/checkout/payment,page_view,2024-10-13 21:50:37,desktop,Edge,email_campaign
SESS-003194,CUST-0297,/checkout/confirmation,begin_checkout,2024-05-23 01:39:07,mobile,Firefox,direct
SESS-003195,CUST-0427,/cart,add_to_cart,2024-04-22 10:58:36,mobile,Safari,
SESS-003196,CUST-0240,/returns,begin_checkout,2024-08-01 00:19:58,mobile,Chrome,twitter
SESS-003197,CUST-0473,/blog,purchase,2024-08-28 02:49:44,mobile,Safari,direct
SESS-003198,,/products/books,click,2024-07-23 02:24:42,desktop,Safari,google
SESS-003199,,/products/home,begin_checkout,2024-11-08 00:38:06,mobile,Safari,google
SESS-003200,CUST-0336,/account,remove_from_cart,2024-08-19 09:51:49,tablet,Chrome,google
SESS-003201,CUST-0077,/checkout,search,2024-05-06 11:24:59,mobile,Safari,tiktok
SESS-003202,CUST-0018,/about,page_view,2024-11-05 16:40:47,desktop,Safari,tiktok
SESS-003203,,/checkout/confirmation,purchase,2024-07-07 14:43:32,mobile,Safari,email_campaign
SESS-003204,CUST-0233,/cart,search,2024-07-24 23:07:12,mobile,Safari,affiliate
SESS-003205,CUST-0018,/checkout/confirmation,click,2024-09-02 20:21:51,desktop,Safari,bing
SESS-003206,CUST-0323,/faq,video_play,2024-08-10 17:16:15,mobile,Chrome,tiktok
SESS-003207,CUST-0071,/,video_play,2024-01-04 16:56:22,mobile,Safari,instagram
SESS-003208,CUST-0456,/account/orders,scroll,2024-01-15 10:41:34,mobile,Safari,bing
SESS-003209,CUST-0175,/products/sports,purchase,2024-07-15 03:39:28,mobile,Samsung Internet,direct
SESS-003210,,/cart,remove_from_cart,2024-12-12 08:36:02,desktop,Chrome,tiktok
SESS-003211,CUST-0187,/checkout/payment,page_view,2024-04-10 20:57:36,tablet,Chrome,affiliate
SESS-003212,CUST-0097,/products/sports,begin_checkout,2024-06-04 08:29:46,desktop,Chrome,affiliate
SESS-003213,,/blog,purchase,2024-01-12 11:20:12,mobile,Safari,twitter
SESS-003214,CUST-0333,/checkout/confirmation,page_view,2024-10-22 12:03:40,tablet,Chrome,
SESS-003215,CUST-0349,/checkout/confirmation,begin_checkout,2024-02-05 23:03:39,tablet,Chrome,twitter
SESS-003216,CUST-0268,/cart,scroll,2024-06-20 04:16:14,mobile,Safari,google
SESS-003217,,/about,page_view,2024-07-19 23:39:50,mobile,Edge,twitter
SESS-003218,CUST-0307,/products,click,2024-02-02 12:44:25,desktop,Safari,bing
SESS-003219,CUST-0410,/checkout,scroll,2024-11-09 13:36:08,desktop,Safari,tiktok
SESS-003220,CUST-0433,/account/wishlist,page_view,2024-07-21 13:36:14,desktop,Safari,direct
SESS-003221,,/blog,scroll,2024-12-19 10:27:22,desktop,Chrome,google
SESS-003222,CUST-0161,/checkout/confirmation,page_view,2024-05-24 12:28:23,tablet,Safari,twitter
SESS-003223,,/products/clothing,page_view,2024-07-11 03:14:22,mobile,Safari,instagram
SESS-003224,CUST-0289,/search,search,2024-04-26 10:46:04,mobile,Firefox,email_campaign
SESS-003225,CUST-0057,/account/wishlist,remove_from_cart,2024-02-18 20:34:22,desktop,Firefox,
SESS-003226,CUST-0230,/account,remove_from_cart,2024-12-25 11:29:57,tablet,Chrome,google
SESS-003227,CUST-0411,/returns,page_view,2024-12-11 10:17:14,desktop,Chrome,twitter
SESS-003228,CUST-0024,/,page_view,2024-10-27 15:03:55,desktop,Chrome,
SESS-003229,CUST-0261,/products/clothing,purchase,2024-06-16 12:25:51,mobile,Chrome,affiliate
SESS-003230,CUST-0265,/contact,scroll,2024-10-02 20:41:04,tablet,Chrome,email_campaign
SESS-003231,CUST-0299,/,video_play,2024-11-03 22:13:24,desktop,Chrome,twitter
SESS-003232,CUST-0125,/account/wishlist,purchase,2024-06-17 21:00:25,mobile,Chrome,bing
SESS-003233,,/products,search,2024-10-29 06:44:41,mobile,Samsung Internet,bing
SESS-003234,,/,purchase,2024-07-05 23:10:38,desktop,Edge,twitter
SESS-003235,CUST-0327,/contact,purchase,2024-02-14 09:07:42,mobile,Safari,bing
SESS-003236,CUST-0368,/account,click,2024-12-07 15:19:04,desktop,Chrome,google
SESS-003237,CUST-0124,/cart,remove_from_cart,2024-04-02 14:29:30,tablet,Safari,bing
SESS-003238,CUST-0460,/faq,page_view,2024-07-26 12:25:56,bot,Python-urllib,direct
SESS-003239,CUST-0348,/cart,video_play,2024-03-24 14:33:54,desktop,Chrome,email_campaign
SESS-003240,,/checkout/payment,page_view,2024-06-11 03:07:14,tablet,Chrome,tiktok
SESS-003241,CUST-0453,/products/electronics,page_view,2024-01-29 23:03:54,mobile,Chrome,bing
SESS-003242,,/contact,page_view,2024-01-15 06:18:20,mobile,Safari,twitter
SESS-003243,CUST-0127,/products/home,remove_from_cart,2024-02-26 06:29:41,tablet,Edge,direct
SESS-003244,CUST-0267,/contact,page_view,2024-09-07 01:26:51,desktop,Safari,
SESS-003245,CUST-0194,/cart,video_play,2024-12-25 17:16:28,mobile,Safari,instagram
SESS-003246,,/contact,page_view,2024-03-17 16:17:45,mobile,Chrome,google
SESS-003247,,/account/orders,scroll,2024-06-30 07:41:43,desktop,Chrome,tiktok
SESS-003248,CUST-0077,/account,scroll,2024-03-23 01:31:30,mobile,Chrome,facebook
SESS-003249,CUST-0110,/,purchase,2024-10-07 04:44:43,mobile,Firefox,direct
SESS-003250,,/checkout/confirmation,add_to_cart,2024-01-12 05:55:32,tablet,Edge,
SESS-003251,CUST-0351,/products/clothing,page_view,2024-09-19 07:38:46,mobile,Chrome,instagram
SESS-003252,CUST-0217,/products/sports,begin_checkout,2024-10-26 02:08:31,tablet,Safari,email_campaign
SESS-003253,,/products/sports,page_view,2024-06-15 09:29:41,mobile,Samsung Internet,email_campaign
SESS-003254,CUST-0131,/checkout,video_play,2024-08-13 05:05:58,mobile,Chrome,email_campaign
SESS-003255,CUST-0418,/search,page_view,2024-08-19 05:40:14,desktop,Samsung Internet,twitter
SESS-003256,CUST-0420,/checkout/confirmation,purchase,2024-05-17 00:12:31,desktop,Safari,email_campaign
SESS-003257,CUST-0304,/contact,add_to_cart,2024-11-19 10:56:10,tablet,Chrome,email_campaign
SESS-003258,CUST-0280,/products,purchase,2024-12-25 07:35:20,mobile,Safari,
SESS-003259,,/products/clothing,page_view,2024-01-26 19:26:51,tablet,Chrome,tiktok
SESS-003260,,/account/wishlist,scroll,2024-06-28 17:56:17,desktop,Chrome,bing
SESS-003261,CUST-0075,/products/sports,page_view,2024-03-19 14:18:55,desktop,Chrome,
SESS-003262,,/,video_play,2024-09-05 10:06:26,desktop,Chrome,instagram
SESS-003263,,/products/home,page_view,2024-03-14 23:25:26,desktop,Safari,tiktok
SESS-003264,CUST-0254,/checkout/payment,begin_checkout,2024-11-18 15:48:09,mobile,Safari,
SESS-003265,CUST-0284,/products/sports,add_to_cart,2024-01-26 23:34:45,desktop,Chrome,direct
SESS-003266,CUST-0099,/checkout,click,2024-06-27 17:28:36,mobile,Samsung Internet,twitter
SESS-003267,,/account/orders,page_view,2024-07-27 21:01:11,mobile,Chrome,direct
SESS-003268,,/products/home,click,2024-02-29 00:38:08,desktop,Chrome,facebook
SESS-003269,,/search,search,2024-09-30 17:22:16,mobile,Firefox,bing
SESS-003270,CUST-0362,/products/sports,search,2024-11-29 11:31:40,tablet,Chrome,twitter
SESS-003271,,/account/wishlist,purchase,2024-10-10 04:05:39,mobile,Safari,bing
SESS-003272,,/blog,click,2024-08-13 18:29:16,desktop,Chrome,instagram
SESS-003273,CUST-0232,/account,search,2024-05-26 17:17:48,tablet,Chrome,tiktok
SESS-003274,CUST-0244,/products/sports,begin_checkout,2024-11-07 14:42:06,tablet,Safari,email_campaign
SESS-003275,CUST-0044,/products/books,begin_checkout,2024-04-18 00:57:11,desktop,Safari,instagram
SESS-003276,CUST-0077,/products/home,scroll,2024-10-24 17:53:42,mobile,Safari,direct
SESS-003277,,/products/sports,purchase,2024-03-16 15:47:13,desktop,Safari,twitter
SESS-003278,CUST-0177,/products/sports,video_play,2024-05-01 18:24:01,desktop,Chrome,instagram
SESS-003279,,/account/wishlist,scroll,2024-05-18 02:21:29,mobile,Edge,email_campaign
SESS-003280,CUST-0045,/,scroll,2024-04-02 18:51:30,tablet,Safari,direct
SESS-003281,,/about,page_view,2024-07-13 04:17:18,mobile,Edge,twitter
SESS-003282,CUST-0497,/search,click,2024-03-10 10:47:57,tablet,Safari,
SESS-003283,CUST-0407,/about,click,2024-11-05 00:03:15,tablet,Chrome,google
SESS-003284,,/products,remove_from_cart,2024-12-26 06:49:57,mobile,Safari,bing
SESS-003285,CUST-0428,/products/books,scroll,2024-11-14 19:31:27,mobile,Edge,instagram
SESS-003286,CUST-0014,/checkout/confirmation,page_view,2024-10-23 19:30:56,mobile,Firefox,twitter
SESS-003287,CUST-0170,/account,click,2024-08-27 20:17:37,tablet,Firefox,google
SESS-003288,CUST-0141,/account/orders,click,2024-10-10 06:18:39,desktop,Safari,facebook
SESS-003289,CUST-0071,/returns,begin_checkout,2024-01-09 01:26:40,desktop,Samsung Internet,bing
SESS-003290,,/returns,page_view,2024-01-07 20:47:40,tablet,Chrome,email_campaign
SESS-003291,CUST-0203,/blog,add_to_cart,2024-12-07 00:42:16,tablet,Samsung Internet,tiktok
SESS-003292,CUST-0359,/,page_view,2024-07-16 16:36:07,mobile,Chrome,tiktok
SESS-003293,CUST-0124,/products,remove_from_cart,2024-09-25 02:50:59,mobile,Safari,twitter
SESS-003294,,/checkout,purchase,2024-07-02 17:04:50,bot,Googlebot,google
SESS-003295,CUST-0080,/account/wishlist,click,2024-06-13 18:45:17,mobile,Edge,facebook
SESS-003296,CUST-0131,/contact,video_play,2024-07-09 02:23:48,mobile,Samsung Internet,twitter
SESS-003297,,/checkout/payment,page_view,2024-08-13 23:15:17,desktop,Chrome,bing
SESS-003298,CUST-0354,/checkout/confirmation,add_to_cart,2024-02-20 04:11:06,desktop,Chrome,
SESS-003299,CUST-0252,/contact,purchase,2024-05-25 04:28:28,tablet,Safari,tiktok
SESS-003300,CUST-0074,/blog,begin_checkout,2024-05-19 21:38:42,desktop,Chrome,twitter
SESS-003301,CUST-0390,/contact,add_to_cart,2024-09-19 04:01:17,mobile,Firefox,affiliate
SESS-003302,CUST-0364,/,page_view,2024-08-23 00:12:43,tablet,Firefox,tiktok
SESS-003303,CUST-0019,/checkout,purchase,2024-01-07 15:41:09,mobile,Safari,tiktok
SESS-003304,CUST-0015,/blog,begin_checkout,2024-01-03 22:12:28,desktop,Firefox,affiliate
SESS-003305,,/faq,page_view,2024-10-08 16:25:28,desktop,Safari,tiktok
SESS-003306,CUST-0436,/cart,remove_from_cart,2024-05-19 03:29:37,tablet,Chrome,facebook
SESS-003307,CUST-0193,/,scroll,2024-05-22 02:32:26,tablet,Samsung Internet,affiliate
SESS-003308,,/search,video_play,2024-12-19 22:19:21,desktop,Edge,instagram
SESS-003309,,/products/home,click,2024-11-26 05:02:54,desktop,Chrome,direct
SESS-003310,CUST-0050,/blog,click,2024-02-16 18:48:03,bot,AhrefsBot,direct
SESS-003311,,/faq,video_play,2024-03-25 13:11:22,mobile,Safari,twitter
SESS-003312,,/products/sports,video_play,2024-09-06 12:21:38,desktop,Edge,bing
SESS-003313,CUST-0053,/products/electronics,video_play,2024-04-10 12:59:06,desktop,Edge,tiktok
SESS-003314,CUST-0303,/products/home,scroll,2024-09-19 11:20:09,mobile,Safari,
SESS-003315,,/about,page_view,2024-10-16 21:07:38,desktop,Edge,email_campaign
SESS-003316,,/blog,click,2024-02-27 06:25:11,desktop,Safari,instagram
SESS-003317,CUST-0142,/about,begin_checkout,2024-09-22 13:30:35,mobile,Samsung Internet,tiktok
SESS-003318,CUST-0269,/returns,begin_checkout,2024-07-30 15:06:41,mobile,Safari,twitter
SESS-003319,CUST-0221,/contact,click,2024-04-05 14:33:06,desktop,Chrome,instagram
SESS-003320,CUST-0299,/products/home,begin_checkout,2024-03-14 03:11:05,tablet,Safari,email_campaign
SESS-003321,CUST-0016,/contact,add_to_cart,2024-11-12 20:40:07,tablet,Chrome,
SESS-003322,,/faq,click,2024-01-09 01:38:32,tablet,Firefox,email_campaign
SESS-003323,CUST-0027,/about,begin_checkout,2024-06-02 07:37:04,mobile,Edge,facebook
SESS-003324,CUST-0095,/products,page_view,2024-07-03 22:40:54,desktop,Safari,facebook
SESS-003325,CUST-0016,/cart,add_to_cart,2024-03-21 07:36:41,desktop,Safari,google
SESS-003326,CUST-0127,/blog,page_view,2024-08-17 03:50:06,mobile,Chrome,direct
SESS-003327,CUST-0105,/checkout/confirmation,video_play,2024-05-07 23:50:36,mobile,Samsung Internet,bing
SESS-003328,CUST-0437,/products/electronics,page_view,2024-01-07 20:15:49,desktop,Safari,bing
SESS-003329,CUST-0431,/products/books,click,2024-08-13 14:15:19,tablet,Firefox,tiktok
SESS-003330,,/account/orders,click,2024-02-04 02:43:59,mobile,Safari,google
SESS-003331,CUST-0008,/products/electronics,scroll,2024-03-24 20:01:53,desktop,Safari,instagram
SESS-003332,,/products/books,search,2024-08-20 20:26:53,tablet,Firefox,instagram
SESS-003333,,/products/clothing,page_view,2024-02-17 07:02:41,desktop,Samsung Internet,email_campaign
SESS-003334,CUST-0309,/account/orders,purchase,2024-09-12 22:07:18,mobile,Samsung Internet,facebook
SESS-003335,CUST-0141,/checkout/confirmation,click,2024-10-25 01:44:46,mobile,Safari,affiliate
SESS-003336,,/blog,page_view,2024-12-17 04:52:36,desktop,Chrome,twitter
SESS-003337,CUST-0373,/cart,click,2024-09-22 03:47:09,desktop,Chrome,tiktok
SESS-003338,CUST-0139,/account,click,2024-08-31 18:27:49,desktop,Chrome,
SESS-003339,,/faq,page_view,2024-09-05 06:49:05,mobile,Chrome,instagram
SESS-003340,CUST-0234,/cart,remove_from_cart,2024-12-21 14:57:55,mobile,Chrome,facebook
SESS-003341,CUST-0100,/products/clothing,video_play,2024-07-17 09:28:55,desktop,Chrome,
SESS-003342,,/cart,purchase,2024-11-01 21:26:43,mobile,Firefox,instagram
SESS-003343,CUST-0324,/products,page_view,2024-06-30 13:24:38,mobile,Chrome,tiktok
SESS-003344,CUST-0368,/account,scroll,2024-09-14 15:28:24,mobile,Chrome,
SESS-003345,,/products/clothing,click,2024-04-27 07:07:24,tablet,Chrome,facebook
SESS-003346,CUST-0228,/cart,page_view,2024-06-19 02:07:47,mobile,Samsung Internet,instagram
SESS-003347,CUST-0497,/products/books,purchase,2024-07-15 21:19:08,mobile,Edge,affiliate
SESS-003348,,/account,begin_checkout,2024-06-05 07:49:59,mobile,Chrome,email_campaign
SESS-003349,CUST-0163,/products/electronics,add_to_cart,2024-11-01 19:59:04,mobile,Chrome,instagram
SESS-003350,CUST-0286,/checkout/payment,page_view,2024-06-03 04:00:52,mobile,Firefox,direct
SESS-003351,CUST-0047,/returns,purchase,2024-09-29 23:40:44,desktop,Safari,tiktok
SESS-003352,CUST-0415,/account,video_play,2024-02-22 17:36:48,mobile,Chrome,direct
SESS-003353,,/checkout,purchase,2024-11-10 21:13:38,mobile,Chrome,instagram
SESS-003354,CUST-0212,/checkout/confirmation,video_play,2024-01-16 22:07:09,mobile,Chrome,google
SESS-003355,,/account/orders,begin_checkout,2024-03-10 15:08:44,tablet,Chrome,bing
SESS-003356,,/account,click,2024-02-06 16:58:13,tablet,Chrome,facebook
SESS-003357,,/products/home,page_view,2024-08-30 05:24:27,desktop,Firefox,instagram
SESS-003358,,/faq,add_to_cart,2024-07-27 02:15:55,mobile,Firefox,facebook
SESS-003359,,/account/orders,page_view,2024-04-14 23:37:43,mobile,Safari,google
SESS-003360,CUST-0009,/returns,scroll,2024-01-03 08:58:31,desktop,Samsung Internet,google
SESS-003361,CUST-0042,/account/orders,scroll,2024-01-05 00:26:47,desktop,Chrome,email_campaign
SESS-003362,,/products,page_view,2024-08-27 14:24:18,desktop,Chrome,google
SESS-003363,CUST-0377,/cart,page_view,2024-06-08 00:28:36,desktop,Samsung Internet,direct
SESS-003364,CUST-0291,/about,begin_checkout,2024-09-25 13:08:18,desktop,Chrome,email_campaign
SESS-003365,,/products/books,begin_checkout,2024-06-10 07:36:26,desktop,Chrome,email_campaign
SESS-003366,CUST-0277,/,begin_checkout,2024-09-29 16:55:20,desktop,Chrome,bing
SESS-003367,CUST-0335,/products,remove_from_cart,2024-08-06 10:27:55,mobile,Chrome,affiliate
SESS-003368,,/checkout,scroll,2024-04-03 23:48:52,mobile,Chrome,tiktok
SESS-003369,CUST-0304,/checkout/payment,page_view,2024-12-07 07:15:18,tablet,Safari,twitter
SESS-003370,CUST-0146,/products/electronics,begin_checkout,2024-06-09 07:13:42,desktop,Safari,instagram
SESS-003371,CUST-0326,/products/electronics,begin_checkout,2024-12-18 07:55:07,mobile,Chrome,facebook
SESS-003372,,/contact,scroll,2024-06-13 02:26:59,tablet,Chrome,affiliate
SESS-003373,CUST-0212,/checkout/payment,remove_from_cart,2024-03-09 07:12:10,mobile,Firefox,email_campaign
SESS-003374,CUST-0073,/search,purchase,2030-10-20 12:00:00,desktop,Safari,email_campaign
SESS-003375,CUST-0031,/products/sports,video_play,2024-02-29 20:37:04,mobile,Chrome,
SESS-003376,CUST-0273,/products/electronics,click,2024-01-04 07:10:30,tablet,Samsung Internet,facebook
SESS-003377,CUST-0231,/cart,video_play,2024-02-18 06:56:24,mobile,Edge,google
SESS-003378,CUST-0035,/checkout,page_view,2024-05-14 06:52:40,desktop,Samsung Internet,
SESS-003379,CUST-0462,/cart,search,2024-02-27 21:54:20,mobile,Safari,tiktok
SESS-003380,CUST-0207,/products/books,click,2024-05-11 04:29:14,mobile,Samsung Internet,bing
SESS-003381,CUST-0019,/products,remove_from_cart,2024-11-19 08:00:08,mobile,Firefox,bing
SESS-003382,CUST-0260,/account/wishlist,video_play,2024-04-14 07:13:00,mobile,Chrome,twitter
SESS-003383,,/about,begin_checkout,2024-11-05 01:22:43,desktop,Chrome,instagram
SESS-003384,,/about,scroll,2024-10-14 12:00:58,desktop,Samsung Internet,bing
SESS-003385,CUST-0236,/,search,2024-09-27 09:54:09,mobile,Edge,email_campaign
SESS-003386,CUST-0337,/products/electronics,click,2024-03-06 20:07:03,tablet,Safari,tiktok
SESS-003387,,/products/home,page_view,2024-11-29 04:50:00,desktop,Chrome,instagram
SESS-003388,CUST-0259,/products/home,remove_from_cart,2024-07-23 12:19:42,tablet,Firefox,email_campaign
SESS-003389,,/products/home,page_view,2024-09-06 13:59:40,desktop,Safari,facebook
SESS-003390,CUST-0285,/faq,click,2024-01-29 07:14:47,tablet,Safari,tiktok
SESS-003391,,/checkout/payment,search,2024-01-04 22:16:00,tablet,Firefox,google
SESS-003392,,/checkout,add_to_cart,2024-10-20 07:31:28,mobile,Edge,direct
SESS-003393,,/checkout/confirmation,click,2024-09-17 07:32:53,desktop,Chrome,google
SESS-003394,CUST-0120,/checkout/confirmation,video_play,2024-10-08 15:15:14,mobile,Chrome,google
SESS-003395,CUST-0448,/account/wishlist,page_view,2024-12-25 17:11:12,desktop,Firefox,tiktok
SESS-003396,CUST-0494,/products,page_view,2024-09-21 04:32:02,mobile,Edge,twitter
SESS-003397,CUST-0434,/returns,page_view,2024-04-12 03:46:36,tablet,Edge,facebook
SESS-003398,,/checkout/confirmation,click,2024-09-27 13:28:59,mobile,Chrome,affiliate
SESS-003399,CUST-0297,/blog,scroll,2024-01-01 07:38:37,tablet,Safari,
SESS-003400,CUST-0339,/account/orders,video_play,2024-09-07 02:38:22,mobile,Chrome,affiliate
SESS-003401,,/checkout/confirmation,purchase,2024-05-02 23:49:31,desktop,Chrome,twitter
SESS-003402,,/products/sports,video_play,2024-09-18 06:32:01,mobile,Safari,google
SESS-003403,CUST-0093,/,begin_checkout,2024-11-06 16:58:30,desktop,Chrome,email_campaign
SESS-003404,CUST-0196,/products/clothing,begin_checkout,2024-06-21 22:39:07,mobile,Samsung Internet,instagram
SESS-003405,CUST-0235,/faq,add_to_cart,2024-12-01 15:10:21,tablet,Safari,affiliate
SESS-003406,CUST-0485,/returns,begin_checkout,2024-05-24 16:56:18,mobile,Safari,instagram
SESS-003407,,/cart,page_view,2024-08-12 21:07:45,mobile,Samsung Internet,
SESS-003408,CUST-0183,/about,page_view,2024-12-22 21:11:17,desktop,Edge,
SESS-003409,CUST-0314,/products/clothing,click,2024-08-05 14:55:09,tablet,Safari,tiktok
SESS-003410,,/,begin_checkout,2024-10-17 16:04:42,mobile,Chrome,bing
SESS-003411,CUST-0156,/contact,page_view,2024-02-05 22:02:35,desktop,Chrome,instagram
SESS-003412,CUST-0120,/cart,scroll,2024-04-05 21:49:37,mobile,Chrome,bing
SESS-003413,CUST-0428,/checkout/confirmation,remove_from_cart,2024-04-10 02:07:02,mobile,Chrome,facebook
SESS-003414,CUST-0238,/products/clothing,purchase,2024-11-22 07:12:27,mobile,Safari,bing
SESS-003415,CUST-0457,/faq,purchase,2024-11-04 07:47:23,mobile,Chrome,instagram
SESS-003416,CUST-0427,/checkout/payment,purchase,2024-02-16 17:34:59,mobile,Chrome,bing
SESS-003417,CUST-0119,/cart,page_view,2024-01-15 00:21:13,tablet,Samsung Internet,email_campaign
SESS-003418,CUST-0186,/products/home,purchase,2024-06-28 23:36:28,tablet,Chrome,google
SESS-003419,,/products/electronics,purchase,2024-04-30 14:37:15,desktop,Chrome,facebook
SESS-003420,CUST-0395,/checkout,click,2024-06-26 11:38:04,mobile,Chrome,instagram
SESS-003421,CUST-0296,/checkout,page_view,2024-12-01 14:39:47,tablet,Chrome,direct
SESS-003422,,/products,scroll,2024-10-07 06:43:56,mobile,Firefox,
SESS-003423,,/checkout,search,2024-10-03 15:05:38,tablet,Chrome,tiktok
SESS-003424,CUST-0362,/search,page_view,2024-07-13 03:19:06,tablet,Edge,instagram
SESS-003425,CUST-0269,/products/books,begin_checkout,2024-05-06 10:42:06,desktop,Chrome,affiliate
SESS-003426,CUST-0083,/contact,remove_from_cart,2024-06-29 14:31:15,mobile,Chrome,
SESS-003427,CUST-0206,/products/home,scroll,2024-06-24 11:37:40,desktop,Chrome,email_campaign
SESS-003428,,/products/books,page_view,2024-05-21 17:28:38,mobile,Safari,
SESS-003429,CUST-0079,/faq,click,2024-12-19 16:54:10,mobile,Chrome,instagram
SESS-003430,CUST-0240,/checkout/payment,add_to_cart,2024-01-25 04:34:08,bot,SemrushBot,bing
SESS-003431,,/products/books,click,2024-07-04 11:37:55,mobile,Edge,affiliate
SESS-003432,CUST-0345,/products/home,remove_from_cart,2024-09-30 18:59:30,mobile,Chrome,email_campaign
SESS-003433,CUST-0037,/checkout,search,2024-07-22 18:59:40,desktop,Safari,direct
SESS-003434,CUST-0398,/cart,search,1970-01-01 00:00:00,mobile,Samsung Internet,affiliate
SESS-003435,,/checkout/confirmation,remove_from_cart,2024-08-24 08:18:48,mobile,Firefox,direct
SESS-003436,,/checkout/confirmation,page_view,2024-10-05 05:24:57,mobile,Firefox,facebook
SESS-003437,CUST-0175,/checkout/payment,search,2024-04-14 18:31:13,mobile,Safari,google
SESS-003438,CUST-0355,/account/wishlist,click,2024-02-18 13:18:13,desktop,Safari,tiktok
SESS-003439,,/,page_view,2024-07-22 00:47:03,desktop,Safari,tiktok
SESS-003440,,/search,scroll,2024-10-23 11:27:12,desktop,Chrome,twitter
SESS-003441,,/contact,remove_from_cart,2024-12-01 03:09:45,desktop,Safari,instagram
SESS-003442,CUST-0083,/products/home,page_view,2024-02-06 08:29:20,tablet,Safari,twitter
SESS-003443,CUST-0017,/contact,click,2024-06-14 05:28:42,desktop,Chrome,direct
SESS-003444,,/products/home,click,2024-08-31 05:02:26,tablet,Safari,facebook
SESS-003445,,/checkout,video_play,2024-11-30 12:02:27,tablet,Samsung Internet,affiliate
SESS-003446,CUST-0086,/checkout/confirmation,page_view,2024-07-28 13:16:27,mobile,Chrome,facebook
SESS-003447,CUST-0415,/search,begin_checkout,2024-06-20 19:08:44,tablet,Safari,
SESS-003448,CUST-0142,/products/sports,begin_checkout,2024-09-02 00:49:24,mobile,Chrome,facebook
SESS-003449,CUST-0094,/contact,click,2024-12-17 07:36:24,desktop,Firefox,
SESS-003450,CUST-0178,/returns,click,2024-07-11 03:12:15,mobile,Edge,instagram
SESS-003451,CUST-0368,/products/clothing,scroll,2024-11-13 20:22:23,desktop,Firefox,direct
SESS-003452,,/checkout/confirmation,click,2024-04-20 23:20:34,tablet,Chrome,facebook
SESS-003453,CUST-0365,/checkout,page_view,2024-01-30 06:50:26,mobile,Samsung Internet,affiliate
SESS-003454,CUST-0243,/products/sports,purchase,2024-11-20 19:43:01,mobile,Firefox,
SESS-003455,CUST-0336,/checkout,scroll,2024-06-06 03:34:51,desktop,Safari,direct
SESS-003456,,/products/sports,page_view,2024-05-05 01:19:34,mobile,Chrome,direct
SESS-003457,CUST-0447,/,page_view,2024-05-10 00:21:26,desktop,Chrome,bing
SESS-003458,CUST-0038,/,begin_checkout,2024-02-01 06:41:32,tablet,Edge,instagram
SESS-003459,,/products/electronics,click,2024-07-08 18:09:41,desktop,Edge,facebook
SESS-003460,,/faq,page_view,2024-07-29 14:27:29,desktop,Chrome,google
SESS-003461,CUST-0115,/products/sports,remove_from_cart,2024-10-10 04:32:04,mobile,Chrome,bing
SESS-003462,CUST-0346,/account/orders,scroll,2024-03-01 22:56:25,desktop,Edge,instagram
SESS-003463,,/,remove_from_cart,2024-02-22 10:35:43,tablet,Edge,
SESS-003464,CUST-0462,/about,page_view,2024-08-03 15:01:51,mobile,Chrome,affiliate
SESS-003465,CUST-0420,/checkout,remove_from_cart,2024-09-06 03:52:54,tablet,Samsung Internet,affiliate
SESS-003466,CUST-0227,/about,click,2024-10-28 16:29:26,desktop,Firefox,direct
SESS-003467,CUST-0115,/returns,click,2024-03-19 11:44:27,desktop,Samsung Internet,google
SESS-003468,CUST-0247,/returns,search,2024-08-26 08:21:33,desktop,Chrome,direct
SESS-003469,,/products/books,add_to_cart,2024-12-12 12:06:16,mobile,Chrome,affiliate
SESS-003470,CUST-0157,/returns,scroll,2024-08-26 20:51:47,mobile,Firefox,
SESS-003471,CUST-0116,/search,search,2024-01-08 15:56:10,mobile,Chrome,direct
SESS-003472,,/products/books,purchase,2024-01-15 12:20:21,mobile,Safari,direct
SESS-003473,CUST-0249,/account/orders,click,2024-01-30 18:59:29,tablet,Chrome,bing
SESS-003474,,/products/clothing,search,2024-04-01 02:19:51,mobile,Chrome,instagram
SESS-003475,,/products,page_view,2024-08-15 09:06:00,mobile,Edge,affiliate
SESS-003476,CUST-0392,/checkout/payment,begin_checkout,2024-08-19 01:23:11,tablet,Chrome,bing
SESS-003477,CUST-0034,/returns,add_to_cart,2024-10-26 23:57:17,mobile,Chrome,email_campaign
SESS-003478,,/account,click,2024-05-16 14:17:22,tablet,Firefox,affiliate
SESS-003479,,/products/clothing,purchase,2024-01-05 01:12:40,desktop,Firefox,facebook
SESS-003480,CUST-0158,/account/orders,page_view,2024-09-17 03:11:55,desktop,Safari,tiktok
SESS-003481,CUST-0178,/about,click,2024-02-01 12:52:44,desktop,Firefox,tiktok
SESS-003482,CUST-0178,/search,add_to_cart,2024-12-11 18:05:58,desktop,Samsung Internet,tiktok
SESS-003483,CUST-0254,/account/wishlist,page_view,2024-10-31 10:01:47,tablet,Samsung Internet,tiktok
SESS-003484,CUST-0379,/cart,page_view,2024-10-10 11:13:51,mobile,Chrome,instagram
SESS-003485,,/search,remove_from_cart,2024-07-28 23:00:49,desktop,Firefox,google
SESS-003486,CUST-0470,/checkout/payment,add_to_cart,2024-09-18 06:35:20,desktop,Safari,bing
SESS-003487,CUST-0233,/checkout,page_view,2024-11-23 11:21:12,mobile,Edge,affiliate
SESS-003488,,/products/home,begin_checkout,2024-07-30 09:25:42,tablet,Chrome,
SESS-003489,CUST-0199,/checkout/confirmation,begin_checkout,2024-12-14 03:08:14,desktop,Safari,bing
SESS-003490,CUST-0275,/faq,video_play,2024-01-26 17:56:41,tablet,Edge,instagram
SESS-003491,,/cart,purchase,2024-03-27 17:32:34,desktop,Samsung Internet,google
SESS-003492,CUST-0002,/account/wishlist,search,2024-09-01 05:34:08,desktop,Chrome,tiktok
SESS-003493,CUST-0443,/checkout/payment,remove_from_cart,2024-03-22 11:23:27,mobile,Safari,bing
SESS-003494,CUST-0190,/cart,page_view,2024-12-26 18:18:58,tablet,Chrome,tiktok
SESS-003495,CUST-0128,/products/home,purchase,2024-11-11 04:31:38,mobile,Chrome,twitter
SESS-003496,CUST-0366,/products/sports,scroll,2024-11-05 08:09:58,desktop,Safari,direct
SESS-003497,CUST-0189,/faq,page_view,2024-12-05 18:52:20,desktop,Firefox,tiktok
SESS-003498,CUST-0442,/returns,video_play,2024-12-21 12:04:47,desktop,Chrome,twitter
SESS-003499,,/account/orders,click,2024-07-09 07:07:11,mobile,Chrome,
SESS-003500,CUST-0472,/checkout/payment,page_view,2024-02-27 15:15:23,mobile,Samsung Internet,google
SESS-003501,CUST-0233,/products,search,2024-10-25 18:56:04,mobile,Samsung Internet,twitter
SESS-003502,,/products/electronics,video_play,2024-04-22 20:38:52,mobile,Samsung Internet,affiliate
SESS-003503,CUST-0011,/checkout/confirmation,page_view,2024-09-05 20:16:48,desktop,Samsung Internet,bing
SESS-003504,CUST-0253,/blog,purchase,2024-12-20 22:10:02,mobile,Safari,facebook
SESS-003505,,/account/orders,scroll,2024-01-27 17:52:36,mobile,Safari,instagram
SESS-003506,,/products,purchase,2024-07-16 04:53:20,tablet,Samsung Internet,tiktok
SESS-003507,CUST-0137,/products/electronics,purchase,2024-02-22 14:36:42,tablet,Chrome,direct
SESS-003508,,/about,begin_checkout,2024-09-19 00:52:52,tablet,Chrome,direct
SESS-003509,,/,remove_from_cart,2024-03-22 11:49:34,mobile,Chrome,affiliate
SESS-003510,CUST-0420,/faq,add_to_cart,2024-05-14 04:32:17,tablet,Edge,
SESS-003511,CUST-0350,/account,page_view,2024-02-03 03:57:56,tablet,Chrome,google
SESS-003512,,/blog,scroll,2024-08-23 03:50:42,tablet,Firefox,google
SESS-003513,CUST-0227,/,click,2024-08-25 21:36:15,tablet,Edge,email_campaign
SESS-003514,CUST-0066,/cart,purchase,2024-07-21 22:58:31,mobile,Firefox,instagram
SESS-003515,CUST-0193,/products/clothing,page_view,2024-07-11 15:47:42,mobile,Chrome,bing
SESS-003516,CUST-0389,/contact,search,2024-12-25 10:29:06,desktop,Samsung Internet,email_campaign
SESS-003517,CUST-0155,/faq,add_to_cart,2024-08-01 17:15:36,mobile,Safari,bing
SESS-003518,CUST-0404,/products,click,2024-03-31 10:08:38,mobile,Chrome,google
SESS-003519,,/faq,remove_from_cart,2024-04-03 15:43:01,desktop,Samsung Internet,twitter
SESS-003520,CUST-0034,/cart,scroll,2024-05-31 10:22:06,mobile,Chrome,direct
SESS-003521,CUST-0270,/products/electronics,scroll,2024-09-26 22:45:05,mobile,Chrome,
SESS-003522,CUST-0429,/products/sports,search,2024-01-31 13:15:25,mobile,Safari,bing
SESS-003523,CUST-0002,/blog,page_view,2024-01-19 13:48:25,mobile,Samsung Internet,facebook
SESS-003524,,/products/clothing,scroll,2024-03-14 17:03:32,mobile,Safari,affiliate
SESS-003525,CUST-0474,/products,page_view,2024-10-19 10:49:37,tablet,Chrome,tiktok
SESS-003526,CUST-0222,/checkout,add_to_cart,2024-04-27 05:46:08,bot,AhrefsBot,affiliate
SESS-003527,CUST-0050,/cart,remove_from_cart,2024-08-27 06:50:20,mobile,Samsung Internet,facebook
SESS-003528,CUST-0029,/products/clothing,add_to_cart,2024-05-21 01:17:25,mobile,Chrome,tiktok
SESS-003529,CUST-0406,/products/clothing,purchase,2024-12-13 13:29:04,desktop,Safari,email_campaign
SESS-003530,,/returns,purchase,2024-08-06 20:07:48,desktop,Chrome,bing
SESS-003531,,/blog,page_view,2024-07-24 15:58:18,desktop,Chrome,direct
SESS-003532,,/products/sports,purchase,2024-07-29 12:20:44,desktop,Edge,facebook
SESS-003533,CUST-0308,/products/sports,page_view,2024-03-01 12:33:21,mobile,Safari,facebook
SESS-003534,,/returns,remove_from_cart,2024-04-20 01:04:17,desktop,Safari,google
SESS-003535,CUST-0449,/checkout,purchase,2024-10-16 03:58:11,mobile,Firefox,google
SESS-003536,CUST-0045,/returns,video_play,2024-09-17 02:25:22,desktop,Edge,
SESS-003537,,/products/books,video_play,2024-07-02 17:24:55,mobile,Safari,affiliate
SESS-003538,,/search,click,2024-02-19 18:20:05,desktop,Edge,affiliate
SESS-003539,CUST-0311,/blog,remove_from_cart,2024-05-08 11:18:56,desktop,Firefox,twitter
SESS-003540,,/account/wishlist,remove_from_cart,2024-12-31 06:25:17,mobile,Firefox,twitter
SESS-003541,CUST-0010,/products/home,page_view,2024-09-02 23:47:43,desktop,Edge,
SESS-003542,,/,search,2024-09-18 23:24:28,mobile,Safari,facebook
SESS-003543,CUST-0238,/cart,begin_checkout,2024-12-10 10:24:27,desktop,Chrome,direct
SESS-003544,,/search,begin_checkout,2024-10-28 22:32:51,desktop,Safari,instagram
SESS-003545,CUST-0088,/contact,page_view,2024-12-11 14:19:19,mobile,Safari,google
SESS-003546,,/products/sports,purchase,2024-07-19 15:14:46,mobile,Chrome,instagram
SESS-003547,CUST-0421,/account,page_view,2024-02-23 23:16:16,desktop,Chrome,twitter
SESS-003548,CUST-0072,/account/orders,remove_from_cart,2024-02-04 19:46:03,desktop,Firefox,email_campaign
SESS-003549,CUST-0409,/products/electronics,add_to_cart,2024-07-05 11:12:34,tablet,Firefox,google
SESS-003550,CUST-0236,/checkout/payment,page_view,2024-09-30 16:31:17,mobile,Edge,email_campaign
SESS-003551,CUST-0329,/products/books,click,2024-05-25 13:28:42,mobile,Chrome,tiktok
SESS-003552,CUST-0473,/account/wishlist,remove_from_cart,2024-06-01 09:47:37,tablet,Safari,instagram
SESS-003553,CUST-0391,/account,scroll,2030-02-19 12:00:00,desktop,Safari,facebook
SESS-003554,CUST-0210,/search,purchase,2024-04-10 11:24:51,desktop,Samsung Internet,facebook
SESS-003555,CUST-0397,/account/orders,remove_from_cart,2024-07-20 00:58:21,desktop,Chrome,google
SESS-003556,CUST-0239,/checkout/payment,begin_checkout,2024-02-19 06:37:30,mobile,Firefox,tiktok
SESS-003557,CUST-0062,/contact,search,2024-02-25 06:38:52,tablet,Firefox,twitter
SESS-003558,,/contact,search,2024-09-24 00:34:49,mobile,Safari,tiktok
SESS-003559,CUST-0420,/account,page_view,2024-11-08 14:33:15,tablet,Firefox,direct
SESS-003560,CUST-0027,/products/electronics,page_view,2024-05-03 01:51:43,mobile,Chrome,
SESS-003561,,/account/wishlist,scroll,2024-04-23 19:19:05,mobile,Chrome,instagram
SESS-003562,,/search,purchase,2024-01-14 03:47:26,desktop,Chrome,google
SESS-003563,CUST-0179,/account,begin_checkout,2024-12-03 15:12:16,desktop,Safari,affiliate
SESS-003564,,/checkout/payment,page_view,2024-01-26 02:37:41,mobile,Safari,bing
SESS-003565,CUST-0107,/,click,2024-11-13 14:43:37,mobile,Chrome,twitter
SESS-003566,CUST-0435,/checkout/payment,scroll,2024-05-16 11:49:29,mobile,Safari,tiktok
SESS-003567,CUST-0015,/,page_view,2024-06-27 18:14:47,mobile,Samsung Internet,tiktok
SESS-003568,CUST-0260,/products/clothing,video_play,2024-02-17 06:11:18,desktop,Chrome,instagram
SESS-003569,,/products/books,remove_from_cart,2024-11-02 19:24:19,desktop,Chrome,affiliate
SESS-003570,CUST-0437,/checkout/confirmation,remove_from_cart,2024-06-25 18:32:45,tablet,Samsung Internet,facebook
SESS-003571,CUST-0393,/account/orders,page_view,2024-06-15 11:45:20,desktop,Samsung Internet,twitter
SESS-003572,CUST-0349,/products,page_view,2024-05-09 08:13:02,desktop,Safari,
SESS-003573,,/checkout,page_view,2024-10-21 15:28:29,desktop,Chrome,
SESS-003574,CUST-0448,/checkout/confirmation,click,2024-12-23 08:24:39,tablet,Samsung Internet,instagram
SESS-003575,CUST-0002,/blog,remove_from_cart,2024-11-23 04:16:11,desktop,Safari,affiliate
SESS-003576,CUST-0166,/cart,click,2024-07-16 22:14:29,mobile,Firefox,instagram
SESS-003577,,/products/books,click,2024-11-18 10:50:06,desktop,Safari,tiktok
SESS-003578,,/cart,begin_checkout,2024-11-13 07:57:28,desktop,Samsung Internet,direct
SESS-003579,CUST-0481,/products/sports,video_play,2024-03-15 16:46:09,desktop,Chrome,google
SESS-003580,,/account,video_play,2024-03-11 06:28:41,mobile,Safari,bing
SESS-003581,,/checkout/confirmation,remove_from_cart,2024-07-13 00:37:03,mobile,Chrome,affiliate
SESS-003582,CUST-0052,/checkout,remove_from_cart,2024-07-07 23:48:33,tablet,Firefox,affiliate
SESS-003583,CUST-0203,/search,purchase,2024-10-06 03:45:53,tablet,Edge,email_campaign
SESS-003584,CUST-0087,/cart,page_view,2024-11-04 02:41:16,mobile,Firefox,bing
SESS-003585,CUST-0208,/products/books,search,2024-04-29 09:41:50,desktop,Chrome,
SESS-003586,CUST-0048,/products/electronics,click,2024-04-11 21:11:04,desktop,Safari,affiliate
SESS-003587,,/contact,page_view,2024-07-20 12:31:51,mobile,Safari,
SESS-003588,CUST-0066,/products/books,page_view,2024-11-08 23:40:08,desktop,Edge,tiktok
SESS-003589,,/about,search,2024-11-09 20:27:51,mobile,Chrome,
SESS-003590,CUST-0292,/account,video_play,2024-08-26 18:14:15,mobile,Safari,tiktok
SESS-003591,,/,purchase,2024-06-23 11:17:47,tablet,Chrome,google
SESS-003592,CUST-0311,/about,begin_checkout,2024-03-26 10:46:39,mobile,Chrome,
SESS-003593,CUST-0330,/products/electronics,video_play,2024-03-26 20:33:11,mobile,Chrome,affiliate
SESS-003594,CUST-0012,/contact,purchase,2024-01-18 00:10:02,desktop,Chrome,google
SESS-003595,CUST-0061,/products/books,remove_from_cart,2024-06-28 23:25:50,desktop,Samsung Internet,instagram
SESS-003596,,/products/home,page_view,2024-03-28 06:00:51,mobile,Firefox,email_campaign
SESS-003597,CUST-0364,/products/home,page_view,2024-10-08 10:06:09,bot,Python-urllib,affiliate
SESS-003598,CUST-0441,/products,page_view,2024-11-26 05:38:51,desktop,Chrome,facebook
SESS-003599,,/products,video_play,2024-10-29 09:48:34,mobile,Chrome,affiliate
SESS-003600,CUST-0470,/checkout/confirmation,scroll,2024-02-26 10:19:40,mobile,Samsung Internet,
SESS-003601,CUST-0330,/products/books,scroll,2024-09-29 16:17:33,desktop,Chrome,twitter
SESS-003602,,/account/wishlist,begin_checkout,2024-11-19 11:56:18,mobile,Chrome,facebook
SESS-003603,CUST-0075,/returns,search,2024-04-22 15:05:42,tablet,Chrome,google
SESS-003604,CUST-0498,/,page_view,2024-05-30 15:25:50,mobile,Chrome,twitter
SESS-003605,CUST-0247,/products,page_view,2024-06-13 03:01:11,tablet,Chrome,
SESS-003606,CUST-0159,/products/sports,begin_checkout,2024-11-02 07:15:19,mobile,Safari,google
SESS-003607,CUST-0364,/products/books,video_play,2024-06-26 22:00:26,mobile,Samsung Internet,twitter
SESS-003608,CUST-0100,/checkout,remove_from_cart,2024-09-02 20:18:56,mobile,Safari,email_campaign
SESS-003609,,/about,purchase,2024-04-07 14:49:11,tablet,Edge,email_campaign
SESS-003610,CUST-0448,/checkout/payment,begin_checkout,2024-06-25 00:31:15,mobile,Safari,bing
SESS-003611,CUST-0114,/returns,page_view,2024-03-07 04:28:16,tablet,Safari,
SESS-003612,CUST-0006,/blog,begin_checkout,2024-06-30 18:49:04,tablet,Safari,tiktok
SESS-003613,CUST-0021,/products,page_view,2024-04-14 21:42:28,mobile,Chrome,
SESS-003614,,/account/wishlist,click,2024-10-04 15:39:53,desktop,Chrome,google
SESS-003615,CUST-0290,/checkout/confirmation,begin_checkout,2024-11-15 17:53:40,mobile,Chrome,bing
SESS-003616,CUST-0022,/products/home,add_to_cart,2024-10-22 04:24:23,desktop,Chrome,affiliate
SESS-003617,,/faq,begin_checkout,2024-09-12 00:21:57,mobile,Chrome,tiktok
SESS-003618,CUST-0230,/,purchase,2024-11-08 11:25:26,desktop,Edge,instagram
SESS-003619,CUST-0289,/faq,video_play,2024-05-16 23:59:45,desktop,Safari,bing
SESS-003620,CUST-0141,/checkout/payment,page_view,2024-10-25 04:55:50,desktop,Chrome,tiktok
SESS-003621,CUST-0101,/about,click,2024-08-16 02:17:45,mobile,Firefox,affiliate
SESS-003622,,/account/orders,click,2024-12-01 19:51:09,mobile,Samsung Internet,instagram
SESS-003623,CUST-0179,/checkout/confirmation,page_view,2024-07-19 03:32:10,mobile,Safari,email_campaign
SESS-003624,CUST-0355,/products,scroll,2024-01-09 11:30:05,mobile,Chrome,twitter
SESS-003625,CUST-0021,/products/books,begin_checkout,2024-08-09 12:08:39,mobile,Firefox,bing
SESS-003626,CUST-0224,/search,page_view,2024-02-28 04:54:10,mobile,Chrome,email_campaign
SESS-003627,CUST-0161,/checkout/confirmation,video_play,2024-05-14 07:39:05,mobile,Safari,email_campaign
SESS-003628,CUST-0377,/account/wishlist,remove_from_cart,2024-05-05 01:40:29,mobile,Samsung Internet,facebook
SESS-003629,,/cart,begin_checkout,2024-04-08 03:05:51,mobile,Firefox,affiliate
SESS-003630,,/checkout/confirmation,page_view,2024-06-09 03:00:44,mobile,Firefox,
SESS-003631,CUST-0499,/checkout/payment,remove_from_cart,2024-05-08 19:25:50,mobile,Chrome,tiktok
SESS-003632,CUST-0175,/products/clothing,click,2024-10-06 16:49:35,tablet,Safari,tiktok
SESS-003633,CUST-0239,/products/clothing,add_to_cart,2024-06-09 20:14:46,mobile,Safari,instagram
SESS-003634,CUST-0009,/blog,remove_from_cart,2030-05-28 12:00:00,mobile,Firefox,affiliate
SESS-003635,CUST-0090,/,remove_from_cart,2024-02-02 04:41:45,mobile,Samsung Internet,bing
SESS-003636,CUST-0044,/faq,video_play,2024-09-06 18:06:09,mobile,Chrome,facebook
SESS-003637,CUST-0432,/products/clothing,click,2024-11-11 01:04:36,mobile,Samsung Internet,instagram
SESS-003638,CUST-0482,/about,page_view,2024-04-01 13:59:16,tablet,Samsung Internet,bing
SESS-003639,CUST-0272,/checkout/payment,add_to_cart,2024-03-01 10:41:10,desktop,Safari,twitter
SESS-003640,CUST-0333,/products/clothing,purchase,2024-03-22 13:38:36,tablet,Chrome,
SESS-003641,CUST-0366,/checkout/payment,page_view,2024-05-11 10:26:21,desktop,Chrome,facebook
SESS-003642,,/about,page_view,2024-12-04 16:21:54,tablet,Firefox,instagram
SESS-003643,CUST-0174,/blog,page_view,2024-04-01 19:04:07,mobile,Safari,
SESS-003644,CUST-0010,/products,add_to_cart,2024-06-14 19:05:49,desktop,Samsung Internet,google
SESS-003645,CUST-0008,/products/clothing,add_to_cart,2024-01-20 09:43:44,tablet,Safari,direct
SESS-003646,CUST-0011,/products/clothing,purchase,2024-07-13 16:49:58,desktop,Edge,twitter
SESS-003647,CUST-0371,/checkout/payment,remove_from_cart,2024-09-10 00:05:21,tablet,Safari,tiktok
SESS-003648,CUST-0466,/contact,page_view,2024-08-19 05:39:40,tablet,Chrome,direct
SESS-003649,CUST-0110,/contact,page_view,2024-05-05 00:08:42,mobile,Chrome,tiktok
SESS-003650,CUST-0134,/account/wishlist,add_to_cart,2024-06-14 07:45:57,desktop,Safari,twitter
SESS-003651,CUST-0314,/products/books,click,2024-03-13 03:44:10,tablet,Samsung Internet,email_campaign
SESS-003652,CUST-0176,/checkout,video_play,2024-11-29 06:12:25,mobile,Safari,tiktok
SESS-003653,CUST-0096,/checkout/confirmation,page_view,2024-02-05 23:14:36,desktop,Chrome,tiktok
SESS-003654,,/products/clothing,click,2024-01-02 14:34:15,mobile,Edge,facebook
SESS-003655,CUST-0097,/about,search,2024-12-17 23:42:46,tablet,Firefox,instagram
SESS-003656,,/,add_to_cart,2024-01-24 00:13:22,desktop,Samsung Internet,affiliate
SESS-003657,,/,page_view,2024-06-21 01:45:03,tablet,Edge,google
SESS-003658,,/,purchase,2024-10-03 12:45:59,desktop,Chrome,facebook
SESS-003659,CUST-0137,/contact,add_to_cart,2024-02-27 14:08:24,desktop,Chrome,email_campaign
SESS-003660,CUST-0361,/,begin_checkout,2024-03-28 23:37:08,mobile,Edge,email_campaign
SESS-003661,CUST-0465,/products/sports,scroll,2024-09-25 18:08:47,mobile,Chrome,affiliate
SESS-003662,CUST-0200,/checkout,scroll,2024-11-01 02:54:23,tablet,Samsung Internet,tiktok
SESS-003663,CUST-0270,/products/electronics,page_view,2024-01-01 01:52:35,desktop,Samsung Internet,affiliate
SESS-003664,CUST-0116,/checkout,search,2024-03-28 20:21:04,mobile,Chrome,
SESS-003665,,/checkout,scroll,2024-08-27 09:54:17,mobile,Samsung Internet,facebook
SESS-003666,CUST-0027,/search,click,2024-05-01 19:39:40,desktop,Edge,direct
SESS-003667,CUST-0433,/products/books,video_play,2024-04-28 03:18:07,mobile,Chrome,twitter
SESS-003668,CUST-0188,/products/clothing,search,2024-10-03 21:08:10,mobile,Safari,twitter
SESS-003669,,/products/electronics,click,2024-01-03 21:50:49,mobile,Edge,instagram
SESS-003670,,/checkout,purchase,2024-04-27 15:45:40,desktop,Edge,email_campaign
SESS-003671,,/,scroll,2024-09-12 14:24:46,mobile,Chrome,email_campaign
SESS-003672,,/contact,video_play,2024-06-09 10:55:22,tablet,Safari,google
SESS-003673,CUST-0081,/search,purchase,2024-05-14 07:41:12,mobile,Edge,affiliate
SESS-003674,CUST-0303,/products/sports,purchase,2024-08-06 03:03:38,mobile,Samsung Internet,direct
SESS-003675,CUST-0052,/faq,scroll,2024-07-25 19:45:28,mobile,Edge,bing
SESS-003676,CUST-0022,/checkout/payment,begin_checkout,2024-04-13 22:46:34,mobile,Samsung Internet,facebook
SESS-003677,CUST-0302,/checkout/confirmation,purchase,2024-11-13 13:30:21,tablet,Safari,twitter
SESS-003678,CUST-0379,/products/books,video_play,2024-01-17 14:54:27,mobile,Samsung Internet,bing
SESS-003679,CUST-0253,/products/home,page_view,2024-11-10 16:04:10,mobile,Edge,direct
SESS-003680,,/,click,2024-08-14 13:26:23,desktop,Edge,twitter
SESS-003681,CUST-0177,/checkout/payment,purchase,2024-02-13 08:01:17,mobile,Samsung Internet,tiktok
SESS-003682,CUST-0105,/products/electronics,click,2024-12-17 07:09:38,desktop,Edge,facebook
SESS-003683,CUST-0121,/checkout,page_view,2024-06-30 14:06:31,mobile,Safari,tiktok
SESS-003684,CUST-0322,/account,page_view,2024-10-05 10:45:32,desktop,Safari,google
SESS-003685,CUST-0421,/products,remove_from_cart,2024-07-31 04:57:58,mobile,Chrome,tiktok
SESS-003686,CUST-0415,/cart,add_to_cart,2024-08-25 19:28:38,tablet,Firefox,email_campaign
SESS-003687,CUST-0469,/checkout/payment,page_view,2024-01-15 09:01:19,tablet,Safari,instagram
SESS-003688,,/products/clothing,click,2024-06-29 15:16:34,mobile,Chrome,facebook
SESS-003689,CUST-0173,/returns,remove_from_cart,2024-11-09 15:39:28,mobile,Firefox,twitter
SESS-003690,CUST-0254,/faq,click,2024-09-06 02:23:12,mobile,Chrome,affiliate
SESS-003691,,/cart,scroll,2024-06-24 03:06:24,desktop,Samsung Internet,
SESS-003692,,/contact,page_view,2024-03-20 13:16:52,mobile,Samsung Internet,email_campaign
SESS-003693,,/products/sports,remove_from_cart,2024-03-14 06:11:49,desktop,Chrome,affiliate
SESS-003694,CUST-0320,/faq,scroll,1970-01-01 00:00:00,desktop,Chrome,direct
SESS-003695,CUST-0173,/cart,click,2024-08-25 11:33:39,desktop,Chrome,
SESS-003696,,/search,page_view,2024-12-29 06:37:07,mobile,Edge,google
SESS-003697,CUST-0452,/faq,purchase,2024-01-26 07:21:37,desktop,Safari,google
SESS-003698,CUST-0450,/account/wishlist,click,2024-10-08 19:24:43,tablet,Safari,direct
SESS-003699,CUST-0095,/contact,add_to_cart,2024-08-04 00:43:06,tablet,Safari,instagram
SESS-003700,CUST-0164,/faq,purchase,2024-11-04 22:15:59,mobile,Chrome,tiktok
SESS-003701,CUST-0078,/products/sports,page_view,2024-11-05 12:39:29,tablet,Chrome,bing
SESS-003702,CUST-0253,/products/sports,page_view,2024-02-05 18:32:05,tablet,Samsung Internet,facebook
SESS-003703,,/checkout/confirmation,add_to_cart,2024-08-16 07:03:10,desktop,Firefox,affiliate
SESS-003704,CUST-0420,/checkout,begin_checkout,2024-09-10 07:22:26,tablet,Safari,tiktok
SESS-003705,CUST-0253,/products/electronics,search,2024-06-08 12:22:51,desktop,Safari,affiliate
SESS-003706,CUST-0232,/products/clothing,purchase,2024-06-24 10:12:34,desktop,Chrome,email_campaign
SESS-003707,,/checkout,click,2024-12-31 04:01:30,mobile,Safari,tiktok
SESS-003708,CUST-0056,/account/orders,page_view,2024-05-15 17:02:13,tablet,Safari,direct
SESS-003709,,/account/wishlist,add_to_cart,2024-11-01 20:23:40,desktop,Chrome,twitter
SESS-003710,CUST-0248,/search,video_play,2024-11-26 11:41:27,desktop,Firefox,twitter
SESS-003711,CUST-0430,/account/orders,page_view,2024-01-22 10:38:53,tablet,Firefox,twitter
SESS-003712,,/blog,page_view,2024-01-29 16:10:44,mobile,Samsung Internet,
SESS-003713,,/,video_play,2024-06-14 12:35:33,mobile,Chrome,direct
SESS-003714,CUST-0352,/account/wishlist,video_play,2024-03-14 11:05:59,mobile,Firefox,bing
SESS-003715,CUST-0095,/about,page_view,2024-09-03 02:35:12,desktop,Safari,email_campaign
SESS-003716,,/products/home,begin_checkout,2024-06-08 04:17:33,desktop,Chrome,twitter
SESS-003717,CUST-0439,/account/wishlist,page_view,2024-10-09 01:41:12,desktop,Chrome,tiktok
SESS-003718,,/account/orders,remove_from_cart,2024-05-25 13:13:11,desktop,Safari,email_campaign
SESS-003719,CUST-0349,/,scroll,2024-07-14 23:44:21,desktop,Safari,facebook
SESS-003720,CUST-0238,/account/wishlist,video_play,2024-04-14 11:47:49,mobile,Firefox,
SESS-003721,,/checkout/payment,video_play,2024-05-12 00:54:23,mobile,Samsung Internet,tiktok
SESS-003722,CUST-0428,/products/sports,scroll,2024-01-01 07:45:21,mobile,Firefox,email_campaign
SESS-003723,CUST-0054,/,video_play,2024-09-08 22:15:28,tablet,Safari,bing
SESS-003724,CUST-0233,/checkout/confirmation,search,2024-03-18 19:23:37,mobile,Chrome,twitter
SESS-003725,CUST-0286,/products/clothing,search,2024-11-18 16:00:23,mobile,Edge,google
SESS-003726,,/products/sports,page_view,2024-01-02 17:27:16,desktop,Chrome,affiliate
SESS-003727,,/products/sports,video_play,2024-09-04 03:10:56,tablet,Firefox,direct
SESS-003728,,/,video_play,2024-04-26 15:51:22,tablet,Chrome,instagram
SESS-003729,CUST-0318,/products/sports,click,2024-03-28 19:30:11,mobile,Chrome,direct
SESS-003730,CUST-0463,/account/wishlist,remove_from_cart,2024-09-03 03:59:57,mobile,Safari,email_campaign
SESS-003731,CUST-0070,/products/clothing,begin_checkout,2024-07-03 13:05:20,tablet,Safari,instagram
SESS-003732,CUST-0439,/faq,video_play,2024-03-29 20:05:07,bot,SemrushBot,google
SESS-003733,CUST-0451,/cart,begin_checkout,2024-10-12 12:07:23,tablet,Chrome,
SESS-003734,CUST-0201,/contact,begin_checkout,2024-07-26 10:07:05,mobile,Edge,direct
SESS-003735,CUST-0234,/faq,video_play,2024-02-20 19:19:24,bot,Googlebot,
SESS-003736,,/products,video_play,2024-07-23 10:05:52,mobile,Safari,google
SESS-003737,CUST-0281,/blog,scroll,2024-05-23 16:34:01,tablet,Edge,instagram
SESS-003738,,/products/clothing,remove_from_cart,2024-01-07 01:26:16,desktop,Chrome,tiktok
SESS-003739,,/search,purchase,2024-06-04 23:06:07,mobile,Chrome,facebook
SESS-003740,CUST-0042,/about,search,2024-06-14 01:18:34,tablet,Safari,bing
SESS-003741,CUST-0487,/products/home,purchase,2024-11-23 14:37:29,desktop,Chrome,
SESS-003742,CUST-0236,/products,click,2024-11-04 18:30:48,mobile,Firefox,facebook
SESS-003743,CUST-0316,/account/orders,scroll,2024-11-14 04:39:05,desktop,Chrome,facebook
SESS-003744,CUST-0056,/products,page_view,2024-12-27 18:54:03,tablet,Chrome,
SESS-003745,CUST-0458,/contact,purchase,2024-02-10 12:56:43,mobile,Chrome,facebook
SESS-003746,CUST-0405,/products/clothing,add_to_cart,2024-02-06 14:32:26,desktop,Safari,direct
SESS-003747,,/,begin_checkout,2024-04-15 14:22:22,mobile,Edge,facebook
SESS-003748,,/checkout/payment,video_play,2024-11-22 01:05:41,desktop,Samsung Internet,tiktok
SESS-003749,CUST-0403,/checkout/payment,page_view,2024-04-18 12:33:37,tablet,Firefox,facebook
SESS-003750,CUST-0017,/,scroll,2024-12-06 22:24:38,tablet,Chrome,bing
SESS-003751,CUST-0169,/account,click,2024-06-30 03:37:30,desktop,Chrome,
SESS-003752,CUST-0005,/checkout,page_view,2024-09-04 21:49:19,desktop,Chrome,direct
SESS-003753,CUST-0125,/faq,remove_from_cart,2024-03-03 14:57:59,desktop,Chrome,
SESS-003754,CUST-0364,/,page_view,2024-01-09 15:57:43,mobile,Chrome,direct
SESS-003755,CUST-0113,/search,page_view,2024-10-15 19:36:22,tablet,Chrome,bing
SESS-003756,CUST-0333,/account,video_play,2024-04-03 01:14:48,mobile,Chrome,
SESS-003757,CUST-0268,/account/orders,search,2024-11-02 08:46:27,mobile,Firefox,direct
SESS-003758,,/products/sports,add_to_cart,2024-03-19 12:46:52,tablet,Safari,instagram
SESS-003759,,/search,click,2024-12-28 20:10:52,mobile,Firefox,instagram
SESS-003760,CUST-0467,/search,click,2024-06-08 21:34:53,tablet,Samsung Internet,google
SESS-003761,CUST-0027,/blog,page_view,2024-04-24 09:14:07,tablet,Safari,direct
SESS-003762,,/search,begin_checkout,2024-04-06 03:40:58,desktop,Chrome,google
SESS-003763,,/search,scroll,2024-12-18 18:20:38,mobile,Safari,bing
SESS-003764,CUST-0359,/cart,page_view,2024-01-24 06:04:54,desktop,Chrome,tiktok
SESS-003765,,/products/home,add_to_cart,2024-09-19 14:42:06,mobile,Chrome,instagram
SESS-003766,CUST-0072,/products/books,click,2024-02-28 06:26:17,mobile,Chrome,email_campaign
SESS-003767,,/products/sports,video_play,2024-03-02 16:47:50,mobile,Samsung Internet,bing
SESS-003768,,/account/wishlist,remove_from_cart,2024-11-21 08:49:54,mobile,Safari,direct
SESS-003769,,/about,page_view,2024-08-02 06:33:29,mobile,Chrome,instagram
SESS-003770,,/products/home,video_play,2024-02-01 08:54:30,mobile,Chrome,twitter
SESS-003771,CUST-0460,/checkout/payment,scroll,2024-01-23 01:06:53,desktop,Chrome,bing
SESS-003772,CUST-0437,/blog,video_play,2024-05-30 22:23:31,mobile,Samsung Internet,tiktok
SESS-003773,CUST-0394,/account,page_view,2024-04-16 20:21:41,desktop,Safari,
SESS-003774,CUST-0300,/products/home,click,2024-07-30 12:26:23,desktop,Chrome,tiktok
SESS-003775,CUST-0108,/about,purchase,2024-01-28 06:56:30,mobile,Firefox,facebook
SESS-003776,,/returns,begin_checkout,2024-03-30 21:13:44,mobile,Chrome,email_campaign
SESS-003777,CUST-0489,/contact,add_to_cart,2024-10-22 00:48:41,mobile,Chrome,direct
SESS-003778,,/products/electronics,remove_from_cart,2024-04-17 03:19:24,desktop,Safari,instagram
SESS-003779,CUST-0474,/account/wishlist,scroll,2024-08-06 12:14:03,mobile,Safari,
SESS-003780,,/,purchase,2024-03-09 05:22:08,desktop,Chrome,affiliate
SESS-003781,CUST-0473,/account,video_play,2024-10-24 15:31:49,desktop,Firefox,
SESS-003782,CUST-0374,/products/electronics,page_view,2024-03-18 22:02:01,desktop,Chrome,email_campaign
SESS-003783,,/search,purchase,2024-10-31 04:44:50,tablet,Safari,email_campaign
SESS-003784,CUST-0188,/cart,page_view,2024-12-16 23:54:51,mobile,Samsung Internet,direct
SESS-003785,CUST-0100,/products/sports,video_play,2024-10-22 14:36:38,mobile,Chrome,google
SESS-003786,,/account/wishlist,scroll,2024-11-16 10:44:15,desktop,Edge,tiktok
SESS-003787,CUST-0375,/account,page_view,2024-08-07 00:41:08,desktop,Safari,facebook
SESS-003788,CUST-0263,/contact,begin_checkout,2024-07-21 04:29:36,desktop,Chrome,affiliate
SESS-003789,CUST-0102,/checkout,search,2024-10-15 21:16:59,mobile,Chrome,instagram
SESS-003790,CUST-0042,/search,page_view,2024-06-29 20:25:45,mobile,Chrome,
SESS-003791,CUST-0091,/checkout/confirmation,scroll,2024-10-17 23:44:54,desktop,Safari,direct
SESS-003792,CUST-0014,/checkout/confirmation,click,2024-04-29 20:23:36,mobile,Chrome,instagram
SESS-003793,,/products/sports,purchase,2024-11-22 07:27:41,desktop,Safari,bing
SESS-003794,CUST-0239,/,scroll,2024-08-18 18:27:30,bot,SemrushBot,direct
SESS-003795,,/products/books,page_view,2024-11-28 11:48:37,mobile,Safari,instagram
SESS-003796,,/returns,video_play,2024-02-10 05:29:12,mobile,Chrome,bing
SESS-003797,CUST-0030,/account/orders,click,2024-02-14 09:06:02,mobile,Samsung Internet,bing
SESS-003798,CUST-0463,/faq,click,2024-12-08 00:09:30,mobile,Firefox,email_campaign
SESS-003799,,/faq,video_play,2024-10-11 16:27:51,mobile,Edge,tiktok
SESS-003800,CUST-0108,/account/orders,page_view,2024-12-29 14:51:35,desktop,Edge,bing
SESS-003801,,/returns,page_view,2024-01-12 11:56:26,tablet,Chrome,email_campaign
SESS-003802,,/account,click,2024-08-08 07:48:03,desktop,Safari,instagram
SESS-003803,CUST-0052,/account,video_play,2024-09-03 18:02:17,desktop,Chrome,twitter
SESS-003804,CUST-0402,/products/home,purchase,2024-04-15 17:50:22,mobile,Chrome,
SESS-003805,CUST-0493,/contact,begin_checkout,2024-07-11 21:43:13,desktop,Chrome,facebook
SESS-003806,CUST-0315,/search,scroll,2024-07-21 07:25:28,desktop,Safari,
SESS-003807,CUST-0049,/checkout,page_view,2024-07-12 14:08:17,tablet,Edge,tiktok
SESS-003808,CUST-0374,/checkout,page_view,2024-12-31 09:54:06,mobile,Samsung Internet,
SESS-003809,CUST-0155,/checkout,video_play,2024-03-12 17:01:57,tablet,Chrome,google
SESS-003810,CUST-0383,/account/orders,search,2024-10-03 00:00:27,desktop,Safari,email_campaign
SESS-003811,CUST-0414,/checkout/confirmation,search,2024-06-15 07:36:34,mobile,Chrome,facebook
SESS-003812,CUST-0216,/checkout,video_play,2024-04-18 23:31:12,mobile,Safari,twitter
SESS-003813,,/contact,purchase,2024-06-16 08:38:33,desktop,Chrome,email_campaign
SESS-003814,CUST-0067,/about,page_view,2024-02-12 10:45:05,desktop,Edge,instagram
SESS-003815,CUST-0149,/products,page_view,2024-01-30 04:27:01,desktop,Chrome,facebook
SESS-003816,,/,page_view,2024-03-09 21:22:54,desktop,Chrome,facebook
SESS-003817,CUST-0279,/contact,page_view,2024-01-25 16:49:59,mobile,Safari,tiktok
SESS-003818,,/search,click,2024-07-19 19:17:27,mobile,Firefox,email_campaign
SESS-003819,CUST-0466,/products/home,click,2024-03-08 00:31:24,mobile,Chrome,facebook
SESS-003820,CUST-0421,/account/wishlist,add_to_cart,2024-03-08 12:05:56,mobile,Safari,direct
SESS-003821,CUST-0299,/products/home,page_view,2024-05-25 23:26:06,mobile,Chrome,bing
SESS-003822,CUST-0062,/returns,page_view,2024-05-02 22:24:45,desktop,Samsung Internet,tiktok
SESS-003823,,/returns,begin_checkout,2024-04-19 13:34:54,tablet,Safari,bing
SESS-003824,,/checkout,page_view,2024-01-17 04:02:52,mobile,Samsung Internet,bing
SESS-003825,,/account/orders,remove_from_cart,2024-01-01 18:04:59,mobile,Chrome,bing
SESS-003826,CUST-0393,/products/home,page_view,2024-11-16 20:50:45,mobile,Chrome,tiktok
SESS-003827,,/blog,page_view,2024-05-03 17:31:10,tablet,Samsung Internet,bing
SESS-003828,CUST-0208,/products/books,remove_from_cart,2024-01-30 09:17:36,desktop,Chrome,direct
SESS-003829,CUST-0404,/products/clothing,search,2024-11-08 19:10:19,mobile,Samsung Internet,
SESS-003830,CUST-0125,/returns,begin_checkout,2024-09-12 03:50:21,mobile,Safari,google
SESS-003831,CUST-0320,/cart,begin_checkout,2024-06-26 02:34:32,mobile,Safari,tiktok
SESS-003832,,/about,click,2024-10-29 19:47:42,mobile,Safari,
SESS-003833,CUST-0359,/products/books,purchase,2024-04-04 02:34:05,desktop,Edge,bing
SESS-003834,CUST-0326,/contact,video_play,2024-06-15 01:55:49,tablet,Edge,
SESS-003835,CUST-0170,/faq,remove_from_cart,2024-06-21 15:19:41,mobile,Samsung Internet,instagram
SESS-003836,CUST-0383,/products,click,2024-08-29 00:45:42,mobile,Chrome,
SESS-003837,,/account,click,2024-11-01 11:06:42,desktop,Samsung Internet,google
SESS-003838,,/checkout/payment,add_to_cart,2024-07-11 15:38:37,desktop,Chrome,twitter
SESS-003839,CUST-0338,/search,add_to_cart,2024-11-19 08:20:44,mobile,Samsung Internet,email_campaign
SESS-003840,CUST-0280,/contact,add_to_cart,2024-01-12 17:42:15,desktop,Chrome,facebook
SESS-003841,CUST-0184,/about,video_play,2024-12-10 12:24:32,mobile,Safari,direct
SESS-003842,CUST-0051,/checkout/confirmation,page_view,2024-12-27 02:02:04,desktop,Chrome,twitter
SESS-003843,CUST-0059,/,scroll,2024-03-12 14:14:54,mobile,Chrome,bing
SESS-003844,,/returns,click,2024-02-12 05:32:32,desktop,Chrome,tiktok
SESS-003845,,/products/electronics,add_to_cart,2024-04-24 08:39:42,mobile,Safari,tiktok
SESS-003846,CUST-0427,/checkout,remove_from_cart,2024-12-28 17:19:32,mobile,Safari,direct
SESS-003847,CUST-0258,/contact,click,2024-02-19 08:24:42,tablet,Firefox,twitter
SESS-003848,CUST-0212,/account,click,2024-08-28 10:39:22,mobile,Safari,email_campaign
SESS-003849,CUST-0031,/search,click,2024-03-10 11:05:33,desktop,Firefox,twitter
SESS-003850,,/faq,page_view,2024-04-28 11:33:53,desktop,Chrome,facebook
SESS-003851,CUST-0340,/products/home,add_to_cart,2024-12-04 18:58:44,mobile,Safari,instagram
SESS-003852,CUST-0259,/contact,remove_from_cart,2024-02-13 08:48:42,mobile,Chrome,affiliate
SESS-003853,CUST-0079,/contact,scroll,2024-02-22 05:26:24,tablet,Samsung Internet,
SESS-003854,CUST-0192,/account,click,2024-07-18 10:54:57,tablet,Chrome,email_campaign
SESS-003855,,/products/home,scroll,2024-09-03 03:49:26,mobile,Safari,bing
SESS-003856,CUST-0123,/returns,remove_from_cart,2024-03-16 20:34:15,mobile,Chrome,email_campaign
SESS-003857,CUST-0045,/search,scroll,2024-09-23 05:50:48,tablet,Safari,email_campaign
SESS-003858,CUST-0327,/checkout/confirmation,remove_from_cart,2024-01-22 20:28:59,desktop,Chrome,google
SESS-003859,CUST-0168,/products/electronics,scroll,2024-02-20 19:18:21,desktop,Safari,direct
SESS-003860,CUST-0262,/account,click,2024-02-05 16:13:41,mobile,Firefox,twitter
SESS-003861,CUST-0167,/,search,2024-10-21 06:24:01,mobile,Safari,email_campaign
SESS-003862,CUST-0263,/search,page_view,2024-06-03 22:00:55,mobile,Edge,tiktok
SESS-003863,,/checkout,page_view,2024-04-08 20:34:20,mobile,Chrome,facebook
SESS-003864,CUST-0247,/contact,page_view,2024-09-13 23:49:40,desktop,Chrome,bing
SESS-003865,CUST-0381,/checkout/confirmation,click,2024-08-13 23:22:10,mobile,Firefox,bing
SESS-003866,CUST-0197,/products,click,2024-02-24 14:31:14,mobile,Chrome,instagram
SESS-003867,CUST-0061,/products/home,add_to_cart,2024-12-04 21:01:29,mobile,Chrome,tiktok
SESS-003868,CUST-0107,/returns,click,2024-11-28 00:12:51,mobile,Safari,direct
SESS-003869,,/products/books,add_to_cart,2024-05-02 10:09:18,desktop,Edge,instagram
SESS-003870,CUST-0233,/,add_to_cart,2024-08-04 05:06:26,tablet,Samsung Internet,twitter
SESS-003871,CUST-0369,/products/books,purchase,2024-01-15 04:36:52,tablet,Firefox,facebook
SESS-003872,CUST-0462,/account,page_view,2024-08-19 01:44:06,mobile,Firefox,facebook
SESS-003873,,/account/wishlist,page_view,2024-11-20 12:53:52,mobile,Samsung Internet,instagram
SESS-003874,CUST-0120,/account,search,2024-02-20 08:00:38,desktop,Edge,direct
SESS-003875,,/,add_to_cart,2024-11-24 07:26:16,desktop,Samsung Internet,instagram
SESS-003876,CUST-0476,/account,scroll,2024-06-12 06:18:02,mobile,Chrome,bing
SESS-003877,CUST-0266,/products,purchase,2024-07-09 08:42:47,mobile,Safari,google
SESS-003878,CUST-0377,/checkout/payment,video_play,2024-12-14 04:36:40,mobile,Firefox,instagram
SESS-003879,,/search,add_to_cart,2024-05-08 09:31:33,tablet,Firefox,direct
SESS-003880,CUST-0266,/checkout/confirmation,purchase,2024-02-12 07:20:39,mobile,Firefox,
SESS-003881,,/search,scroll,2024-09-12 17:31:29,mobile,Chrome,twitter
SESS-003882,,/products/electronics,click,2024-03-09 06:16:02,mobile,Firefox,twitter
SESS-003883,CUST-0006,/products/electronics,begin_checkout,2024-10-22 13:14:09,mobile,Chrome,facebook
SESS-003884,CUST-0219,/contact,page_view,2024-03-11 07:20:25,tablet,Safari,bing
SESS-003885,CUST-0072,/products/home,search,2024-02-24 07:16:51,desktop,Firefox,
SESS-003886,CUST-0363,/account,remove_from_cart,2024-06-21 09:59:35,tablet,Chrome,facebook
SESS-003887,,/products/electronics,purchase,2024-04-25 04:50:07,mobile,Safari,bing
SESS-003888,CUST-0414,/products/electronics,add_to_cart,2024-08-03 11:17:03,mobile,Edge,twitter
SESS-003889,CUST-0125,/,purchase,2024-04-15 23:51:08,tablet,Samsung Internet,google
SESS-003890,CUST-0262,/checkout,video_play,2024-07-19 13:04:38,desktop,Safari,email_campaign
SESS-003891,,/checkout/payment,page_view,2024-08-10 02:32:01,tablet,Safari,
SESS-003892,CUST-0350,/about,scroll,2024-03-27 13:32:50,mobile,Firefox,tiktok
SESS-003893,CUST-0297,/account,page_view,2024-03-07 16:29:51,tablet,Chrome,direct
SESS-003894,CUST-0340,/returns,search,2024-08-20 09:26:22,desktop,Edge,facebook
SESS-003895,,/,search,2024-07-01 01:48:55,mobile,Samsung Internet,
SESS-003896,CUST-0492,/contact,click,2024-03-10 16:12:26,desktop,Safari,instagram
SESS-003897,CUST-0035,/faq,page_view,2024-04-10 21:23:47,mobile,Samsung Internet,direct
SESS-003898,CUST-0283,/cart,click,2024-05-28 00:33:47,desktop,Safari,direct
SESS-003899,,/checkout/confirmation,page_view,2024-10-20 12:40:59,mobile,Samsung Internet,direct
SESS-003900,CUST-0480,/account,page_view,2024-11-18 02:07:37,desktop,Chrome,instagram
SESS-003901,CUST-0204,/returns,page_view,2024-06-04 17:33:36,tablet,Firefox,direct
SESS-003902,CUST-0400,/products,page_view,2024-02-04 18:37:17,mobile,Firefox,direct
SESS-003903,CUST-0055,/checkout/confirmation,search,2024-10-31 04:41:49,mobile,Samsung Internet,tiktok
SESS-003904,,/products/clothing,page_view,2024-04-08 03:18:33,desktop,Samsung Internet,google
SESS-003905,CUST-0127,/checkout/payment,purchase,2024-02-06 18:38:35,mobile,Edge,affiliate
SESS-003906,,/products/books,search,2024-02-18 09:37:36,mobile,Chrome,facebook
SESS-003907,CUST-0445,/account/wishlist,begin_checkout,2024-10-11 14:44:21,desktop,Safari,instagram
SESS-003908,CUST-0321,/products/home,click,2024-02-09 22:39:06,tablet,Firefox,instagram
SESS-003909,CUST-0369,/account/wishlist,page_view,2024-07-07 09:19:09,desktop,Safari,affiliate
SESS-003910,CUST-0276,/returns,scroll,2024-03-01 19:51:25,mobile,Chrome,twitter
SESS-003911,CUST-0358,/account/orders,remove_from_cart,2024-12-31 11:12:48,tablet,Chrome,
SESS-003912,,/products/books,page_view,2024-05-03 00:02:55,desktop,Chrome,
SESS-003913,,/blog,click,2024-11-19 19:06:05,desktop,Safari,affiliate
SESS-003914,CUST-0077,/,click,2024-10-09 14:02:05,desktop,Chrome,google
SESS-003915,CUST-0188,/blog,page_view,2024-04-04 22:58:12,tablet,Edge,facebook
SESS-003916,,/checkout/payment,search,2024-06-04 01:24:36,mobile,Safari,facebook
SESS-003917,CUST-0334,/about,purchase,2024-08-03 00:52:23,desktop,Chrome,google
SESS-003918,CUST-0202,/checkout,click,2024-01-21 05:02:49,desktop,Samsung Internet,direct
SESS-003919,CUST-0097,/account/wishlist,purchase,2024-05-27 17:55:51,desktop,Chrome,instagram
SESS-003920,CUST-0272,/contact,remove_from_cart,2024-10-03 05:57:39,mobile,Chrome,facebook
SESS-003921,CUST-0032,/checkout,page_view,2024-02-04 15:37:57,mobile,Firefox,instagram
SESS-003922,CUST-0226,/account/wishlist,search,2024-09-26 02:55:15,tablet,Firefox,direct
SESS-003923,,/checkout/confirmation,page_view,2024-02-07 03:35:43,mobile,Samsung Internet,
SESS-003924,,/checkout/payment,scroll,2024-07-31 15:15:41,tablet,Chrome,twitter
SESS-003925,,/account,page_view,2024-04-04 00:16:53,mobile,Firefox,instagram
SESS-003926,,/contact,video_play,2024-07-22 06:16:02,mobile,Chrome,instagram
SESS-003927,CUST-0282,/products/sports,add_to_cart,2024-05-01 16:00:49,mobile,Edge,twitter
SESS-003928,,/cart,search,2024-12-31 19:47:11,desktop,Safari,google
SESS-003929,CUST-0476,/products/electronics,search,2024-09-29 22:46:26,tablet,Safari,
SESS-003930,,/cart,search,2024-08-24 06:42:45,desktop,Samsung Internet,bing
SESS-003931,,/checkout/confirmation,page_view,2024-01-12 16:40:14,desktop,Chrome,twitter
SESS-003932,CUST-0133,/faq,begin_checkout,2024-07-17 12:57:52,desktop,Safari,tiktok
SESS-003933,CUST-0229,/products/books,purchase,2024-01-06 23:00:06,desktop,Firefox,bing
SESS-003934,,/products/sports,begin_checkout,2024-05-05 15:14:16,mobile,Chrome,bing
SESS-003935,,/products/clothing,add_to_cart,2024-08-08 12:22:12,desktop,Chrome,
SESS-003936,CUST-0435,/returns,scroll,2024-10-13 14:18:54,desktop,Chrome,bing
SESS-003937,,/returns,add_to_cart,2024-03-01 18:22:08,desktop,Firefox,direct
SESS-003938,CUST-0237,/products/books,page_view,2024-08-12 09:42:57,mobile,Safari,instagram
SESS-003939,,/faq,click,2024-04-13 12:12:06,mobile,Chrome,facebook
SESS-003940,CUST-0313,/account,purchase,2024-11-20 10:43:09,tablet,Chrome,direct
SESS-003941,CUST-0029,/checkout,page_view,2024-09-24 13:07:29,mobile,Firefox,direct
SESS-003942,,/products/home,video_play,2024-05-27 19:23:04,tablet,Safari,affiliate
SESS-003943,CUST-0245,/search,click,2024-07-13 05:39:18,tablet,Edge,
SESS-003944,,/checkout/confirmation,remove_from_cart,2024-02-20 03:07:00,mobile,Edge,
SESS-003945,CUST-0094,/account/wishlist,remove_from_cart,2024-03-11 17:26:10,mobile,Safari,instagram
SESS-003946,CUST-0157,/account/orders,click,2024-06-30 05:01:23,desktop,Chrome,twitter
SESS-003947,,/faq,search,2024-04-11 13:36:04,desktop,Samsung Internet,email_campaign
SESS-003948,CUST-0032,/products/books,page_view,2024-03-01 03:48:47,mobile,Safari,tiktok
SESS-003949,CUST-0167,/faq,page_view,2024-04-22 05:12:17,desktop,Chrome,facebook
SESS-003950,CUST-0107,/products/clothing,begin_checkout,2024-07-26 14:55:39,mobile,Samsung Internet,bing
SESS-003951,CUST-0081,/checkout/payment,remove_from_cart,2024-08-18 12:27:25,mobile,Safari,instagram
SESS-003952,CUST-0312,/products/clothing,page_view,2024-11-06 09:15:25,desktop,Chrome,
SESS-003953,CUST-0164,/products/clothing,add_to_cart,2024-04-13 21:30:30,bot,Googlebot,
SESS-003954,CUST-0344,/faq,page_view,2024-11-30 23:00:13,mobile,Edge,google
SESS-003955,CUST-0055,/products/clothing,purchase,2024-03-23 14:30:46,mobile,Edge,
SESS-003956,CUST-0021,/contact,begin_checkout,2024-12-10 12:34:17,mobile,Chrome,twitter
SESS-003957,CUST-0029,/checkout/confirmation,search,2024-09-08 00:14:07,desktop,Safari,email_campaign
SESS-003958,,/cart,page_view,2024-05-05 08:03:17,mobile,Firefox,affiliate
SESS-003959,,/products,click,2024-07-29 01:26:47,tablet,Firefox,affiliate
SESS-003960,CUST-0368,/products/sports,click,2024-11-02 19:13:33,mobile,Chrome,
SESS-003961,,/checkout,click,2024-10-18 04:23:39,tablet,Firefox,bing
SESS-003962,CUST-0327,/checkout/payment,page_view,2024-09-02 17:38:40,mobile,Safari,twitter
SESS-003963,,/faq,video_play,2024-12-02 21:09:19,mobile,Edge,google
SESS-003964,CUST-0123,/account/orders,click,2024-06-25 04:39:05,desktop,Chrome,
SESS-003965,CUST-0287,/search,page_view,2024-11-11 20:07:54,mobile,Chrome,google
SESS-003966,,/products/clothing,add_to_cart,2024-06-11 20:51:54,mobile,Chrome,tiktok
SESS-003967,,/products/home,click,2024-02-29 02:39:26,mobile,Firefox,bing
SESS-003968,,/products/electronics,video_play,2024-11-04 19:38:22,desktop,Chrome,google
SESS-003969,CUST-0253,/account/wishlist,remove_from_cart,2024-12-28 23:03:42,desktop,Firefox,
SESS-003970,CUST-0452,/blog,search,2024-02-28 16:30:47,desktop,Safari,bing
SESS-003971,,/checkout/confirmation,click,2024-10-23 10:52:46,bot,Bingbot,facebook
SESS-003972,CUST-0069,/checkout/payment,search,2024-05-26 16:48:23,tablet,Safari,
SESS-003973,CUST-0159,/cart,purchase,2024-11-06 14:23:54,desktop,Chrome,google
SESS-003974,,/checkout/payment,page_view,2024-04-15 11:01:01,mobile,Chrome,email_campaign
SESS-003975,CUST-0045,/account/orders,click,2024-01-19 05:06:39,mobile,Chrome,
SESS-003976,,/faq,begin_checkout,2024-11-05 16:30:09,mobile,Safari,facebook
SESS-003977,CUST-0367,/products,add_to_cart,2024-11-04 22:45:54,desktop,Chrome,google
SESS-003978,,/search,remove_from_cart,2024-08-30 20:47:26,tablet,Safari,affiliate
SESS-003979,,/contact,video_play,2024-06-24 23:55:27,mobile,Chrome,affiliate
SESS-003980,CUST-0356,/account/wishlist,search,2024-09-22 20:27:38,mobile,Edge,tiktok
SESS-003981,CUST-0139,/about,add_to_cart,2024-07-19 07:24:23,desktop,Edge,email_campaign
SESS-003982,CUST-0360,/account/wishlist,video_play,2024-07-26 02:24:40,desktop,Chrome,email_campaign
SESS-003983,CUST-0065,/cart,scroll,2024-12-06 23:16:21,desktop,Edge,tiktok
SESS-003984,CUST-0205,/products/electronics,purchase,2024-12-11 14:45:38,desktop,Firefox,affiliate
SESS-003985,CUST-0291,/account,page_view,2024-01-13 22:23:53,mobile,Chrome,facebook
SESS-003986,CUST-0364,/,scroll,2024-06-05 11:26:03,mobile,Firefox,email_campaign
SESS-003987,CUST-0048,/account/orders,begin_checkout,2024-05-03 03:34:48,mobile,Chrome,affiliate
SESS-003988,,/checkout,remove_from_cart,2024-04-20 01:03:36,mobile,Chrome,direct
SESS-003989,CUST-0139,/checkout,scroll,2024-06-28 00:51:01,tablet,Chrome,bing
SESS-003990,,/faq,search,2024-12-20 19:31:52,desktop,Edge,email_campaign
SESS-003991,,/,remove_from_cart,2024-05-07 19:45:24,desktop,Chrome,affiliate
SESS-003992,CUST-0286,/products/sports,begin_checkout,2024-07-02 22:13:50,mobile,Safari,facebook
SESS-003993,CUST-0344,/account/orders,remove_from_cart,2024-03-15 19:28:16,mobile,Edge,
SESS-003994,CUST-0307,/returns,click,2024-12-06 03:50:00,mobile,Firefox,instagram
SESS-003995,CUST-0269,/products/electronics,video_play,2024-08-27 13:44:27,mobile,Firefox,instagram
SESS-003996,CUST-0377,/checkout/payment,search,2024-03-19 21:56:07,desktop,Samsung Internet,bing
SESS-003997,,/account,begin_checkout,2024-10-03 07:27:29,mobile,Chrome,google
SESS-003998,CUST-0193,/cart,scroll,2024-07-08 10:51:36,mobile,Chrome,facebook
SESS-003999,,/blog,click,2024-12-02 08:14:38,mobile,Safari,facebook
SESS-004000,CUST-0458,/products/clothing,page_view,2024-05-06 13:10:33,desktop,Chrome,bing
SESS-004001,CUST-0429,/products,page_view,2024-11-19 03:44:55,tablet,Samsung Internet,bing
SESS-004002,CUST-0213,/checkout/confirmation,begin_checkout,2024-05-06 14:26:49,tablet,Safari,instagram
SESS-004003,CUST-0304,/returns,remove_from_cart,2024-08-05 08:33:43,mobile,Safari,twitter
SESS-004004,CUST-0259,/blog,purchase,2024-09-07 14:16:54,mobile,Safari,twitter
SESS-004005,CUST-0426,/account/orders,add_to_cart,2024-03-03 00:54:07,desktop,Samsung Internet,affiliate
SESS-004006,CUST-0450,/account,begin_checkout,2024-11-25 18:57:06,tablet,Safari,google
SESS-004007,,/account,scroll,2024-05-30 16:57:08,tablet,Safari,affiliate
SESS-004008,CUST-0370,/products/home,begin_checkout,2024-03-03 19:59:51,tablet,Safari,facebook
SESS-004009,,/checkout/payment,remove_from_cart,2024-09-21 01:24:10,mobile,Edge,twitter
SESS-004010,CUST-0476,/products,purchase,2024-05-26 10:35:05,desktop,Chrome,bing
SESS-004011,CUST-0493,/contact,page_view,2024-01-16 10:33:54,mobile,Safari,bing
SESS-004012,CUST-0428,/cart,page_view,2024-07-17 11:10:09,mobile,Edge,affiliate
SESS-004013,CUST-0245,/checkout/confirmation,page_view,2024-10-28 01:15:39,desktop,Chrome,affiliate
SESS-004014,CUST-0299,/contact,click,2024-02-13 13:05:38,desktop,Edge,
SESS-004015,CUST-0328,/products/clothing,scroll,2024-08-22 09:36:15,tablet,Samsung Internet,tiktok
SESS-004016,CUST-0144,/checkout/confirmation,page_view,2024-08-10 23:36:05,mobile,Firefox,tiktok
SESS-004017,CUST-0014,/contact,click,2024-05-16 17:42:33,tablet,Samsung Internet,tiktok
SESS-004018,CUST-0274,/products,page_view,2024-09-26 02:18:11,mobile,Edge,affiliate
SESS-004019,,/faq,scroll,2024-07-25 01:57:23,tablet,Edge,tiktok
SESS-004020,CUST-0012,/account,scroll,2024-09-15 22:25:31,desktop,Chrome,
SESS-004021,,/products/sports,search,2024-01-15 07:51:46,desktop,Firefox,instagram
SESS-004022,CUST-0068,/checkout/confirmation,click,2024-10-29 01:59:45,tablet,Chrome,facebook
SESS-004023,CUST-0212,/products,page_view,2024-11-27 20:19:43,desktop,Firefox,google
SESS-004024,CUST-0183,/products/home,search,2024-05-28 02:33:53,mobile,Chrome,direct
SESS-004025,,/account/wishlist,click,2024-10-30 10:49:46,bot,Python-urllib,
SESS-004026,,/account/orders,page_view,2024-10-09 19:04:17,mobile,Samsung Internet,twitter
SESS-004027,CUST-0010,/products/electronics,scroll,2024-09-20 13:52:45,tablet,Chrome,direct
SESS-004028,CUST-0231,/products,search,2024-12-10 23:12:17,desktop,Edge,twitter
SESS-004029,CUST-0135,/cart,page_view,2024-01-03 00:34:08,mobile,Chrome,email_campaign
SESS-004030,CUST-0363,/contact,page_view,2024-08-20 16:05:12,tablet,Chrome,instagram
SESS-004031,CUST-0342,/returns,search,2024-01-31 19:13:38,mobile,Chrome,instagram
SESS-004032,CUST-0428,/products/electronics,add_to_cart,2024-05-06 14:19:21,desktop,Safari,affiliate
SESS-004033,CUST-0472,/contact,add_to_cart,2024-06-24 10:06:10,mobile,Samsung Internet,email_campaign
SESS-004034,CUST-0389,/products/sports,purchase,2024-12-19 09:14:28,tablet,Chrome,tiktok
SESS-004035,CUST-0142,/products/electronics,page_view,2024-06-16 11:20:09,desktop,Edge,facebook
SESS-004036,CUST-0079,/faq,click,2024-07-03 23:35:11,tablet,Safari,direct
SESS-004037,CUST-0457,/checkout/confirmation,remove_from_cart,2024-06-27 14:54:45,desktop,Samsung Internet,affiliate
SESS-004038,CUST-0200,/blog,remove_from_cart,2024-01-18 07:46:58,mobile,Firefox,google
SESS-004039,CUST-0032,/products/home,add_to_cart,2024-08-05 22:23:53,mobile,Chrome,email_campaign
SESS-004040,CUST-0170,/cart,click,2024-03-09 09:59:53,desktop,Chrome,google
SESS-004041,CUST-0357,/products/electronics,remove_from_cart,2024-07-17 08:25:06,desktop,Chrome,instagram
SESS-004042,CUST-0235,/account/orders,remove_from_cart,2024-02-14 05:29:57,mobile,Chrome,google
SESS-004043,,/products/home,page_view,2024-10-12 01:32:57,tablet,Safari,email_campaign
SESS-004044,,/search,search,2024-09-15 10:30:34,mobile,Edge,google
SESS-004045,,/account,page_view,2024-08-13 03:35:47,tablet,Chrome,instagram
SESS-004046,,/products/clothing,remove_from_cart,2024-09-18 00:50:12,mobile,Firefox,twitter
SESS-004047,CUST-0008,/account/wishlist,search,2024-07-17 22:54:11,tablet,Chrome,tiktok
SESS-004048,CUST-0399,/account/wishlist,video_play,2024-09-07 21:16:57,desktop,Chrome,facebook
SESS-004049,,/products/clothing,remove_from_cart,2024-07-21 13:51:07,desktop,Chrome,bing
SESS-004050,CUST-0283,/products/home,scroll,2024-01-06 11:41:24,tablet,Safari,google
SESS-004051,CUST-0214,/products,page_view,2024-12-12 06:43:14,tablet,Edge,bing
SESS-004052,CUST-0151,/products/clothing,add_to_cart,2024-07-08 21:14:58,desktop,Chrome,email_campaign
SESS-004053,CUST-0073,/faq,video_play,1970-01-01 00:00:00,tablet,Samsung Internet,bing
SESS-004054,CUST-0282,/,add_to_cart,2024-11-17 01:51:42,mobile,Safari,twitter
SESS-004055,CUST-0483,/checkout/payment,search,2024-11-10 15:38:50,mobile,Safari,google
SESS-004056,CUST-0062,/cart,scroll,2024-02-10 18:35:14,tablet,Firefox,twitter
SESS-004057,CUST-0199,/products,add_to_cart,2024-11-27 08:58:17,tablet,Safari,tiktok
SESS-004058,CUST-0259,/account/wishlist,remove_from_cart,2024-12-31 17:12:10,tablet,Chrome,google
SESS-004059,,/cart,add_to_cart,2024-11-05 20:53:29,mobile,Chrome,email_campaign
SESS-004060,,/contact,video_play,2024-08-10 11:56:05,tablet,Chrome,twitter
SESS-004061,CUST-0333,/account/orders,click,2024-12-24 20:30:57,desktop,Chrome,tiktok
SESS-004062,CUST-0327,/products,page_view,2024-12-19 16:53:56,mobile,Chrome,twitter
SESS-004063,CUST-0194,/returns,page_view,2024-11-21 13:25:16,tablet,Chrome,email_campaign
SESS-004064,CUST-0126,/checkout/confirmation,click,2024-04-18 22:53:12,bot,Bingbot,email_campaign
SESS-004065,,/returns,begin_checkout,2024-02-08 10:38:37,mobile,Edge,affiliate
SESS-004066,CUST-0309,/blog,video_play,2024-12-15 21:55:49,desktop,Edge,google
SESS-004067,CUST-0131,/account/wishlist,click,2024-03-02 02:46:32,tablet,Safari,facebook
SESS-004068,CUST-0249,/account/wishlist,purchase,2024-11-15 13:42:51,tablet,Safari,
SESS-004069,,/checkout/payment,video_play,2024-04-25 00:28:59,desktop,Chrome,affiliate
SESS-004070,CUST-0366,/account,purchase,2024-07-19 15:18:35,desktop,Chrome,facebook
SESS-004071,CUST-0145,/,remove_from_cart,2024-10-01 07:18:52,mobile,Samsung Internet,google
SESS-004072,CUST-0335,/account/orders,page_view,1970-01-01 00:00:00,tablet,Chrome,facebook
SESS-004073,CUST-0055,/blog,page_view,2024-04-04 16:09:14,tablet,Safari,tiktok
SESS-004074,CUST-0493,/faq,click,2024-11-09 06:10:25,desktop,Safari,facebook
SESS-004075,CUST-0043,/about,click,2024-05-04 00:53:20,mobile,Edge,email_campaign
SESS-004076,CUST-0380,/products/electronics,click,2024-08-24 02:51:49,desktop,Chrome,google
SESS-004077,CUST-0429,/products/books,add_to_cart,2024-01-22 11:26:18,mobile,Chrome,direct
SESS-004078,CUST-0296,/faq,add_to_cart,2024-09-15 05:07:19,mobile,Chrome,instagram
SESS-004079,,/search,page_view,2024-03-19 04:50:02,mobile,Safari,bing
SESS-004080,CUST-0367,/products/clothing,click,2024-03-06 11:53:23,mobile,Chrome,
SESS-004081,CUST-0348,/products/books,search,2024-07-20 01:51:49,mobile,Safari,email_campaign
SESS-004082,CUST-0267,/cart,purchase,2024-07-21 14:17:06,mobile,Edge,instagram
SESS-004083,CUST-0222,/products/home,search,2024-03-30 18:58:23,mobile,Firefox,facebook
SESS-004084,CUST-0330,/returns,click,2024-12-19 13:07:34,mobile,Safari,facebook
SESS-004085,,/products,click,2024-03-30 14:44:45,desktop,Edge,
SESS-004086,CUST-0267,/checkout/confirmation,page_view,2024-12-11 22:17:20,tablet,Samsung Internet,email_campaign
SESS-004087,,/account,page_view,2024-11-14 15:01:20,desktop,Safari,facebook
SESS-004088,CUST-0335,/products/books,page_view,2024-03-11 08:56:31,mobile,Safari,tiktok
SESS-004089,,/account/wishlist,click,2024-04-28 16:55:03,tablet,Safari,direct
SESS-004090,CUST-0190,/blog,video_play,2024-01-30 05:05:05,desktop,Chrome,google
SESS-004091,CUST-0143,/about,click,2024-10-08 06:55:57,desktop,Samsung Internet,direct
SESS-004092,CUST-0366,/account,video_play,1970-01-01 00:00:00,mobile,Edge,instagram
SESS-004093,CUST-0446,/products/home,video_play,2024-09-08 00:40:41,desktop,Firefox,tiktok
SESS-004094,,/account/orders,page_view,2024-08-14 11:26:02,mobile,Chrome,bing
SESS-004095,CUST-0238,/checkout,remove_from_cart,2024-01-21 19:28:07,desktop,Safari,twitter
SESS-004096,CUST-0324,/products/home,begin_checkout,2024-08-03 02:17:17,desktop,Edge,google
SESS-004097,CUST-0043,/products/books,page_view,2024-03-02 21:43:58,tablet,Safari,tiktok
SESS-004098,,/products/electronics,purchase,2024-09-15 00:31:09,tablet,Firefox,facebook
SESS-004099,CUST-0023,/products/electronics,remove_from_cart,2024-10-06 14:47:41,desktop,Chrome,tiktok
SESS-004100,,/search,purchase,2024-10-21 00:57:34,tablet,Samsung Internet,email_campaign
SESS-004101,CUST-0433,/products/home,click,2024-01-17 06:59:40,mobile,Chrome,google
SESS-004102,CUST-0326,/account/wishlist,video_play,2024-02-15 09:18:21,mobile,Safari,google
SESS-004103,CUST-0449,/,page_view,2024-11-09 15:56:59,desktop,Firefox,direct
SESS-004104,,/products/electronics,page_view,2024-06-03 08:05:36,desktop,Samsung Internet,twitter
SESS-004105,CUST-0474,/checkout/confirmation,begin_checkout,2024-01-07 05:39:45,tablet,Chrome,direct
SESS-004106,CUST-0001,/,add_to_cart,2024-10-19 19:49:25,desktop,Safari,bing
SESS-004107,CUST-0019,/account/wishlist,remove_from_cart,2024-06-20 02:35:47,desktop,Safari,
SESS-004108,,/,purchase,2024-01-29 19:29:28,desktop,Chrome,twitter
SESS-004109,CUST-0427,/products/clothing,click,2024-05-24 16:39:22,tablet,Safari,bing
SESS-004110,,/account/orders,remove_from_cart,2024-08-29 14:58:26,tablet,Chrome,email_campaign
SESS-004111,CUST-0420,/cart,page_view,2024-02-05 12:41:57,desktop,Chrome,bing
SESS-004112,,/returns,page_view,2024-10-13 17:26:40,desktop,Chrome,instagram
SESS-004113,CUST-0118,/search,remove_from_cart,2024-10-07 00:11:49,mobile,Chrome,
SESS-004114,CUST-0352,/checkout,scroll,2024-01-29 08:51:37,mobile,Edge,affiliate
SESS-004115,CUST-0131,/returns,purchase,2024-06-10 08:47:30,desktop,Firefox,facebook
SESS-004116,CUST-0092,/contact,purchase,2024-10-02 15:19:52,mobile,Safari,instagram
SESS-004117,CUST-0442,/account/orders,video_play,2024-05-16 23:52:02,mobile,Safari,email_campaign
SESS-004118,CUST-0248,/products,page_view,2024-11-27 02:34:12,tablet,Samsung Internet,twitter
SESS-004119,,/blog,page_view,2024-05-16 13:02:28,mobile,Safari,tiktok
SESS-004120,,/contact,page_view,2024-06-10 17:40:12,tablet,Chrome,tiktok
SESS-004121,CUST-0471,/products,search,2024-01-15 14:08:40,mobile,Firefox,facebook
SESS-004122,CUST-0463,/account/orders,page_view,2024-01-08 19:12:39,desktop,Safari,google
SESS-004123,CUST-0136,/blog,scroll,2024-08-17 01:53:03,tablet,Samsung Internet,affiliate
SESS-004124,CUST-0119,/blog,click,2024-05-08 20:27:28,desktop,Safari,facebook
SESS-004125,CUST-0107,/contact,search,2024-08-13 09:19:22,mobile,Firefox,
SESS-004126,,/blog,add_to_cart,2024-07-26 22:37:38,mobile,Samsung Internet,google
SESS-004127,CUST-0064,/products/electronics,page_view,2024-07-28 15:52:04,desktop,Edge,
SESS-004128,CUST-0080,/cart,click,2024-03-24 23:16:39,bot,Python-urllib,instagram
SESS-004129,CUST-0110,/faq,search,2024-01-04 05:11:55,mobile,Safari,tiktok
SESS-004130,,/account,page_view,2024-08-11 15:52:42,desktop,Samsung Internet,direct
SESS-004131,,/faq,add_to_cart,2024-03-27 00:57:32,tablet,Safari,direct
SESS-004132,CUST-0357,/products/home,remove_from_cart,2024-02-01 16:27:22,mobile,Safari,affiliate
SESS-004133,CUST-0343,/account/wishlist,begin_checkout,2024-11-21 04:08:29,mobile,Edge,google
SESS-004134,CUST-0378,/account,search,2024-07-11 19:22:06,mobile,Firefox,facebook
SESS-004135,CUST-0213,/about,page_view,2024-08-22 23:53:46,desktop,Chrome,affiliate
SESS-004136,CUST-0482,/about,add_to_cart,2024-09-06 12:07:45,tablet,Firefox,twitter
SESS-004137,,/search,page_view,2024-10-11 04:53:53,tablet,Safari,direct
SESS-004138,CUST-0429,/faq,purchase,2024-10-04 21:55:16,tablet,Samsung Internet,facebook
SESS-004139,,/products/home,click,2024-12-16 20:47:51,mobile,Safari,bing
SESS-004140,,/contact,page_view,2024-01-01 12:24:41,desktop,Edge,facebook
SESS-004141,CUST-0441,/about,search,2024-03-06 18:35:06,desktop,Safari,bing
SESS-004142,CUST-0499,/products/home,begin_checkout,2024-09-15 13:51:16,mobile,Chrome,email_campaign
SESS-004143,,/account,remove_from_cart,2024-02-03 03:55:54,tablet,Edge,affiliate
SESS-004144,CUST-0158,/faq,add_to_cart,2024-10-23 08:10:10,desktop,Chrome,twitter
SESS-004145,CUST-0299,/account/orders,click,2024-11-04 03:00:45,mobile,Safari,
SESS-004146,CUST-0218,/products/books,click,2024-06-18 06:59:01,desktop,Safari,direct
SESS-004147,,/blog,page_view,2024-05-06 03:17:40,desktop,Chrome,affiliate
SESS-004148,,/products/clothing,begin_checkout,2024-02-01 07:14:24,mobile,Safari,tiktok
SESS-004149,,/account/orders,click,2024-11-03 05:34:12,desktop,Chrome,instagram
SESS-004150,,/,remove_from_cart,2024-01-02 16:46:14,tablet,Firefox,
SESS-004151,CUST-0106,/blog,purchase,2024-08-04 13:35:34,desktop,Chrome,twitter
SESS-004152,CUST-0071,/search,page_view,2024-08-10 00:34:00,mobile,Chrome,bing
SESS-004153,CUST-0278,/,scroll,2024-07-19 12:01:32,mobile,Chrome,google
SESS-004154,CUST-0130,/checkout/payment,begin_checkout,2024-04-01 23:31:07,desktop,Chrome,instagram
SESS-004155,CUST-0366,/products,search,2030-08-23 12:00:00,desktop,Safari,email_campaign
SESS-004156,CUST-0377,/search,video_play,2024-06-19 21:54:44,mobile,Chrome,twitter
SESS-004157,,/,click,2024-06-17 09:38:21,tablet,Safari,tiktok
SESS-004158,CUST-0475,/,add_to_cart,2024-11-01 17:04:11,desktop,Firefox,email_campaign
SESS-004159,CUST-0110,/products/sports,video_play,2024-05-08 13:52:19,mobile,Safari,instagram
SESS-004160,CUST-0353,/account/orders,remove_from_cart,2024-11-25 17:16:08,desktop,Chrome,google
SESS-004161,CUST-0029,/faq,begin_checkout,2024-03-20 00:10:17,mobile,Safari,google
SESS-004162,CUST-0149,/account,remove_from_cart,2024-04-22 17:47:28,mobile,Chrome,bing
SESS-004163,CUST-0363,/products/home,add_to_cart,2024-10-31 19:44:38,desktop,Edge,facebook
SESS-004164,CUST-0309,/products/sports,begin_checkout,2024-01-12 10:18:43,mobile,Edge,direct
SESS-004165,,/about,page_view,2024-11-08 23:13:54,mobile,Firefox,instagram
SESS-004166,,/checkout,remove_from_cart,2024-12-21 03:10:18,tablet,Safari,instagram
SESS-004167,CUST-0161,/returns,page_view,2024-09-27 04:04:33,desktop,Chrome,
SESS-004168,,/search,remove_from_cart,1970-01-01 00:00:00,tablet,Chrome,tiktok
SESS-004169,CUST-0446,/checkout/confirmation,page_view,2024-02-15 11:00:16,tablet,Edge,facebook
SESS-004170,CUST-0362,/returns,page_view,2024-07-27 07:05:54,desktop,Safari,google
SESS-004171,CUST-0187,/products/clothing,page_view,2024-02-01 13:08:46,desktop,Chrome,google
SESS-004172,CUST-0421,/,page_view,2024-07-21 11:29:04,mobile,Chrome,google
SESS-004173,CUST-0394,/faq,page_view,2024-03-23 19:38:25,mobile,Firefox,facebook
SESS-004174,,/account,search,2024-03-15 16:41:51,desktop,Chrome,bing
SESS-004175,CUST-0418,/products/home,add_to_cart,2024-12-15 09:50:54,mobile,Chrome,google
SESS-004176,CUST-0356,/,page_view,2024-08-20 15:22:03,mobile,Samsung Internet,bing
SESS-004177,CUST-0186,/blog,page_view,2024-10-30 02:27:19,tablet,Firefox,twitter
SESS-004178,CUST-0076,/checkout/confirmation,add_to_cart,2024-12-08 19:08:26,mobile,Firefox,direct
SESS-004179,CUST-0407,/contact,remove_from_cart,2024-07-04 07:37:02,mobile,Chrome,tiktok
SESS-004180,CUST-0037,/about,page_view,2024-02-01 09:53:47,desktop,Edge,facebook
SESS-004181,CUST-0290,/,page_view,2024-04-11 01:44:45,mobile,Firefox,
SESS-004182,,/checkout/payment,click,2024-09-16 21:03:12,tablet,Edge,tiktok
SESS-004183,CUST-0382,/account/orders,page_view,2024-08-29 13:49:42,mobile,Chrome,affiliate
SESS-004184,,/checkout/confirmation,page_view,2024-03-29 10:54:27,mobile,Safari,direct
SESS-004185,,/products/books,page_view,2024-12-15 06:37:30,bot,Googlebot,twitter
SESS-004186,CUST-0281,/account,purchase,2024-02-21 13:19:26,desktop,Firefox,twitter
SESS-004187,CUST-0078,/checkout/payment,add_to_cart,2024-12-03 17:48:53,tablet,Chrome,google
SESS-004188,,/checkout/payment,remove_from_cart,2024-07-12 10:42:12,mobile,Samsung Internet,affiliate
SESS-004189,CUST-0060,/checkout/payment,purchase,2024-03-06 13:56:38,desktop,Chrome,direct
SESS-004190,CUST-0148,/account/wishlist,begin_checkout,2024-09-04 14:56:15,desktop,Edge,facebook
SESS-004191,CUST-0228,/checkout,begin_checkout,2024-01-14 06:36:17,desktop,Chrome,tiktok
SESS-004192,CUST-0324,/checkout,page_view,2024-03-24 23:32:20,mobile,Samsung Internet,facebook
SESS-004193,CUST-0483,/account/wishlist,search,2024-07-07 01:35:20,desktop,Firefox,affiliate
SESS-004194,CUST-0225,/products,search,2024-10-29 20:06:45,desktop,Edge,facebook
SESS-004195,CUST-0359,/,remove_from_cart,2024-07-14 07:04:17,tablet,Edge,facebook
SESS-004196,CUST-0001,/products/electronics,begin_checkout,2024-09-25 21:48:51,mobile,Chrome,bing
SESS-004197,CUST-0173,/cart,page_view,2024-03-14 06:14:02,mobile,Safari,facebook
SESS-004198,CUST-0365,/,page_view,2024-11-25 23:32:20,tablet,Chrome,google
SESS-004199,,/products/sports,page_view,2024-12-31 22:57:01,mobile,Chrome,instagram
SESS-004200,CUST-0273,/contact,page_view,2024-07-17 13:10:28,tablet,Chrome,
SESS-004201,,/cart,page_view,2024-10-19 11:31:46,mobile,Chrome,instagram
SESS-004202,CUST-0157,/cart,click,2024-04-02 04:49:08,desktop,Edge,instagram
SESS-004203,CUST-0064,/contact,add_to_cart,2024-12-27 14:18:54,mobile,Safari,google
SESS-004204,CUST-0391,/faq,page_view,2024-04-12 03:06:45,mobile,Safari,instagram
SESS-004205,,/returns,page_view,2024-10-12 02:35:05,tablet,Chrome,bing
SESS-004206,CUST-0310,/checkout,remove_from_cart,2024-02-25 17:00:40,desktop,Chrome,google
SESS-004207,CUST-0018,/cart,video_play,2024-10-26 00:18:29,desktop,Safari,instagram
SESS-004208,,/,click,2024-01-24 20:31:18,mobile,Samsung Internet,direct
SESS-004209,,/search,scroll,2024-07-05 07:51:23,tablet,Chrome,email_campaign
SESS-004210,,/account,page_view,2024-08-10 15:25:55,tablet,Firefox,instagram
SESS-004211,CUST-0083,/account/orders,scroll,2024-01-16 17:02:41,tablet,Chrome,tiktok
SESS-004212,CUST-0145,/products/electronics,click,2024-12-06 00:34:49,mobile,Chrome,google
SESS-004213,CUST-0471,/contact,page_view,2024-09-17 18:14:37,desktop,Chrome,instagram
SESS-004214,,/checkout,purchase,2024-08-31 23:33:05,desktop,Safari,google
SESS-004215,,/checkout/confirmation,click,2024-08-20 14:44:06,desktop,Chrome,email_campaign
SESS-004216,,/contact,scroll,2024-09-25 19:51:44,tablet,Firefox,direct
SESS-004217,CUST-0143,/products/electronics,page_view,2024-10-17 00:52:35,mobile,Chrome,affiliate
SESS-004218,CUST-0380,/search,page_view,2024-09-15 16:36:21,mobile,Chrome,direct
SESS-004219,,/account,add_to_cart,2024-08-19 13:31:38,mobile,Edge,twitter
SESS-004220,CUST-0394,/faq,click,2024-04-26 13:55:40,tablet,Firefox,twitter
SESS-004221,CUST-0424,/checkout,purchase,2024-05-17 06:43:31,mobile,Edge,facebook
SESS-004222,,/cart,click,2024-07-23 01:30:58,tablet,Chrome,bing
SESS-004223,CUST-0251,/checkout/confirmation,scroll,2024-02-28 19:43:25,desktop,Edge,affiliate
SESS-004224,CUST-0183,/returns,add_to_cart,2024-08-10 07:20:57,tablet,Chrome,tiktok
SESS-004225,,/search,page_view,2024-02-05 08:55:53,desktop,Samsung Internet,instagram
SESS-004226,,/products,page_view,2024-05-19 23:58:37,tablet,Safari,email_campaign
SESS-004227,,/search,page_view,2024-11-15 03:13:09,tablet,Safari,email_campaign
SESS-004228,,/search,begin_checkout,2024-07-12 19:05:42,desktop,Safari,instagram
SESS-004229,CUST-0331,/returns,begin_checkout,2024-03-21 13:43:58,mobile,Chrome,twitter
SESS-004230,,/products/clothing,purchase,2024-09-06 02:06:36,mobile,Edge,affiliate
SESS-004231,,/products/sports,click,2024-07-25 11:18:14,tablet,Chrome,twitter
SESS-004232,CUST-0418,/contact,add_to_cart,2024-02-10 03:20:15,desktop,Samsung Internet,direct
SESS-004233,CUST-0349,/products/home,page_view,2024-04-18 01:14:09,desktop,Safari,direct
SESS-004234,CUST-0040,/products/home,begin_checkout,2024-09-30 15:49:52,tablet,Chrome,instagram
SESS-004235,CUST-0372,/checkout/confirmation,click,2024-09-03 22:18:52,tablet,Safari,affiliate
SESS-004236,CUST-0170,/account/orders,purchase,2024-12-25 05:41:40,desktop,Chrome,tiktok
SESS-004237,,/checkout,page_view,2024-10-23 18:37:33,desktop,Safari,
SESS-004238,CUST-0188,/products/clothing,video_play,2024-05-29 11:44:21,mobile,Firefox,bing
SESS-004239,CUST-0377,/products,add_to_cart,1970-01-01 00:00:00,desktop,Chrome,email_campaign
SESS-004240,CUST-0293,/checkout,purchase,2024-12-27 23:15:35,mobile,Chrome,affiliate
SESS-004241,CUST-0445,/account/wishlist,begin_checkout,2024-03-06 21:23:10,tablet,Edge,tiktok
SESS-004242,,/checkout/payment,video_play,2024-05-16 08:37:04,mobile,Samsung Internet,email_campaign
SESS-004243,CUST-0330,/account,page_view,2024-12-25 11:50:40,desktop,Safari,tiktok
SESS-004244,CUST-0487,/,click,2024-04-19 21:50:28,tablet,Safari,direct
SESS-004245,CUST-0495,/account/wishlist,search,2024-03-11 04:01:34,mobile,Samsung Internet,
SESS-004246,CUST-0154,/faq,click,2024-09-27 09:05:59,desktop,Safari,instagram
SESS-004247,CUST-0019,/checkout/confirmation,add_to_cart,2024-01-18 13:20:45,mobile,Safari,facebook
SESS-004248,,/products/clothing,add_to_cart,2024-11-02 03:06:45,desktop,Chrome,instagram
SESS-004249,CUST-0378,/products/sports,click,2024-04-09 15:43:19,tablet,Safari,bing
SESS-004250,CUST-0465,/contact,begin_checkout,2024-06-19 22:53:43,desktop,Samsung Internet,email_campaign
SESS-004251,CUST-0390,/products/clothing,scroll,2024-03-31 20:32:03,mobile,Chrome,email_campaign
SESS-004252,CUST-0107,/products/electronics,page_view,2024-12-26 22:56:07,desktop,Edge,bing
SESS-004253,CUST-0043,/returns,page_view,2024-08-20 19:46:22,mobile,Edge,facebook
SESS-004254,CUST-0278,/account/orders,page_view,2024-03-06 20:20:27,mobile,Chrome,twitter
SESS-004255,CUST-0142,/checkout/payment,remove_from_cart,2024-03-24 19:07:45,tablet,Chrome,direct
SESS-004256,,/blog,search,2024-04-21 05:48:25,mobile,Samsung Internet,email_campaign
SESS-004257,,/account,click,2024-08-19 09:22:54,desktop,Edge,affiliate
SESS-004258,CUST-0290,/products/sports,click,2024-04-22 06:57:05,tablet,Safari,affiliate
SESS-004259,CUST-0274,/about,add_to_cart,2024-05-29 23:15:49,tablet,Edge,
SESS-004260,,/blog,purchase,2024-12-15 08:20:14,tablet,Chrome,instagram
SESS-004261,,/products/clothing,page_view,2024-03-21 06:49:46,desktop,Firefox,twitter
SESS-004262,CUST-0030,/cart,search,2024-04-14 22:59:04,desktop,Chrome,bing
SESS-004263,,/faq,page_view,2024-08-26 23:18:57,tablet,Chrome,bing
SESS-004264,CUST-0283,/cart,purchase,2024-01-18 06:41:50,mobile,Edge,facebook
SESS-004265,CUST-0066,/blog,page_view,2024-01-12 23:30:14,desktop,Safari,bing
SESS-004266,CUST-0244,/account/orders,click,2024-02-16 13:52:55,tablet,Safari,email_campaign
SESS-004267,CUST-0283,/account/orders,purchase,2024-11-10 11:44:45,mobile,Chrome,google
SESS-004268,CUST-0423,/products/home,search,2024-07-28 07:35:09,mobile,Chrome,facebook
SESS-004269,CUST-0360,/checkout/payment,click,2024-03-29 17:53:21,tablet,Chrome,direct
SESS-004270,CUST-0476,/contact,click,2024-06-12 09:04:26,tablet,Safari,twitter
SESS-004271,CUST-0190,/checkout/payment,click,2024-03-05 23:45:42,desktop,Safari,
SESS-004272,,/checkout/confirmation,page_view,2024-12-10 12:48:49,mobile,Safari,google
SESS-004273,CUST-0085,/checkout/confirmation,remove_from_cart,2024-02-28 00:26:19,desktop,Firefox,tiktok
SESS-004274,CUST-0114,/checkout,begin_checkout,2024-06-01 15:38:26,desktop,Chrome,twitter
SESS-004275,CUST-0240,/checkout/confirmation,add_to_cart,2024-08-27 07:17:08,bot,Bingbot,google
SESS-004276,CUST-0104,/products/clothing,add_to_cart,2024-01-10 12:54:07,mobile,Chrome,instagram
SESS-004277,CUST-0309,/checkout/payment,add_to_cart,2024-03-12 12:33:01,tablet,Edge,affiliate
SESS-004278,,/blog,scroll,2024-05-09 08:38:35,mobile,Chrome,affiliate
SESS-004279,CUST-0348,/search,page_view,2024-07-06 23:29:38,desktop,Firefox,tiktok
SESS-004280,,/,search,2024-02-16 19:29:18,desktop,Chrome,affiliate
SESS-004281,CUST-0150,/products/home,page_view,2024-02-24 20:10:38,mobile,Chrome,email_campaign
SESS-004282,CUST-0186,/products/sports,page_view,2024-03-02 05:24:00,tablet,Safari,facebook
SESS-004283,,/returns,page_view,2024-03-16 10:41:05,desktop,Chrome,direct
SESS-004284,CUST-0296,/account,video_play,2024-12-28 23:02:07,mobile,Chrome,direct
SESS-004285,CUST-0099,/contact,begin_checkout,2024-05-15 01:00:25,mobile,Edge,direct
SESS-004286,CUST-0030,/account,remove_from_cart,2024-02-07 04:56:59,tablet,Firefox,
SESS-004287,CUST-0131,/products/sports,scroll,2024-11-13 00:19:50,desktop,Chrome,tiktok
SESS-004288,CUST-0108,/account/wishlist,page_view,2024-11-01 06:23:59,tablet,Chrome,
SESS-004289,CUST-0088,/products/clothing,page_view,2024-08-08 06:09:35,mobile,Chrome,twitter
SESS-004290,,/about,click,2024-07-14 23:15:20,mobile,Edge,facebook
SESS-004291,,/products/clothing,click,2024-05-05 20:37:40,tablet,Safari,facebook
SESS-004292,,/cart,purchase,2024-10-29 22:30:03,desktop,Samsung Internet,twitter
SESS-004293,CUST-0172,/account/orders,purchase,2024-12-19 17:32:13,desktop,Chrome,bing
SESS-004294,CUST-0412,/checkout/confirmation,page_view,2024-03-18 17:49:14,desktop,Chrome,bing
SESS-004295,,/about,page_view,2024-08-15 17:27:32,tablet,Chrome,
SESS-004296,CUST-0301,/products/clothing,click,2024-10-18 15:21:07,desktop,Safari,bing
SESS-004297,CUST-0216,/about,scroll,2024-09-03 12:08:58,desktop,Safari,
SESS-004298,,/account/orders,remove_from_cart,2024-12-11 15:08:17,mobile,Edge,affiliate
SESS-004299,CUST-0084,/,remove_from_cart,2024-12-21 17:55:14,desktop,Chrome,facebook
SESS-004300,CUST-0388,/products/electronics,scroll,2024-04-14 22:32:08,desktop,Safari,affiliate
SESS-004301,CUST-0470,/products/sports,page_view,2024-11-25 16:25:04,tablet,Chrome,twitter
SESS-004302,,/search,click,2024-12-26 02:39:52,desktop,Safari,google
SESS-004303,CUST-0051,/,video_play,2024-05-03 02:34:37,tablet,Samsung Internet,affiliate
SESS-004304,CUST-0325,/about,page_view,2024-09-01 11:00:33,desktop,Safari,bing
SESS-004305,,/account,page_view,2024-09-25 17:19:12,mobile,Chrome,google
SESS-004306,,/blog,video_play,2024-08-07 11:25:05,mobile,Chrome,facebook
SESS-004307,,/checkout/payment,search,2024-01-15 20:46:20,tablet,Chrome,bing
SESS-004308,CUST-0038,/checkout,remove_from_cart,2024-06-30 18:22:21,desktop,Chrome,instagram
SESS-004309,,/about,scroll,2024-09-10 05:02:41,desktop,Chrome,direct
SESS-004310,,/checkout/confirmation,scroll,2024-09-09 20:30:04,mobile,Edge,bing
SESS-004311,CUST-0203,/about,click,2024-07-02 18:35:45,tablet,Safari,email_campaign
SESS-004312,,/,begin_checkout,2024-11-29 02:09:08,tablet,Safari,google
SESS-004313,CUST-0083,/returns,click,2024-06-10 00:22:20,mobile,Chrome,twitter
SESS-004314,CUST-0046,/products/home,purchase,2024-10-07 13:28:31,desktop,Safari,direct
SESS-004315,CUST-0002,/about,search,2024-10-31 18:28:55,tablet,Firefox,google
SESS-004316,,/account/orders,add_to_cart,2024-05-10 07:29:45,desktop,Safari,twitter
SESS-004317,CUST-0073,/checkout/payment,purchase,2024-05-10 06:43:55,desktop,Firefox,twitter
SESS-004318,CUST-0477,/products/electronics,page_view,2024-11-02 18:56:54,mobile,Safari,google
SESS-004319,CUST-0422,/products/sports,purchase,2024-09-05 13:50:38,mobile,Safari,direct
SESS-004320,,/contact,add_to_cart,2024-07-01 02:14:50,desktop,Chrome,twitter
SESS-004321,,/search,remove_from_cart,2024-12-17 01:15:27,desktop,Firefox,affiliate
SESS-004322,,/faq,remove_from_cart,2024-03-31 17:47:14,mobile,Chrome,tiktok
SESS-004323,CUST-0437,/faq,video_play,2024-08-28 03:27:38,tablet,Edge,instagram
SESS-004324,CUST-0071,/blog,remove_from_cart,2024-05-15 22:18:45,mobile,Safari,affiliate
SESS-004325,CUST-0334,/blog,click,2024-06-24 17:29:31,desktop,Edge,
SESS-004326,CUST-0373,/account/wishlist,video_play,2024-02-12 14:08:30,mobile,Firefox,
SESS-004327,,/about,search,2024-06-24 10:14:11,mobile,Firefox,bing
SESS-004328,CUST-0171,/account,page_view,2024-07-11 21:16:27,tablet,Firefox,affiliate
SESS-004329,CUST-0092,/about,video_play,2024-04-08 14:22:15,desktop,Firefox,email_campaign
SESS-004330,CUST-0046,/products/books,add_to_cart,2024-01-18 19:44:56,mobile,Edge,google
SESS-004331,CUST-0436,/,page_view,2024-01-23 02:52:49,mobile,Chrome,direct
SESS-004332,CUST-0368,/search,click,2024-06-01 07:44:26,desktop,Chrome,facebook
SESS-004333,,/products/home,page_view,2024-04-07 03:13:17,tablet,Safari,twitter
SESS-004334,,/products,begin_checkout,2024-02-08 22:53:28,tablet,Safari,
SESS-004335,CUST-0174,/products,search,2024-10-09 10:36:41,mobile,Edge,
SESS-004336,CUST-0210,/account/orders,page_view,2024-11-18 17:58:20,desktop,Samsung Internet,email_campaign
SESS-004337,,/blog,scroll,2024-03-24 03:21:20,mobile,Firefox,twitter
SESS-004338,,/checkout/payment,remove_from_cart,2024-08-20 15:16:43,mobile,Edge,
SESS-004339,CUST-0155,/checkout,page_view,2024-02-17 20:27:39,tablet,Chrome,direct
SESS-004340,,/checkout,click,2024-10-24 03:51:46,desktop,Chrome,bing
SESS-004341,CUST-0444,/contact,begin_checkout,2024-10-30 16:50:27,mobile,Samsung Internet,tiktok
SESS-004342,CUST-0123,/blog,click,2024-11-12 04:26:52,mobile,Edge,bing
SESS-004343,,/contact,add_to_cart,2024-06-15 05:31:16,tablet,Chrome,affiliate
SESS-004344,CUST-0035,/returns,scroll,2024-08-02 11:46:06,tablet,Samsung Internet,direct
SESS-004345,CUST-0284,/products/home,purchase,2024-03-05 09:53:08,mobile,Safari,twitter
SESS-004346,CUST-0483,/search,page_view,2024-12-09 04:09:20,desktop,Chrome,email_campaign
SESS-004347,CUST-0404,/account/wishlist,scroll,2024-02-18 04:35:29,desktop,Chrome,affiliate
SESS-004348,CUST-0413,/products/home,search,2024-03-01 11:20:45,desktop,Chrome,direct
SESS-004349,CUST-0130,/checkout/payment,click,2024-12-15 12:45:38,mobile,Safari,email_campaign
SESS-004350,CUST-0430,/checkout/payment,click,2024-05-30 18:43:16,mobile,Chrome,facebook
SESS-004351,CUST-0182,/faq,page_view,2024-01-14 00:24:38,mobile,Firefox,
SESS-004352,CUST-0075,/account/wishlist,add_to_cart,2024-11-23 16:51:33,tablet,Samsung Internet,facebook
SESS-004353,CUST-0130,/cart,video_play,2024-04-12 18:02:19,mobile,Edge,affiliate
SESS-004354,CUST-0293,/products/clothing,page_view,2024-12-07 15:19:12,mobile,Chrome,email_campaign
SESS-004355,,/checkout/confirmation,page_view,2024-07-17 23:02:31,desktop,Chrome,bing
SESS-004356,CUST-0254,/,video_play,2024-07-23 10:46:54,mobile,Safari,google
SESS-004357,CUST-0119,/faq,add_to_cart,2024-11-25 05:13:58,mobile,Safari,direct
SESS-004358,CUST-0366,/checkout/confirmation,page_view,2024-07-21 11:54:11,bot,AhrefsBot,facebook
SESS-004359,CUST-0441,/checkout/confirmation,search,2024-07-08 19:28:45,bot,Googlebot,tiktok
SESS-004360,,/blog,click,2024-07-01 02:39:49,desktop,Samsung Internet,twitter
SESS-004361,CUST-0048,/products,search,2024-06-16 00:13:19,desktop,Chrome,instagram
SESS-004362,CUST-0231,/account/wishlist,begin_checkout,2024-06-07 01:44:50,tablet,Safari,email_campaign
SESS-004363,CUST-0452,/checkout,add_to_cart,2024-10-02 11:08:22,tablet,Samsung Internet,direct
SESS-004364,,/products/books,search,2024-02-05 19:28:19,desktop,Edge,tiktok
SESS-004365,CUST-0302,/account,video_play,2024-02-16 16:59:00,mobile,Samsung Internet,facebook
SESS-004366,CUST-0440,/cart,page_view,2024-11-08 00:50:12,tablet,Chrome,direct
SESS-004367,CUST-0500,/checkout,add_to_cart,2024-04-22 20:20:52,tablet,Chrome,tiktok
SESS-004368,,/search,page_view,2024-02-27 23:48:49,mobile,Safari,twitter
SESS-004369,,/products,add_to_cart,2024-05-07 05:36:24,desktop,Edge,
SESS-004370,CUST-0169,/account/wishlist,video_play,2024-07-11 10:44:08,tablet,Chrome,affiliate
SESS-004371,,/products/books,page_view,2024-03-15 20:05:41,mobile,Chrome,instagram
SESS-004372,CUST-0227,/about,remove_from_cart,2024-03-06 02:46:23,mobile,Chrome,facebook
SESS-004373,CUST-0088,/returns,page_view,2024-05-12 02:16:41,mobile,Chrome,bing
SESS-004374,CUST-0063,/products,search,2024-11-11 23:04:04,desktop,Chrome,instagram
SESS-004375,CUST-0345,/checkout/payment,page_view,2024-09-24 14:21:06,mobile,Chrome,affiliate
SESS-004376,CUST-0375,/account,search,2024-09-22 00:08:49,tablet,Safari,google
SESS-004377,CUST-0059,/account/orders,remove_from_cart,2024-10-24 11:22:54,mobile,Edge,email_campaign
SESS-004378,CUST-0031,/blog,add_to_cart,2024-10-30 13:19:19,desktop,Chrome,facebook
SESS-004379,,/products/electronics,begin_checkout,2024-10-29 03:42:50,mobile,Safari,google
SESS-004380,CUST-0330,/products/electronics,click,2024-03-12 20:27:22,desktop,Chrome,affiliate
SESS-004381,CUST-0053,/checkout/confirmation,purchase,2024-11-05 20:58:16,tablet,Safari,google
SESS-004382,,/products/books,scroll,2024-07-07 03:39:41,tablet,Edge,instagram
SESS-004383,,/checkout/confirmation,scroll,2030-05-19 12:00:00,tablet,Firefox,facebook
SESS-004384,CUST-0027,/account,remove_from_cart,2024-09-12 10:27:12,tablet,Samsung Internet,direct
SESS-004385,CUST-0422,/products/electronics,video_play,2024-02-11 14:40:13,mobile,Chrome,google
SESS-004386,CUST-0191,/contact,click,2024-02-05 19:57:30,mobile,Samsung Internet,instagram
SESS-004387,CUST-0187,/search,page_view,2024-05-20 22:54:06,desktop,Firefox,bing
SESS-004388,,/faq,click,2024-03-17 14:28:53,desktop,Edge,bing
SESS-004389,,/about,remove_from_cart,2024-12-22 14:01:15,bot,Googlebot,facebook
SESS-004390,CUST-0080,/search,page_view,2024-12-09 16:49:41,tablet,Chrome,google
SESS-004391,CUST-0447,/faq,remove_from_cart,2024-03-03 22:02:58,mobile,Samsung Internet,tiktok
SESS-004392,CUST-0223,/account/orders,video_play,2024-12-19 01:33:23,mobile,Edge,facebook
SESS-004393,CUST-0062,/products,scroll,2024-04-30 07:22:45,mobile,Safari,tiktok
SESS-004394,CUST-0012,/,page_view,2024-07-08 03:49:33,desktop,Chrome,bing
SESS-004395,,/account,scroll,2024-10-18 00:22:21,mobile,Chrome,
SESS-004396,CUST-0385,/search,scroll,2024-11-15 03:08:09,desktop,Chrome,
SESS-004397,CUST-0002,/products/electronics,purchase,2024-03-05 18:09:03,mobile,Firefox,twitter
SESS-004398,,/faq,video_play,2024-03-19 09:56:14,tablet,Samsung Internet,bing
SESS-004399,CUST-0314,/products/electronics,page_view,2024-03-01 10:53:47,desktop,Chrome,bing
SESS-004400,,/checkout/payment,remove_from_cart,2024-11-11 22:59:46,mobile,Firefox,tiktok
SESS-004401,CUST-0447,/contact,page_view,2024-11-15 23:07:49,desktop,Safari,instagram
SESS-004402,CUST-0392,/returns,purchase,2024-09-04 21:13:28,tablet,Firefox,email_campaign
SESS-004403,CUST-0194,/account/orders,page_view,2024-01-22 21:17:17,desktop,Chrome,direct
SESS-004404,CUST-0102,/account/wishlist,click,2024-10-14 21:54:03,desktop,Chrome,affiliate
SESS-004405,CUST-0207,/contact,purchase,2024-10-16 08:48:36,tablet,Chrome,email_campaign
SESS-004406,,/products,click,2024-04-05 12:32:02,tablet,Samsung Internet,twitter
SESS-004407,CUST-0122,/products/sports,scroll,2024-05-27 15:43:59,desktop,Chrome,google
SESS-004408,CUST-0071,/checkout/confirmation,begin_checkout,2024-07-14 16:41:01,mobile,Safari,instagram
SESS-004409,CUST-0441,/contact,page_view,2024-03-06 02:13:26,mobile,Safari,email_campaign
SESS-004410,CUST-0298,/blog,page_view,2024-12-12 22:00:49,desktop,Samsung Internet,direct
SESS-004411,,/faq,add_to_cart,2024-03-18 01:09:22,mobile,Chrome,tiktok
SESS-004412,,/about,purchase,2024-10-20 15:41:03,tablet,Firefox,
SESS-004413,,/products,page_view,2024-08-08 12:35:58,mobile,Chrome,instagram
SESS-004414,CUST-0074,/account/wishlist,begin_checkout,2024-04-15 01:22:03,tablet,Safari,affiliate
SESS-004415,CUST-0484,/search,search,2024-10-19 15:44:31,mobile,Chrome,twitter
SESS-004416,CUST-0311,/checkout/confirmation,click,2024-09-22 19:57:01,desktop,Chrome,
SESS-004417,CUST-0165,/checkout/confirmation,video_play,2024-04-15 17:38:36,desktop,Firefox,bing
SESS-004418,CUST-0330,/cart,add_to_cart,2024-04-05 20:36:10,mobile,Chrome,email_campaign
SESS-004419,CUST-0491,/checkout/payment,page_view,2024-11-04 14:16:12,desktop,Safari,affiliate
SESS-004420,CUST-0397,/account/orders,click,2024-01-28 10:47:21,bot,Googlebot,email_campaign
SESS-004421,CUST-0213,/,page_view,2024-12-10 23:04:36,tablet,Safari,email_campaign
SESS-004422,CUST-0429,/search,page_view,2024-02-23 03:37:47,desktop,Firefox,email_campaign
SESS-004423,,/checkout,add_to_cart,2024-12-06 04:05:53,mobile,Chrome,bing
SESS-004424,CUST-0349,/cart,page_view,2024-09-13 05:11:01,tablet,Chrome,twitter
SESS-004425,CUST-0133,/blog,scroll,2024-07-15 00:20:47,tablet,Firefox,tiktok
SESS-004426,CUST-0092,/products/electronics,click,2024-01-20 13:46:58,desktop,Safari,instagram
SESS-004427,CUST-0243,/faq,video_play,2024-03-31 20:57:56,tablet,Edge,tiktok
SESS-004428,,/,search,2024-09-24 14:36:14,tablet,Safari,instagram
SESS-004429,CUST-0369,/account/wishlist,purchase,2024-11-14 13:40:54,mobile,Safari,email_campaign
SESS-004430,CUST-0268,/contact,add_to_cart,2024-08-15 06:33:44,tablet,Chrome,tiktok
SESS-004431,,/products/clothing,page_view,2024-03-31 06:21:05,mobile,Chrome,facebook
SESS-004432,CUST-0112,/products/electronics,video_play,2024-04-12 13:02:44,desktop,Edge,bing
SESS-004433,,/products/books,remove_from_cart,2024-11-21 07:03:42,mobile,Samsung Internet,google
SESS-004434,CUST-0139,/account/wishlist,scroll,2024-09-19 00:37:54,desktop,Firefox,
SESS-004435,,/blog,purchase,2024-11-16 22:33:24,tablet,Edge,twitter
SESS-004436,,/products/books,video_play,2024-10-14 11:40:38,desktop,Chrome,
SESS-004437,CUST-0207,/checkout/confirmation,search,2024-10-24 16:15:51,mobile,Chrome,affiliate
SESS-004438,CUST-0111,/products,scroll,2024-08-10 10:45:00,desktop,Firefox,email_campaign
SESS-004439,,/contact,remove_from_cart,2024-06-27 23:18:10,desktop,Chrome,bing
SESS-004440,CUST-0461,/account,click,2024-03-27 13:46:43,tablet,Safari,bing
SESS-004441,CUST-0400,/products/clothing,page_view,2024-02-29 17:58:15,desktop,Safari,facebook
SESS-004442,,/faq,click,2024-10-06 14:10:35,desktop,Chrome,bing
SESS-004443,CUST-0308,/cart,page_view,2024-09-11 19:06:00,tablet,Safari,google
SESS-004444,CUST-0108,/returns,page_view,2024-08-02 14:35:33,desktop,Chrome,bing
SESS-004445,CUST-0473,/products,page_view,2024-08-24 14:18:19,mobile,Chrome,
SESS-004446,CUST-0471,/contact,search,2024-07-24 05:09:53,desktop,Safari,affiliate
SESS-004447,CUST-0277,/faq,remove_from_cart,2024-10-08 05:29:31,tablet,Samsung Internet,
SESS-004448,,/search,purchase,2024-10-11 13:23:39,mobile,Samsung Internet,bing
SESS-004449,CUST-0379,/products/electronics,page_view,2024-02-27 13:28:21,desktop,Edge,instagram
SESS-004450,CUST-0380,/account,add_to_cart,2024-02-01 01:36:41,tablet,Chrome,twitter
SESS-004451,CUST-0225,/account/wishlist,begin_checkout,2024-01-19 01:56:57,desktop,Samsung Internet,email_campaign
SESS-004452,,/blog,page_view,2024-03-30 11:47:44,desktop,Chrome,
SESS-004453,CUST-0025,/search,page_view,2024-01-27 12:15:35,mobile,Chrome,tiktok
SESS-004454,CUST-0233,/account/wishlist,click,2024-03-04 04:52:24,mobile,Chrome,direct
SESS-004455,CUST-0249,/cart,scroll,2024-02-03 13:36:07,mobile,Safari,facebook
SESS-004456,CUST-0137,/search,page_view,2024-05-12 03:06:24,desktop,Safari,bing
SESS-004457,CUST-0322,/account/wishlist,click,2024-09-01 02:03:29,mobile,Chrome,email_campaign
SESS-004458,,/returns,page_view,2024-07-31 19:55:37,mobile,Edge,tiktok
SESS-004459,CUST-0001,/checkout/confirmation,remove_from_cart,2024-05-02 22:32:57,mobile,Chrome,email_campaign
SESS-004460,CUST-0394,/checkout/payment,search,2024-11-04 19:14:05,mobile,Edge,bing
SESS-004461,CUST-0380,/blog,purchase,2024-11-19 15:41:52,mobile,Safari,bing
SESS-004462,CUST-0369,/,click,1970-01-01 00:00:00,mobile,Chrome,
SESS-004463,,/account,click,2024-01-27 16:48:05,mobile,Safari,affiliate
SESS-004464,CUST-0253,/products/electronics,page_view,2024-05-03 13:36:54,mobile,Chrome,email_campaign
SESS-004465,CUST-0395,/checkout,search,2024-06-27 08:57:50,desktop,Firefox,bing
SESS-004466,,/products,remove_from_cart,2024-01-19 03:32:59,mobile,Chrome,bing
SESS-004467,CUST-0427,/blog,click,1970-01-01 00:00:00,mobile,Samsung Internet,facebook
SESS-004468,CUST-0466,/,click,2024-07-30 23:53:37,desktop,Chrome,direct
SESS-004469,CUST-0221,/checkout/payment,video_play,2024-01-13 23:45:08,mobile,Chrome,instagram
SESS-004470,,/blog,click,2024-02-19 21:53:35,desktop,Chrome,google
SESS-004471,CUST-0178,/checkout/payment,remove_from_cart,2024-03-03 22:13:10,desktop,Samsung Internet,email_campaign
SESS-004472,,/products/home,search,2024-06-16 23:16:15,mobile,Firefox,instagram
SESS-004473,CUST-0447,/checkout/payment,page_view,2024-08-27 16:10:49,mobile,Safari,email_campaign
SESS-004474,CUST-0128,/search,page_view,2024-09-05 07:29:13,mobile,Safari,tiktok
SESS-004475,CUST-0102,/checkout/payment,click,2024-05-23 19:30:58,mobile,Safari,google
SESS-004476,CUST-0419,/products/electronics,purchase,2024-01-12 20:55:07,desktop,Chrome,direct
SESS-004477,CUST-0381,/,page_view,2024-10-21 03:25:09,mobile,Samsung Internet,instagram
SESS-004478,,/search,page_view,2024-07-16 01:22:35,desktop,Edge,direct
SESS-004479,CUST-0336,/account,add_to_cart,2024-06-30 21:42:40,mobile,Samsung Internet,affiliate
SESS-004480,,/cart,remove_from_cart,2024-10-18 21:46:57,tablet,Chrome,facebook
SESS-004481,,/blog,page_view,2024-04-05 12:01:07,tablet,Firefox,
SESS-004482,,/faq,click,2024-12-20 21:28:28,desktop,Chrome,email_campaign
SESS-004483,,/faq,search,2024-08-19 19:08:24,tablet,Chrome,instagram
SESS-004484,CUST-0114,/checkout/payment,page_view,2024-06-26 02:38:36,mobile,Safari,email_campaign
SESS-004485,CUST-0066,/products/clothing,page_view,2024-09-22 19:12:12,desktop,Firefox,facebook
SESS-004486,CUST-0431,/products/books,video_play,2024-12-22 12:25:24,tablet,Safari,facebook
SESS-004487,,/,click,2024-08-01 20:20:17,tablet,Safari,
SESS-004488,CUST-0401,/products/books,begin_checkout,2024-01-24 03:29:40,mobile,Chrome,tiktok
SESS-004489,,/returns,click,2024-08-04 10:32:02,mobile,Firefox,email_campaign
SESS-004490,CUST-0446,/products/electronics,click,2024-01-21 04:22:00,mobile,Edge,direct
SESS-004491,CUST-0203,/contact,page_view,2024-05-12 17:10:28,desktop,Chrome,bing
SESS-004492,CUST-0071,/checkout/payment,remove_from_cart,2024-09-10 16:19:17,desktop,Samsung Internet,bing
SESS-004493,CUST-0136,/products/books,purchase,2024-05-16 14:21:19,mobile,Safari,direct
SESS-004494,CUST-0116,/about,click,2024-04-15 15:40:50,mobile,Chrome,email_campaign
SESS-004495,CUST-0428,/products,begin_checkout,2024-10-31 04:15:49,desktop,Chrome,tiktok
SESS-004496,CUST-0269,/checkout/payment,remove_from_cart,2024-06-11 08:53:17,mobile,Samsung Internet,twitter
SESS-004497,CUST-0414,/account,click,2024-01-08 12:33:23,mobile,Firefox,twitter
SESS-004498,CUST-0025,/checkout,add_to_cart,2024-05-21 03:00:18,mobile,Chrome,
SESS-004499,CUST-0161,/checkout/confirmation,scroll,2024-04-09 01:09:24,desktop,Firefox,google
SESS-004500,,/products/sports,purchase,2024-07-30 12:26:58,tablet,Samsung Internet,direct
SESS-004501,,/,purchase,2024-08-10 02:50:55,tablet,Safari,google
SESS-004502,CUST-0209,/products/books,search,2024-06-23 23:47:42,tablet,Firefox,facebook
SESS-004503,,/,scroll,2024-02-02 11:39:34,mobile,Samsung Internet,facebook
SESS-004504,,/products,purchase,2024-01-12 21:12:55,tablet,Chrome,twitter
SESS-004505,CUST-0360,/,begin_checkout,2024-02-12 16:56:05,mobile,Edge,bing
SESS-004506,CUST-0423,/products/sports,scroll,2024-03-05 19:44:12,desktop,Chrome,
SESS-004507,CUST-0180,/products,click,2024-01-14 16:59:33,mobile,Chrome,twitter
SESS-004508,CUST-0181,/returns,page_view,2024-08-20 04:25:51,tablet,Chrome,facebook
SESS-004509,CUST-0151,/account/wishlist,video_play,2024-07-23 10:02:52,desktop,Chrome,
SESS-004510,,/products/clothing,video_play,2024-11-25 23:39:10,desktop,Firefox,google
SESS-004511,CUST-0005,/blog,click,2024-09-27 14:50:55,desktop,Samsung Internet,bing
SESS-004512,,/checkout/confirmation,search,2024-10-17 05:26:18,mobile,Chrome,twitter
SESS-004513,CUST-0313,/checkout/payment,click,2024-01-24 13:23:38,desktop,Chrome,instagram
SESS-004514,CUST-0050,/search,begin_checkout,2024-08-04 18:25:51,desktop,Safari,google
SESS-004515,CUST-0412,/products,page_view,2024-07-22 02:40:56,mobile,Chrome,
SESS-004516,,/account,page_view,2024-04-11 07:01:08,mobile,Firefox,facebook
SESS-004517,CUST-0037,/returns,purchase,2024-06-15 02:51:19,desktop,Chrome,tiktok
SESS-004518,CUST-0243,/faq,purchase,2024-10-25 23:41:28,desktop,Samsung Internet,affiliate
SESS-004519,,/products/home,click,2024-03-01 11:41:56,desktop,Chrome,facebook
SESS-004520,CUST-0452,/checkout,page_view,2024-06-21 20:44:07,mobile,Safari,
SESS-004521,,/faq,video_play,2024-12-28 17:09:09,desktop,Firefox,tiktok
SESS-004522,CUST-0133,/products/home,page_view,2024-10-17 17:39:37,tablet,Samsung Internet,direct
SESS-004523,CUST-0052,/account,scroll,2024-03-28 13:21:17,desktop,Safari,bing
SESS-004524,CUST-0311,/account/wishlist,add_to_cart,2024-11-19 02:25:24,tablet,Chrome,facebook
SESS-004525,CUST-0059,/account/orders,click,2024-09-23 18:49:51,mobile,Chrome,
SESS-004526,CUST-0350,/products/sports,page_view,2024-09-28 14:21:24,mobile,Chrome,twitter
SESS-004527,CUST-0192,/products/sports,video_play,2024-11-05 00:56:58,mobile,Firefox,facebook
SESS-004528,CUST-0448,/search,scroll,2024-01-10 20:49:37,tablet,Safari,google
SESS-004529,CUST-0479,/account/orders,purchase,2024-08-17 14:07:50,desktop,Chrome,instagram
SESS-004530,CUST-0025,/account,purchase,2024-08-09 10:57:49,mobile,Safari,facebook
SESS-004531,CUST-0085,/,begin_checkout,2024-07-03 09:47:52,desktop,Chrome,affiliate
SESS-004532,,/search,purchase,2024-10-09 02:02:39,desktop,Chrome,direct
SESS-004533,CUST-0243,/search,video_play,2024-03-03 00:21:06,desktop,Firefox,instagram
SESS-004534,CUST-0476,/checkout/payment,click,2024-11-27 12:02:00,mobile,Samsung Internet,instagram
SESS-004535,,/products/books,click,2024-04-11 21:59:08,desktop,Samsung Internet,instagram
SESS-004536,CUST-0312,/account/orders,page_view,2024-12-17 21:55:26,mobile,Chrome,direct
SESS-004537,CUST-0369,/products/sports,scroll,2024-11-05 12:50:36,mobile,Safari,affiliate
SESS-004538,CUST-0325,/checkout/payment,click,2024-05-27 19:17:36,mobile,Edge,affiliate
SESS-004539,CUST-0318,/products/electronics,remove_from_cart,2024-04-07 14:22:59,desktop,Chrome,facebook
SESS-004540,CUST-0390,/checkout/confirmation,page_view,2024-01-03 00:58:46,tablet,Safari,bing
SESS-004541,CUST-0192,/checkout/payment,page_view,2024-09-18 21:19:47,mobile,Chrome,instagram
SESS-004542,,/products/books,page_view,2024-05-13 05:55:14,desktop,Safari,
SESS-004543,CUST-0472,/cart,search,2024-09-18 19:58:35,desktop,Samsung Internet,bing
SESS-004544,CUST-0117,/contact,page_view,2024-02-22 12:40:24,desktop,Safari,email_campaign
SESS-004545,CUST-0269,/account/wishlist,click,2024-05-01 06:34:23,tablet,Chrome,facebook
SESS-004546,,/products/sports,click,2024-06-20 05:58:26,mobile,Firefox,facebook
SESS-004547,CUST-0356,/products,video_play,2024-07-08 09:08:00,tablet,Firefox,facebook
SESS-004548,,/products,page_view,2024-02-11 06:52:06,mobile,Samsung Internet,instagram
SESS-004549,,/returns,click,2024-12-19 23:33:09,desktop,Chrome,twitter
SESS-004550,,/products/books,page_view,2024-02-06 06:05:26,mobile,Safari,google
SESS-004551,,/checkout,page_view,2024-06-24 04:33:55,mobile,Chrome,
SESS-004552,CUST-0334,/about,scroll,2024-03-08 19:18:19,tablet,Safari,tiktok
SESS-004553,CUST-0356,/products/home,video_play,2024-03-24 19:50:03,mobile,Safari,affiliate
SESS-004554,CUST-0286,/blog,purchase,2024-02-14 14:49:16,desktop,Chrome,tiktok
SESS-004555,,/products/books,page_view,2024-02-27 16:08:40,mobile,Firefox,tiktok
SESS-004556,CUST-0031,/account,page_view,2024-05-29 13:29:49,mobile,Firefox,affiliate
SESS-004557,CUST-0456,/products/sports,scroll,2024-10-25 21:33:11,desktop,Edge,bing
SESS-004558,CUST-0484,/account/wishlist,page_view,2024-11-30 08:21:34,mobile,Chrome,twitter
SESS-004559,,/products,page_view,2024-12-04 16:16:24,desktop,Chrome,google
SESS-004560,CUST-0184,/blog,page_view,2024-05-26 01:09:42,mobile,Safari,bing
SESS-004561,CUST-0092,/products/sports,search,2024-12-31 05:05:35,desktop,Safari,facebook
SESS-004562,CUST-0321,/,remove_from_cart,2024-06-17 09:49:49,desktop,Safari,
SESS-004563,CUST-0125,/cart,video_play,2024-08-29 19:13:50,bot,Python-urllib,email_campaign
SESS-004564,CUST-0248,/checkout,search,2024-07-30 01:06:17,desktop,Firefox,facebook
SESS-004565,CUST-0004,/about,begin_checkout,2024-06-29 23:22:54,mobile,Chrome,google
SESS-004566,CUST-0392,/about,click,2024-08-27 12:52:45,mobile,Edge,affiliate
SESS-004567,CUST-0393,/account/orders,add_to_cart,2024-05-04 11:11:43,tablet,Samsung Internet,affiliate
SESS-004568,CUST-0129,/account/orders,page_view,2024-10-21 19:49:10,tablet,Edge,direct
SESS-004569,CUST-0036,/checkout/confirmation,click,2024-07-22 00:00:23,mobile,Edge,bing
SESS-004570,,/products/electronics,purchase,2024-07-26 17:15:55,mobile,Firefox,instagram
SESS-004571,,/faq,page_view,2024-04-06 22:49:29,desktop,Safari,
SESS-004572,CUST-0481,/search,page_view,2024-11-03 11:18:43,desktop,Firefox,direct
SESS-004573,,/account/orders,page_view,2024-11-19 03:06:27,desktop,Chrome,email_campaign
SESS-004574,CUST-0486,/account,search,2024-09-28 09:12:29,mobile,Samsung Internet,facebook
SESS-004575,CUST-0338,/products/home,page_view,2024-04-03 05:09:32,desktop,Edge,facebook
SESS-004576,CUST-0163,/products/books,page_view,2024-03-06 16:42:56,mobile,Samsung Internet,instagram
SESS-004577,CUST-0131,/account/wishlist,search,2024-07-10 06:39:46,mobile,Edge,
SESS-004578,CUST-0262,/products,purchase,2024-04-11 00:04:13,mobile,Chrome,bing
SESS-004579,CUST-0015,/checkout/confirmation,page_view,2024-09-05 21:09:55,mobile,Chrome,instagram
SESS-004580,,/account/wishlist,begin_checkout,2024-10-12 03:29:20,mobile,Safari,direct
SESS-004581,,/faq,click,2024-08-22 04:54:42,tablet,Firefox,google
SESS-004582,,/products,scroll,2024-10-25 00:17:46,mobile,Chrome,twitter
SESS-004583,,/search,add_to_cart,2024-05-07 12:55:48,tablet,Safari,tiktok
SESS-004584,CUST-0194,/about,video_play,2024-09-27 20:40:00,mobile,Samsung Internet,direct
SESS-004585,CUST-0174,/checkout,click,2024-12-09 20:32:34,mobile,Samsung Internet,google
SESS-004586,CUST-0104,/products,video_play,2024-10-28 18:35:47,mobile,Chrome,direct
SESS-004587,,/products/sports,scroll,2024-03-27 03:58:56,mobile,Samsung Internet,twitter
SESS-004588,,/checkout/confirmation,click,2024-06-14 05:42:52,desktop,Chrome,tiktok
SESS-004589,CUST-0101,/account/wishlist,page_view,2024-07-03 10:17:34,mobile,Safari,email_campaign
SESS-004590,,/checkout/payment,add_to_cart,2024-05-22 05:26:34,mobile,Safari,affiliate
SESS-004591,,/products,purchase,2024-11-18 21:55:06,tablet,Firefox,direct
SESS-004592,,/contact,page_view,2024-11-02 01:01:31,mobile,Edge,facebook
SESS-004593,CUST-0044,/search,page_view,2024-07-19 05:12:48,tablet,Samsung Internet,
SESS-004594,CUST-0280,/faq,add_to_cart,2024-09-20 06:50:22,desktop,Chrome,facebook
SESS-004595,CUST-0409,/returns,purchase,2024-04-23 19:27:20,mobile,Chrome,instagram
SESS-004596,CUST-0335,/account/orders,page_view,2024-04-22 06:12:24,tablet,Chrome,affiliate
SESS-004597,CUST-0012,/checkout/payment,page_view,2024-11-23 16:44:34,tablet,Firefox,bing
SESS-004598,CUST-0064,/products/clothing,video_play,2024-03-16 03:59:19,mobile,Samsung Internet,twitter
SESS-004599,CUST-0153,/checkout/payment,remove_from_cart,2024-10-08 00:56:06,tablet,Chrome,email_campaign
SESS-004600,CUST-0266,/cart,click,2024-01-19 08:17:06,mobile,Edge,bing
SESS-004601,CUST-0182,/returns,purchase,2024-08-25 20:39:53,mobile,Chrome,tiktok
SESS-004602,CUST-0371,/account/orders,page_view,2024-07-01 14:48:13,mobile,Chrome,direct
SESS-004603,CUST-0012,/checkout/payment,add_to_cart,2024-07-11 14:03:36,mobile,Safari,bing
SESS-004604,,/,video_play,2024-07-09 11:33:04,mobile,Chrome,facebook
SESS-004605,CUST-0163,/products/home,add_to_cart,2024-09-07 08:08:30,mobile,Chrome,instagram
SESS-004606,CUST-0111,/search,search,2024-04-10 09:34:57,mobile,Safari,twitter
SESS-004607,,/returns,purchase,2024-03-23 05:21:54,tablet,Chrome,instagram
SESS-004608,,/products/sports,click,2024-10-06 04:04:41,mobile,Chrome,
SESS-004609,CUST-0454,/account/wishlist,page_view,2024-09-15 21:13:09,desktop,Chrome,google
SESS-004610,CUST-0203,/about,search,2024-12-01 09:39:23,desktop,Safari,affiliate
SESS-004611,,/products/books,add_to_cart,2024-10-03 16:13:57,tablet,Edge,google
SESS-004612,CUST-0497,/products/electronics,purchase,2024-05-25 10:12:02,desktop,Chrome,bing
SESS-004613,CUST-0065,/account,search,2024-06-13 19:05:58,tablet,Edge,tiktok
SESS-004614,CUST-0141,/checkout/payment,page_view,2024-03-05 20:33:31,mobile,Chrome,twitter
SESS-004615,CUST-0345,/returns,scroll,2024-07-04 15:46:59,tablet,Chrome,bing
SESS-004616,,/account/wishlist,click,2024-05-29 22:38:02,desktop,Samsung Internet,direct
SESS-004617,CUST-0209,/checkout/confirmation,page_view,2024-05-17 06:07:54,tablet,Chrome,facebook
SESS-004618,CUST-0386,/faq,click,2024-01-18 08:40:01,desktop,Samsung Internet,facebook
SESS-004619,CUST-0107,/products/clothing,remove_from_cart,2024-05-07 23:31:33,tablet,Samsung Internet,facebook
SESS-004620,,/returns,page_view,2024-03-31 10:01:52,bot,SemrushBot,
SESS-004621,CUST-0153,/products/books,click,2024-04-09 14:54:46,desktop,Safari,bing
SESS-004622,CUST-0206,/account/wishlist,remove_from_cart,2024-03-01 12:30:30,desktop,Firefox,twitter
SESS-004623,CUST-0214,/faq,search,2024-03-29 09:26:19,mobile,Firefox,twitter
SESS-004624,CUST-0425,/products/electronics,begin_checkout,2024-09-02 13:02:17,mobile,Samsung Internet,
SESS-004625,CUST-0039,/blog,page_view,2024-05-19 07:20:46,desktop,Safari,
SESS-004626,CUST-0188,/contact,begin_checkout,2024-03-04 13:08:33,mobile,Safari,google
SESS-004627,,/products/clothing,page_view,2024-02-09 00:33:09,mobile,Samsung Internet,twitter
SESS-004628,CUST-0473,/products/home,purchase,2030-06-21 12:00:00,mobile,Chrome,google
SESS-004629,,/about,page_view,2024-01-08 07:44:51,tablet,Chrome,tiktok
SESS-004630,,/products/sports,purchase,2024-10-11 03:42:00,desktop,Safari,bing
SESS-004631,,/faq,page_view,2024-02-02 12:30:02,tablet,Samsung Internet,bing
SESS-004632,CUST-0456,/checkout,page_view,2024-07-16 00:29:13,tablet,Chrome,instagram
SESS-004633,CUST-0280,/products/home,search,2024-10-20 13:29:27,mobile,Samsung Internet,
SESS-004634,CUST-0380,/products/sports,video_play,2024-07-12 00:26:26,mobile,Firefox,
SESS-004635,,/products/home,click,2024-10-08 10:21:57,desktop,Chrome,email_campaign
SESS-004636,CUST-0329,/products/clothing,click,2024-11-03 18:45:10,desktop,Chrome,google
SESS-004637,CUST-0173,/search,search,2024-04-12 18:40:52,desktop,Chrome,facebook
SESS-004638,CUST-0066,/account/orders,remove_from_cart,2024-12-03 23:20:23,mobile,Chrome,affiliate
SESS-004639,CUST-0468,/account,click,2024-10-08 02:02:27,mobile,Samsung Internet,bing
SESS-004640,CUST-0115,/cart,search,2024-10-20 20:01:44,desktop,Safari,
SESS-004641,CUST-0141,/contact,remove_from_cart,2024-01-02 04:39:53,mobile,Safari,tiktok
SESS-004642,CUST-0364,/products/books,purchase,2024-10-03 22:48:58,bot,Python-urllib,google
SESS-004643,CUST-0439,/search,page_view,2024-12-19 09:42:05,desktop,Chrome,tiktok
SESS-004644,CUST-0293,/returns,page_view,2024-06-11 08:08:17,desktop,Samsung Internet,twitter
SESS-004645,,/faq,page_view,2024-04-21 19:11:40,mobile,Edge,google
SESS-004646,CUST-0321,/faq,search,2024-03-14 00:34:16,tablet,Safari,facebook
SESS-004647,CUST-0050,/checkout/payment,page_view,2024-07-23 06:31:07,desktop,Samsung Internet,google
SESS-004648,,/checkout/confirmation,purchase,2024-01-30 19:51:04,tablet,Safari,email_campaign
SESS-004649,CUST-0300,/search,purchase,2024-11-26 22:07:54,desktop,Chrome,facebook
SESS-004650,CUST-0398,/cart,click,2024-01-08 18:06:29,mobile,Chrome,google
SESS-004651,,/account/wishlist,click,2024-09-14 19:03:05,bot,AhrefsBot,instagram
SESS-004652,CUST-0466,/blog,video_play,2024-02-09 18:48:10,desktop,Chrome,facebook
SESS-004653,,/returns,add_to_cart,2024-09-12 06:15:37,mobile,Firefox,facebook
SESS-004654,,/products/sports,scroll,2024-08-24 11:38:59,desktop,Chrome,affiliate
SESS-004655,CUST-0136,/search,scroll,2024-04-13 08:54:18,tablet,Safari,
SESS-004656,CUST-0287,/checkout/confirmation,begin_checkout,2024-03-13 22:13:47,mobile,Chrome,google
SESS-004657,CUST-0314,/checkout/confirmation,purchase,2024-06-01 20:06:30,mobile,Samsung Internet,affiliate
SESS-004658,CUST-0499,/products/clothing,page_view,2024-02-27 20:38:37,mobile,Chrome,bing
SESS-004659,CUST-0041,/blog,scroll,2024-01-27 03:18:18,desktop,Firefox,affiliate
SESS-004660,,/products/books,video_play,2024-11-15 04:16:32,bot,Bingbot,affiliate
SESS-004661,,/account/orders,page_view,2024-06-25 13:01:56,mobile,Firefox,facebook
SESS-004662,,/account/orders,page_view,2024-02-25 05:00:50,tablet,Safari,
SESS-004663,CUST-0433,/returns,video_play,2024-02-29 02:21:52,mobile,Chrome,instagram
SESS-004664,CUST-0160,/products/clothing,page_view,2024-08-18 04:06:48,tablet,Samsung Internet,
SESS-004665,CUST-0273,/products/home,purchase,2024-08-26 08:57:05,mobile,Chrome,instagram
SESS-004666,CUST-0175,/account/orders,page_view,2024-04-23 20:01:00,mobile,Safari,direct
SESS-004667,CUST-0223,/about,purchase,2024-05-10 06:15:08,bot,Googlebot,instagram
SESS-004668,,/products/home,page_view,2024-07-15 12:30:59,mobile,Safari,twitter
SESS-004669,,/checkout/payment,remove_from_cart,2024-04-12 07:59:37,mobile,Samsung Internet,facebook
SESS-004670,CUST-0070,/checkout/payment,search,2024-06-12 07:35:49,desktop,Edge,
SESS-004671,CUST-0303,/checkout/payment,click,2024-02-21 18:40:58,mobile,Chrome,instagram
SESS-004672,,/blog,video_play,2024-04-20 17:24:13,desktop,Firefox,tiktok
SESS-004673,,/checkout/payment,remove_from_cart,2024-03-24 14:40:07,mobile,Edge,google
SESS-004674,,/search,search,2024-06-13 22:42:45,desktop,Chrome,direct
SESS-004675,,/account/wishlist,remove_from_cart,2024-06-19 21:41:02,mobile,Edge,
SESS-004676,CUST-0112,/products,purchase,2024-09-01 03:31:16,tablet,Safari,email_campaign
SESS-004677,CUST-0480,/about,video_play,2024-05-24 23:59:09,mobile,Edge,affiliate
SESS-004678,,/contact,remove_from_cart,2024-04-13 16:30:38,desktop,Chrome,tiktok
SESS-004679,CUST-0165,/about,page_view,2024-05-22 03:39:07,tablet,Edge,facebook
SESS-004680,,/checkout,add_to_cart,2024-07-31 02:33:49,tablet,Chrome,direct
SESS-004681,,/products/home,remove_from_cart,2024-05-01 11:44:44,mobile,Samsung Internet,facebook
SESS-004682,,/products,video_play,2024-08-12 17:17:38,mobile,Safari,email_campaign
SESS-004683,,/products/sports,click,2024-07-17 18:14:10,mobile,Chrome,affiliate
SESS-004684,CUST-0368,/checkout,video_play,2024-01-24 06:30:10,tablet,Edge,direct
SESS-004685,,/account,video_play,2024-03-11 08:45:52,tablet,Chrome,
SESS-004686,,/returns,add_to_cart,2024-09-05 11:21:41,mobile,Chrome,google
SESS-004687,,/products/home,add_to_cart,2024-11-06 01:31:40,desktop,Safari,instagram
SESS-004688,,/account/orders,purchase,2024-07-07 09:14:30,tablet,Chrome,facebook
SESS-004689,CUST-0182,/products,scroll,2024-12-10 06:30:20,mobile,Firefox,tiktok
SESS-004690,,/blog,begin_checkout,2024-05-11 09:25:49,desktop,Chrome,email_campaign
SESS-004691,CUST-0498,/cart,click,2024-05-26 09:55:14,tablet,Samsung Internet,direct
SESS-004692,CUST-0437,/account/orders,begin_checkout,2024-06-03 06:55:04,desktop,Safari,facebook
SESS-004693,CUST-0215,/cart,click,2024-01-04 06:48:32,mobile,Safari,instagram
SESS-004694,,/products/books,click,2024-11-08 18:58:45,mobile,Safari,bing
SESS-004695,CUST-0195,/account,scroll,2024-09-10 13:45:39,mobile,Firefox,facebook
SESS-004696,CUST-0477,/products/home,scroll,2024-04-03 01:33:09,tablet,Samsung Internet,affiliate
SESS-004697,CUST-0172,/cart,video_play,2024-05-02 08:00:51,desktop,Firefox,direct
SESS-004698,,/products/sports,click,2024-10-04 06:29:13,tablet,Firefox,direct
SESS-004699,CUST-0201,/search,begin_checkout,2024-05-21 16:25:56,desktop,Chrome,
SESS-004700,,/account,add_to_cart,2024-07-19 17:26:21,mobile,Chrome,affiliate
SESS-004701,,/checkout/payment,page_view,2024-07-03 23:32:08,tablet,Chrome,bing
SESS-004702,CUST-0460,/products/clothing,scroll,2024-01-05 14:29:46,desktop,Chrome,direct
SESS-004703,CUST-0469,/products/books,remove_from_cart,2024-09-29 12:59:25,tablet,Chrome,google
SESS-004704,CUST-0409,/products/electronics,video_play,2024-02-18 11:17:52,mobile,Safari,facebook
SESS-004705,,/,page_view,2024-01-17 17:54:32,mobile,Chrome,bing
SESS-004706,CUST-0144,/checkout/confirmation,add_to_cart,2024-05-28 23:06:04,tablet,Safari,
SESS-004707,CUST-0457,/search,click,2024-10-15 17:19:55,tablet,Samsung Internet,tiktok
SESS-004708,CUST-0046,/returns,add_to_cart,2024-12-12 08:26:20,desktop,Samsung Internet,bing
SESS-004709,,/faq,purchase,2024-02-05 01:51:44,mobile,Samsung Internet,facebook
SESS-004710,,/account,page_view,2024-10-25 08:00:14,mobile,Chrome,twitter
SESS-004711,CUST-0443,/account/wishlist,click,2024-11-08 16:40:08,desktop,Safari,facebook
SESS-004712,,/products/sports,click,2024-01-01 02:28:44,desktop,Chrome,affiliate
SESS-004713,CUST-0162,/products/books,remove_from_cart,2024-11-28 18:05:23,mobile,Firefox,direct
SESS-004714,CUST-0368,/products/clothing,remove_from_cart,2024-02-13 09:13:29,mobile,Edge,email_campaign
SESS-004715,CUST-0489,/account/orders,purchase,2024-04-08 09:23:48,tablet,Chrome,twitter
SESS-004716,CUST-0355,/products/home,remove_from_cart,2024-04-21 11:09:31,tablet,Safari,direct
SESS-004717,,/products/books,add_to_cart,2024-02-14 12:22:46,tablet,Chrome,
SESS-004718,CUST-0266,/,page_view,2024-11-14 13:31:59,tablet,Chrome,twitter
SESS-004719,CUST-0442,/checkout,page_view,2024-01-15 18:10:03,mobile,Firefox,tiktok
SESS-004720,,/products/books,video_play,2024-11-27 23:40:52,desktop,Safari,instagram
SESS-004721,CUST-0300,/contact,click,2024-11-03 15:52:37,desktop,Samsung Internet,tiktok
SESS-004722,CUST-0036,/checkout,remove_from_cart,2024-12-30 12:51:21,mobile,Chrome,twitter
SESS-004723,CUST-0443,/products/clothing,page_view,2024-04-17 15:31:41,desktop,Safari,email_campaign
SESS-004724,CUST-0132,/returns,click,2024-04-21 23:52:38,desktop,Edge,tiktok
SESS-004725,CUST-0019,/checkout/payment,begin_checkout,2024-07-11 00:16:00,desktop,Samsung Internet,bing
SESS-004726,CUST-0088,/search,page_view,2024-11-10 18:11:43,mobile,Chrome,tiktok
SESS-004727,CUST-0323,/products/books,video_play,2024-04-12 02:13:16,desktop,Chrome,google
SESS-004728,CUST-0002,/contact,click,2024-11-19 11:11:38,desktop,Chrome,email_campaign
SESS-004729,CUST-0091,/checkout/confirmation,remove_from_cart,2024-05-31 06:09:01,tablet,Safari,google
SESS-004730,CUST-0151,/contact,purchase,2024-01-09 21:15:16,tablet,Safari,tiktok
SESS-004731,CUST-0117,/account,add_to_cart,2024-01-23 15:04:52,desktop,Safari,instagram
SESS-004732,CUST-0452,/,video_play,2024-04-14 23:37:05,desktop,Firefox,direct
SESS-004733,,/products/books,video_play,2024-12-05 13:40:48,mobile,Firefox,affiliate
SESS-004734,CUST-0145,/account/wishlist,search,2024-04-26 16:19:49,mobile,Chrome,tiktok
SESS-004735,CUST-0079,/products/books,page_view,2024-09-10 02:43:57,desktop,Edge,facebook
SESS-004736,CUST-0415,/checkout/confirmation,click,2024-09-18 17:51:53,mobile,Chrome,instagram
SESS-004737,,/faq,purchase,2024-09-04 06:25:05,desktop,Chrome,google
SESS-004738,CUST-0209,/checkout/confirmation,page_view,2024-09-16 17:03:56,mobile,Chrome,
SESS-004739,CUST-0100,/cart,page_view,2024-01-26 13:16:09,desktop,Chrome,facebook
SESS-004740,CUST-0120,/products,search,2024-03-14 05:28:46,mobile,Safari,bing
SESS-004741,,/contact,page_view,2024-11-27 13:05:49,mobile,Firefox,email_campaign
SESS-004742,CUST-0116,/account,scroll,2024-10-16 18:21:38,desktop,Chrome,google
SESS-004743,CUST-0451,/account/orders,remove_from_cart,2024-04-19 21:51:28,tablet,Safari,direct
SESS-004744,,/about,video_play,2024-06-04 00:30:11,desktop,Edge,instagram
SESS-004745,CUST-0159,/,page_view,2024-09-02 12:46:49,tablet,Firefox,facebook
SESS-004746,,/search,video_play,2024-09-18 17:52:42,desktop,Chrome,
SESS-004747,CUST-0150,/blog,add_to_cart,2024-04-22 09:00:04,tablet,Edge,tiktok
SESS-004748,,/products/sports,purchase,2024-07-17 00:17:20,tablet,Safari,facebook
SESS-004749,CUST-0076,/search,scroll,2024-09-03 22:10:53,mobile,Safari,
SESS-004750,CUST-0040,/blog,begin_checkout,2024-07-18 14:49:51,tablet,Chrome,google
SESS-004751,CUST-0235,/account,page_view,2024-11-07 07:20:57,mobile,Edge,affiliate
SESS-004752,CUST-0289,/account/orders,click,2024-03-15 22:55:35,mobile,Safari,direct
SESS-004753,CUST-0085,/products,begin_checkout,2024-11-23 16:18:34,mobile,Safari,twitter
SESS-004754,CUST-0419,/account,page_view,2024-03-28 19:28:30,mobile,Safari,
SESS-004755,CUST-0027,/checkout,purchase,2024-01-16 18:47:05,desktop,Samsung Internet,twitter
SESS-004756,,/checkout/payment,click,2024-05-09 16:46:18,desktop,Chrome,email_campaign
SESS-004757,CUST-0245,/returns,remove_from_cart,2024-08-29 23:46:01,mobile,Safari,facebook
SESS-004758,CUST-0294,/cart,search,2024-04-08 22:25:16,mobile,Samsung Internet,email_campaign
SESS-004759,CUST-0156,/faq,page_view,2024-05-31 23:12:55,mobile,Firefox,twitter
SESS-004760,,/contact,page_view,2024-09-17 09:12:58,mobile,Edge,direct
SESS-004761,CUST-0311,/products/home,add_to_cart,2024-03-04 12:22:22,mobile,Chrome,direct
SESS-004762,CUST-0161,/products/electronics,video_play,2024-05-01 21:08:03,tablet,Chrome,twitter
SESS-004763,CUST-0191,/,video_play,2024-09-21 05:17:02,mobile,Chrome,email_campaign
SESS-004764,CUST-0221,/account,click,2024-09-20 17:16:19,mobile,Edge,instagram
SESS-004765,CUST-0306,/products/electronics,click,2024-12-04 16:48:50,desktop,Chrome,direct
SESS-004766,CUST-0084,/products/books,begin_checkout,2024-11-23 13:32:17,tablet,Edge,direct
SESS-004767,,/products/home,page_view,2024-08-30 17:39:20,desktop,Safari,bing
SESS-004768,,/checkout/payment,page_view,2024-08-16 02:34:38,mobile,Edge,facebook
SESS-004769,,/checkout/confirmation,click,2024-03-23 05:28:40,mobile,Chrome,email_campaign
SESS-004770,,/about,begin_checkout,2024-09-16 07:19:06,tablet,Safari,bing
SESS-004771,CUST-0270,/search,remove_from_cart,2024-09-14 18:12:04,desktop,Samsung Internet,instagram
SESS-004772,,/about,click,2030-04-26 12:00:00,mobile,Chrome,email_campaign
SESS-004773,,/faq,page_view,2024-07-25 04:29:03,desktop,Chrome,direct
SESS-004774,CUST-0020,/cart,click,2024-10-31 04:55:00,desktop,Samsung Internet,instagram
SESS-004775,CUST-0118,/returns,add_to_cart,2024-03-25 23:26:55,mobile,Chrome,email_campaign
SESS-004776,CUST-0083,/,remove_from_cart,2024-10-04 01:29:16,desktop,Chrome,instagram
SESS-004777,,/products,purchase,2024-10-15 05:39:56,mobile,Chrome,google
SESS-004778,,/products/home,click,2024-09-18 15:43:14,desktop,Chrome,twitter
SESS-004779,CUST-0264,/account/wishlist,begin_checkout,2024-09-13 05:37:15,mobile,Chrome,google
SESS-004780,,/returns,begin_checkout,2024-05-23 20:40:04,mobile,Samsung Internet,affiliate
SESS-004781,CUST-0081,/products/clothing,video_play,2024-08-10 15:19:38,tablet,Safari,direct
SESS-004782,,/account/orders,begin_checkout,2024-12-01 18:07:27,mobile,Safari,direct
SESS-004783,,/products/electronics,page_view,2024-03-12 17:29:04,tablet,Samsung Internet,email_campaign
SESS-004784,,/account/wishlist,page_view,2024-03-09 08:29:00,mobile,Safari,affiliate
SESS-004785,CUST-0012,/products/clothing,click,2024-12-26 04:22:50,tablet,Chrome,email_campaign
SESS-004786,,/search,search,2024-11-30 08:56:20,tablet,Chrome,direct
SESS-004787,,/products/electronics,remove_from_cart,2024-07-21 23:20:59,desktop,Chrome,direct
SESS-004788,,/search,page_view,2024-05-29 20:21:48,tablet,Samsung Internet,google
SESS-004789,CUST-0494,/account/orders,video_play,2024-04-17 01:02:49,mobile,Chrome,email_campaign
SESS-004790,,/about,purchase,2024-03-12 21:15:37,desktop,Chrome,affiliate
SESS-004791,CUST-0133,/search,purchase,2024-11-23 08:24:45,mobile,Samsung Internet,affiliate
SESS-004792,CUST-0383,/,search,2024-07-31 00:26:44,mobile,Samsung Internet,bing
SESS-004793,,/cart,click,2024-04-14 01:06:16,mobile,Firefox,
SESS-004794,,/account/wishlist,purchase,2024-12-30 02:51:51,desktop,Firefox,facebook
SESS-004795,CUST-0494,/cart,remove_from_cart,2024-02-07 19:54:37,mobile,Samsung Internet,affiliate
SESS-004796,CUST-0333,/,page_view,2024-01-22 03:43:20,desktop,Edge,email_campaign
SESS-004797,CUST-0294,/about,search,2024-05-16 19:25:21,mobile,Safari,twitter
SESS-004798,CUST-0451,/,page_view,2024-03-20 18:01:11,desktop,Safari,
SESS-004799,,/products/home,purchase,2024-12-18 13:38:04,desktop,Safari,
SESS-004800,CUST-0104,/checkout/payment,begin_checkout,2024-01-05 01:35:42,desktop,Chrome,email_campaign
SESS-004801,CUST-0165,/products/clothing,page_view,2024-04-13 13:03:49,tablet,Chrome,
SESS-004802,CUST-0130,/cart,add_to_cart,2024-05-30 10:01:05,desktop,Chrome,bing
SESS-004803,CUST-0278,/returns,search,2024-03-14 22:37:29,desktop,Safari,
SESS-004804,CUST-0230,/blog,page_view,2024-11-01 09:19:01,desktop,Firefox,facebook
SESS-004805,CUST-0444,/blog,page_view,2024-05-17 19:11:42,tablet,Edge,google
SESS-004806,CUST-0378,/products/clothing,page_view,2024-12-23 17:56:44,bot,Googlebot,bing
SESS-004807,,/checkout/payment,search,2024-07-30 23:27:30,desktop,Chrome,google
SESS-004808,,/account/wishlist,search,2024-06-17 04:52:13,desktop,Samsung Internet,email_campaign
SESS-004809,CUST-0326,/account/orders,begin_checkout,2024-10-17 10:31:32,tablet,Edge,direct
SESS-004810,CUST-0453,/products/books,click,2024-05-17 10:58:22,desktop,Safari,direct
SESS-004811,CUST-0311,/account/orders,search,2024-05-26 22:48:30,desktop,Firefox,instagram
SESS-004812,CUST-0333,/search,purchase,2024-11-24 23:54:25,mobile,Safari,affiliate
SESS-004813,CUST-0424,/products/sports,page_view,2024-01-21 12:14:34,desktop,Edge,tiktok
SESS-004814,CUST-0424,/checkout/confirmation,remove_from_cart,2024-02-06 05:33:54,desktop,Safari,
SESS-004815,CUST-0394,/products/clothing,page_view,2024-08-05 19:43:20,tablet,Samsung Internet,facebook
SESS-004816,CUST-0001,/about,page_view,2024-01-04 05:11:57,mobile,Edge,tiktok
SESS-004817,,/account/wishlist,begin_checkout,2024-04-19 13:24:43,mobile,Chrome,affiliate
SESS-004818,CUST-0108,/faq,search,2024-01-20 04:09:17,mobile,Safari,facebook
SESS-004819,CUST-0422,/cart,purchase,2024-03-01 21:48:40,desktop,Chrome,affiliate
SESS-004820,CUST-0323,/products/clothing,click,2024-04-06 15:29:29,desktop,Safari,
SESS-004821,,/contact,search,2024-08-04 09:01:14,mobile,Firefox,email_campaign
SESS-004822,,/account,click,2024-04-20 14:34:24,mobile,Safari,bing
SESS-004823,,/products,click,2024-07-07 21:35:46,mobile,Safari,instagram
SESS-004824,CUST-0051,/products/sports,purchase,2024-03-28 03:49:41,mobile,Samsung Internet,email_campaign
SESS-004825,CUST-0447,/account,video_play,2024-04-06 03:05:27,tablet,Firefox,tiktok
SESS-004826,CUST-0086,/products,page_view,2024-06-04 22:46:29,desktop,Chrome,facebook
SESS-004827,,/faq,search,2024-11-20 18:49:02,desktop,Samsung Internet,google
SESS-004828,CUST-0118,/cart,page_view,2024-05-31 17:41:31,mobile,Safari,google
SESS-004829,,/account,scroll,2024-05-17 14:32:00,mobile,Firefox,bing
SESS-004830,CUST-0318,/blog,page_view,2024-02-13 12:46:43,bot,Python-urllib,email_campaign
SESS-004831,CUST-0081,/returns,begin_checkout,2024-06-09 04:14:27,mobile,Chrome,instagram
SESS-004832,CUST-0159,/cart,remove_from_cart,2024-01-17 13:51:52,mobile,Safari,direct
SESS-004833,CUST-0482,/faq,click,2024-11-22 02:23:35,mobile,Chrome,instagram
SESS-004834,,/products/books,add_to_cart,2024-08-25 20:51:40,mobile,Chrome,google
SESS-004835,,/account/wishlist,remove_from_cart,2024-07-06 10:36:25,desktop,Samsung Internet,bing
SESS-004836,CUST-0425,/,click,2024-07-30 08:02:06,mobile,Edge,email_campaign
SESS-004837,,/,add_to_cart,2024-01-13 09:57:47,mobile,Safari,email_campaign
SESS-004838,,/products/clothing,page_view,2024-11-28 00:34:07,mobile,Chrome,email_campaign
SESS-004839,CUST-0163,/products/clothing,begin_checkout,2024-10-06 09:22:10,desktop,Samsung Internet,google
SESS-004840,CUST-0445,/cart,page_view,2024-12-24 02:16:56,mobile,Chrome,email_campaign
SESS-004841,CUST-0264,/search,page_view,2024-11-08 09:20:29,desktop,Samsung Internet,instagram
SESS-004842,,/about,page_view,2024-01-14 15:29:16,desktop,Edge,affiliate
SESS-004843,CUST-0261,/faq,page_view,2024-02-18 07:11:42,desktop,Firefox,affiliate
SESS-004844,,/products/electronics,video_play,2024-10-24 16:55:24,tablet,Safari,twitter
SESS-004845,,/about,page_view,2024-09-17 10:02:06,mobile,Edge,instagram
SESS-004846,CUST-0118,/faq,page_view,2024-07-10 14:43:07,mobile,Safari,twitter
SESS-004847,,/contact,page_view,2024-05-15 05:55:32,mobile,Edge,
SESS-004848,CUST-0174,/products/clothing,page_view,2024-11-15 05:22:55,tablet,Chrome,affiliate
SESS-004849,CUST-0360,/products/clothing,search,2024-10-27 20:10:51,mobile,Samsung Internet,twitter
SESS-004850,CUST-0343,/account/wishlist,add_to_cart,2024-05-22 22:59:34,mobile,Chrome,facebook
SESS-004851,CUST-0054,/account/wishlist,scroll,2024-10-18 01:41:22,mobile,Chrome,
SESS-004852,CUST-0088,/account/wishlist,add_to_cart,2024-03-14 21:30:36,mobile,Edge,bing
SESS-004853,,/faq,page_view,2024-04-06 14:04:53,desktop,Safari,instagram
SESS-004854,,/checkout,page_view,2024-06-18 19:34:50,desktop,Edge,email_campaign
SESS-004855,CUST-0198,/account/orders,page_view,2024-04-06 06:33:02,mobile,Chrome,direct
SESS-004856,,/products/electronics,page_view,2024-05-24 11:26:49,tablet,Chrome,google
SESS-004857,CUST-0146,/products/clothing,begin_checkout,2024-02-08 03:30:16,desktop,Chrome,facebook
SESS-004858,,/blog,click,2024-08-05 01:04:15,tablet,Chrome,
SESS-004859,,/cart,begin_checkout,2024-06-14 01:16:27,desktop,Samsung Internet,google
SESS-004860,,/account/wishlist,search,2024-10-27 12:33:53,tablet,Samsung Internet,bing
SESS-004861,,/products/clothing,page_view,2024-05-18 05:44:46,mobile,Edge,email_campaign
SESS-004862,CUST-0121,/checkout/payment,begin_checkout,2024-02-16 16:17:15,desktop,Samsung Internet,direct
SESS-004863,,/account/wishlist,click,2024-04-16 17:09:33,mobile,Samsung Internet,affiliate
SESS-004864,CUST-0386,/products/clothing,add_to_cart,2024-02-11 15:26:02,mobile,Firefox,tiktok
SESS-004865,CUST-0314,/products/books,add_to_cart,2024-07-10 00:50:55,mobile,Safari,email_campaign
SESS-004866,,/account/wishlist,page_view,2024-12-16 22:51:15,tablet,Samsung Internet,affiliate
SESS-004867,,/checkout/confirmation,page_view,2024-12-06 11:31:17,mobile,Firefox,direct
SESS-004868,CUST-0423,/contact,page_view,2024-04-18 09:40:26,mobile,Safari,twitter
SESS-004869,,/products/sports,video_play,2024-01-31 23:24:15,tablet,Chrome,email_campaign
SESS-004870,,/returns,begin_checkout,2024-05-05 07:04:35,tablet,Edge,twitter
SESS-004871,CUST-0338,/products,search,2024-02-03 00:16:31,mobile,Safari,google
SESS-004872,CUST-0253,/checkout/payment,video_play,2024-06-19 19:52:39,mobile,Chrome,twitter
SESS-004873,CUST-0015,/products/electronics,page_view,2024-10-18 05:38:18,tablet,Edge,instagram
SESS-004874,CUST-0291,/products/sports,remove_from_cart,2024-11-30 12:49:30,desktop,Safari,instagram
SESS-004875,CUST-0093,/products/books,begin_checkout,2024-06-10 13:11:30,mobile,Samsung Internet,
SESS-004876,CUST-0339,/products/books,click,2024-09-13 20:16:46,desktop,Chrome,affiliate
SESS-004877,CUST-0412,/products/electronics,begin_checkout,2024-04-21 19:36:18,mobile,Safari,
SESS-004878,CUST-0391,/checkout/confirmation,page_view,2024-10-23 12:18:36,mobile,Chrome,tiktok
SESS-004879,CUST-0104,/blog,page_view,2024-12-01 03:01:52,desktop,Samsung Internet,twitter
SESS-004880,,/products/sports,page_view,2024-04-07 09:21:27,tablet,Samsung Internet,google
SESS-004881,CUST-0235,/account/wishlist,begin_checkout,2024-10-22 17:32:49,mobile,Chrome,
SESS-004882,CUST-0472,/products/clothing,search,2024-05-30 00:49:13,desktop,Safari,instagram
SESS-004883,CUST-0133,/,remove_from_cart,2024-07-14 19:29:26,mobile,Samsung Internet,direct
SESS-004884,CUST-0379,/about,begin_checkout,2024-05-23 09:16:37,tablet,Firefox,twitter
SESS-004885,,/products/home,remove_from_cart,2024-04-12 17:41:09,mobile,Safari,affiliate
SESS-004886,CUST-0281,/faq,video_play,2024-01-21 10:59:25,mobile,Chrome,
SESS-004887,CUST-0471,/search,page_view,2024-05-05 00:25:51,mobile,Edge,affiliate
SESS-004888,CUST-0490,/checkout/payment,click,2024-02-01 01:59:48,bot,SemrushBot,twitter
SESS-004889,,/returns,page_view,2024-12-07 14:56:47,tablet,Firefox,
SESS-004890,CUST-0039,/,click,2024-07-11 23:52:11,mobile,Samsung Internet,bing
SESS-004891,CUST-0495,/products/sports,begin_checkout,2024-09-20 17:28:39,desktop,Safari,tiktok
SESS-004892,,/products/sports,video_play,2024-03-14 20:03:21,mobile,Safari,bing
SESS-004893,,/,video_play,2024-03-22 18:09:20,mobile,Safari,instagram
SESS-004894,CUST-0450,/,click,2024-07-26 08:27:39,mobile,Safari,twitter
SESS-004895,,/checkout,page_view,2024-12-23 16:13:39,mobile,Edge,twitter
SESS-004896,CUST-0016,/checkout/payment,page_view,2024-08-17 20:15:02,mobile,Firefox,tiktok
SESS-004897,CUST-0440,/cart,page_view,2024-09-30 05:20:56,mobile,Chrome,google
SESS-004898,CUST-0135,/products/books,purchase,2024-07-20 04:13:05,tablet,Safari,affiliate
SESS-004899,,/products/books,add_to_cart,2024-08-29 00:52:06,mobile,Safari,direct
SESS-004900,,/account,video_play,2024-11-18 15:17:09,desktop,Safari,email_campaign
SESS-004901,CUST-0413,/products/electronics,begin_checkout,2024-10-24 05:24:33,mobile,Edge,twitter
SESS-004902,CUST-0264,/blog,purchase,2024-08-19 11:38:53,tablet,Safari,affiliate
SESS-004903,CUST-0456,/checkout/payment,scroll,2024-05-23 16:59:36,mobile,Chrome,google
SESS-004904,CUST-0217,/contact,click,2024-04-19 08:46:25,mobile,Chrome,google
SESS-004905,CUST-0499,/checkout/confirmation,begin_checkout,2024-05-06 09:15:43,mobile,Chrome,instagram
SESS-004906,CUST-0286,/products/sports,click,2024-05-21 21:44:17,mobile,Edge,tiktok
SESS-004907,CUST-0370,/checkout/payment,search,2024-06-09 19:43:46,desktop,Chrome,instagram
SESS-004908,CUST-0195,/blog,purchase,2030-09-12 12:00:00,desktop,Chrome,
SESS-004909,CUST-0100,/products/books,purchase,2024-05-12 16:06:50,mobile,Chrome,google
SESS-004910,CUST-0428,/cart,remove_from_cart,2024-10-03 08:17:58,tablet,Samsung Internet,
SESS-004911,CUST-0493,/faq,scroll,2024-02-18 14:07:31,mobile,Samsung Internet,facebook
SESS-004912,CUST-0253,/account/orders,page_view,2024-06-23 13:43:02,mobile,Firefox,google
SESS-004913,CUST-0180,/products/electronics,click,2024-10-06 00:59:10,tablet,Firefox,instagram
SESS-004914,,/products/home,video_play,1970-01-01 00:00:00,tablet,Chrome,tiktok
SESS-004915,CUST-0351,/account,purchase,2024-03-11 04:24:06,desktop,Chrome,
SESS-004916,CUST-0183,/products/electronics,scroll,2024-11-27 13:36:00,desktop,Safari,email_campaign
SESS-004917,,/cart,add_to_cart,2024-10-16 01:51:30,mobile,Chrome,affiliate
SESS-004918,,/account,page_view,2024-04-10 05:03:57,desktop,Firefox,google
SESS-004919,,/products/clothing,page_view,2024-05-23 09:01:46,mobile,Chrome,bing
SESS-004920,CUST-0457,/contact,search,2024-06-04 16:46:30,tablet,Edge,affiliate
SESS-004921,CUST-0145,/contact,scroll,2024-09-02 20:12:20,desktop,Chrome,bing
SESS-004922,CUST-0033,/checkout/payment,add_to_cart,2024-09-28 19:03:14,mobile,Safari,tiktok
SESS-004923,CUST-0124,/cart,begin_checkout,2024-10-16 09:21:46,desktop,Chrome,google
SESS-004924,CUST-0190,/checkout/payment,scroll,2024-06-13 12:11:27,mobile,Chrome,bing
SESS-004925,CUST-0308,/checkout/confirmation,search,2024-06-19 04:39:50,mobile,Chrome,direct
SESS-004926,,/account,page_view,2024-02-21 16:29:47,desktop,Safari,facebook
SESS-004927,,/products,click,2024-05-28 10:38:17,desktop,Safari,bing
SESS-004928,,/blog,scroll,2024-01-17 03:26:01,desktop,Chrome,direct
SESS-004929,CUST-0068,/products/electronics,scroll,2024-04-19 08:07:14,mobile,Samsung Internet,instagram
SESS-004930,CUST-0415,/account/orders,video_play,2024-05-13 10:34:54,desktop,Safari,instagram
SESS-004931,CUST-0072,/products,click,2024-01-16 22:19:33,tablet,Safari,affiliate
SESS-004932,CUST-0375,/checkout,add_to_cart,2024-09-23 09:32:32,tablet,Firefox,
SESS-004933,CUST-0093,/faq,remove_from_cart,2024-01-24 15:11:59,mobile,Samsung Internet,tiktok
SESS-004934,,/products/clothing,remove_from_cart,2024-03-14 10:22:52,mobile,Edge,google
SESS-004935,CUST-0300,/products/home,page_view,2024-10-11 17:25:23,mobile,Edge,twitter
SESS-004936,CUST-0091,/checkout/payment,remove_from_cart,2024-10-19 22:37:09,mobile,Edge,
SESS-004937,CUST-0374,/products/electronics,add_to_cart,2024-03-21 22:26:47,desktop,Chrome,direct
SESS-004938,CUST-0255,/checkout/payment,purchase,2024-03-26 10:52:06,desktop,Chrome,instagram
SESS-004939,CUST-0238,/checkout/confirmation,remove_from_cart,2024-03-19 02:33:15,mobile,Samsung Internet,tiktok
SESS-004940,CUST-0389,/products/sports,begin_checkout,2024-08-26 04:44:15,mobile,Safari,
SESS-004941,CUST-0005,/checkout/confirmation,remove_from_cart,2024-03-31 19:36:28,mobile,Firefox,affiliate
SESS-004942,,/products,purchase,2024-09-13 00:51:40,desktop,Chrome,affiliate
SESS-004943,CUST-0243,/blog,begin_checkout,2024-07-12 13:34:49,desktop,Edge,tiktok
SESS-004944,,/contact,video_play,2024-05-06 19:54:24,mobile,Chrome,facebook
SESS-004945,CUST-0488,/search,video_play,2024-05-27 15:05:17,mobile,Chrome,twitter
SESS-004946,,/faq,click,2024-03-20 19:31:57,mobile,Chrome,instagram
SESS-004947,,/checkout/payment,click,2024-01-06 19:20:35,tablet,Edge,facebook
SESS-004948,CUST-0317,/cart,search,2024-03-19 00:06:21,desktop,Chrome,bing
SESS-004949,CUST-0150,/checkout,page_view,2024-02-15 19:04:36,mobile,Chrome,instagram
SESS-004950,CUST-0308,/account/orders,page_view,2024-10-05 16:27:35,mobile,Firefox,email_campaign
SESS-004951,CUST-0477,/products/home,page_view,2024-09-28 14:07:46,mobile,Firefox,google
SESS-004952,,/account/wishlist,remove_from_cart,2024-05-05 05:48:34,tablet,Firefox,affiliate
SESS-004953,,/contact,page_view,2024-06-06 22:07:32,tablet,Samsung Internet,email_campaign
SESS-004954,CUST-0032,/checkout,remove_from_cart,2024-12-09 11:50:37,tablet,Samsung Internet,facebook
SESS-004955,CUST-0191,/returns,video_play,2024-03-14 20:58:42,mobile,Safari,google
SESS-004956,,/contact,page_view,2024-12-27 05:38:38,desktop,Samsung Internet,facebook
SESS-004957,CUST-0111,/products/electronics,search,2024-02-27 12:47:41,bot,Bingbot,facebook
SESS-004958,CUST-0106,/about,click,2024-05-28 08:47:07,tablet,Safari,tiktok
SESS-004959,,/,scroll,2024-04-14 08:53:49,desktop,Edge,email_campaign
SESS-004960,CUST-0150,/,purchase,2024-12-18 08:50:08,mobile,Edge,twitter
SESS-004961,CUST-0072,/cart,click,2024-05-20 22:17:48,desktop,Edge,twitter
SESS-004962,CUST-0103,/,video_play,2024-03-11 06:04:02,mobile,Firefox,facebook
SESS-004963,CUST-0103,/products/home,page_view,2030-11-23 12:00:00,tablet,Samsung Internet,affiliate
SESS-004964,CUST-0221,/search,purchase,2024-12-01 15:38:22,mobile,Chrome,email_campaign
SESS-004965,,/blog,page_view,2024-05-20 21:06:08,mobile,Chrome,email_campaign
SESS-004966,,/products/books,scroll,2024-10-13 16:24:01,desktop,Chrome,instagram
SESS-004967,,/account/wishlist,page_view,2024-12-20 19:49:24,mobile,Safari,direct
SESS-004968,CUST-0457,/products/books,scroll,2024-03-16 05:35:35,mobile,Chrome,twitter
SESS-004969,CUST-0371,/checkout,search,2024-06-09 11:27:20,mobile,Samsung Internet,email_campaign
SESS-004970,,/products/clothing,click,2024-12-19 03:33:49,mobile,Chrome,tiktok
SESS-004971,,/products/electronics,page_view,2024-06-23 21:23:01,mobile,Safari,instagram
SESS-004972,,/products/sports,video_play,2024-07-31 19:35:32,mobile,Safari,twitter
SESS-004973,,/checkout,page_view,2024-04-28 00:48:24,mobile,Safari,google
SESS-004974,CUST-0272,/search,remove_from_cart,2024-10-08 23:08:55,desktop,Safari,tiktok
SESS-004975,CUST-0453,/products/clothing,add_to_cart,2024-06-28 23:11:43,tablet,Chrome,facebook
SESS-004976,CUST-0023,/products,remove_from_cart,2024-09-20 22:27:02,desktop,Chrome,bing
SESS-004977,CUST-0342,/returns,page_view,2024-12-02 19:00:08,desktop,Chrome,instagram
SESS-004978,,/contact,page_view,2024-08-28 21:07:54,mobile,Safari,google
SESS-004979,CUST-0420,/blog,page_view,2024-11-29 22:33:34,mobile,Edge,instagram
SESS-004980,CUST-0453,/products/clothing,begin_checkout,2024-11-29 06:07:19,desktop,Firefox,instagram
SESS-004981,CUST-0308,/cart,begin_checkout,2024-11-06 13:09:52,mobile,Safari,bing
SESS-004982,CUST-0053,/products/home,page_view,2024-12-26 10:04:25,desktop,Firefox,tiktok
SESS-004983,,/cart,begin_checkout,2024-03-26 18:45:22,mobile,Chrome,direct
SESS-004984,CUST-0182,/checkout/confirmation,scroll,2024-01-23 02:55:12,mobile,Firefox,direct
SESS-004985,CUST-0399,/products/sports,click,2024-06-03 12:34:39,mobile,Chrome,email_campaign
SESS-004986,CUST-0036,/blog,click,2024-08-15 16:07:18,desktop,Chrome,google
SESS-004987,CUST-0158,/faq,search,2024-07-23 12:11:32,mobile,Firefox,email_campaign
SESS-004988,CUST-0433,/about,begin_checkout,2024-04-07 16:48:44,mobile,Edge,email_campaign
SESS-004989,CUST-0228,/cart,click,2024-07-09 13:27:43,tablet,Safari,
SESS-004990,CUST-0224,/products/books,begin_checkout,2024-02-17 13:57:27,mobile,Firefox,twitter
SESS-004991,CUST-0388,/products/electronics,search,2024-01-03 15:42:06,desktop,Chrome,email_campaign
SESS-004992,CUST-0008,/returns,click,2024-08-18 03:21:46,mobile,Chrome,twitter
SESS-004993,,/products,page_view,2024-10-13 22:34:01,mobile,Safari,bing
SESS-004994,CUST-0480,/faq,page_view,2024-05-24 01:01:35,mobile,Chrome,bing
SESS-004995,CUST-0300,/account/wishlist,click,2024-03-13 19:52:10,tablet,Safari,email_campaign
SESS-004996,CUST-0417,/search,remove_from_cart,2024-10-08 12:15:33,tablet,Safari,bing
SESS-004997,CUST-0078,/,remove_from_cart,2024-11-14 04:31:25,mobile,Chrome,bing
SESS-004998,CUST-0138,/products/electronics,begin_checkout,2024-07-28 13:08:07,desktop,Firefox,twitter
SESS-004999,CUST-0054,/products/home,add_to_cart,2024-09-24 00:10:17,mobile,Chrome,affiliate
SESS-005000,CUST-0419,/about,page_view,2024-09-12 15:17:00,mobile,Safari,facebook
SESS-005001,CUST-0105,/products/clothing,search,2024-10-15 18:29:12,mobile,Safari,instagram
SESS-005002,CUST-0400,/products/books,click,2024-06-14 04:34:17,desktop,Safari,direct
SESS-005003,CUST-0269,/about,page_view,2024-03-23 16:22:27,tablet,Firefox,google
SESS-005004,,/products,add_to_cart,2024-02-13 00:43:52,desktop,Safari,twitter
SESS-005005,,/,video_play,1970-01-01 00:00:00,mobile,Firefox,
SESS-005006,,/checkout,purchase,2024-11-25 08:04:17,tablet,Chrome,twitter
SESS-005007,CUST-0088,/products/home,page_view,2024-01-20 17:08:44,mobile,Chrome,email_campaign
SESS-005008,CUST-0052,/blog,page_view,2024-05-20 08:34:33,desktop,Edge,affiliate
SESS-005009,CUST-0201,/products,click,2024-09-09 09:24:33,mobile,Safari,bing
SESS-005010,CUST-0135,/contact,begin_checkout,2024-02-19 22:36:33,bot,Python-urllib,tiktok
SESS-005011,,/returns,page_view,2024-11-26 04:27:36,mobile,Safari,
SESS-005012,CUST-0424,/cart,video_play,2024-09-17 06:43:18,mobile,Firefox,direct
SESS-005013,,/,scroll,2024-04-17 11:38:01,mobile,Edge,twitter
SESS-005014,,/products/books,scroll,2024-06-18 23:37:19,desktop,Safari,direct
SESS-005015,,/account/wishlist,page_view,2024-05-22 13:49:25,mobile,Safari,affiliate
SESS-005016,CUST-0118,/cart,scroll,2024-12-03 23:04:18,desktop,Edge,email_campaign
SESS-005017,,/account/wishlist,purchase,2024-03-05 23:14:43,desktop,Safari,tiktok
SESS-005018,CUST-0015,/products/home,page_view,2024-05-25 15:04:22,mobile,Firefox,affiliate
SESS-005019,,/account/orders,video_play,2024-02-03 09:19:59,desktop,Samsung Internet,email_campaign
SESS-005020,CUST-0003,/search,begin_checkout,2024-06-09 13:17:41,tablet,Chrome,email_campaign
SESS-005021,CUST-0337,/products/books,video_play,2024-06-24 20:48:35,mobile,Samsung Internet,
SESS-005022,CUST-0296,/products/home,video_play,2024-06-02 16:39:21,mobile,Safari,instagram
SESS-005023,CUST-0408,/products,remove_from_cart,2024-01-10 02:30:21,desktop,Safari,affiliate
SESS-005024,CUST-0449,/products/electronics,begin_checkout,2024-03-14 15:07:34,tablet,Chrome,tiktok
SESS-005025,,/checkout,search,2024-11-08 15:03:59,tablet,Edge,facebook
SESS-005026,CUST-0302,/blog,add_to_cart,2024-10-08 10:04:34,tablet,Safari,direct
SESS-005027,CUST-0461,/products/electronics,remove_from_cart,2024-09-06 06:50:57,mobile,Edge,instagram
SESS-005028,CUST-0043,/,remove_from_cart,2024-10-05 04:12:58,mobile,Samsung Internet,
SESS-005029,CUST-0083,/products/books,search,2024-01-08 22:33:46,tablet,Edge,email_campaign
SESS-005030,CUST-0210,/products/clothing,page_view,2024-09-13 14:29:28,mobile,Safari,instagram
SESS-005031,CUST-0002,/checkout/payment,begin_checkout,2024-01-21 10:31:50,mobile,Samsung Internet,email_campaign
SESS-005032,CUST-0043,/,click,2024-11-01 14:06:06,mobile,Chrome,bing
SESS-005033,,/returns,page_view,2024-05-04 06:19:39,mobile,Safari,affiliate
SESS-005034,CUST-0155,/account/wishlist,click,2024-04-03 21:29:19,desktop,Chrome,tiktok
SESS-005035,CUST-0498,/products/books,scroll,2024-01-13 11:15:12,bot,Googlebot,instagram
SESS-005036,CUST-0246,/products/sports,scroll,2024-11-12 02:05:59,mobile,Edge,instagram
SESS-005037,CUST-0189,/checkout/payment,page_view,2024-11-22 14:43:02,desktop,Chrome,twitter
SESS-005038,CUST-0245,/account/wishlist,video_play,2024-02-28 17:27:17,desktop,Chrome,twitter
SESS-005039,CUST-0493,/products/clothing,begin_checkout,2024-11-10 11:21:28,desktop,Edge,direct
SESS-005040,,/products,scroll,2024-05-07 08:38:43,mobile,Samsung Internet,google
SESS-005041,,/cart,begin_checkout,2024-01-24 18:25:35,mobile,Edge,tiktok
SESS-005042,CUST-0142,/products/electronics,page_view,2024-11-12 17:15:54,desktop,Edge,bing
SESS-005043,CUST-0117,/search,scroll,2024-11-05 22:11:45,mobile,Chrome,
SESS-005044,,/products,purchase,2024-01-02 06:59:34,desktop,Chrome,tiktok
SESS-005045,CUST-0423,/products,add_to_cart,2024-07-16 06:43:53,mobile,Chrome,email_campaign
SESS-005046,CUST-0474,/checkout,remove_from_cart,2024-02-20 22:27:33,desktop,Safari,facebook
SESS-005047,CUST-0220,/cart,page_view,2024-05-15 11:56:03,desktop,Safari,affiliate
SESS-005048,,/products/sports,purchase,2024-09-12 14:40:49,tablet,Chrome,google
SESS-005049,CUST-0189,/checkout/payment,click,2024-01-09 16:20:00,desktop,Chrome,
SESS-005050,CUST-0285,/checkout/confirmation,remove_from_cart,2024-05-16 06:48:37,tablet,Chrome,email_campaign
SESS-005051,,/products/clothing,click,1970-01-01 00:00:00,mobile,Chrome,bing
SESS-005052,CUST-0053,/account/wishlist,purchase,2024-06-25 11:43:49,mobile,Edge,affiliate
SESS-005053,CUST-0049,/products/sports,scroll,2024-01-27 02:44:36,tablet,Edge,tiktok
SESS-005054,,/returns,video_play,2024-05-23 07:16:40,mobile,Safari,affiliate
SESS-005055,CUST-0015,/products/clothing,search,2024-08-23 12:08:58,mobile,Chrome,affiliate
SESS-005056,CUST-0167,/checkout/payment,add_to_cart,2024-11-24 08:58:13,mobile,Samsung Internet,tiktok
SESS-005057,CUST-0038,/contact,page_view,2024-07-24 06:20:47,desktop,Chrome,bing
SESS-005058,CUST-0347,/cart,click,2024-02-26 02:21:26,mobile,Edge,bing
SESS-005059,,/checkout/payment,page_view,2024-01-04 23:24:42,desktop,Chrome,affiliate
SESS-005060,CUST-0354,/products,search,2024-11-21 23:12:45,mobile,Chrome,direct
SESS-005061,,/about,page_view,2024-03-17 08:06:56,mobile,Safari,google
SESS-005062,CUST-0442,/products/home,begin_checkout,2024-01-06 16:07:17,desktop,Chrome,
SESS-005063,,/checkout/confirmation,click,2024-10-04 14:30:59,mobile,Chrome,
SESS-005064,CUST-0016,/products/sports,remove_from_cart,2024-11-04 19:49:25,tablet,Chrome,
SESS-005065,CUST-0194,/products/clothing,begin_checkout,2024-03-24 03:53:07,desktop,Safari,facebook
SESS-005066,CUST-0090,/,remove_from_cart,2024-02-20 05:27:52,mobile,Chrome,tiktok
SESS-005067,CUST-0324,/products,search,2024-05-26 07:07:25,mobile,Safari,facebook
SESS-005068,CUST-0299,/returns,page_view,2024-03-13 20:44:44,desktop,Chrome,instagram
SESS-005069,CUST-0088,/checkout/confirmation,begin_checkout,2024-09-16 22:05:45,desktop,Samsung Internet,tiktok
SESS-005070,CUST-0235,/checkout/payment,purchase,2024-08-13 08:15:10,tablet,Chrome,tiktok
SESS-005071,CUST-0140,/account/orders,scroll,2024-02-12 22:07:38,mobile,Chrome,instagram
SESS-005072,CUST-0321,/products/home,add_to_cart,2024-05-09 16:55:10,mobile,Chrome,google
SESS-005073,CUST-0088,/products/home,purchase,2024-06-23 12:34:33,mobile,Firefox,affiliate
SESS-005074,CUST-0369,/checkout,search,2024-12-30 16:16:53,desktop,Safari,tiktok
SESS-005075,CUST-0167,/products/electronics,remove_from_cart,2024-09-25 06:01:43,tablet,Safari,email_campaign
SESS-005076,CUST-0292,/blog,scroll,2024-11-16 15:15:00,desktop,Edge,facebook
SESS-005077,,/contact,scroll,2024-01-15 11:43:22,mobile,Edge,twitter
SESS-005078,,/checkout/confirmation,search,2024-03-21 07:29:08,desktop,Safari,google
SESS-005079,CUST-0344,/products,purchase,2024-12-26 13:38:41,desktop,Chrome,bing
SESS-005080,CUST-0006,/blog,remove_from_cart,2024-06-18 19:23:00,mobile,Samsung Internet,tiktok
SESS-005081,CUST-0231,/faq,purchase,2024-10-14 23:49:10,desktop,Safari,instagram
SESS-005082,CUST-0273,/faq,click,2024-01-27 22:44:47,mobile,Safari,email_campaign
SESS-005083,,/products/clothing,page_view,2024-12-06 17:06:19,bot,AhrefsBot,affiliate
SESS-005084,,/checkout/payment,add_to_cart,2024-08-20 01:47:32,mobile,Safari,twitter
SESS-005085,CUST-0135,/contact,page_view,2024-05-28 08:24:09,mobile,Chrome,facebook
SESS-005086,CUST-0073,/search,begin_checkout,2024-08-18 03:51:07,desktop,Edge,
SESS-005087,CUST-0487,/cart,page_view,2024-12-06 03:05:50,desktop,Firefox,bing
SESS-005088,,/search,remove_from_cart,2024-10-31 01:02:26,tablet,Firefox,google
SESS-005089,,/about,page_view,2024-03-17 11:46:04,tablet,Chrome,twitter
SESS-005090,CUST-0026,/account,video_play,2024-05-10 03:26:54,mobile,Chrome,instagram
SESS-005091,,/checkout/confirmation,add_to_cart,2024-01-04 15:25:50,tablet,Safari,google
SESS-005092,CUST-0105,/account/orders,add_to_cart,2024-04-13 12:36:36,tablet,Firefox,tiktok
SESS-005093,,/products,begin_checkout,2024-02-25 12:14:47,desktop,Edge,
SESS-005094,CUST-0338,/about,page_view,2024-04-12 03:59:26,desktop,Edge,email_campaign
SESS-005095,CUST-0067,/returns,scroll,2024-10-19 04:13:57,desktop,Safari,twitter
SESS-005096,CUST-0236,/faq,video_play,2024-03-16 05:49:08,desktop,Safari,instagram
SESS-005097,CUST-0446,/products/electronics,click,2024-09-29 18:39:15,desktop,Safari,google
SESS-005098,CUST-0231,/products/sports,click,2024-02-19 13:23:48,mobile,Safari,bing
SESS-005099,,/search,click,2024-09-27 10:47:47,mobile,Chrome,affiliate
SESS-005100,,/faq,remove_from_cart,2024-09-25 00:22:37,bot,Python-urllib,direct
SESS-005101,CUST-0272,/products/home,begin_checkout,2024-10-22 17:14:43,tablet,Chrome,google
SESS-005102,,/account/orders,page_view,2024-05-05 14:45:35,mobile,Chrome,direct
SESS-005103,CUST-0263,/contact,page_view,2024-03-24 11:24:21,mobile,Safari,google
SESS-005104,CUST-0423,/search,page_view,2024-05-13 19:05:23,desktop,Chrome,tiktok
SESS-005105,CUST-0192,/contact,add_to_cart,2024-04-10 22:04:35,mobile,Chrome,bing
SESS-005106,,/search,remove_from_cart,2024-04-16 09:27:44,tablet,Firefox,facebook
SESS-005107,CUST-0154,/products/clothing,click,2024-12-24 14:49:01,tablet,Chrome,google
SESS-005108,CUST-0400,/returns,purchase,2024-10-19 11:03:58,tablet,Safari,email_campaign
SESS-005109,,/checkout,search,1970-01-01 00:00:00,desktop,Samsung Internet,twitter
SESS-005110,CUST-0216,/about,purchase,2024-06-20 02:35:35,desktop,Chrome,affiliate
SESS-005111,,/products/home,click,2024-01-31 06:36:26,desktop,Chrome,twitter
SESS-005112,CUST-0410,/contact,page_view,2024-11-17 14:35:45,desktop,Safari,google
SESS-005113,CUST-0106,/checkout/payment,remove_from_cart,2024-08-13 14:46:44,mobile,Chrome,bing
SESS-005114,CUST-0055,/search,add_to_cart,2024-02-05 09:01:14,mobile,Edge,
SESS-005115,,/account/wishlist,purchase,2024-05-30 18:30:33,mobile,Chrome,bing
SESS-005116,,/search,click,2024-01-29 04:24:57,tablet,Edge,facebook
SESS-005117,CUST-0224,/account/orders,page_view,2024-10-31 18:51:18,mobile,Edge,instagram
SESS-005118,CUST-0048,/cart,add_to_cart,2024-07-29 12:17:21,tablet,Samsung Internet,facebook
SESS-005119,,/products/electronics,search,2024-09-02 14:26:31,tablet,Edge,twitter
SESS-005120,CUST-0416,/search,remove_from_cart,2024-10-01 14:03:45,tablet,Chrome,google
SESS-005121,,/blog,purchase,2024-03-28 16:59:05,mobile,Chrome,
SESS-005122,CUST-0363,/blog,page_view,2024-10-14 13:09:53,desktop,Chrome,email_campaign
SESS-005123,,/blog,page_view,2024-02-25 10:43:56,mobile,Samsung Internet,bing
SESS-005124,,/search,remove_from_cart,2024-11-29 09:40:31,desktop,Chrome,email_campaign
SESS-005125,CUST-0435,/returns,scroll,2024-10-20 12:24:14,desktop,Edge,twitter
SESS-005126,,/blog,search,2024-10-10 12:08:08,tablet,Chrome,email_campaign
SESS-005127,CUST-0097,/products,click,2024-05-25 20:33:51,mobile,Safari,facebook
SESS-005128,,/,page_view,2024-05-17 18:35:53,mobile,Chrome,direct
SESS-005129,CUST-0270,/account,add_to_cart,2024-10-11 06:23:51,tablet,Chrome,bing
SESS-005130,CUST-0213,/account/wishlist,remove_from_cart,2024-09-04 08:09:02,mobile,Edge,direct
SESS-005131,,/checkout/confirmation,page_view,2024-01-09 14:57:18,desktop,Edge,google
SESS-005132,CUST-0298,/products/books,video_play,2024-05-05 18:05:24,tablet,Safari,google
SESS-005133,,/,video_play,2024-01-29 03:31:45,mobile,Chrome,affiliate
SESS-005134,CUST-0452,/account,click,2024-08-07 05:51:16,mobile,Chrome,facebook
SESS-005135,CUST-0295,/account,scroll,2024-02-16 11:11:36,mobile,Chrome,instagram
SESS-005136,CUST-0259,/account,click,2024-04-09 19:42:03,mobile,Safari,bing
SESS-005137,,/account/wishlist,click,2024-04-01 16:19:15,desktop,Safari,google
SESS-005138,CUST-0164,/checkout/confirmation,page_view,2024-07-02 04:12:17,desktop,Safari,email_campaign
SESS-005139,,/search,page_view,2024-08-11 11:02:57,tablet,Safari,direct
SESS-005140,CUST-0284,/,video_play,2024-10-26 14:02:05,mobile,Chrome,tiktok
SESS-005141,CUST-0129,/returns,search,2024-05-16 16:22:24,mobile,Chrome,email_campaign
SESS-005142,,/search,page_view,2024-08-10 06:16:23,desktop,Chrome,tiktok
SESS-005143,CUST-0461,/faq,purchase,2024-01-20 17:38:29,desktop,Samsung Internet,google
SESS-005144,CUST-0008,/about,add_to_cart,2024-02-03 04:04:33,mobile,Chrome,
SESS-005145,,/blog,remove_from_cart,2024-06-10 21:53:32,desktop,Chrome,tiktok
SESS-005146,CUST-0223,/checkout/confirmation,click,2024-12-05 02:25:05,desktop,Firefox,affiliate
SESS-005147,,/faq,search,2024-11-03 10:20:46,tablet,Safari,instagram
SESS-005148,CUST-0039,/returns,page_view,2024-07-07 06:51:40,mobile,Samsung Internet,instagram
SESS-005149,CUST-0062,/products/electronics,page_view,2024-08-20 04:46:12,mobile,Safari,google
SESS-005150,CUST-0150,/cart,scroll,2024-01-21 08:39:27,tablet,Firefox,tiktok
SESS-005151,,/,page_view,2024-04-15 03:35:46,desktop,Chrome,email_campaign
SESS-005152,CUST-0083,/faq,search,2024-08-23 07:28:35,desktop,Firefox,bing
SESS-005153,CUST-0333,/faq,begin_checkout,2024-06-08 00:34:13,mobile,Chrome,twitter
SESS-005154,CUST-0286,/,click,2024-03-20 17:53:54,mobile,Chrome,email_campaign
SESS-005155,CUST-0454,/products/sports,scroll,1970-01-01 00:00:00,mobile,Chrome,tiktok
SESS-005156,CUST-0346,/checkout/confirmation,page_view,2024-04-03 07:32:15,mobile,Chrome,bing
SESS-005157,,/cart,begin_checkout,2024-01-09 15:41:10,mobile,Safari,
SESS-005158,CUST-0177,/products/sports,purchase,2024-03-25 02:17:17,desktop,Chrome,google
SESS-005159,CUST-0256,/products/clothing,add_to_cart,2024-05-29 09:07:47,desktop,Chrome,bing
SESS-005160,CUST-0351,/returns,click,2024-09-03 01:01:55,tablet,Safari,google
SESS-005161,CUST-0302,/contact,search,2024-03-05 08:26:43,mobile,Chrome,affiliate
SESS-005162,CUST-0104,/account,begin_checkout,2024-04-07 22:54:54,desktop,Samsung Internet,facebook
SESS-005163,,/products/electronics,video_play,2024-10-25 23:32:33,mobile,Samsung Internet,twitter
SESS-005164,,/account/wishlist,begin_checkout,2024-02-27 03:35:09,desktop,Firefox,instagram
SESS-005165,,/products/clothing,remove_from_cart,2024-08-21 02:31:08,mobile,Safari,tiktok
SESS-005166,,/products/books,purchase,2024-02-05 06:42:25,mobile,Safari,twitter
SESS-005167,CUST-0156,/blog,click,2024-01-04 11:20:47,desktop,Safari,
SESS-005168,,/contact,page_view,2024-02-05 08:19:19,mobile,Chrome,direct
SESS-005169,CUST-0464,/contact,purchase,2024-06-20 23:16:46,tablet,Firefox,google
SESS-005170,CUST-0052,/checkout,remove_from_cart,2024-06-11 23:13:05,mobile,Chrome,
SESS-005171,CUST-0187,/products/home,page_view,2024-07-29 23:30:23,mobile,Chrome,facebook
SESS-005172,CUST-0094,/products/sports,scroll,2024-04-26 12:06:23,desktop,Edge,email_campaign
SESS-005173,,/search,page_view,2024-07-28 02:58:44,desktop,Chrome,google
SESS-005174,CUST-0200,/blog,search,2024-04-14 00:42:46,desktop,Chrome,email_campaign
SESS-005175,CUST-0262,/products/sports,page_view,2024-08-06 07:33:01,desktop,Firefox,direct
SESS-005176,CUST-0434,/account/orders,page_view,2024-06-10 19:56:38,tablet,Chrome,
SESS-005177,,/products/books,click,2024-10-25 13:48:51,mobile,Chrome,bing
SESS-005178,,/contact,search,2024-01-29 07:46:17,mobile,Safari,tiktok
SESS-005179,CUST-0360,/,page_view,2024-11-07 19:35:32,mobile,Edge,google
SESS-005180,CUST-0082,/products/clothing,page_view,2024-08-30 11:41:09,desktop,Chrome,tiktok
SESS-005181,,/blog,purchase,2024-09-01 12:07:36,mobile,Samsung Internet,bing
SESS-005182,,/,search,2024-03-12 23:47:24,desktop,Chrome,email_campaign
SESS-005183,,/products/sports,purchase,2024-09-08 02:25:06,mobile,Samsung Internet,instagram
SESS-005184,CUST-0122,/,search,2024-01-11 18:44:14,mobile,Safari,
SESS-005185,,/checkout/confirmation,page_view,2024-06-18 11:36:24,desktop,Edge,direct
SESS-005186,,/checkout/payment,page_view,2024-09-11 04:54:44,mobile,Chrome,direct
SESS-005187,CUST-0117,/products/electronics,search,2024-06-05 12:18:49,tablet,Chrome,instagram
SESS-005188,,/products/sports,purchase,2024-03-04 00:31:32,mobile,Edge,tiktok
SESS-005189,CUST-0437,/checkout/confirmation,begin_checkout,2024-01-14 04:02:05,desktop,Chrome,facebook
SESS-005190,CUST-0150,/returns,page_view,2024-05-17 12:48:42,mobile,Chrome,direct
SESS-005191,CUST-0296,/products/books,video_play,2024-11-03 07:46:32,mobile,Samsung Internet,tiktok
SESS-005192,CUST-0327,/products/clothing,page_view,2024-03-03 09:54:22,desktop,Safari,
SESS-005193,CUST-0474,/products/clothing,purchase,2024-04-19 20:10:06,mobile,Chrome,affiliate
SESS-005194,CUST-0060,/checkout/payment,click,2024-11-02 07:00:35,desktop,Samsung Internet,instagram
SESS-005195,,/account/wishlist,search,2024-04-14 21:32:47,desktop,Chrome,twitter
SESS-005196,CUST-0131,/checkout/confirmation,begin_checkout,2024-07-08 00:18:00,mobile,Firefox,email_campaign
SESS-005197,CUST-0283,/products/sports,page_view,2024-09-29 18:16:51,mobile,Chrome,twitter
SESS-005198,CUST-0090,/search,purchase,2024-02-22 04:16:13,desktop,Edge,
SESS-005199,CUST-0433,/products,page_view,2024-12-28 01:34:53,desktop,Chrome,instagram
SESS-005200,,/checkout/payment,search,2024-08-20 22:40:18,desktop,Safari,email_campaign
SESS-005201,,/checkout,begin_checkout,2024-12-22 05:47:20,desktop,Edge,facebook
SESS-005202,,/contact,add_to_cart,2024-03-30 18:38:25,mobile,Chrome,affiliate
SESS-005203,CUST-0096,/products/clothing,scroll,2024-11-30 10:43:02,desktop,Chrome,facebook
SESS-005204,,/products/home,page_view,2024-06-20 09:39:19,mobile,Chrome,bing
SESS-005205,,/faq,click,2024-06-18 21:00:42,mobile,Chrome,google
SESS-005206,CUST-0020,/account/wishlist,purchase,2024-06-16 04:09:43,desktop,Chrome,email_campaign
SESS-005207,CUST-0282,/checkout,click,2024-05-21 20:04:51,desktop,Safari,email_campaign
SESS-005208,CUST-0027,/cart,begin_checkout,2024-11-05 16:51:33,mobile,Safari,email_campaign
SESS-005209,CUST-0459,/faq,page_view,2024-07-11 12:43:58,desktop,Samsung Internet,tiktok
SESS-005210,CUST-0191,/products,video_play,2024-01-08 04:14:56,desktop,Samsung Internet,instagram
SESS-005211,CUST-0252,/faq,click,2024-08-06 23:20:05,mobile,Firefox,affiliate
SESS-005212,,/returns,page_view,2024-12-08 09:44:41,desktop,Safari,email_campaign
SESS-005213,CUST-0034,/about,click,2024-02-02 21:02:59,bot,SemrushBot,bing
SESS-005214,CUST-0127,/products/home,page_view,2024-01-13 13:36:40,desktop,Chrome,instagram
SESS-005215,,/blog,page_view,2024-06-08 06:10:25,tablet,Safari,instagram
SESS-005216,CUST-0462,/account/orders,click,2024-01-06 01:58:01,desktop,Safari,
SESS-005217,CUST-0107,/account/orders,scroll,2024-03-25 01:25:21,mobile,Safari,email_campaign
SESS-005218,CUST-0203,/contact,click,2024-10-06 04:05:58,mobile,Firefox,tiktok
SESS-005219,CUST-0242,/faq,scroll,2024-01-26 19:37:10,mobile,Chrome,tiktok
SESS-005220,,/account/wishlist,scroll,2024-02-01 13:56:06,desktop,Chrome,bing
SESS-005221,CUST-0115,/account,search,2024-10-04 06:35:49,mobile,Safari,google
SESS-005222,,/products/sports,search,2024-12-13 03:45:16,mobile,Chrome,email_campaign
SESS-005223,CUST-0462,/account/orders,add_to_cart,2024-04-11 02:38:52,mobile,Safari,instagram
SESS-005224,,/about,click,2024-01-28 07:39:50,desktop,Chrome,facebook
SESS-005225,CUST-0175,/products/home,page_view,2024-02-24 01:14:02,tablet,Edge,instagram
SESS-005226,,/faq,page_view,2024-03-04 06:47:29,tablet,Chrome,instagram
SESS-005227,CUST-0136,/products/electronics,page_view,2024-07-09 11:24:51,mobile,Chrome,instagram
SESS-005228,CUST-0262,/account/orders,page_view,2024-07-09 04:35:35,desktop,Chrome,tiktok
SESS-005229,CUST-0406,/checkout,add_to_cart,2024-12-03 02:56:08,tablet,Samsung Internet,email_campaign
SESS-005230,,/,click,2024-05-21 16:15:08,desktop,Chrome,affiliate
SESS-005231,CUST-0277,/checkout,remove_from_cart,2024-04-01 04:46:53,mobile,Chrome,email_campaign
SESS-005232,CUST-0103,/products/clothing,click,2024-12-19 12:37:30,mobile,Chrome,bing
SESS-005233,CUST-0413,/contact,purchase,2024-04-16 21:02:13,mobile,Safari,
SESS-005234,CUST-0227,/products,purchase,2024-07-08 20:05:55,mobile,Chrome,twitter
SESS-005235,,/products/sports,search,2024-06-05 08:50:14,mobile,Edge,
SESS-005236,CUST-0148,/checkout/payment,add_to_cart,2024-06-14 19:05:44,mobile,Chrome,instagram
SESS-005237,CUST-0418,/products/books,purchase,2024-09-05 07:28:16,desktop,Firefox,bing
SESS-005238,CUST-0313,/about,purchase,2024-08-03 13:23:24,mobile,Samsung Internet,tiktok
SESS-005239,CUST-0259,/checkout,purchase,2024-01-26 13:24:43,mobile,Samsung Internet,
SESS-005240,,/search,remove_from_cart,2024-02-04 12:41:29,desktop,Samsung Internet,email_campaign
SESS-005241,CUST-0399,/faq,page_view,2024-05-05 22:27:31,mobile,Samsung Internet,instagram
SESS-005242,CUST-0149,/cart,begin_checkout,2024-12-23 11:28:04,mobile,Edge,instagram
SESS-005243,,/about,page_view,2024-07-06 14:07:24,mobile,Chrome,
SESS-005244,,/blog,click,2024-04-02 10:55:19,tablet,Chrome,affiliate
SESS-005245,CUST-0105,/products,click,2024-03-03 05:51:31,mobile,Chrome,
SESS-005246,CUST-0136,/checkout,add_to_cart,2024-11-23 22:01:02,desktop,Chrome,instagram
SESS-005247,CUST-0050,/account/wishlist,click,2024-01-31 02:34:03,tablet,Chrome,affiliate
SESS-005248,CUST-0119,/products/books,scroll,2024-05-21 13:14:34,tablet,Edge,bing
SESS-005249,CUST-0260,/,page_view,2024-08-03 02:41:54,mobile,Chrome,tiktok
SESS-005250,CUST-0116,/returns,page_view,2024-07-27 17:48:42,desktop,Chrome,bing
SESS-005251,,/,begin_checkout,2024-12-12 03:21:18,mobile,Chrome,bing
SESS-005252,CUST-0388,/products/electronics,page_view,2024-02-17 09:52:40,desktop,Chrome,facebook
SESS-005253,,/account/orders,page_view,2024-03-18 03:50:54,mobile,Chrome,twitter
SESS-005254,CUST-0095,/returns,purchase,2024-08-05 10:49:45,desktop,Firefox,
SESS-005255,CUST-0252,/contact,search,2024-06-05 13:15:24,mobile,Chrome,affiliate
SESS-005256,CUST-0117,/products/sports,click,2024-06-28 06:25:48,mobile,Edge,instagram
SESS-005257,CUST-0323,/products/sports,scroll,2024-07-04 16:18:51,desktop,Firefox,email_campaign
SESS-005258,CUST-0353,/account,begin_checkout,2024-03-13 16:17:46,desktop,Chrome,instagram
SESS-005259,CUST-0363,/account,page_view,2024-02-12 10:56:55,mobile,Chrome,tiktok
SESS-005260,CUST-0487,/products/clothing,page_view,2024-12-05 03:44:30,mobile,Samsung Internet,tiktok
SESS-005261,CUST-0094,/checkout,page_view,2024-06-01 13:21:36,mobile,Chrome,bing
SESS-005262,CUST-0492,/checkout/confirmation,page_view,2024-01-02 03:48:23,tablet,Firefox,facebook
SESS-005263,,/faq,begin_checkout,2024-09-15 08:09:07,desktop,Edge,
SESS-005264,,/returns,purchase,2024-05-13 18:12:03,mobile,Firefox,facebook
SESS-005265,CUST-0433,/account/orders,search,2024-05-21 15:34:58,tablet,Edge,facebook
SESS-005266,,/,page_view,2024-04-29 10:48:50,desktop,Edge,direct
SESS-005267,,/about,page_view,2024-07-14 02:18:29,desktop,Samsung Internet,
SESS-005268,CUST-0482,/checkout/payment,page_view,2024-03-03 17:34:39,desktop,Firefox,direct
SESS-005269,CUST-0200,/checkout,click,2024-11-19 16:41:19,desktop,Chrome,google
SESS-005270,,/account/orders,click,2024-10-25 00:36:10,mobile,Edge,affiliate
SESS-005271,,/products/books,search,2024-12-02 07:36:00,desktop,Chrome,direct
SESS-005272,,/account/wishlist,click,2024-11-23 07:40:30,mobile,Edge,email_campaign
SESS-005273,,/blog,click,2024-12-01 19:09:49,desktop,Chrome,instagram
SESS-005274,CUST-0323,/checkout/payment,remove_from_cart,2024-07-25 21:45:51,mobile,Chrome,tiktok
SESS-005275,CUST-0307,/checkout,page_view,2024-10-13 18:04:55,desktop,Edge,bing
SESS-005276,CUST-0412,/products,scroll,2030-07-07 12:00:00,mobile,Edge,tiktok
SESS-005277,,/about,purchase,2024-12-11 07:51:09,desktop,Chrome,tiktok
SESS-005278,CUST-0348,/products/home,page_view,2024-01-01 01:32:27,mobile,Chrome,bing
SESS-005279,CUST-0297,/account/wishlist,scroll,2024-01-20 17:59:56,desktop,Chrome,
SESS-005280,CUST-0494,/blog,remove_from_cart,2024-06-04 03:30:20,tablet,Chrome,instagram
SESS-005281,CUST-0367,/about,page_view,2024-11-23 16:02:35,tablet,Safari,twitter
SESS-005282,CUST-0120,/returns,add_to_cart,2024-10-07 22:30:09,mobile,Safari,email_campaign
SESS-005283,CUST-0288,/account/orders,click,2024-08-27 04:11:36,mobile,Chrome,affiliate
SESS-005284,,/account/wishlist,add_to_cart,2024-02-26 05:30:15,mobile,Chrome,instagram
SESS-005285,,/returns,scroll,2024-02-17 15:16:31,tablet,Chrome,instagram
SESS-005286,CUST-0498,/search,click,2024-11-09 08:41:27,tablet,Edge,google
SESS-005287,,/returns,click,2024-02-07 10:32:37,desktop,Safari,affiliate
SESS-005288,CUST-0236,/,purchase,2024-03-10 13:26:51,tablet,Samsung Internet,facebook
SESS-005289,CUST-0090,/cart,click,2024-09-28 19:29:28,mobile,Chrome,tiktok
SESS-005290,CUST-0290,/products/home,click,2024-04-19 14:14:51,mobile,Chrome,affiliate
SESS-005291,CUST-0486,/search,begin_checkout,2024-05-29 14:05:56,desktop,Edge,tiktok
SESS-005292,CUST-0388,/products,scroll,2024-04-10 04:40:55,mobile,Chrome,google
SESS-005293,,/faq,video_play,2024-09-21 19:39:06,mobile,Safari,tiktok
SESS-005294,CUST-0018,/products/electronics,search,2024-07-14 08:56:12,desktop,Chrome,affiliate
SESS-005295,CUST-0497,/checkout/payment,begin_checkout,2024-01-28 13:31:53,tablet,Samsung Internet,tiktok
SESS-005296,CUST-0158,/account/wishlist,page_view,2024-07-27 03:56:32,mobile,Safari,
SESS-005297,CUST-0045,/faq,purchase,2024-09-20 15:09:50,desktop,Chrome,bing
SESS-005298,CUST-0036,/,page_view,2024-10-04 14:47:46,mobile,Firefox,bing
SESS-005299,CUST-0445,/products/electronics,page_view,2024-03-01 23:50:06,mobile,Safari,facebook
SESS-005300,CUST-0313,/search,search,2024-08-20 00:36:58,desktop,Firefox,twitter
SESS-005301,CUST-0079,/products/electronics,video_play,2024-02-28 19:02:18,mobile,Chrome,tiktok
SESS-005302,CUST-0420,/faq,search,2024-11-04 05:07:37,tablet,Samsung Internet,direct
SESS-005303,CUST-0455,/account/orders,click,2024-01-05 14:12:55,desktop,Samsung Internet,twitter
SESS-005304,,/products/sports,click,2024-02-15 16:00:09,desktop,Safari,twitter
SESS-005305,CUST-0123,/products/home,purchase,2024-11-13 04:35:56,mobile,Samsung Internet,twitter
SESS-005306,CUST-0160,/cart,click,2024-12-31 07:23:53,desktop,Edge,bing
SESS-005307,CUST-0055,/contact,begin_checkout,2024-07-09 09:55:45,desktop,Chrome,google
SESS-005308,CUST-0344,/products/sports,add_to_cart,2024-12-13 16:03:37,mobile,Samsung Internet,direct
SESS-005309,CUST-0096,/products,page_view,2024-10-26 19:15:09,desktop,Safari,email_campaign
SESS-005310,,/account,page_view,2024-04-19 11:26:17,mobile,Samsung Internet,instagram
SESS-005311,,/account/orders,click,2024-08-27 13:51:54,bot,AhrefsBot,twitter
SESS-005312,,/products/books,scroll,2024-03-03 11:01:35,tablet,Edge,
SESS-005313,CUST-0131,/faq,scroll,2024-01-01 15:23:28,mobile,Chrome,tiktok
SESS-005314,CUST-0448,/about,click,2024-04-19 14:33:27,mobile,Firefox,google
SESS-005315,,/account,click,2024-07-16 17:12:18,desktop,Chrome,google
SESS-005316,CUST-0445,/account,remove_from_cart,2024-03-22 02:53:04,mobile,Safari,affiliate
SESS-005317,CUST-0130,/products/clothing,purchase,2024-04-17 04:51:38,desktop,Safari,tiktok
SESS-005318,CUST-0377,/search,page_view,2024-06-22 16:29:42,desktop,Chrome,google
SESS-005319,CUST-0188,/,click,2024-09-14 13:57:29,mobile,Safari,affiliate
SESS-005320,,/checkout,add_to_cart,2024-08-19 11:46:29,bot,SemrushBot,affiliate
SESS-005321,CUST-0084,/checkout/confirmation,add_to_cart,2024-12-17 11:50:47,desktop,Chrome,
SESS-005322,,/products/electronics,page_view,2024-01-14 17:15:10,mobile,Chrome,google
SESS-005323,CUST-0216,/account/orders,page_view,2024-09-17 21:29:54,desktop,Safari,email_campaign
SESS-005324,CUST-0047,/about,begin_checkout,2024-12-24 08:29:51,tablet,Safari,email_campaign
SESS-005325,,/checkout,page_view,2024-10-03 15:58:30,tablet,Chrome,twitter
SESS-005326,CUST-0164,/products,click,2024-05-31 09:36:55,mobile,Chrome,instagram
SESS-005327,CUST-0296,/cart,click,1970-01-01 00:00:00,mobile,Chrome,instagram
SESS-005328,CUST-0270,/products/home,begin_checkout,2024-04-11 18:42:11,mobile,Firefox,tiktok
SESS-005329,CUST-0475,/account/orders,click,2024-05-04 19:40:40,mobile,Edge,google
SESS-005330,CUST-0373,/,scroll,2024-10-24 01:02:01,tablet,Safari,direct
SESS-005331,CUST-0448,/search,page_view,2024-12-02 22:21:19,mobile,Firefox,facebook
SESS-005332,CUST-0093,/products,click,2024-07-31 01:27:36,desktop,Edge,tiktok
SESS-005333,,/account,page_view,2030-06-22 12:00:00,tablet,Edge,tiktok
SESS-005334,,/returns,purchase,2024-07-16 20:25:07,desktop,Firefox,tiktok
SESS-005335,,/products/sports,click,2024-02-03 23:00:12,tablet,Chrome,direct
SESS-005336,CUST-0368,/about,begin_checkout,2024-01-18 01:25:29,tablet,Chrome,instagram
SESS-005337,,/contact,remove_from_cart,2024-05-17 21:02:59,mobile,Chrome,bing
SESS-005338,CUST-0021,/cart,add_to_cart,2024-02-09 07:30:23,desktop,Chrome,instagram
SESS-005339,,/checkout/payment,remove_from_cart,2024-06-02 12:25:39,desktop,Safari,bing
SESS-005340,,/checkout/confirmation,page_view,2024-05-24 19:25:57,mobile,Edge,direct
SESS-005341,CUST-0397,/checkout/payment,add_to_cart,2024-01-28 01:03:31,desktop,Chrome,google
SESS-005342,CUST-0340,/,page_view,2024-04-01 03:55:07,mobile,Safari,affiliate
SESS-005343,CUST-0043,/blog,begin_checkout,2024-08-27 23:45:52,mobile,Chrome,
SESS-005344,CUST-0199,/products,search,2024-03-18 19:14:24,tablet,Firefox,direct
SESS-005345,,/products/books,video_play,2024-05-11 01:34:52,tablet,Chrome,facebook
SESS-005346,CUST-0027,/about,remove_from_cart,2024-11-19 00:14:15,tablet,Edge,bing
SESS-005347,,/,search,2024-10-09 18:29:18,mobile,Chrome,
SESS-005348,CUST-0436,/account,video_play,2024-05-13 04:29:06,tablet,Edge,
SESS-005349,CUST-0148,/account/wishlist,page_view,2024-03-04 01:14:45,mobile,Chrome,affiliate
SESS-005350,CUST-0178,/account/wishlist,add_to_cart,2024-05-23 07:58:32,bot,SemrushBot,twitter
SESS-005351,,/returns,search,2024-01-26 01:10:32,mobile,Firefox,tiktok
SESS-005352,,/faq,begin_checkout,2024-04-08 22:25:10,tablet,Samsung Internet,google
SESS-005353,,/cart,remove_from_cart,2024-07-02 19:06:25,mobile,Firefox,google
SESS-005354,CUST-0267,/products/electronics,add_to_cart,2024-04-23 02:59:00,mobile,Edge,facebook
SESS-005355,CUST-0258,/checkout/payment,remove_from_cart,2024-12-10 01:06:44,tablet,Firefox,facebook
SESS-005356,CUST-0489,/products/electronics,page_view,2024-01-19 14:31:57,mobile,Chrome,google
SESS-005357,CUST-0111,/products/sports,page_view,2024-09-03 02:28:46,mobile,Firefox,email_campaign
SESS-005358,CUST-0460,/products/electronics,click,2024-05-10 20:21:23,mobile,Chrome,google
SESS-005359,CUST-0043,/blog,begin_checkout,2024-10-21 12:51:07,tablet,Edge,email_campaign
SESS-005360,CUST-0396,/returns,begin_checkout,2024-06-03 02:14:36,desktop,Safari,direct
SESS-005361,CUST-0057,/returns,purchase,2024-02-27 15:29:40,desktop,Chrome,google
SESS-005362,CUST-0327,/products/electronics,begin_checkout,2024-12-11 00:45:59,mobile,Chrome,facebook
SESS-005363,CUST-0219,/about,page_view,2024-05-24 20:46:00,desktop,Chrome,direct
SESS-005364,,/products/home,click,2024-06-23 11:13:12,desktop,Chrome,twitter
SESS-005365,,/products/clothing,scroll,2024-11-20 14:27:36,mobile,Safari,direct
SESS-005366,,/search,page_view,2024-06-29 21:24:34,desktop,Firefox,email_campaign
SESS-005367,CUST-0035,/products/electronics,remove_from_cart,2024-12-14 02:33:51,desktop,Edge,bing
SESS-005368,CUST-0207,/about,page_view,2024-04-14 01:50:13,mobile,Samsung Internet,bing
SESS-005369,CUST-0431,/,add_to_cart,2024-11-26 02:52:55,tablet,Samsung Internet,bing
SESS-005370,,/products/books,page_view,2024-05-12 06:11:30,tablet,Edge,instagram
SESS-005371,,/blog,scroll,2030-11-09 12:00:00,mobile,Edge,instagram
SESS-005372,,/contact,page_view,2024-06-16 16:38:53,tablet,Samsung Internet,affiliate
SESS-005373,CUST-0269,/account,add_to_cart,2024-10-12 02:07:09,mobile,Chrome,facebook
SESS-005374,CUST-0016,/about,video_play,2024-08-11 22:40:05,tablet,Firefox,instagram
SESS-005375,CUST-0147,/checkout/confirmation,search,2024-10-12 10:15:30,mobile,Chrome,affiliate
SESS-005376,CUST-0039,/products/clothing,page_view,2024-01-07 03:16:09,mobile,Firefox,email_campaign
SESS-005377,,/search,page_view,2024-06-21 07:18:16,desktop,Chrome,email_campaign
SESS-005378,,/cart,page_view,2024-06-13 11:09:14,desktop,Samsung Internet,google
SESS-005379,CUST-0451,/products,click,2024-01-26 14:39:06,mobile,Edge,twitter
SESS-005380,,/cart,add_to_cart,2024-01-16 11:54:43,mobile,Chrome,affiliate
SESS-005381,CUST-0207,/blog,purchase,2024-02-18 11:52:46,mobile,Safari,twitter
SESS-005382,CUST-0292,/checkout,add_to_cart,2024-10-03 09:03:27,desktop,Samsung Internet,affiliate
SESS-005383,CUST-0160,/account/wishlist,page_view,2024-06-07 23:24:46,tablet,Chrome,
SESS-005384,CUST-0004,/checkout/confirmation,purchase,2024-09-07 10:07:05,mobile,Edge,facebook
SESS-005385,,/products/electronics,page_view,2024-05-26 17:28:53,desktop,Edge,google
SESS-005386,,/products,begin_checkout,2024-04-11 03:22:37,mobile,Chrome,affiliate
SESS-005387,CUST-0012,/checkout,page_view,2024-09-01 11:30:53,tablet,Safari,email_campaign
SESS-005388,CUST-0031,/products/clothing,purchase,2024-11-24 04:22:54,desktop,Safari,instagram
SESS-005389,CUST-0385,/returns,click,2024-01-27 03:58:03,desktop,Chrome,instagram
SESS-005390,CUST-0359,/products/electronics,purchase,2024-05-23 22:17:00,tablet,Safari,email_campaign
SESS-005391,,/contact,scroll,2024-11-26 08:16:00,tablet,Chrome,direct
SESS-005392,CUST-0299,/cart,purchase,2024-03-19 18:44:15,mobile,Safari,twitter
SESS-005393,CUST-0287,/checkout,click,2024-12-01 10:31:07,bot,SemrushBot,email_campaign
SESS-005394,CUST-0214,/,click,2024-06-25 16:22:46,tablet,Chrome,google
SESS-005395,,/products/electronics,click,2024-01-27 05:54:01,mobile,Chrome,email_campaign
SESS-005396,CUST-0366,/products/home,page_view,2024-10-02 22:13:36,tablet,Chrome,bing
SESS-005397,CUST-0207,/account/orders,remove_from_cart,2024-10-23 07:20:31,tablet,Firefox,bing
SESS-005398,CUST-0368,/blog,purchase,2024-08-08 15:16:23,mobile,Chrome,
SESS-005399,CUST-0440,/blog,video_play,2024-08-29 00:28:16,desktop,Chrome,facebook
SESS-005400,CUST-0095,/cart,begin_checkout,2024-09-10 03:26:12,mobile,Edge,
SESS-005401,CUST-0051,/checkout,page_view,2024-01-06 01:24:27,desktop,Safari,tiktok
SESS-005402,,/checkout,page_view,2024-12-01 16:58:43,tablet,Safari,email_campaign
SESS-005403,CUST-0492,/contact,purchase,2024-01-02 21:26:00,tablet,Safari,affiliate
SESS-005404,CUST-0130,/products/electronics,page_view,2024-05-21 14:33:38,tablet,Edge,direct
SESS-005405,CUST-0426,/products/home,begin_checkout,2024-09-02 09:30:18,desktop,Safari,bing
SESS-005406,,/cart,click,2024-08-02 10:20:21,mobile,Firefox,instagram
SESS-005407,,/products/clothing,page_view,2024-09-22 06:39:58,mobile,Safari,tiktok
SESS-005408,CUST-0173,/products,page_view,2024-05-06 09:52:30,mobile,Safari,bing
SESS-005409,CUST-0354,/products/books,click,2024-02-29 10:26:21,desktop,Edge,facebook
SESS-005410,,/account,page_view,2024-04-13 10:57:41,mobile,Chrome,tiktok
SESS-005411,CUST-0128,/products/clothing,page_view,2024-03-09 09:12:37,tablet,Samsung Internet,affiliate
SESS-005412,CUST-0436,/search,page_view,2024-03-17 23:16:05,mobile,Chrome,instagram
SESS-005413,CUST-0035,/products/home,page_view,2024-12-22 09:12:40,mobile,Chrome,instagram
SESS-005414,CUST-0347,/products/books,video_play,2024-02-14 23:59:18,desktop,Chrome,
SESS-005415,CUST-0158,/about,search,2024-02-04 23:22:56,desktop,Edge,instagram
SESS-005416,CUST-0449,/checkout,page_view,2024-03-02 08:02:30,tablet,Safari,google
SESS-005417,,/products/sports,begin_checkout,2024-06-20 05:12:44,mobile,Safari,tiktok
SESS-005418,CUST-0215,/checkout,add_to_cart,2024-06-28 11:21:18,desktop,Chrome,google
SESS-005419,,/products/books,video_play,2024-11-14 05:37:50,tablet,Chrome,twitter
SESS-005420,CUST-0454,/products/home,purchase,2024-07-05 07:59:36,mobile,Edge,twitter
SESS-005421,,/checkout/payment,video_play,2024-12-15 09:06:16,mobile,Chrome,email_campaign
SESS-005422,CUST-0148,/checkout,purchase,2024-02-27 11:29:29,mobile,Chrome,google
SESS-005423,CUST-0266,/products/books,add_to_cart,2024-01-18 04:15:58,desktop,Chrome,
SESS-005424,CUST-0110,/faq,page_view,2024-12-06 05:01:03,mobile,Chrome,
SESS-005425,CUST-0310,/account,video_play,2024-02-28 16:48:12,desktop,Safari,direct
SESS-005426,,/products,begin_checkout,2024-01-08 09:56:26,desktop,Chrome,google
SESS-005427,CUST-0173,/cart,click,2024-09-03 12:45:09,desktop,Edge,google
SESS-005428,,/faq,scroll,2024-09-24 00:42:46,desktop,Firefox,facebook
SESS-005429,CUST-0168,/checkout/payment,scroll,2024-01-31 03:27:45,desktop,Safari,affiliate
SESS-005430,,/products/sports,click,2024-09-24 12:54:46,mobile,Edge,affiliate
SESS-005431,CUST-0243,/products/electronics,remove_from_cart,2024-10-27 17:38:12,desktop,Chrome,tiktok
SESS-005432,CUST-0439,/search,purchase,2024-12-22 19:50:03,mobile,Chrome,direct
SESS-005433,,/products/electronics,click,2024-12-10 08:42:54,mobile,Samsung Internet,google
SESS-005434,CUST-0357,/products/clothing,remove_from_cart,2024-09-26 05:08:11,mobile,Chrome,affiliate
SESS-005435,CUST-0334,/products/electronics,page_view,2024-08-25 20:50:51,tablet,Safari,
SESS-005436,CUST-0408,/account/orders,scroll,2024-10-08 12:39:21,mobile,Safari,direct
SESS-005437,CUST-0476,/products/clothing,begin_checkout,2024-03-25 06:07:53,mobile,Chrome,instagram
SESS-005438,CUST-0377,/products,page_view,2024-06-08 00:09:16,mobile,Safari,facebook
SESS-005439,,/products/electronics,click,2024-11-11 17:06:17,mobile,Edge,google
SESS-005440,CUST-0093,/faq,click,2024-09-30 06:50:21,desktop,Chrome,
SESS-005441,,/checkout/confirmation,video_play,2024-11-03 09:41:56,mobile,Safari,direct
SESS-005442,,/products/home,scroll,2024-04-06 15:50:35,mobile,Safari,facebook
SESS-005443,CUST-0325,/account,page_view,2024-12-05 12:13:50,mobile,Edge,affiliate
SESS-005444,CUST-0042,/checkout,remove_from_cart,2024-08-07 17:29:08,mobile,Samsung Internet,google
SESS-005445,CUST-0229,/account,search,2024-12-22 09:52:12,desktop,Firefox,facebook
SESS-005446,CUST-0498,/products,search,2024-01-08 07:03:03,bot,Python-urllib,email_campaign
SESS-005447,CUST-0053,/products/books,page_view,2024-09-25 01:35:14,mobile,Chrome,
SESS-005448,,/cart,scroll,2024-12-04 20:43:34,tablet,Safari,instagram
SESS-005449,CUST-0448,/search,click,2024-08-22 16:01:04,mobile,Chrome,tiktok
SESS-005450,,/products/sports,video_play,2024-01-07 03:50:47,mobile,Safari,instagram
SESS-005451,CUST-0406,/,page_view,2024-04-14 19:29:47,tablet,Chrome,direct
SESS-005452,CUST-0353,/returns,page_view,2024-12-02 17:28:22,mobile,Firefox,tiktok
SESS-005453,CUST-0227,/products/clothing,page_view,2024-11-16 00:10:37,mobile,Firefox,bing
SESS-005454,CUST-0148,/,page_view,2024-11-09 20:23:52,mobile,Safari,google
SESS-005455,CUST-0166,/contact,page_view,2024-07-14 04:09:18,mobile,Samsung Internet,instagram
SESS-005456,,/contact,click,2024-10-30 14:39:51,mobile,Edge,facebook
SESS-005457,CUST-0253,/products/clothing,add_to_cart,2024-12-01 21:39:29,mobile,Samsung Internet,tiktok
SESS-005458,CUST-0479,/cart,add_to_cart,2024-06-04 12:04:12,desktop,Edge,instagram
SESS-005459,,/products/electronics,click,2024-10-04 23:21:26,tablet,Safari,
SESS-005460,CUST-0327,/checkout/payment,click,2024-03-03 19:10:38,mobile,Safari,instagram
SESS-005461,CUST-0071,/account/orders,scroll,2024-07-26 10:25:46,tablet,Chrome,facebook
SESS-005462,CUST-0468,/account/wishlist,remove_from_cart,2024-05-04 08:40:38,mobile,Edge,direct
SESS-005463,,/checkout,purchase,2024-05-19 15:15:17,desktop,Safari,direct
SESS-005464,CUST-0137,/returns,page_view,2024-02-13 15:43:22,mobile,Firefox,direct
SESS-005465,CUST-0391,/returns,purchase,2024-03-15 00:28:20,desktop,Samsung Internet,tiktok
SESS-005466,,/account/wishlist,click,2024-02-15 22:10:17,tablet,Safari,email_campaign
SESS-005467,CUST-0343,/faq,remove_from_cart,2024-04-15 04:11:01,mobile,Safari,facebook
SESS-005468,,/checkout,page_view,2024-03-29 18:10:55,mobile,Chrome,google
SESS-005469,CUST-0448,/about,page_view,2024-05-20 15:07:59,tablet,Safari,facebook
SESS-005470,CUST-0084,/contact,page_view,2024-03-05 03:03:41,tablet,Samsung Internet,facebook
SESS-005471,CUST-0049,/contact,remove_from_cart,2024-02-08 11:05:40,desktop,Samsung Internet,email_campaign
SESS-005472,,/checkout/confirmation,click,2024-12-13 16:17:31,desktop,Chrome,twitter
SESS-005473,CUST-0090,/account/orders,video_play,2024-10-25 06:53:10,desktop,Chrome,affiliate
SESS-005474,CUST-0044,/products/books,begin_checkout,2024-10-02 23:58:37,desktop,Safari,twitter
SESS-005475,CUST-0459,/products/clothing,begin_checkout,2024-06-18 04:04:16,desktop,Samsung Internet,
SESS-005476,CUST-0366,/products,remove_from_cart,2024-07-05 08:51:56,tablet,Safari,affiliate
SESS-005477,,/checkout/payment,add_to_cart,2024-02-24 11:22:29,desktop,Samsung Internet,affiliate
SESS-005478,CUST-0026,/cart,click,2024-06-05 22:09:09,mobile,Firefox,bing
SESS-005479,,/products,click,2024-08-19 15:02:17,desktop,Chrome,
SESS-005480,,/checkout,click,2024-12-05 23:09:12,desktop,Firefox,bing
SESS-005481,CUST-0114,/account/wishlist,purchase,2024-06-05 08:36:03,tablet,Firefox,
SESS-005482,CUST-0337,/search,page_view,2024-07-05 18:56:48,tablet,Safari,email_campaign
SESS-005483,CUST-0161,/products/books,click,2024-09-18 14:44:22,tablet,Firefox,affiliate
SESS-005484,CUST-0464,/checkout/payment,click,2024-05-04 22:44:20,tablet,Samsung Internet,affiliate
SESS-005485,CUST-0219,/account/wishlist,scroll,2024-03-12 18:17:16,mobile,Chrome,email_campaign
SESS-005486,CUST-0241,/account,scroll,2024-02-07 13:43:16,desktop,Chrome,
SESS-005487,CUST-0136,/blog,scroll,2024-01-14 19:17:19,mobile,Chrome,direct
SESS-005488,CUST-0213,/about,click,2024-01-10 17:24:02,bot,AhrefsBot,bing
SESS-005489,CUST-0330,/checkout,scroll,2024-04-17 20:30:14,mobile,Firefox,twitter
SESS-005490,,/account/wishlist,search,2024-04-21 20:10:34,mobile,Chrome,
SESS-005491,CUST-0358,/search,page_view,2024-03-04 21:23:19,desktop,Firefox,affiliate
SESS-005492,,/checkout,page_view,2024-07-28 08:30:56,desktop,Safari,email_campaign
SESS-005493,CUST-0113,/products/books,begin_checkout,2024-11-07 21:48:18,desktop,Edge,instagram
SESS-005494,CUST-0306,/checkout,remove_from_cart,2024-09-04 23:09:54,tablet,Chrome,google
SESS-005495,CUST-0118,/blog,click,2024-07-20 11:27:40,tablet,Samsung Internet,tiktok
SESS-005496,CUST-0427,/products/books,add_to_cart,2024-01-12 11:42:29,tablet,Firefox,email_campaign
SESS-005497,CUST-0298,/checkout,page_view,2024-04-26 18:05:36,mobile,Chrome,bing
SESS-005498,CUST-0304,/search,click,2024-02-17 08:54:33,mobile,Firefox,affiliate
SESS-005499,CUST-0408,/products,page_view,2024-03-02 09:36:08,desktop,Safari,direct
SESS-005500,CUST-0348,/account/orders,page_view,2024-03-07 22:53:03,tablet,Safari,facebook
SESS-005501,CUST-0163,/checkout/confirmation,page_view,2024-04-19 06:27:18,mobile,Chrome,bing
SESS-005502,CUST-0366,/blog,remove_from_cart,2024-01-07 07:58:52,desktop,Chrome,google
SESS-005503,,/contact,search,2024-06-15 16:08:23,mobile,Samsung Internet,affiliate
SESS-005504,CUST-0281,/checkout/payment,video_play,2024-10-22 15:43:34,desktop,Firefox,bing
SESS-005505,CUST-0134,/search,scroll,2024-12-26 03:37:08,desktop,Chrome,
SESS-005506,CUST-0043,/,begin_checkout,2024-08-17 03:38:27,tablet,Samsung Internet,bing
SESS-005507,,/contact,remove_from_cart,2024-05-11 12:05:11,tablet,Edge,direct
SESS-005508,CUST-0148,/products,click,2024-06-02 19:44:15,desktop,Chrome,bing
SESS-005509,,/returns,page_view,2024-09-28 09:45:49,desktop,Edge,twitter
SESS-005510,,/search,page_view,2024-04-04 03:56:03,mobile,Chrome,twitter
SESS-005511,CUST-0129,/contact,click,2024-02-02 21:26:44,desktop,Samsung Internet,direct
SESS-005512,CUST-0230,/,purchase,2024-06-04 17:30:46,desktop,Safari,email_campaign
SESS-005513,,/returns,search,2024-01-02 02:35:44,desktop,Firefox,bing
SESS-005514,CUST-0198,/contact,click,2024-02-15 20:48:29,desktop,Edge,google
SESS-005515,,/products/books,page_view,2024-07-20 06:44:29,tablet,Samsung Internet,tiktok
SESS-005516,,/about,search,2024-12-23 10:24:37,desktop,Chrome,direct
SESS-005517,CUST-0296,/products/clothing,page_view,2024-09-16 00:16:46,mobile,Chrome,bing
SESS-005518,,/blog,page_view,2024-02-09 01:45:57,desktop,Firefox,instagram
SESS-005519,CUST-0456,/account/wishlist,remove_from_cart,2024-03-22 10:58:55,bot,AhrefsBot,twitter
SESS-005520,CUST-0325,/checkout/payment,video_play,2024-01-20 19:26:54,mobile,Chrome,google
SESS-005521,CUST-0262,/returns,scroll,2024-02-05 04:57:16,tablet,Chrome,facebook
SESS-005522,,/account/orders,remove_from_cart,2024-02-08 06:42:00,tablet,Chrome,email_campaign
SESS-005523,CUST-0327,/contact,video_play,2024-05-19 09:46:44,mobile,Chrome,instagram
SESS-005524,CUST-0007,/products/home,purchase,2024-06-13 00:37:28,tablet,Firefox,instagram
SESS-005525,CUST-0341,/faq,search,2024-03-20 21:05:51,desktop,Safari,tiktok
SESS-005526,,/account,video_play,2024-08-22 22:21:48,tablet,Safari,instagram
SESS-005527,,/cart,purchase,2024-12-03 02:04:53,tablet,Samsung Internet,affiliate
SESS-005528,,/account/wishlist,begin_checkout,2024-10-13 13:41:28,mobile,Chrome,tiktok
SESS-005529,CUST-0328,/faq,video_play,2024-07-19 07:20:52,mobile,Edge,
SESS-005530,CUST-0117,/checkout/payment,click,2024-02-05 10:01:35,mobile,Samsung Internet,affiliate
SESS-005531,CUST-0145,/contact,click,2024-03-05 18:10:49,mobile,Firefox,instagram
SESS-005532,CUST-0341,/about,page_view,2024-01-13 16:18:58,desktop,Safari,
SESS-005533,,/products/clothing,page_view,2024-01-17 12:40:24,mobile,Safari,tiktok
SESS-005534,CUST-0158,/account/wishlist,page_view,2024-12-28 20:18:02,desktop,Safari,direct
SESS-005535,CUST-0395,/products/sports,page_view,2024-10-18 21:04:30,mobile,Chrome,facebook
SESS-005536,CUST-0194,/returns,add_to_cart,2024-04-13 03:26:40,tablet,Safari,email_campaign
SESS-005537,CUST-0396,/about,purchase,2024-02-26 09:50:03,desktop,Edge,tiktok
SESS-005538,CUST-0397,/products/sports,page_view,2024-03-26 21:38:02,mobile,Safari,facebook
SESS-005539,CUST-0422,/products/clothing,scroll,2024-11-29 08:21:08,tablet,Firefox,twitter
SESS-005540,CUST-0104,/products/books,video_play,2024-02-14 20:03:55,mobile,Safari,bing
SESS-005541,CUST-0172,/checkout,remove_from_cart,2024-11-18 21:02:46,tablet,Chrome,direct
SESS-005542,CUST-0086,/account/orders,purchase,2024-04-01 09:01:14,mobile,Chrome,
SESS-005543,CUST-0287,/returns,remove_from_cart,2024-05-25 17:22:47,mobile,Chrome,email_campaign
SESS-005544,,/checkout/confirmation,click,2024-02-02 22:38:19,mobile,Safari,bing
SESS-005545,CUST-0310,/account/wishlist,purchase,2024-10-05 09:23:59,tablet,Chrome,google
SESS-005546,,/about,scroll,2024-09-27 15:34:41,desktop,Safari,email_campaign
SESS-005547,,/products/electronics,click,2024-09-10 11:01:20,mobile,Safari,facebook
SESS-005548,CUST-0133,/products/sports,click,2024-04-01 06:49:59,mobile,Chrome,google
SESS-005549,CUST-0482,/returns,add_to_cart,2024-02-03 15:02:45,desktop,Samsung Internet,google
SESS-005550,CUST-0084,/products/books,remove_from_cart,2024-07-16 20:46:55,tablet,Edge,twitter
SESS-005551,CUST-0289,/products/home,click,2024-07-30 16:59:01,mobile,Samsung Internet,bing
SESS-005552,CUST-0055,/account,add_to_cart,2024-05-24 19:37:04,desktop,Safari,bing
SESS-005553,CUST-0332,/products/electronics,remove_from_cart,2024-10-12 23:25:28,mobile,Chrome,tiktok
SESS-005554,CUST-0414,/products/electronics,click,2024-04-29 16:11:47,desktop,Chrome,direct
SESS-005555,CUST-0423,/products/books,click,2024-01-28 05:31:12,bot,Bingbot,instagram
SESS-005556,,/cart,page_view,2024-04-17 19:28:36,desktop,Chrome,affiliate
SESS-005557,CUST-0370,/account/orders,search,2024-11-08 16:58:56,mobile,Chrome,
SESS-005558,,/checkout/confirmation,click,2024-06-04 05:30:34,tablet,Safari,facebook
SESS-005559,,/products/clothing,add_to_cart,2024-09-05 11:01:58,tablet,Edge,
SESS-005560,,/products/sports,page_view,2024-12-01 01:58:00,desktop,Chrome,instagram
SESS-005561,CUST-0466,/account/wishlist,search,2024-01-14 11:49:10,tablet,Edge,google
SESS-005562,CUST-0086,/products/clothing,page_view,2024-10-02 13:08:46,desktop,Firefox,tiktok
SESS-005563,CUST-0085,/checkout/payment,click,2024-07-20 04:13:40,desktop,Firefox,google
SESS-005564,CUST-0436,/cart,video_play,2024-09-03 17:41:51,desktop,Chrome,direct
SESS-005565,CUST-0165,/returns,begin_checkout,2024-05-21 02:08:58,mobile,Edge,twitter
SESS-005566,CUST-0198,/account,page_view,2024-06-11 17:41:09,mobile,Chrome,google
SESS-005567,,/cart,click,2024-02-12 19:30:46,mobile,Safari,tiktok
SESS-005568,CUST-0002,/,page_view,2024-03-20 02:01:37,tablet,Chrome,
SESS-005569,CUST-0004,/products/sports,remove_from_cart,2024-03-02 13:42:40,bot,SemrushBot,twitter
SESS-005570,,/products/electronics,scroll,2024-11-28 09:48:11,desktop,Edge,facebook
SESS-005571,CUST-0433,/checkout,begin_checkout,2024-01-04 10:52:42,mobile,Chrome,email_campaign
SESS-005572,CUST-0382,/search,begin_checkout,2024-04-30 04:17:56,mobile,Firefox,
SESS-005573,CUST-0241,/cart,click,2024-07-09 07:17:20,desktop,Safari,twitter
SESS-005574,CUST-0062,/contact,page_view,2024-11-26 01:55:31,desktop,Samsung Internet,
SESS-005575,CUST-0120,/products/clothing,remove_from_cart,2024-04-10 08:53:51,desktop,Firefox,facebook
SESS-005576,,/checkout/confirmation,purchase,2024-11-06 04:12:26,mobile,Chrome,tiktok
SESS-005577,CUST-0256,/faq,click,2024-04-23 10:12:22,mobile,Edge,
SESS-005578,CUST-0026,/products/books,scroll,2024-05-25 12:30:12,tablet,Edge,email_campaign
SESS-005579,,/search,click,2024-10-29 05:16:54,mobile,Safari,instagram
SESS-005580,CUST-0451,/products/clothing,add_to_cart,2024-10-09 09:22:38,desktop,Firefox,direct
SESS-005581,,/faq,page_view,2024-01-18 02:14:09,bot,SemrushBot,facebook
SESS-005582,CUST-0293,/products/sports,begin_checkout,2024-06-03 07:53:21,mobile,Edge,
SESS-005583,CUST-0441,/returns,search,2024-05-28 13:30:11,mobile,Chrome,email_campaign
SESS-005584,CUST-0473,/account,page_view,2024-02-20 23:45:50,tablet,Safari,bing
SESS-005585,CUST-0133,/blog,add_to_cart,2024-06-09 16:13:18,mobile,Edge,instagram
SESS-005586,,/faq,click,2024-09-14 09:53:34,mobile,Firefox,google
SESS-005587,CUST-0463,/checkout/confirmation,video_play,2024-09-02 05:09:55,mobile,Chrome,twitter
SESS-005588,CUST-0465,/checkout/confirmation,page_view,2024-09-29 14:16:30,tablet,Safari,bing
SESS-005589,CUST-0138,/returns,add_to_cart,2024-12-29 04:20:01,desktop,Safari,twitter
SESS-005590,CUST-0025,/products/home,add_to_cart,2024-01-28 02:08:29,desktop,Chrome,facebook
SESS-005591,,/products/home,video_play,2024-02-07 08:17:13,tablet,Chrome,tiktok
SESS-005592,CUST-0089,/blog,remove_from_cart,2024-06-02 18:30:53,mobile,Chrome,twitter
SESS-005593,CUST-0223,/blog,search,2024-09-01 16:09:42,desktop,Safari,google
SESS-005594,,/contact,video_play,2024-01-10 07:12:00,tablet,Safari,email_campaign
SESS-005595,CUST-0297,/products/electronics,click,2024-07-04 10:09:56,tablet,Safari,
SESS-005596,CUST-0201,/products/sports,scroll,2024-02-10 09:59:09,desktop,Chrome,
SESS-005597,CUST-0357,/account,click,2024-04-08 01:09:59,mobile,Safari,
SESS-005598,CUST-0057,/products/books,page_view,2024-09-26 05:51:59,tablet,Safari,instagram
SESS-005599,,/products/home,page_view,2024-07-08 06:46:17,mobile,Safari,direct
SESS-005600,CUST-0366,/products/home,search,2024-02-19 00:44:26,desktop,Chrome,google
SESS-005601,CUST-0324,/blog,page_view,2024-05-02 18:24:55,desktop,Safari,email_campaign
SESS-005602,CUST-0095,/account,click,2024-09-02 06:43:31,tablet,Chrome,facebook
SESS-005603,CUST-0414,/products/books,click,2024-10-06 21:05:09,mobile,Firefox,bing
SESS-005604,CUST-0442,/search,video_play,2024-04-07 22:13:46,desktop,Chrome,instagram
SESS-005605,,/checkout/payment,search,2024-12-23 05:35:04,desktop,Firefox,affiliate
SESS-005606,,/products/electronics,video_play,2024-10-20 23:13:14,mobile,Edge,tiktok
SESS-005607,CUST-0067,/faq,page_view,2024-02-20 23:35:09,tablet,Firefox,affiliate
SESS-005608,,/products/clothing,search,2024-04-28 22:17:31,desktop,Safari,bing
SESS-005609,,/products/clothing,page_view,2024-02-08 06:52:40,desktop,Edge,bing
SESS-005610,,/blog,page_view,2024-02-24 07:22:28,tablet,Chrome,google
SESS-005611,,/about,video_play,2024-08-19 02:46:46,desktop,Chrome,facebook
SESS-005612,CUST-0458,/products,remove_from_cart,2024-12-19 01:49:57,mobile,Firefox,google
SESS-005613,CUST-0049,/account/wishlist,page_view,2024-10-30 15:10:08,desktop,Samsung Internet,affiliate
SESS-005614,CUST-0474,/products/sports,add_to_cart,2024-04-13 22:20:10,tablet,Safari,
SESS-005615,CUST-0019,/checkout/payment,video_play,2024-08-26 04:11:55,tablet,Chrome,facebook
SESS-005616,CUST-0440,/,remove_from_cart,2024-09-10 00:51:56,bot,Googlebot,twitter
SESS-005617,,/contact,page_view,2024-07-02 09:38:20,tablet,Safari,direct
SESS-005618,,/account,search,2024-08-14 14:40:42,tablet,Chrome,affiliate
SESS-005619,CUST-0486,/cart,purchase,2024-08-19 15:15:04,bot,SemrushBot,twitter
SESS-005620,,/checkout/confirmation,page_view,2024-01-02 07:06:24,desktop,Edge,email_campaign
SESS-005621,,/products/home,scroll,2024-11-17 18:52:38,desktop,Firefox,tiktok
SESS-005622,,/cart,page_view,2024-12-31 12:59:55,mobile,Chrome,direct
SESS-005623,CUST-0073,/blog,click,2024-11-22 23:11:21,desktop,Edge,tiktok
SESS-005624,CUST-0045,/account/wishlist,page_view,2024-09-04 05:54:31,desktop,Chrome,instagram
SESS-005625,CUST-0036,/search,click,2024-10-27 13:07:59,tablet,Samsung Internet,google
SESS-005626,CUST-0096,/account/wishlist,page_view,2024-01-22 15:57:38,mobile,Chrome,bing
SESS-005627,,/checkout/confirmation,page_view,2024-03-01 22:32:02,tablet,Samsung Internet,tiktok
SESS-005628,CUST-0243,/faq,remove_from_cart,2024-02-16 10:43:47,tablet,Chrome,tiktok
SESS-005629,,/,page_view,2024-12-21 06:08:17,tablet,Safari,instagram
SESS-005630,CUST-0485,/products/electronics,page_view,1970-01-01 00:00:00,desktop,Safari,facebook
SESS-005631,CUST-0147,/search,add_to_cart,2024-12-16 09:03:12,mobile,Chrome,email_campaign
SESS-005632,CUST-0070,/faq,add_to_cart,2024-01-31 09:50:05,mobile,Chrome,google
SESS-005633,CUST-0459,/contact,page_view,2024-04-04 13:17:59,desktop,Edge,email_campaign
SESS-005634,CUST-0152,/products/clothing,page_view,2024-05-28 02:20:33,desktop,Samsung Internet,email_campaign
SESS-005635,,/products/home,click,2024-03-08 11:37:06,mobile,Safari,affiliate
SESS-005636,CUST-0029,/about,page_view,2024-03-13 19:35:32,mobile,Firefox,facebook
SESS-005637,CUST-0307,/products/clothing,begin_checkout,2024-03-20 17:09:27,tablet,Safari,direct
SESS-005638,CUST-0470,/cart,page_view,2024-03-07 01:28:12,tablet,Edge,
SESS-005639,CUST-0397,/checkout/confirmation,click,2024-02-29 21:37:53,desktop,Safari,google
SESS-005640,CUST-0156,/blog,remove_from_cart,2024-12-09 20:49:49,desktop,Chrome,instagram
SESS-005641,,/,click,2024-11-17 22:01:12,mobile,Safari,google
SESS-005642,CUST-0384,/products,add_to_cart,2024-06-23 12:08:23,tablet,Chrome,facebook
SESS-005643,,/products/sports,video_play,2024-06-16 02:27:20,desktop,Samsung Internet,affiliate
SESS-005644,CUST-0275,/account/wishlist,click,2024-01-18 02:42:59,bot,Googlebot,google
SESS-005645,CUST-0100,/cart,page_view,2024-04-04 22:43:27,bot,SemrushBot,tiktok
SESS-005646,CUST-0110,/cart,add_to_cart,2030-03-10 12:00:00,tablet,Chrome,twitter
SESS-005647,CUST-0287,/about,page_view,2024-04-09 16:40:50,tablet,Safari,google
SESS-005648,,/contact,click,2024-05-07 23:45:43,desktop,Chrome,affiliate
SESS-005649,,/cart,remove_from_cart,2024-03-02 05:53:17,desktop,Chrome,google
SESS-005650,,/checkout/confirmation,click,2024-04-14 18:37:35,mobile,Chrome,
SESS-005651,CUST-0120,/,add_to_cart,2024-01-11 17:53:27,tablet,Safari,email_campaign
SESS-005652,,/account/wishlist,begin_checkout,2024-04-25 09:53:37,tablet,Firefox,affiliate
SESS-005653,CUST-0095,/products/home,click,2024-01-29 08:13:32,desktop,Safari,google
SESS-005654,CUST-0088,/checkout,search,2024-11-13 22:39:55,tablet,Safari,
SESS-005655,CUST-0048,/cart,page_view,2024-11-05 08:52:49,desktop,Chrome,tiktok
SESS-005656,,/products/books,page_view,2024-05-16 07:58:55,mobile,Chrome,facebook
SESS-005657,CUST-0393,/account/orders,page_view,2024-01-01 04:22:07,desktop,Samsung Internet,email_campaign
SESS-005658,CUST-0205,/account/orders,click,2024-07-21 10:57:18,mobile,Safari,email_campaign
SESS-005659,CUST-0465,/returns,page_view,2024-11-21 19:55:25,mobile,Safari,email_campaign
SESS-005660,,/search,remove_from_cart,2024-06-15 13:05:43,tablet,Edge,affiliate
SESS-005661,CUST-0279,/account/orders,page_view,2024-06-08 19:15:36,desktop,Edge,email_campaign
SESS-005662,CUST-0412,/products,page_view,2024-06-15 21:57:07,tablet,Chrome,affiliate
SESS-005663,CUST-0368,/checkout/payment,remove_from_cart,2024-09-05 18:56:37,mobile,Firefox,affiliate
SESS-005664,,/contact,video_play,2024-06-07 05:17:38,desktop,Safari,tiktok
SESS-005665,CUST-0453,/account/wishlist,add_to_cart,2024-04-13 17:58:56,mobile,Edge,instagram
SESS-005666,,/products/sports,begin_checkout,2024-02-12 07:40:31,mobile,Chrome,
SESS-005667,CUST-0121,/cart,add_to_cart,2024-02-19 00:18:16,mobile,Chrome,affiliate
SESS-005668,,/products/clothing,page_view,2024-03-18 22:29:16,desktop,Samsung Internet,twitter
SESS-005669,CUST-0364,/products/home,page_view,2024-07-22 23:33:24,mobile,Chrome,bing
SESS-005670,CUST-0125,/checkout/payment,page_view,2024-10-30 07:58:36,mobile,Safari,google
SESS-005671,,/about,add_to_cart,2024-06-26 20:50:09,mobile,Firefox,affiliate
SESS-005672,CUST-0474,/products/electronics,page_view,2024-01-29 16:03:17,bot,Python-urllib,
SESS-005673,,/faq,click,2024-11-11 11:30:22,mobile,Chrome,twitter
SESS-005674,CUST-0419,/account,page_view,2024-10-20 20:52:43,tablet,Chrome,instagram
SESS-005675,,/contact,add_to_cart,2024-08-05 16:37:16,mobile,Chrome,facebook
SESS-005676,CUST-0429,/products,remove_from_cart,2024-02-25 05:21:26,desktop,Samsung Internet,bing
SESS-005677,CUST-0311,/products,search,2024-08-22 19:11:08,mobile,Safari,direct
SESS-005678,CUST-0206,/,purchase,2024-02-05 12:00:46,desktop,Safari,google
SESS-005679,,/checkout/confirmation,remove_from_cart,2024-03-06 17:24:01,tablet,Chrome,bing
SESS-005680,CUST-0423,/returns,scroll,2024-08-24 15:04:13,mobile,Safari,facebook
SESS-005681,,/faq,add_to_cart,2024-09-01 05:18:01,mobile,Samsung Internet,affiliate
SESS-005682,,/checkout,begin_checkout,2024-09-05 08:34:11,tablet,Samsung Internet,
SESS-005683,CUST-0423,/contact,page_view,2024-05-26 07:33:28,tablet,Safari,email_campaign
SESS-005684,CUST-0102,/account/orders,page_view,2024-01-31 07:03:03,tablet,Chrome,twitter
SESS-005685,CUST-0346,/products/books,add_to_cart,2024-03-26 15:19:04,mobile,Firefox,affiliate
SESS-005686,CUST-0307,/account/orders,remove_from_cart,2024-05-06 13:47:24,desktop,Chrome,direct
SESS-005687,CUST-0325,/account/wishlist,page_view,2024-01-04 11:48:26,tablet,Edge,tiktok
SESS-005688,,/account/wishlist,purchase,2024-11-15 02:06:23,desktop,Chrome,email_campaign
SESS-005689,CUST-0075,/checkout,page_view,2024-12-17 17:43:06,mobile,Safari,affiliate
SESS-005690,CUST-0465,/products/home,search,2024-08-03 23:22:55,desktop,Edge,facebook
SESS-005691,CUST-0489,/products/sports,begin_checkout,2024-07-24 14:25:06,desktop,Safari,twitter
SESS-005692,CUST-0446,/blog,click,2024-07-31 15:05:47,mobile,Samsung Internet,google
SESS-005693,CUST-0014,/search,page_view,2024-05-02 08:32:47,desktop,Chrome,bing
SESS-005694,,/contact,begin_checkout,2024-12-15 18:17:02,mobile,Safari,direct
SESS-005695,,/products/home,click,2024-04-25 15:07:05,mobile,Edge,tiktok
SESS-005696,,/checkout/confirmation,video_play,2024-09-22 20:29:28,mobile,Safari,google
SESS-005697,CUST-0098,/products/sports,page_view,2024-06-18 21:21:06,tablet,Samsung Internet,direct
SESS-005698,CUST-0064,/account/orders,scroll,2024-01-23 09:04:57,tablet,Safari,twitter
SESS-005699,CUST-0166,/account/orders,scroll,2024-08-26 06:01:59,desktop,Firefox,email_campaign
SESS-005700,CUST-0070,/products/sports,begin_checkout,2024-06-18 12:14:01,mobile,Safari,facebook
SESS-005701,CUST-0388,/cart,page_view,2024-09-19 01:03:52,desktop,Chrome,affiliate
SESS-005702,CUST-0256,/products/clothing,purchase,2024-05-25 07:35:33,bot,SemrushBot,google
SESS-005703,CUST-0374,/search,click,2024-03-09 22:43:55,desktop,Safari,tiktok
SESS-005704,CUST-0230,/checkout/confirmation,purchase,2024-04-11 21:45:59,desktop,Chrome,direct
SESS-005705,CUST-0047,/products/books,page_view,2024-10-02 18:33:25,mobile,Samsung Internet,email_campaign
SESS-005706,CUST-0416,/contact,page_view,2024-08-30 22:11:13,desktop,Safari,google
SESS-005707,,/blog,remove_from_cart,2024-11-15 05:20:04,mobile,Edge,twitter
SESS-005708,,/products/sports,video_play,2024-03-03 17:36:28,desktop,Chrome,bing
SESS-005709,CUST-0232,/checkout,video_play,2024-03-17 10:40:40,mobile,Chrome,
SESS-005710,CUST-0478,/checkout/confirmation,purchase,2024-05-29 03:28:39,mobile,Samsung Internet,bing
SESS-005711,CUST-0459,/about,begin_checkout,2024-11-05 21:25:54,desktop,Chrome,tiktok
SESS-005712,CUST-0456,/checkout,page_view,2024-03-16 13:54:56,tablet,Chrome,email_campaign
SESS-005713,CUST-0247,/account/wishlist,video_play,2024-11-26 15:56:30,tablet,Chrome,instagram
SESS-005714,,/blog,purchase,2024-05-02 04:55:33,mobile,Safari,email_campaign
SESS-005715,CUST-0386,/products/home,click,2024-07-28 11:47:49,desktop,Edge,bing
SESS-005716,CUST-0089,/products/books,video_play,2024-09-17 00:30:40,desktop,Firefox,twitter
SESS-005717,CUST-0340,/,page_view,2024-04-23 10:20:14,desktop,Chrome,instagram
SESS-005718,CUST-0474,/products/books,begin_checkout,2024-06-10 02:52:12,mobile,Chrome,
SESS-005719,,/account/wishlist,scroll,2024-01-31 05:39:34,mobile,Edge,twitter
SESS-005720,CUST-0040,/account/orders,scroll,2024-10-09 15:15:35,desktop,Samsung Internet,tiktok
SESS-005721,CUST-0183,/account,remove_from_cart,2024-11-13 08:46:25,mobile,Firefox,affiliate
SESS-005722,CUST-0109,/products/electronics,page_view,2024-05-13 01:38:03,desktop,Firefox,affiliate
SESS-005723,CUST-0155,/products/home,remove_from_cart,2024-08-21 00:29:56,mobile,Edge,google
SESS-005724,CUST-0112,/products/clothing,page_view,2024-04-19 10:35:53,tablet,Safari,instagram
SESS-005725,CUST-0360,/faq,page_view,2024-08-02 17:28:41,mobile,Chrome,
SESS-005726,CUST-0202,/cart,click,2024-07-18 05:03:53,mobile,Chrome,twitter
SESS-005727,CUST-0478,/account/orders,page_view,2024-12-19 20:08:20,mobile,Chrome,google
SESS-005728,CUST-0116,/account,page_view,2024-06-23 07:13:47,tablet,Samsung Internet,twitter
SESS-005729,CUST-0301,/products/electronics,page_view,2024-08-11 00:35:28,mobile,Safari,tiktok
SESS-005730,,/products/electronics,search,1970-01-01 00:00:00,mobile,Chrome,affiliate
SESS-005731,,/products/sports,remove_from_cart,2024-03-29 04:36:39,desktop,Chrome,twitter
SESS-005732,,/checkout/payment,page_view,2024-01-12 04:06:27,mobile,Firefox,affiliate
SESS-005733,,/search,search,2024-10-13 10:48:17,tablet,Edge,google
SESS-005734,CUST-0001,/checkout,add_to_cart,2024-02-10 05:39:17,desktop,Safari,
SESS-005735,CUST-0011,/products,search,2024-01-24 04:59:20,mobile,Chrome,instagram
SESS-005736,,/faq,begin_checkout,2024-07-02 11:59:25,mobile,Chrome,
SESS-005737,,/returns,video_play,2024-08-03 18:02:08,mobile,Safari,email_campaign
SESS-005738,CUST-0396,/faq,search,2024-07-22 08:10:16,desktop,Safari,google
SESS-005739,CUST-0219,/products/home,page_view,2024-04-19 11:12:10,mobile,Chrome,direct
SESS-005740,CUST-0462,/products/books,page_view,2024-10-26 08:22:25,tablet,Chrome,bing
SESS-005741,CUST-0311,/,remove_from_cart,2024-09-23 09:28:17,desktop,Edge,direct
SESS-005742,CUST-0192,/checkout,purchase,2024-10-03 01:21:05,tablet,Edge,
SESS-005743,CUST-0234,/,page_view,2024-12-12 19:40:18,tablet,Edge,email_campaign
SESS-005744,,/blog,begin_checkout,2024-03-07 14:51:18,desktop,Safari,affiliate
SESS-005745,CUST-0146,/faq,add_to_cart,2024-06-06 15:35:44,tablet,Firefox,bing
SESS-005746,,/,add_to_cart,2024-06-22 05:13:39,desktop,Edge,facebook
SESS-005747,CUST-0229,/account/orders,page_view,2024-06-10 04:27:56,desktop,Chrome,direct
SESS-005748,,/cart,begin_checkout,2024-10-06 19:58:38,desktop,Firefox,direct
SESS-005749,,/products/books,page_view,2024-09-12 01:17:13,mobile,Safari,email_campaign
SESS-005750,,/products/sports,scroll,2024-05-31 14:54:09,mobile,Chrome,tiktok
SESS-005751,CUST-0332,/search,page_view,2024-07-11 11:17:40,tablet,Chrome,direct
SESS-005752,CUST-0436,/products/home,add_to_cart,2024-05-03 19:23:25,tablet,Safari,google
SESS-005753,,/products,scroll,2024-03-23 04:26:02,desktop,Samsung Internet,bing
SESS-005754,,/checkout/confirmation,page_view,2024-03-29 19:11:43,mobile,Firefox,affiliate
SESS-005755,,/checkout,purchase,2024-08-19 02:11:53,mobile,Chrome,tiktok
SESS-005756,CUST-0068,/checkout/confirmation,page_view,2024-02-25 09:58:28,mobile,Chrome,affiliate
SESS-005757,,/faq,purchase,2024-08-07 09:50:22,tablet,Safari,bing
SESS-005758,,/cart,add_to_cart,2024-06-22 06:46:50,desktop,Chrome,bing
SESS-005759,CUST-0470,/products/electronics,click,2024-05-16 09:08:31,mobile,Safari,direct
SESS-005760,,/account/wishlist,click,2024-02-03 04:21:23,mobile,Safari,instagram
SESS-005761,CUST-0321,/,page_view,2024-03-19 05:12:44,tablet,Chrome,
SESS-005762,,/checkout/payment,purchase,2024-02-29 03:54:25,desktop,Firefox,twitter
SESS-005763,CUST-0119,/account/orders,begin_checkout,2024-01-15 02:08:45,mobile,Firefox,instagram
SESS-005764,CUST-0098,/search,click,2024-01-02 16:33:23,mobile,Chrome,bing
SESS-005765,CUST-0436,/products/books,purchase,2024-12-09 04:57:47,mobile,Safari,twitter
SESS-005766,CUST-0455,/products/home,page_view,2024-11-03 15:05:29,desktop,Safari,bing
SESS-005767,,/products/clothing,page_view,2024-05-21 10:36:24,desktop,Edge,google
SESS-005768,CUST-0036,/about,begin_checkout,2024-06-11 16:42:58,desktop,Chrome,direct
SESS-005769,CUST-0364,/checkout,video_play,2024-04-07 05:59:00,desktop,Safari,twitter
SESS-005770,CUST-0051,/checkout/confirmation,scroll,2024-08-21 23:06:06,tablet,Chrome,google
SESS-005771,CUST-0138,/checkout/payment,begin_checkout,2024-11-18 21:53:15,tablet,Samsung Internet,
SESS-005772,CUST-0310,/returns,search,2024-08-23 03:16:34,mobile,Edge,affiliate
SESS-005773,CUST-0275,/contact,video_play,2024-02-27 18:29:44,mobile,Chrome,twitter
SESS-005774,CUST-0341,/products/clothing,page_view,2024-10-23 20:14:39,desktop,Samsung Internet,google
SESS-005775,CUST-0215,/products/electronics,search,2024-02-15 19:27:29,mobile,Firefox,instagram
SESS-005776,CUST-0443,/products/home,click,2024-03-28 07:51:55,tablet,Chrome,affiliate
SESS-005777,CUST-0071,/cart,video_play,2024-07-09 12:44:39,mobile,Edge,google
SESS-005778,CUST-0069,/contact,click,2024-06-30 21:27:25,desktop,Samsung Internet,bing
SESS-005779,,/returns,click,2024-12-17 21:46:33,mobile,Safari,tiktok
SESS-005780,CUST-0047,/products/electronics,click,2024-12-11 16:13:40,mobile,Chrome,tiktok
SESS-005781,,/account/wishlist,scroll,2024-11-08 00:38:39,desktop,Firefox,google
SESS-005782,,/products/sports,click,2024-08-22 01:57:15,tablet,Edge,bing
SESS-005783,,/account,page_view,2024-02-29 14:39:01,tablet,Firefox,instagram
SESS-005784,,/faq,scroll,2024-09-17 16:24:41,mobile,Chrome,email_campaign
SESS-005785,CUST-0304,/,remove_from_cart,2024-01-30 17:10:22,mobile,Chrome,tiktok
SESS-005786,,/account,video_play,2024-08-15 02:34:36,desktop,Chrome,direct
SESS-005787,CUST-0073,/checkout,begin_checkout,2024-10-28 06:58:09,mobile,Safari,bing
SESS-005788,CUST-0116,/account/orders,purchase,2024-07-05 10:35:37,desktop,Samsung Internet,email_campaign
SESS-005789,CUST-0348,/contact,page_view,2024-12-15 21:00:41,desktop,Safari,
SESS-005790,,/blog,page_view,2024-02-15 23:55:41,desktop,Chrome,direct
SESS-005791,CUST-0424,/products,begin_checkout,2024-12-23 20:01:51,mobile,Firefox,instagram
SESS-005792,,/,remove_from_cart,2024-06-08 12:26:32,mobile,Chrome,direct
SESS-005793,,/about,search,2024-03-26 10:19:17,desktop,Chrome,facebook
SESS-005794,CUST-0460,/products,remove_from_cart,2024-05-09 07:59:38,desktop,Samsung Internet,instagram
SESS-005795,CUST-0439,/account,begin_checkout,2024-02-05 21:03:52,tablet,Safari,instagram
SESS-005796,,/checkout,purchase,2024-09-20 12:51:48,desktop,Chrome,google
SESS-005797,,/contact,click,2024-04-11 09:14:46,bot,AhrefsBot,twitter
SESS-005798,,/products/home,purchase,2024-08-04 07:21:20,mobile,Samsung Internet,instagram
SESS-005799,CUST-0309,/,remove_from_cart,2024-02-22 03:19:13,tablet,Firefox,affiliate
SESS-005800,,/about,add_to_cart,2024-05-12 17:04:32,tablet,Samsung Internet,bing
SESS-005801,CUST-0108,/products/clothing,begin_checkout,2024-07-16 23:55:32,desktop,Safari,google
SESS-005802,CUST-0209,/products/home,remove_from_cart,2024-04-08 19:02:44,mobile,Chrome,twitter
SESS-005803,,/products/home,remove_from_cart,2024-12-24 22:52:46,mobile,Chrome,bing
SESS-005804,,/products/clothing,click,2024-08-15 00:00:56,desktop,Edge,
SESS-005805,CUST-0342,/returns,add_to_cart,2024-02-12 05:36:48,tablet,Chrome,bing
SESS-005806,CUST-0411,/checkout/confirmation,page_view,2024-01-03 16:22:57,tablet,Edge,facebook
SESS-005807,CUST-0361,/about,scroll,2024-11-03 03:18:47,desktop,Safari,affiliate
SESS-005808,CUST-0050,/checkout/confirmation,search,2024-12-09 06:43:36,mobile,Chrome,direct
SESS-005809,CUST-0339,/checkout,click,2024-08-05 01:35:32,mobile,Samsung Internet,tiktok
SESS-005810,CUST-0369,/products/electronics,page_view,2024-03-13 17:12:02,desktop,Chrome,tiktok
SESS-005811,,/account/orders,add_to_cart,2024-04-19 02:55:39,mobile,Chrome,email_campaign
SESS-005812,,/checkout,remove_from_cart,2024-10-23 06:31:18,mobile,Chrome,instagram
SESS-005813,,/products/sports,page_view,2024-01-21 17:40:24,mobile,Safari,facebook
SESS-005814,,/checkout,video_play,2024-06-09 00:24:48,desktop,Safari,affiliate
SESS-005815,CUST-0011,/checkout/confirmation,scroll,2024-07-16 17:34:04,mobile,Safari,tiktok
SESS-005816,CUST-0078,/about,video_play,2024-02-20 14:55:04,desktop,Firefox,twitter
SESS-005817,CUST-0427,/account,begin_checkout,2024-10-11 01:36:01,desktop,Safari,bing
SESS-005818,,/products/home,page_view,2024-03-21 09:54:32,mobile,Safari,email_campaign
SESS-005819,CUST-0085,/account/orders,add_to_cart,2024-06-21 02:24:33,bot,SemrushBot,affiliate
SESS-005820,CUST-0147,/products/clothing,page_view,2024-04-14 03:49:39,desktop,Edge,direct
SESS-005821,CUST-0023,/faq,remove_from_cart,2024-09-30 21:46:32,mobile,Safari,direct
SESS-005822,CUST-0128,/account/orders,click,2024-01-24 00:06:19,mobile,Safari,affiliate
SESS-005823,CUST-0199,/checkout/confirmation,click,2024-06-06 23:45:45,bot,Python-urllib,facebook
SESS-005824,CUST-0371,/faq,purchase,2024-03-28 15:27:43,desktop,Edge,bing
SESS-005825,,/account/orders,purchase,2024-03-26 00:19:06,mobile,Edge,tiktok
SESS-005826,CUST-0124,/blog,remove_from_cart,2024-05-03 02:31:47,tablet,Safari,google
SESS-005827,CUST-0414,/products,page_view,2024-10-13 18:34:40,desktop,Edge,google
SESS-005828,CUST-0394,/products/clothing,begin_checkout,2024-02-10 03:58:44,desktop,Safari,twitter
SESS-005829,CUST-0211,/returns,remove_from_cart,2024-05-04 05:42:35,desktop,Safari,google
SESS-005830,CUST-0398,/account/wishlist,click,2024-02-23 17:11:04,mobile,Chrome,twitter
SESS-005831,,/products/clothing,page_view,2024-05-05 00:42:38,mobile,Firefox,bing
SESS-005832,CUST-0192,/returns,add_to_cart,2024-07-31 05:29:35,desktop,Samsung Internet,direct
SESS-005833,CUST-0485,/about,page_view,2024-07-28 00:05:33,bot,AhrefsBot,tiktok
SESS-005834,CUST-0314,/products/sports,search,2024-10-31 09:49:18,mobile,Chrome,direct
SESS-005835,CUST-0283,/checkout/payment,scroll,2024-04-12 08:16:56,desktop,Samsung Internet,tiktok
SESS-005836,CUST-0220,/checkout,begin_checkout,2024-09-03 07:18:10,desktop,Safari,
SESS-005837,,/products/clothing,click,2024-04-29 18:15:40,desktop,Safari,instagram
SESS-005838,,/checkout/payment,click,1970-01-01 00:00:00,mobile,Safari,bing
SESS-005839,,/products/sports,page_view,2024-07-26 11:28:02,desktop,Chrome,bing
SESS-005840,,/products/books,click,2024-02-26 08:29:53,mobile,Chrome,facebook
SESS-005841,,/products/home,add_to_cart,2024-04-13 07:25:39,desktop,Chrome,twitter
SESS-005842,CUST-0204,/products/sports,scroll,2024-12-14 08:16:18,desktop,Chrome,tiktok
SESS-005843,CUST-0206,/faq,scroll,2024-02-27 22:27:08,desktop,Edge,email_campaign
SESS-005844,CUST-0169,/cart,scroll,2024-07-08 03:21:27,desktop,Samsung Internet,direct
SESS-005845,CUST-0007,/checkout,remove_from_cart,2024-12-30 23:56:33,desktop,Firefox,email_campaign
SESS-005846,CUST-0497,/products/clothing,add_to_cart,2024-02-16 10:41:49,mobile,Samsung Internet,bing
SESS-005847,,/about,scroll,2024-04-06 18:31:52,desktop,Edge,direct
SESS-005848,CUST-0002,/checkout/payment,scroll,2024-09-09 00:17:36,tablet,Chrome,
SESS-005849,CUST-0098,/about,search,2024-03-28 22:27:18,desktop,Chrome,bing
SESS-005850,,/returns,page_view,2024-05-22 11:42:50,desktop,Safari,instagram
SESS-005851,CUST-0343,/account/wishlist,page_view,2024-12-04 23:02:52,mobile,Chrome,tiktok
SESS-005852,,/contact,purchase,2024-05-20 14:32:34,tablet,Chrome,
SESS-005853,,/account/orders,click,2024-04-19 18:00:20,tablet,Safari,google
SESS-005854,CUST-0419,/products/home,page_view,2024-03-29 07:19:17,mobile,Samsung Internet,bing
SESS-005855,CUST-0480,/products,search,2024-04-17 21:31:14,mobile,Firefox,google
SESS-005856,CUST-0073,/products/home,purchase,2024-12-25 04:12:21,tablet,Chrome,instagram
SESS-005857,CUST-0223,/account/orders,click,2024-12-25 22:30:21,desktop,Samsung Internet,google
SESS-005858,CUST-0305,/returns,video_play,2024-02-15 19:12:04,desktop,Chrome,bing
SESS-005859,CUST-0427,/products/sports,video_play,2024-03-15 03:33:18,mobile,Safari,tiktok
SESS-005860,CUST-0455,/faq,search,2024-03-01 12:31:01,mobile,Chrome,bing
SESS-005861,CUST-0097,/account,add_to_cart,2024-05-17 02:19:36,mobile,Firefox,
SESS-005862,CUST-0374,/faq,begin_checkout,2024-04-08 11:45:35,mobile,Safari,email_campaign
SESS-005863,CUST-0321,/,video_play,2024-03-06 04:40:38,tablet,Safari,email_campaign
SESS-005864,,/account/orders,purchase,2024-05-02 08:09:02,mobile,Safari,email_campaign
SESS-005865,CUST-0114,/account/wishlist,begin_checkout,2024-10-28 02:41:58,mobile,Firefox,affiliate
SESS-005866,CUST-0469,/products/home,add_to_cart,2024-01-05 20:40:33,bot,AhrefsBot,tiktok
SESS-005867,,/returns,purchase,2024-02-12 17:25:34,mobile,Safari,facebook
SESS-005868,CUST-0054,/account/wishlist,purchase,2024-12-02 14:53:36,desktop,Chrome,bing
SESS-005869,CUST-0258,/checkout,page_view,2030-12-07 12:00:00,desktop,Edge,tiktok
SESS-005870,,/about,begin_checkout,2024-12-23 11:02:01,mobile,Chrome,google
SESS-005871,CUST-0257,/account/orders,remove_from_cart,2024-12-30 21:55:19,bot,Bingbot,tiktok
SESS-005872,CUST-0253,/blog,page_view,2024-03-31 20:07:25,desktop,Chrome,bing
SESS-005873,,/products,add_to_cart,2024-01-04 16:35:17,mobile,Chrome,tiktok
SESS-005874,,/about,remove_from_cart,2024-01-24 18:45:44,desktop,Edge,facebook
SESS-005875,CUST-0321,/checkout/payment,search,2024-07-27 23:12:21,mobile,Chrome,affiliate
SESS-005876,CUST-0217,/account,video_play,2024-09-23 03:15:13,mobile,Chrome,tiktok
SESS-005877,CUST-0381,/account/orders,search,2024-01-21 21:49:25,desktop,Chrome,
SESS-005878,CUST-0100,/search,page_view,2024-02-07 16:41:41,tablet,Safari,tiktok
SESS-005879,,/contact,click,2024-08-17 15:39:36,tablet,Safari,instagram
SESS-005880,CUST-0022,/search,search,2024-04-12 10:04:34,mobile,Chrome,bing
SESS-005881,CUST-0466,/products/clothing,add_to_cart,2024-10-29 04:09:16,mobile,Samsung Internet,affiliate
SESS-005882,,/about,page_view,2024-09-26 15:49:29,tablet,Edge,
SESS-005883,CUST-0138,/blog,click,2024-09-21 09:56:14,bot,Bingbot,google
SESS-005884,CUST-0142,/account/wishlist,remove_from_cart,2024-08-30 11:50:23,mobile,Chrome,facebook
SESS-005885,CUST-0490,/cart,page_view,2024-12-20 12:54:35,mobile,Firefox,twitter
SESS-005886,CUST-0325,/products,remove_from_cart,2024-03-17 03:25:40,mobile,Chrome,
SESS-005887,CUST-0369,/blog,remove_from_cart,2024-04-22 05:13:51,tablet,Firefox,affiliate
SESS-005888,CUST-0333,/cart,page_view,2024-11-22 08:56:58,tablet,Safari,instagram
SESS-005889,CUST-0201,/account/wishlist,page_view,2024-09-09 08:30:32,mobile,Safari,email_campaign
SESS-005890,CUST-0210,/,add_to_cart,2024-04-14 10:08:47,desktop,Safari,tiktok
SESS-005891,CUST-0359,/about,add_to_cart,2024-08-29 05:20:15,desktop,Firefox,
SESS-005892,,/faq,video_play,2024-09-08 14:41:33,mobile,Chrome,email_campaign
SESS-005893,CUST-0466,/contact,scroll,2024-08-08 12:46:48,mobile,Samsung Internet,tiktok
SESS-005894,CUST-0455,/products/clothing,page_view,2024-08-14 18:37:48,mobile,Chrome,facebook
SESS-005895,CUST-0121,/products,click,2024-10-09 14:28:53,desktop,Samsung Internet,tiktok
SESS-005896,CUST-0383,/faq,add_to_cart,2024-10-29 03:34:34,desktop,Firefox,email_campaign
SESS-005897,CUST-0041,/products/sports,purchase,2024-01-21 03:57:56,mobile,Chrome,facebook
SESS-005898,CUST-0411,/account/orders,begin_checkout,2024-04-14 18:23:17,mobile,Chrome,facebook
SESS-005899,CUST-0306,/returns,scroll,2024-01-29 05:36:35,desktop,Chrome,affiliate
SESS-005900,CUST-0095,/returns,remove_from_cart,2024-07-27 13:37:27,tablet,Firefox,instagram
SESS-005901,CUST-0169,/products/clothing,page_view,2024-06-10 23:20:57,mobile,Samsung Internet,direct
SESS-005902,CUST-0319,/products/sports,page_view,2024-03-31 08:17:45,mobile,Chrome,direct
SESS-005903,CUST-0258,/products/electronics,search,2024-04-13 09:04:36,tablet,Chrome,tiktok
SESS-005904,CUST-0237,/products/electronics,add_to_cart,2024-08-16 10:44:00,mobile,Chrome,
SESS-005905,CUST-0023,/checkout/payment,add_to_cart,2024-11-07 15:08:16,mobile,Edge,tiktok
SESS-005906,CUST-0389,/returns,remove_from_cart,2024-03-13 21:28:54,mobile,Chrome,twitter
SESS-005907,,/account,add_to_cart,2024-10-19 17:34:50,tablet,Chrome,email_campaign
SESS-005908,CUST-0421,/account/orders,video_play,2024-01-20 19:49:13,mobile,Samsung Internet,twitter
SESS-005909,,/search,page_view,2024-01-15 07:56:54,desktop,Firefox,email_campaign
SESS-005910,CUST-0268,/contact,purchase,1970-01-01 00:00:00,tablet,Samsung Internet,bing
SESS-005911,CUST-0236,/search,search,2024-02-17 02:51:54,desktop,Samsung Internet,google
SESS-005912,CUST-0352,/products/sports,add_to_cart,2024-10-14 14:28:21,tablet,Chrome,direct
SESS-005913,CUST-0044,/products/clothing,page_view,2024-01-22 06:18:46,mobile,Chrome,bing
SESS-005914,CUST-0118,/,scroll,2024-04-03 12:33:30,desktop,Chrome,email_campaign
SESS-005915,,/about,add_to_cart,2024-05-30 18:02:12,bot,Googlebot,email_campaign
SESS-005916,,/faq,purchase,2024-02-18 14:29:43,desktop,Safari,affiliate
SESS-005917,,/products/books,add_to_cart,2024-08-22 03:31:58,mobile,Chrome,
SESS-005918,CUST-0110,/account/wishlist,search,2024-03-17 20:30:52,mobile,Samsung Internet,affiliate
SESS-005919,,/account,click,2024-11-16 12:54:39,desktop,Chrome,google
SESS-005920,,/contact,remove_from_cart,2024-04-22 15:42:14,mobile,Edge,twitter
SESS-005921,,/returns,add_to_cart,2024-01-24 04:30:49,tablet,Chrome,instagram
SESS-005922,CUST-0138,/cart,search,2024-12-06 12:23:50,desktop,Edge,affiliate
SESS-005923,CUST-0314,/search,page_view,2024-08-17 02:33:20,mobile,Firefox,
SESS-005924,CUST-0438,/account,page_view,2024-10-25 23:41:50,mobile,Safari,twitter
SESS-005925,CUST-0083,/,purchase,2024-01-03 08:10:24,tablet,Edge,bing
SESS-005926,,/contact,purchase,2024-10-02 02:29:00,mobile,Safari,facebook
SESS-005927,CUST-0475,/search,page_view,2024-11-26 11:15:21,desktop,Safari,bing
SESS-005928,CUST-0413,/contact,begin_checkout,2024-03-21 18:56:55,mobile,Firefox,google
SESS-005929,,/account/wishlist,page_view,2024-03-26 19:26:00,desktop,Edge,instagram
SESS-005930,,/contact,search,2024-07-18 07:27:14,desktop,Chrome,bing
SESS-005931,CUST-0120,/products,click,2024-09-14 07:36:56,tablet,Safari,instagram
SESS-005932,CUST-0098,/blog,add_to_cart,2024-11-29 01:59:03,tablet,Firefox,instagram
SESS-005933,CUST-0426,/products,scroll,2024-09-06 16:21:41,mobile,Safari,bing
SESS-005934,CUST-0183,/account/wishlist,remove_from_cart,2024-02-20 00:57:26,desktop,Chrome,twitter
SESS-005935,CUST-0234,/search,remove_from_cart,2024-03-12 21:54:39,mobile,Edge,google
SESS-005936,CUST-0069,/account/wishlist,begin_checkout,2024-11-17 12:22:57,bot,Bingbot,bing
SESS-005937,CUST-0018,/products,page_view,2024-02-18 08:21:45,mobile,Chrome,facebook
SESS-005938,CUST-0436,/products/sports,page_view,2024-04-15 07:07:21,mobile,Firefox,affiliate
SESS-005939,CUST-0079,/about,purchase,2024-02-10 01:59:39,desktop,Chrome,affiliate
SESS-005940,,/about,purchase,2024-09-13 14:50:00,bot,AhrefsBot,tiktok
SESS-005941,CUST-0385,/products/clothing,page_view,2024-08-21 03:09:31,desktop,Chrome,affiliate
SESS-005942,CUST-0485,/products/books,remove_from_cart,2024-09-01 05:41:21,mobile,Safari,google
SESS-005943,CUST-0383,/account,click,2024-11-08 02:05:33,desktop,Firefox,
SESS-005944,CUST-0205,/search,add_to_cart,2024-04-18 00:41:02,mobile,Chrome,bing
SESS-005945,CUST-0018,/account,search,2024-10-17 01:20:08,mobile,Chrome,
SESS-005946,,/blog,search,2024-12-03 22:05:29,mobile,Edge,facebook
SESS-005947,CUST-0366,/blog,page_view,2024-12-12 05:08:33,mobile,Safari,
SESS-005948,,/products/home,remove_from_cart,2024-08-02 18:43:10,desktop,Firefox,direct
SESS-005949,CUST-0001,/returns,click,2024-08-17 08:22:06,tablet,Samsung Internet,direct
SESS-005950,CUST-0320,/account/wishlist,search,2024-05-25 22:09:09,mobile,Edge,email_campaign
SESS-005951,CUST-0073,/search,scroll,2024-11-15 07:22:50,mobile,Chrome,twitter
SESS-005952,CUST-0179,/blog,search,2024-06-08 18:29:24,tablet,Samsung Internet,direct
SESS-005953,,/about,page_view,2024-10-04 00:55:14,tablet,Safari,google
SESS-005954,CUST-0082,/,begin_checkout,2024-09-04 06:29:05,mobile,Edge,
SESS-005955,CUST-0354,/contact,begin_checkout,2024-01-03 08:40:34,mobile,Safari,direct
SESS-005956,,/faq,page_view,2024-08-06 01:26:25,desktop,Samsung Internet,direct
SESS-005957,CUST-0368,/search,click,2024-09-26 20:51:26,desktop,Chrome,tiktok
SESS-005958,CUST-0491,/products,page_view,2024-04-13 06:06:02,mobile,Safari,email_campaign
SESS-005959,CUST-0352,/checkout/confirmation,search,2024-11-12 10:50:09,desktop,Safari,facebook
SESS-005960,CUST-0052,/checkout/confirmation,video_play,2024-03-21 17:28:22,mobile,Safari,direct
SESS-005961,,/products/sports,purchase,2024-01-22 00:35:06,mobile,Chrome,instagram
SESS-005962,CUST-0454,/about,page_view,2024-02-23 23:52:01,desktop,Chrome,direct
SESS-005963,CUST-0176,/cart,page_view,2024-06-28 05:52:48,desktop,Edge,bing
SESS-005964,CUST-0344,/checkout/confirmation,remove_from_cart,2024-04-04 21:20:24,mobile,Edge,google
SESS-005965,CUST-0156,/products/sports,video_play,2024-10-22 07:49:07,mobile,Chrome,bing
SESS-005966,CUST-0175,/checkout/confirmation,click,2024-10-22 13:56:10,desktop,Edge,affiliate
SESS-005967,CUST-0209,/products/home,click,2024-12-18 00:14:55,mobile,Edge,bing
SESS-005968,,/blog,page_view,2024-12-14 05:29:45,desktop,Edge,email_campaign
SESS-005969,CUST-0098,/faq,click,2024-09-07 08:10:29,mobile,Chrome,instagram
SESS-005970,CUST-0137,/about,add_to_cart,2024-12-08 09:37:40,desktop,Safari,
SESS-005971,,/about,page_view,2024-09-28 21:21:12,mobile,Samsung Internet,twitter
SESS-005972,,/products/clothing,begin_checkout,2024-11-24 18:21:51,desktop,Chrome,affiliate
SESS-005973,CUST-0025,/,click,2024-05-11 02:54:40,desktop,Chrome,twitter
SESS-005974,CUST-0211,/contact,page_view,2024-04-02 04:40:30,tablet,Safari,affiliate
SESS-005975,CUST-0106,/products/electronics,add_to_cart,2024-03-25 17:00:39,tablet,Edge,tiktok
SESS-005976,CUST-0135,/about,begin_checkout,2024-06-08 05:01:24,desktop,Samsung Internet,tiktok
SESS-005977,CUST-0362,/products/sports,page_view,2024-11-04 05:19:08,desktop,Safari,affiliate
SESS-005978,CUST-0265,/products/electronics,page_view,2024-04-30 21:04:14,tablet,Safari,instagram
SESS-005979,CUST-0061,/products,page_view,2024-06-11 07:46:28,desktop,Chrome,bing
SESS-005980,CUST-0440,/,click,2024-09-23 06:45:02,desktop,Edge,google
SESS-005981,CUST-0215,/contact,scroll,2024-12-14 14:16:52,mobile,Safari,instagram
SESS-005982,CUST-0475,/faq,click,2024-02-05 09:28:17,tablet,Samsung Internet,google
SESS-005983,,/products/sports,search,2024-10-05 16:08:08,mobile,Chrome,email_campaign
SESS-005984,,/products/sports,click,2024-02-17 13:36:24,tablet,Chrome,tiktok
SESS-005985,,/cart,remove_from_cart,2024-08-15 00:13:17,desktop,Chrome,direct
SESS-005986,CUST-0021,/account/orders,page_view,2024-05-21 11:14:48,desktop,Chrome,bing
SESS-005987,,/checkout,remove_from_cart,2024-06-04 13:50:16,desktop,Chrome,
SESS-005988,CUST-0031,/products/home,click,2024-12-20 11:38:09,mobile,Samsung Internet,tiktok
SESS-005989,,/products/books,page_view,2024-10-16 06:24:38,mobile,Firefox,affiliate
SESS-005990,CUST-0154,/products,click,2024-03-30 05:43:17,mobile,Chrome,
SESS-005991,,/contact,click,2024-01-02 11:26:36,desktop,Chrome,affiliate
SESS-005992,,/products/electronics,purchase,2024-05-31 06:38:38,mobile,Chrome,
SESS-005993,CUST-0251,/account,page_view,2024-01-20 18:14:50,mobile,Safari,email_campaign
SESS-005994,CUST-0351,/products/clothing,page_view,2024-08-06 07:16:32,desktop,Safari,tiktok
SESS-005995,CUST-0071,/cart,page_view,2024-08-26 17:24:32,mobile,Chrome,facebook
SESS-005996,CUST-0374,/checkout,search,2024-05-26 07:26:43,mobile,Chrome,tiktok
SESS-005997,CUST-0140,/checkout,click,2024-12-03 05:31:19,desktop,Firefox,twitter
SESS-005998,,/search,begin_checkout,2024-12-04 10:54:16,mobile,Samsung Internet,email_campaign
SESS-005999,CUST-0481,/checkout,remove_from_cart,2024-01-17 18:16:41,mobile,Safari,google
SESS-006000,CUST-0429,/checkout/payment,page_view,2024-03-04 17:54:13,mobile,Chrome,affiliate
SESS-006001,,/account/orders,page_view,2024-04-12 17:24:50,desktop,Safari,bing
SESS-006002,CUST-0377,/cart,add_to_cart,2024-06-01 11:59:07,mobile,Firefox,facebook
SESS-006003,CUST-0496,/checkout/confirmation,video_play,2024-11-15 13:58:10,tablet,Samsung Internet,bing
SESS-006004,,/account/orders,purchase,2024-04-22 09:00:24,desktop,Safari,google
SESS-006005,CUST-0056,/,video_play,2024-06-16 05:02:22,mobile,Chrome,tiktok
SESS-006006,CUST-0219,/checkout,begin_checkout,2024-01-02 13:07:28,desktop,Chrome,facebook
SESS-006007,,/products,search,2024-05-22 17:00:01,desktop,Safari,facebook
SESS-006008,CUST-0088,/products,click,2024-08-03 22:20:13,desktop,Edge,direct
SESS-006009,,/products,search,2024-10-09 23:04:57,mobile,Chrome,affiliate
SESS-006010,CUST-0045,/checkout/payment,search,2024-01-08 01:15:27,desktop,Chrome,facebook
SESS-006011,CUST-0068,/products/sports,video_play,2024-02-04 02:46:25,desktop,Chrome,google
SESS-006012,CUST-0259,/products,click,2024-02-24 12:32:21,desktop,Safari,twitter
SESS-006013,,/account/orders,page_view,2024-06-12 00:13:50,desktop,Safari,google
SESS-006014,CUST-0473,/faq,add_to_cart,2024-06-03 06:26:05,mobile,Safari,direct
SESS-006015,CUST-0333,/products/sports,page_view,2024-12-16 10:40:28,tablet,Edge,facebook
SESS-006016,CUST-0223,/blog,click,2024-10-19 15:33:59,desktop,Chrome,google
SESS-006017,CUST-0408,/contact,begin_checkout,2024-10-15 09:57:22,desktop,Chrome,bing
SESS-006018,CUST-0138,/products/sports,click,2024-09-10 21:19:05,desktop,Chrome,direct
SESS-006019,CUST-0021,/,page_view,2024-06-02 18:10:26,desktop,Chrome,
SESS-006020,CUST-0416,/products,page_view,2024-01-16 04:12:19,tablet,Firefox,tiktok
SESS-006021,,/products,search,2024-07-06 20:38:01,tablet,Chrome,google
SESS-006022,,/faq,purchase,2024-09-09 13:35:02,mobile,Firefox,bing
SESS-006023,CUST-0170,/products/home,page_view,2024-01-12 03:52:36,desktop,Edge,direct
SESS-006024,CUST-0089,/blog,search,2024-08-06 15:18:46,mobile,Firefox,instagram
SESS-006025,,/checkout/payment,page_view,2024-12-28 17:11:06,mobile,Chrome,affiliate
SESS-006026,CUST-0109,/checkout,page_view,2024-04-14 01:35:21,mobile,Safari,facebook
SESS-006027,CUST-0442,/account/orders,page_view,2030-07-25 12:00:00,mobile,Samsung Internet,bing
SESS-006028,CUST-0054,/search,page_view,2024-08-10 01:47:18,tablet,Safari,facebook
SESS-006029,CUST-0281,/account/orders,scroll,2024-01-30 12:00:19,mobile,Chrome,facebook
SESS-006030,CUST-0156,/cart,page_view,2024-08-07 06:43:18,desktop,Firefox,
SESS-006031,CUST-0003,/cart,purchase,2030-04-04 12:00:00,mobile,Firefox,twitter
SESS-006032,,/products/electronics,add_to_cart,2024-11-20 07:31:29,desktop,Safari,
SESS-006033,,/account,begin_checkout,2024-11-05 02:20:08,mobile,Safari,facebook
SESS-006034,CUST-0023,/about,click,2024-05-14 05:43:35,desktop,Edge,bing
SESS-006035,CUST-0191,/blog,click,2024-06-04 20:04:09,desktop,Chrome,twitter
SESS-006036,CUST-0320,/checkout/confirmation,search,2024-06-09 06:07:38,desktop,Chrome,facebook
SESS-006037,CUST-0371,/about,click,2024-08-14 02:10:55,desktop,Safari,facebook
SESS-006038,CUST-0151,/faq,purchase,2024-12-29 05:20:09,tablet,Safari,tiktok
SESS-006039,,/search,page_view,2024-08-17 23:30:04,tablet,Chrome,bing
SESS-006040,,/contact,remove_from_cart,2024-12-11 06:55:26,desktop,Safari,twitter
SESS-006041,CUST-0072,/account,scroll,2024-03-07 07:49:01,desktop,Edge,bing
SESS-006042,CUST-0410,/products/electronics,search,2024-10-21 11:22:23,desktop,Safari,facebook
SESS-006043,CUST-0257,/,click,2024-10-06 06:07:58,desktop,Safari,instagram
SESS-006044,CUST-0448,/,remove_from_cart,2024-04-22 10:56:19,tablet,Safari,instagram
SESS-006045,,/products/home,scroll,2024-06-19 01:51:22,mobile,Safari,twitter
SESS-006046,CUST-0359,/returns,search,2024-01-24 01:04:12,mobile,Safari,facebook
SESS-006047,CUST-0045,/,remove_from_cart,2024-08-13 15:09:46,mobile,Chrome,facebook
SESS-006048,CUST-0008,/checkout/confirmation,add_to_cart,2024-05-16 18:00:53,mobile,Safari,tiktok
SESS-006049,,/blog,begin_checkout,2024-04-17 08:13:02,mobile,Chrome,direct
SESS-006050,,/products/electronics,begin_checkout,2024-10-28 18:30:20,tablet,Edge,bing
SESS-006051,,/products,remove_from_cart,2024-08-19 06:30:08,desktop,Samsung Internet,twitter
SESS-006052,CUST-0331,/products/home,begin_checkout,2024-06-04 23:38:01,tablet,Edge,bing
SESS-006053,CUST-0361,/products/clothing,search,2024-03-31 21:27:19,desktop,Safari,instagram
SESS-006054,,/products/clothing,click,2024-04-17 18:39:02,mobile,Firefox,facebook
SESS-006055,,/blog,scroll,2024-11-02 09:45:06,mobile,Chrome,tiktok
SESS-006056,,/checkout/confirmation,remove_from_cart,2024-05-06 03:25:28,desktop,Edge,google
SESS-006057,,/account/wishlist,begin_checkout,2024-09-20 02:38:30,desktop,Chrome,email_campaign
SESS-006058,CUST-0317,/account/wishlist,page_view,2024-04-30 17:28:03,mobile,Firefox,bing
SESS-006059,CUST-0185,/blog,purchase,2024-05-14 20:40:01,desktop,Chrome,twitter
SESS-006060,CUST-0021,/faq,page_view,2024-03-26 07:11:43,mobile,Chrome,instagram
SESS-006061,,/account/wishlist,begin_checkout,2024-04-22 01:38:24,tablet,Chrome,bing
SESS-006062,,/checkout/confirmation,add_to_cart,2024-08-12 09:47:04,desktop,Edge,direct
SESS-006063,CUST-0351,/checkout,click,2024-11-09 12:25:04,desktop,Edge,email_campaign
SESS-006064,CUST-0118,/about,page_view,2024-02-19 16:42:25,mobile,Samsung Internet,bing
SESS-006065,CUST-0079,/returns,page_view,2024-12-29 23:43:03,desktop,Chrome,facebook
SESS-006066,,/account/wishlist,purchase,2024-11-20 21:15:24,desktop,Samsung Internet,twitter
SESS-006067,,/products/sports,page_view,2024-01-10 04:14:53,tablet,Edge,google
SESS-006068,CUST-0089,/cart,video_play,2024-08-28 09:20:50,mobile,Safari,
SESS-006069,,/account/orders,click,2024-07-05 05:07:31,mobile,Safari,tiktok
SESS-006070,,/returns,remove_from_cart,2024-11-09 09:04:15,mobile,Firefox,affiliate
SESS-006071,CUST-0093,/checkout,page_view,2024-12-13 21:22:26,desktop,Edge,
SESS-006072,CUST-0138,/products/sports,video_play,2024-01-20 11:25:59,mobile,Edge,facebook
SESS-006073,CUST-0218,/checkout/confirmation,page_view,2024-07-27 01:08:35,tablet,Safari,tiktok
SESS-006074,,/account/orders,scroll,2024-03-17 00:42:51,mobile,Firefox,google
SESS-006075,,/products/home,scroll,2024-04-03 22:23:20,desktop,Chrome,facebook
SESS-006076,CUST-0283,/products/sports,scroll,2024-03-19 08:29:05,mobile,Samsung Internet,google
SESS-006077,CUST-0013,/products/books,page_view,2024-07-02 00:59:41,desktop,Safari,affiliate
SESS-006078,,/cart,purchase,2024-12-18 14:27:18,tablet,Chrome,instagram
SESS-006079,,/checkout,begin_checkout,2024-09-21 11:01:27,desktop,Chrome,direct
SESS-006080,CUST-0464,/,add_to_cart,2024-07-10 22:17:31,desktop,Firefox,twitter
SESS-006081,CUST-0265,/faq,page_view,2024-07-11 15:50:10,mobile,Chrome,
SESS-006082,,/about,purchase,2024-10-06 21:55:30,mobile,Firefox,direct
SESS-006083,CUST-0495,/checkout,purchase,2024-07-04 21:13:54,mobile,Chrome,google
SESS-006084,CUST-0368,/products,purchase,2024-03-03 13:58:33,tablet,Chrome,
SESS-006085,,/checkout,page_view,2024-06-12 16:00:44,mobile,Chrome,affiliate
SESS-006086,,/products,remove_from_cart,2024-06-06 09:53:11,mobile,Samsung Internet,
SESS-006087,CUST-0056,/account,click,2024-01-23 00:53:59,tablet,Edge,twitter
SESS-006088,CUST-0228,/products/clothing,click,2024-02-09 06:41:24,desktop,Chrome,instagram
SESS-006089,CUST-0168,/cart,scroll,2024-09-25 03:43:46,desktop,Edge,email_campaign
SESS-006090,CUST-0283,/products/sports,add_to_cart,2024-01-18 01:13:54,mobile,Safari,email_campaign
SESS-006091,CUST-0434,/blog,video_play,2024-08-10 04:54:43,mobile,Chrome,email_campaign
SESS-006092,,/products/sports,search,2024-11-01 21:09:17,desktop,Chrome,google
SESS-006093,CUST-0274,/cart,search,2024-01-02 07:25:55,mobile,Edge,google
SESS-006094,CUST-0270,/account/orders,remove_from_cart,2024-10-12 17:56:18,mobile,Safari,twitter
SESS-006095,CUST-0419,/search,scroll,2024-10-03 18:50:24,mobile,Safari,facebook
SESS-006096,CUST-0044,/checkout,page_view,2024-02-28 14:41:30,mobile,Chrome,facebook
SESS-006097,,/products/electronics,add_to_cart,2024-02-03 11:25:53,tablet,Edge,google
SESS-006098,,/products/books,click,2024-09-25 01:04:23,desktop,Safari,email_campaign
SESS-006099,,/account/wishlist,page_view,2024-03-03 11:39:28,tablet,Edge,direct
SESS-006100,CUST-0185,/search,video_play,2024-08-27 13:30:13,tablet,Chrome,direct
SESS-006101,CUST-0220,/account/orders,click,2024-01-07 23:03:36,tablet,Chrome,tiktok
SESS-006102,CUST-0145,/,page_view,2024-10-06 13:38:47,mobile,Firefox,facebook
SESS-006103,CUST-0339,/search,page_view,2024-08-07 05:09:29,tablet,Chrome,affiliate
SESS-006104,CUST-0253,/products/sports,remove_from_cart,2024-03-17 00:56:59,desktop,Edge,google
SESS-006105,CUST-0314,/,video_play,2024-11-29 23:24:15,tablet,Edge,twitter
SESS-006106,CUST-0131,/products/clothing,click,2024-09-23 23:28:03,tablet,Chrome,direct
SESS-006107,,/products/clothing,click,2024-09-17 10:18:10,mobile,Firefox,direct
SESS-006108,CUST-0340,/account/orders,click,2024-03-12 09:27:36,desktop,Chrome,instagram
SESS-006109,CUST-0099,/products,video_play,2024-12-18 22:48:16,mobile,Safari,
SESS-006110,CUST-0422,/checkout/payment,search,2024-11-09 06:32:40,desktop,Edge,instagram
SESS-006111,CUST-0413,/about,page_view,2024-03-02 06:11:04,mobile,Chrome,google
SESS-006112,,/account/wishlist,search,2024-08-19 21:56:20,mobile,Safari,tiktok
SESS-006113,CUST-0264,/products/sports,page_view,2024-07-01 06:26:15,mobile,Safari,email_campaign
SESS-006114,CUST-0447,/checkout/payment,scroll,2024-11-29 22:29:57,mobile,Safari,
SESS-006115,CUST-0404,/checkout/payment,video_play,2024-07-14 14:09:39,tablet,Safari,twitter
SESS-006116,,/account/wishlist,remove_from_cart,2024-05-26 10:09:55,mobile,Chrome,
SESS-006117,CUST-0078,/account/orders,search,2024-04-06 17:29:03,desktop,Samsung Internet,facebook
SESS-006118,CUST-0169,/products/sports,video_play,2024-07-03 23:22:42,mobile,Chrome,
SESS-006119,CUST-0417,/checkout/confirmation,scroll,2024-09-29 10:15:09,mobile,Firefox,email_campaign
SESS-006120,CUST-0099,/contact,remove_from_cart,2024-08-26 22:55:45,mobile,Chrome,
SESS-006121,CUST-0399,/search,video_play,2024-07-26 20:51:19,desktop,Samsung Internet,bing
SESS-006122,CUST-0328,/account,begin_checkout,2024-02-06 13:24:28,desktop,Chrome,instagram
SESS-006123,,/products/home,video_play,2024-11-06 14:16:36,tablet,Safari,
SESS-006124,CUST-0159,/returns,page_view,2024-06-04 10:19:23,tablet,Edge,affiliate
SESS-006125,CUST-0292,/checkout/payment,page_view,2024-01-26 10:47:33,mobile,Safari,facebook
SESS-006126,CUST-0274,/faq,click,2024-06-22 13:59:41,desktop,Edge,direct
SESS-006127,CUST-0433,/account/wishlist,search,2024-03-22 19:31:33,mobile,Chrome,email_campaign
SESS-006128,CUST-0353,/cart,purchase,2024-11-05 08:59:09,mobile,Safari,email_campaign
SESS-006129,,/checkout/confirmation,video_play,2024-06-16 04:30:04,desktop,Chrome,facebook
SESS-006130,,/products/clothing,page_view,2024-05-16 15:33:07,mobile,Edge,tiktok
SESS-006131,CUST-0061,/products/electronics,begin_checkout,2024-04-02 11:40:12,mobile,Firefox,facebook
SESS-006132,CUST-0035,/account/wishlist,click,2024-12-09 17:49:43,desktop,Chrome,affiliate
SESS-006133,,/blog,search,2024-09-06 18:05:54,mobile,Chrome,instagram
SESS-006134,CUST-0033,/products/home,begin_checkout,2024-08-03 01:37:23,desktop,Safari,
SESS-006135,CUST-0299,/products/clothing,purchase,2024-04-21 05:50:12,desktop,Chrome,bing
SESS-006136,CUST-0340,/contact,add_to_cart,2024-08-22 23:22:05,desktop,Safari,facebook
SESS-006137,CUST-0399,/products/books,page_view,2024-10-09 13:34:16,mobile,Safari,twitter
SESS-006138,CUST-0384,/products,search,2024-02-26 04:08:17,mobile,Chrome,bing
SESS-006139,CUST-0054,/cart,click,2024-10-12 06:55:47,desktop,Safari,
SESS-006140,CUST-0280,/account/wishlist,click,2024-01-22 17:04:36,tablet,Chrome,affiliate
SESS-006141,,/products/books,scroll,2024-09-12 07:48:24,tablet,Safari,twitter
SESS-006142,CUST-0326,/search,scroll,2024-05-08 05:02:05,mobile,Chrome,
SESS-006143,CUST-0187,/products/electronics,remove_from_cart,2024-10-18 02:27:13,desktop,Safari,google
SESS-006144,CUST-0190,/search,purchase,2024-04-07 02:15:23,desktop,Chrome,bing
SESS-006145,CUST-0297,/search,purchase,2024-08-22 06:24:07,desktop,Chrome,facebook
SESS-006146,,/search,video_play,2024-10-06 08:36:09,mobile,Chrome,tiktok
SESS-006147,CUST-0318,/about,video_play,2024-12-20 19:10:14,desktop,Safari,tiktok
SESS-006148,,/faq,add_to_cart,2024-11-04 22:26:58,desktop,Safari,direct
SESS-006149,CUST-0211,/checkout,purchase,2024-02-17 05:38:27,mobile,Chrome,google
SESS-006150,,/account/orders,remove_from_cart,2024-11-16 12:35:57,mobile,Firefox,facebook
SESS-006151,,/about,search,2024-09-06 12:18:19,tablet,Chrome,instagram
SESS-006152,CUST-0169,/cart,scroll,2024-08-11 17:15:17,desktop,Firefox,affiliate
SESS-006153,CUST-0090,/checkout/payment,page_view,2024-02-08 06:34:13,mobile,Edge,facebook
SESS-006154,CUST-0451,/products/electronics,click,2024-06-14 07:14:00,desktop,Chrome,google
SESS-006155,,/account,scroll,2024-07-02 20:56:37,mobile,Safari,email_campaign
SESS-006156,,/checkout,scroll,2024-10-17 17:48:43,desktop,Edge,bing
SESS-006157,CUST-0377,/blog,click,2024-11-23 11:52:19,tablet,Chrome,bing
SESS-006158,CUST-0235,/about,remove_from_cart,2024-07-18 11:13:31,desktop,Chrome,bing
SESS-006159,CUST-0300,/products/home,page_view,2024-08-17 20:40:18,mobile,Chrome,facebook
SESS-006160,CUST-0430,/about,purchase,2024-05-10 21:45:46,desktop,Firefox,email_campaign
SESS-006161,CUST-0130,/account/wishlist,search,2024-11-06 18:47:35,tablet,Firefox,instagram
SESS-006162,CUST-0430,/account/orders,video_play,2024-01-03 10:02:54,bot,Googlebot,
SESS-006163,,/products/books,page_view,2024-05-13 23:15:31,mobile,Firefox,email_campaign
SESS-006164,,/,page_view,2024-01-12 20:36:28,mobile,Firefox,facebook
SESS-006165,,/products/clothing,scroll,2024-04-07 19:36:00,desktop,Safari,facebook
SESS-006166,,/products/electronics,scroll,2024-10-17 12:54:30,mobile,Chrome,email_campaign
SESS-006167,,/products/home,scroll,2024-10-14 20:28:22,mobile,Chrome,direct
SESS-006168,CUST-0238,/cart,purchase,2024-12-02 03:11:12,desktop,Samsung Internet,twitter
SESS-006169,CUST-0331,/search,search,2024-04-18 18:30:33,mobile,Chrome,affiliate
SESS-006170,CUST-0473,/checkout/payment,click,2024-09-12 12:35:54,mobile,Firefox,google
SESS-006171,CUST-0247,/search,begin_checkout,2024-03-28 22:54:10,bot,AhrefsBot,email_campaign
SESS-006172,CUST-0036,/about,page_view,2024-03-18 05:59:48,tablet,Chrome,direct
SESS-006173,CUST-0498,/returns,click,2024-05-07 20:31:09,desktop,Chrome,tiktok
SESS-006174,CUST-0290,/products/sports,add_to_cart,2024-10-15 22:00:20,desktop,Safari,bing
SESS-006175,CUST-0090,/faq,page_view,2024-01-11 09:05:35,mobile,Edge,
SESS-006176,CUST-0438,/contact,video_play,2024-10-19 04:54:13,mobile,Chrome,direct
SESS-006177,,/contact,begin_checkout,2024-07-03 03:24:57,mobile,Edge,twitter
SESS-006178,CUST-0289,/products/home,page_view,2024-08-24 03:03:14,desktop,Chrome,direct
SESS-006179,,/products/clothing,scroll,2024-02-22 03:50:48,mobile,Firefox,
SESS-006180,,/products/home,page_view,2024-04-27 00:37:59,mobile,Chrome,direct
SESS-006181,CUST-0078,/products/clothing,click,2024-06-03 12:29:12,desktop,Chrome,google
SESS-006182,CUST-0389,/products/clothing,remove_from_cart,2024-03-22 08:14:01,tablet,Samsung Internet,bing
SESS-006183,,/checkout,begin_checkout,2024-11-28 16:44:43,desktop,Firefox,affiliate
SESS-006184,CUST-0151,/products/home,page_view,2024-12-24 06:24:55,desktop,Chrome,google
SESS-006185,CUST-0032,/about,add_to_cart,2024-10-03 00:45:01,tablet,Chrome,twitter
SESS-006186,CUST-0460,/contact,add_to_cart,2024-11-17 14:10:33,desktop,Safari,direct
SESS-006187,CUST-0282,/account/orders,page_view,2024-11-01 21:54:22,mobile,Chrome,email_campaign
SESS-006188,CUST-0264,/search,click,2024-08-17 10:48:40,desktop,Safari,twitter
SESS-006189,CUST-0134,/products/electronics,page_view,2024-07-26 22:22:31,mobile,Chrome,affiliate
SESS-006190,,/checkout,add_to_cart,2024-07-16 13:03:43,desktop,Samsung Internet,bing
SESS-006191,CUST-0381,/faq,page_view,2024-09-07 21:14:07,desktop,Chrome,facebook
SESS-006192,,/products/sports,search,2024-07-17 22:41:42,desktop,Chrome,twitter
SESS-006193,CUST-0041,/products/books,begin_checkout,2024-03-13 00:50:19,desktop,Chrome,tiktok
SESS-006194,CUST-0210,/checkout/payment,page_view,2024-07-22 01:38:02,desktop,Edge,google
SESS-006195,CUST-0232,/about,page_view,2024-06-11 21:00:08,desktop,Safari,
SESS-006196,CUST-0441,/blog,video_play,2024-02-23 02:22:59,mobile,Edge,tiktok
SESS-006197,,/cart,page_view,2024-09-06 10:08:48,desktop,Samsung Internet,
SESS-006198,CUST-0419,/products/books,scroll,2024-09-12 01:04:30,mobile,Samsung Internet,affiliate
SESS-006199,,/blog,page_view,2024-01-18 13:41:54,desktop,Safari,affiliate
SESS-006200,,/checkout,page_view,2024-03-15 20:48:41,mobile,Samsung Internet,facebook
SESS-006201,,/checkout,begin_checkout,2024-07-06 00:43:34,tablet,Edge,google
SESS-006202,,/contact,click,2024-11-16 14:57:18,mobile,Edge,facebook
SESS-006203,CUST-0149,/products/clothing,add_to_cart,2024-07-14 13:20:05,desktop,Chrome,affiliate
SESS-006204,,/products/clothing,click,2024-09-27 10:27:11,desktop,Chrome,twitter
SESS-006205,CUST-0374,/cart,add_to_cart,2024-10-17 07:11:59,tablet,Firefox,google
SESS-006206,CUST-0073,/search,begin_checkout,2024-05-08 13:45:52,desktop,Chrome,facebook
SESS-006207,CUST-0473,/account/orders,page_view,2024-07-13 11:04:13,tablet,Edge,facebook
SESS-006208,CUST-0069,/blog,page_view,2024-11-01 17:08:54,mobile,Safari,twitter
SESS-006209,,/contact,click,2024-05-11 11:48:08,mobile,Firefox,twitter
SESS-006210,CUST-0189,/checkout/confirmation,video_play,2024-12-26 19:11:00,mobile,Chrome,affiliate
SESS-006211,CUST-0499,/products/home,page_view,2024-11-04 00:21:21,mobile,Chrome,google
SESS-006212,CUST-0399,/account/orders,add_to_cart,2024-10-08 21:28:02,tablet,Safari,bing
SESS-006213,,/returns,click,2024-08-30 21:05:08,mobile,Edge,instagram
SESS-006214,,/returns,remove_from_cart,2024-11-06 20:45:33,desktop,Safari,tiktok
SESS-006215,CUST-0207,/checkout/payment,video_play,2024-05-24 21:02:40,desktop,Safari,email_campaign
SESS-006216,,/account/wishlist,add_to_cart,2024-04-19 10:55:27,mobile,Safari,instagram
SESS-006217,,/products/sports,scroll,2024-05-19 11:48:40,mobile,Chrome,affiliate
SESS-006218,,/account,click,2024-08-10 22:07:18,desktop,Safari,instagram
SESS-006219,CUST-0004,/products/books,remove_from_cart,2024-03-17 08:40:18,tablet,Chrome,affiliate
SESS-006220,CUST-0325,/faq,remove_from_cart,2024-04-19 20:10:14,mobile,Chrome,tiktok
SESS-006221,,/search,video_play,2024-10-28 23:58:10,tablet,Safari,instagram
SESS-006222,,/products,remove_from_cart,2024-05-31 15:22:25,tablet,Edge,google
SESS-006223,,/account,begin_checkout,2024-06-03 13:46:29,desktop,Safari,facebook
SESS-006224,CUST-0372,/checkout,search,2024-10-05 07:18:26,tablet,Chrome,
SESS-006225,CUST-0429,/returns,page_view,2024-04-11 16:25:46,tablet,Firefox,direct
SESS-006226,CUST-0103,/about,add_to_cart,2024-08-31 12:16:22,mobile,Edge,bing
SESS-006227,CUST-0122,/account,click,2024-03-05 04:04:22,desktop,Chrome,instagram
SESS-006228,,/returns,click,2024-02-08 07:30:55,desktop,Samsung Internet,google
SESS-006229,CUST-0197,/faq,click,2024-08-07 08:42:48,desktop,Safari,direct
SESS-006230,,/cart,click,2024-02-01 13:23:15,desktop,Chrome,
SESS-006231,,/blog,purchase,2024-01-25 00:32:27,mobile,Firefox,twitter
SESS-006232,CUST-0129,/checkout/confirmation,page_view,2024-07-14 00:14:40,desktop,Edge,email_campaign
SESS-006233,CUST-0251,/products/sports,page_view,2024-12-09 03:03:55,desktop,Chrome,direct
SESS-006234,,/,search,2024-07-26 14:29:02,tablet,Firefox,facebook
SESS-006235,CUST-0220,/about,scroll,2024-07-01 07:14:31,desktop,Firefox,twitter
SESS-006236,,/faq,page_view,2024-09-18 13:01:39,mobile,Firefox,facebook
SESS-006237,CUST-0207,/account/orders,video_play,2024-12-26 17:51:53,desktop,Chrome,instagram
SESS-006238,CUST-0464,/about,purchase,2024-02-01 15:29:39,desktop,Chrome,affiliate
SESS-006239,CUST-0157,/account/wishlist,page_view,2024-06-13 21:23:55,mobile,Chrome,affiliate
SESS-006240,CUST-0202,/products,click,2024-03-08 18:29:06,bot,Googlebot,email_campaign
SESS-006241,,/checkout/payment,scroll,2024-03-13 18:42:26,desktop,Safari,
SESS-006242,CUST-0494,/products/sports,scroll,2024-05-11 14:31:18,desktop,Chrome,direct
SESS-006243,CUST-0238,/checkout,click,2024-11-18 09:00:52,mobile,Safari,
SESS-006244,CUST-0447,/products/books,video_play,2024-03-04 10:37:21,tablet,Safari,twitter
SESS-006245,,/checkout,video_play,2024-11-12 12:55:57,desktop,Samsung Internet,
SESS-006246,CUST-0150,/returns,scroll,2024-10-02 03:26:18,desktop,Firefox,bing
SESS-006247,CUST-0466,/products/clothing,begin_checkout,2024-11-29 08:27:25,tablet,Chrome,email_campaign
SESS-006248,CUST-0022,/products,add_to_cart,2024-06-20 21:38:33,mobile,Safari,tiktok
SESS-006249,CUST-0122,/blog,search,2024-04-24 18:37:23,desktop,Chrome,affiliate
SESS-006250,CUST-0311,/account/orders,begin_checkout,2024-07-05 19:49:38,desktop,Chrome,google
SESS-006251,,/account/wishlist,remove_from_cart,2024-07-28 20:42:42,tablet,Edge,twitter
SESS-006252,CUST-0219,/products/sports,remove_from_cart,2024-08-10 23:55:25,tablet,Chrome,bing
SESS-006253,CUST-0461,/faq,page_view,2024-07-10 03:17:00,tablet,Chrome,direct
SESS-006254,,/checkout,begin_checkout,2024-03-24 03:36:16,tablet,Samsung Internet,direct
SESS-006255,CUST-0228,/,click,2024-04-08 07:51:24,desktop,Safari,facebook
SESS-006256,CUST-0408,/cart,click,2024-10-16 06:53:36,mobile,Samsung Internet,google
SESS-006257,CUST-0383,/checkout/payment,scroll,2024-10-12 21:54:55,mobile,Safari,twitter
SESS-006258,CUST-0204,/about,purchase,2024-11-22 18:27:35,desktop,Chrome,email_campaign
SESS-006259,CUST-0255,/search,video_play,2024-03-29 03:44:12,mobile,Chrome,google
SESS-006260,,/products,search,2024-12-24 04:51:28,desktop,Chrome,facebook
SESS-006261,CUST-0067,/products/clothing,page_view,2024-12-11 13:29:39,desktop,Edge,direct
SESS-006262,CUST-0467,/products/sports,page_view,2024-05-30 15:27:09,desktop,Chrome,twitter
SESS-006263,,/faq,page_view,2024-04-16 08:27:59,desktop,Firefox,
SESS-006264,CUST-0087,/products/electronics,add_to_cart,2024-02-11 10:41:02,mobile,Safari,email_campaign
SESS-006265,CUST-0387,/products/books,add_to_cart,2024-08-16 01:45:14,mobile,Safari,
SESS-006266,CUST-0074,/account/orders,add_to_cart,2024-11-16 15:25:26,tablet,Edge,bing
SESS-006267,,/products/home,remove_from_cart,1970-01-01 00:00:00,mobile,Edge,affiliate
SESS-006268,CUST-0082,/blog,video_play,2024-04-13 01:29:56,tablet,Safari,google
SESS-006269,,/products/electronics,remove_from_cart,2024-02-16 11:53:55,desktop,Samsung Internet,facebook
SESS-006270,CUST-0481,/checkout/payment,page_view,2024-01-16 23:56:54,mobile,Firefox,facebook
SESS-006271,CUST-0201,/products,video_play,2024-11-20 10:49:51,desktop,Firefox,direct
SESS-006272,,/search,scroll,2024-06-16 05:25:16,mobile,Chrome,google
SESS-006273,CUST-0284,/about,begin_checkout,2024-11-04 10:47:27,mobile,Safari,twitter
SESS-006274,CUST-0066,/account,page_view,2024-12-06 10:12:29,mobile,Chrome,instagram
SESS-006275,,/,page_view,2024-01-19 01:13:02,mobile,Samsung Internet,instagram
SESS-006276,CUST-0472,/checkout/confirmation,begin_checkout,2024-08-26 00:44:56,desktop,Chrome,google
SESS-006277,,/checkout,remove_from_cart,2024-11-23 13:55:39,desktop,Firefox,twitter
SESS-006278,,/checkout/payment,search,2024-01-25 09:31:27,mobile,Safari,affiliate
SESS-006279,,/checkout/payment,remove_from_cart,2024-09-30 13:29:42,mobile,Chrome,bing
SESS-006280,CUST-0010,/blog,purchase,2024-09-19 04:09:23,mobile,Chrome,instagram
SESS-006281,CUST-0415,/products/clothing,search,2024-09-11 13:10:06,desktop,Safari,affiliate
SESS-006282,,/account/orders,search,2024-06-20 08:38:25,mobile,Chrome,
SESS-006283,,/checkout/payment,click,2024-01-11 08:24:50,bot,Googlebot,twitter
SESS-006284,,/products,click,2024-01-09 15:04:05,tablet,Chrome,facebook
SESS-006285,CUST-0014,/products/books,click,2024-05-08 07:21:57,desktop,Firefox,affiliate
SESS-006286,CUST-0062,/returns,begin_checkout,2024-03-28 22:28:03,desktop,Edge,direct
SESS-006287,,/contact,page_view,2024-07-19 20:21:43,tablet,Chrome,instagram
SESS-006288,CUST-0210,/cart,search,2024-10-04 18:27:30,mobile,Safari,
SESS-006289,CUST-0497,/products,begin_checkout,2024-09-26 11:35:00,mobile,Firefox,
SESS-006290,,/cart,click,2024-11-19 05:42:13,desktop,Samsung Internet,google
SESS-006291,CUST-0040,/,purchase,2024-04-10 08:08:04,desktop,Firefox,email_campaign
SESS-006292,,/account,purchase,2024-12-08 13:29:47,bot,Python-urllib,google
SESS-006293,,/faq,video_play,2024-06-26 21:48:08,mobile,Firefox,google
SESS-006294,CUST-0487,/account,page_view,2024-06-06 20:48:22,desktop,Samsung Internet,google
SESS-006295,,/contact,scroll,2024-07-23 11:04:56,mobile,Chrome,affiliate
SESS-006296,CUST-0478,/blog,video_play,2024-09-21 17:42:30,mobile,Safari,facebook
SESS-006297,CUST-0102,/faq,begin_checkout,2024-08-09 17:04:27,desktop,Firefox,tiktok
SESS-006298,,/contact,scroll,2024-01-14 18:44:17,tablet,Safari,google
SESS-006299,CUST-0410,/cart,search,2024-02-13 22:42:45,mobile,Firefox,affiliate
SESS-006300,CUST-0258,/contact,scroll,2024-01-20 03:31:23,bot,Bingbot,instagram
SESS-006301,CUST-0498,/products/home,page_view,2024-12-16 07:58:14,desktop,Chrome,
SESS-006302,CUST-0274,/search,scroll,2024-03-03 13:54:45,desktop,Safari,instagram
SESS-006303,,/,page_view,2024-11-21 13:45:54,desktop,Firefox,twitter
SESS-006304,CUST-0363,/checkout/confirmation,click,2024-11-20 12:39:02,mobile,Edge,affiliate
SESS-006305,CUST-0358,/products/electronics,add_to_cart,2024-11-22 13:52:00,bot,Bingbot,instagram
SESS-006306,CUST-0088,/contact,page_view,2024-09-15 22:59:37,desktop,Chrome,twitter
SESS-006307,CUST-0357,/products/books,begin_checkout,2024-10-25 11:40:28,desktop,Samsung Internet,affiliate
SESS-006308,,/products/sports,click,2024-03-29 23:24:17,mobile,Chrome,tiktok
SESS-006309,,/products,click,2024-04-08 14:45:42,tablet,Chrome,
SESS-006310,CUST-0202,/checkout,page_view,2024-05-15 16:24:57,tablet,Safari,twitter
SESS-006311,CUST-0421,/checkout/payment,page_view,2024-06-07 04:52:06,tablet,Samsung Internet,google
SESS-006312,,/products,click,2024-02-07 23:49:01,desktop,Firefox,twitter
SESS-006313,,/products/sports,purchase,2024-02-24 08:29:47,mobile,Chrome,twitter
SESS-006314,CUST-0432,/account/orders,begin_checkout,2024-05-20 18:01:59,tablet,Firefox,google
SESS-006315,,/checkout/confirmation,click,2024-04-19 06:24:38,mobile,Safari,affiliate
SESS-006316,CUST-0234,/,page_view,2024-05-26 03:49:54,desktop,Safari,tiktok
SESS-006317,,/blog,click,2024-05-20 01:21:04,mobile,Firefox,tiktok
SESS-006318,CUST-0203,/products/home,page_view,2024-06-26 22:52:11,mobile,Safari,twitter
SESS-006319,,/account,video_play,2024-10-16 00:37:46,mobile,Chrome,google
SESS-006320,CUST-0476,/cart,add_to_cart,2024-10-18 13:38:45,mobile,Firefox,bing
SESS-006321,CUST-0370,/account/wishlist,scroll,2024-01-22 02:57:04,desktop,Samsung Internet,tiktok
SESS-006322,,/products/books,video_play,2024-12-13 03:34:12,mobile,Chrome,instagram
SESS-006323,CUST-0193,/checkout/confirmation,scroll,2024-09-26 23:05:10,mobile,Chrome,affiliate
SESS-006324,CUST-0325,/,remove_from_cart,2030-04-27 12:00:00,tablet,Firefox,
SESS-006325,,/products/books,page_view,2024-09-08 21:17:56,mobile,Samsung Internet,twitter
SESS-006326,CUST-0450,/,scroll,2024-07-12 15:24:30,desktop,Chrome,affiliate
SESS-006327,CUST-0157,/products/electronics,scroll,2024-03-04 18:55:54,mobile,Edge,direct
SESS-006328,CUST-0402,/returns,video_play,2024-01-14 15:42:12,mobile,Samsung Internet,instagram
SESS-006329,,/products/sports,add_to_cart,2024-04-05 00:34:45,desktop,Chrome,direct
SESS-006330,,/checkout/confirmation,page_view,2024-06-28 02:49:44,tablet,Firefox,email_campaign
SESS-006331,CUST-0065,/checkout,purchase,2024-01-01 20:50:25,mobile,Samsung Internet,tiktok
SESS-006332,CUST-0068,/faq,purchase,2024-09-02 19:30:50,mobile,Firefox,email_campaign
SESS-006333,,/checkout,search,2024-01-09 07:22:50,desktop,Chrome,google
SESS-006334,CUST-0316,/checkout/payment,begin_checkout,2024-11-20 03:56:23,tablet,Safari,
SESS-006335,CUST-0289,/contact,click,2024-09-23 03:33:41,mobile,Chrome,google
SESS-006336,CUST-0469,/faq,click,2024-03-10 13:39:54,desktop,Samsung Internet,email_campaign
SESS-006337,,/products/clothing,page_view,2024-04-11 03:38:53,desktop,Safari,google
SESS-006338,CUST-0288,/faq,page_view,2024-10-09 22:37:40,mobile,Safari,bing
SESS-006339,CUST-0419,/,page_view,2024-10-09 19:45:11,tablet,Safari,twitter
SESS-006340,,/checkout/payment,page_view,2024-05-09 09:01:22,tablet,Edge,affiliate
SESS-006341,CUST-0410,/faq,add_to_cart,2024-11-12 19:58:43,desktop,Samsung Internet,instagram
SESS-006342,,/,begin_checkout,2024-05-15 01:46:07,desktop,Firefox,tiktok
SESS-006343,,/blog,remove_from_cart,2024-12-09 23:38:09,desktop,Edge,google
SESS-006344,,/contact,begin_checkout,2024-03-24 19:21:30,desktop,Edge,email_campaign
SESS-006345,CUST-0233,/checkout/confirmation,purchase,2024-04-26 01:12:09,tablet,Samsung Internet,tiktok
SESS-006346,CUST-0065,/account/wishlist,page_view,2024-08-13 02:26:37,tablet,Chrome,email_campaign
SESS-006347,CUST-0483,/account,purchase,2024-01-16 04:27:28,desktop,Edge,
SESS-006348,CUST-0162,/products/electronics,click,2024-03-31 11:48:09,tablet,Chrome,affiliate
SESS-006349,CUST-0046,/contact,search,2024-02-04 19:35:52,tablet,Chrome,tiktok
SESS-006350,,/,video_play,2024-02-28 08:41:09,desktop,Firefox,instagram
SESS-006351,CUST-0244,/checkout/confirmation,page_view,2024-12-31 02:17:52,desktop,Edge,direct
SESS-006352,CUST-0012,/checkout/confirmation,scroll,2024-02-12 13:34:57,mobile,Samsung Internet,direct
SESS-006353,CUST-0341,/products/clothing,remove_from_cart,2024-04-29 04:55:34,desktop,Firefox,twitter
SESS-006354,CUST-0455,/returns,click,2024-05-13 11:33:15,mobile,Chrome,twitter
SESS-006355,CUST-0268,/products/electronics,page_view,2024-08-30 10:24:32,desktop,Edge,tiktok
SESS-006356,CUST-0271,/contact,begin_checkout,2024-10-23 10:33:31,mobile,Edge,email_campaign
SESS-006357,CUST-0140,/products,add_to_cart,2024-07-26 05:36:34,desktop,Edge,
SESS-006358,CUST-0477,/blog,begin_checkout,2024-06-09 02:33:59,mobile,Firefox,affiliate
SESS-006359,CUST-0050,/checkout/confirmation,page_view,2024-09-01 18:01:16,mobile,Safari,tiktok
SESS-006360,,/checkout/confirmation,begin_checkout,2024-03-11 02:53:29,tablet,Samsung Internet,affiliate
SESS-006361,CUST-0135,/products/home,begin_checkout,2024-04-14 06:55:07,tablet,Samsung Internet,google
SESS-006362,CUST-0273,/products/books,search,2024-10-25 01:00:01,tablet,Safari,email_campaign
SESS-006363,,/products/books,remove_from_cart,2024-10-16 01:26:05,mobile,Chrome,facebook
SESS-006364,CUST-0119,/faq,video_play,2024-08-06 08:57:36,mobile,Chrome,bing
SESS-006365,,/cart,begin_checkout,2024-05-06 01:35:28,tablet,Chrome,bing
SESS-006366,CUST-0229,/products/home,page_view,2024-07-30 01:27:23,desktop,Edge,affiliate
SESS-006367,CUST-0379,/account/orders,add_to_cart,2024-04-29 10:34:36,mobile,Samsung Internet,tiktok
SESS-006368,CUST-0200,/,purchase,2024-09-18 06:20:13,tablet,Samsung Internet,bing
SESS-006369,,/account/wishlist,page_view,2024-05-04 08:44:32,tablet,Firefox,
SESS-006370,CUST-0261,/products/home,scroll,2024-08-11 12:12:54,desktop,Safari,tiktok
SESS-006371,CUST-0207,/checkout,page_view,2024-10-11 06:44:29,desktop,Edge,bing
SESS-006372,CUST-0363,/cart,scroll,2024-11-28 00:12:53,mobile,Chrome,google
SESS-006373,CUST-0075,/checkout,begin_checkout,2024-04-30 06:42:21,mobile,Samsung Internet,google
SESS-006374,,/about,page_view,2024-11-20 15:53:05,desktop,Chrome,direct
SESS-006375,CUST-0447,/cart,click,2024-05-17 12:42:52,desktop,Safari,affiliate
SESS-006376,CUST-0173,/products/home,add_to_cart,2024-06-27 13:02:23,desktop,Chrome,tiktok
SESS-006377,CUST-0130,/faq,begin_checkout,2024-10-12 07:48:20,desktop,Chrome,email_campaign
SESS-006378,CUST-0290,/account/orders,remove_from_cart,2024-02-28 18:11:47,desktop,Samsung Internet,tiktok
SESS-006379,CUST-0466,/about,page_view,2024-10-23 22:11:49,desktop,Chrome,twitter
SESS-006380,CUST-0308,/cart,click,2024-08-16 15:04:54,mobile,Chrome,direct
SESS-006381,CUST-0252,/checkout/confirmation,purchase,2024-11-27 20:58:57,desktop,Safari,bing
SESS-006382,CUST-0090,/contact,search,2024-01-30 03:19:20,mobile,Chrome,google
SESS-006383,CUST-0166,/products/sports,click,2024-03-06 05:55:15,mobile,Chrome,instagram
SESS-006384,,/search,click,2024-10-31 02:47:07,mobile,Safari,twitter
SESS-006385,CUST-0439,/checkout,add_to_cart,2024-12-23 22:11:14,tablet,Safari,
SESS-006386,,/search,page_view,2024-04-11 14:53:52,desktop,Chrome,instagram
SESS-006387,CUST-0084,/checkout,scroll,2024-12-02 02:28:36,mobile,Chrome,twitter
SESS-006388,CUST-0472,/products/books,click,2024-02-28 12:34:36,desktop,Safari,affiliate
SESS-006389,CUST-0097,/blog,video_play,2024-07-01 21:22:26,desktop,Edge,google
SESS-006390,CUST-0083,/returns,remove_from_cart,2024-03-27 05:10:47,desktop,Safari,bing
SESS-006391,CUST-0432,/products/home,scroll,2024-05-04 15:06:52,tablet,Samsung Internet,
SESS-006392,CUST-0465,/contact,page_view,2024-08-07 20:49:15,desktop,Samsung Internet,tiktok
SESS-006393,CUST-0257,/account/orders,page_view,2024-03-14 11:14:58,desktop,Safari,facebook
SESS-006394,CUST-0336,/about,click,2024-03-21 10:40:44,desktop,Edge,tiktok
SESS-006395,CUST-0352,/search,click,2024-02-10 02:15:38,tablet,Safari,direct
SESS-006396,CUST-0452,/account,click,2024-09-11 19:25:12,desktop,Safari,instagram
SESS-006397,CUST-0090,/blog,click,2024-01-28 16:32:43,tablet,Firefox,instagram
SESS-006398,CUST-0011,/account,page_view,2024-08-01 14:08:53,desktop,Safari,tiktok
SESS-006399,CUST-0441,/products/clothing,scroll,2024-06-14 16:09:01,tablet,Chrome,
SESS-006400,,/returns,begin_checkout,2024-02-28 05:43:24,desktop,Chrome,bing
SESS-006401,,/account,click,2024-05-20 09:02:23,desktop,Safari,tiktok
SESS-006402,CUST-0157,/about,video_play,2024-04-27 05:01:18,tablet,Chrome,bing
SESS-006403,CUST-0050,/products/sports,add_to_cart,2024-01-29 09:27:46,mobile,Edge,facebook
SESS-006404,,/returns,click,2024-07-13 03:47:12,mobile,Chrome,
SESS-006405,CUST-0128,/search,page_view,2024-09-15 06:21:50,mobile,Chrome,email_campaign
SESS-006406,CUST-0174,/account/orders,click,2024-04-23 01:42:20,tablet,Firefox,direct
SESS-006407,CUST-0139,/products/books,video_play,2024-11-16 06:34:15,tablet,Samsung Internet,tiktok
SESS-006408,CUST-0004,/account/orders,search,2024-07-07 01:34:29,mobile,Samsung Internet,twitter
SESS-006409,CUST-0491,/products/home,page_view,2024-11-20 18:28:30,mobile,Chrome,twitter
SESS-006410,CUST-0180,/checkout/confirmation,remove_from_cart,2024-12-13 12:23:08,bot,Bingbot,tiktok
SESS-006411,,/account/orders,remove_from_cart,2024-01-29 01:52:28,mobile,Safari,twitter
SESS-006412,CUST-0064,/search,page_view,2024-04-20 17:59:26,desktop,Chrome,tiktok
SESS-006413,CUST-0268,/checkout,search,2024-11-11 10:13:59,tablet,Safari,facebook
SESS-006414,,/products/sports,click,2024-03-17 06:13:07,tablet,Safari,affiliate
SESS-006415,,/products/sports,begin_checkout,2024-07-08 12:35:41,mobile,Firefox,affiliate
SESS-006416,CUST-0454,/products/electronics,remove_from_cart,2024-04-07 23:44:49,desktop,Chrome,tiktok
SESS-006417,CUST-0122,/checkout/confirmation,add_to_cart,2024-05-15 13:04:42,mobile,Chrome,bing
SESS-006418,CUST-0397,/cart,click,2024-04-01 06:23:41,desktop,Samsung Internet,facebook
SESS-006419,CUST-0456,/products/books,page_view,2024-01-03 21:13:51,tablet,Safari,email_campaign
SESS-006420,CUST-0383,/checkout,click,2024-06-26 08:01:53,mobile,Chrome,facebook
SESS-006421,CUST-0144,/search,page_view,2024-12-21 11:24:50,desktop,Edge,email_campaign
SESS-006422,CUST-0218,/,search,2024-07-13 11:16:16,desktop,Safari,bing
SESS-006423,CUST-0380,/cart,page_view,2024-12-05 06:11:51,desktop,Safari,
SESS-006424,CUST-0326,/products,click,2024-03-22 12:28:37,mobile,Samsung Internet,affiliate
SESS-006425,CUST-0012,/faq,search,2024-01-11 18:46:23,desktop,Edge,direct
SESS-006426,,/products/home,search,2024-07-05 11:57:08,tablet,Safari,instagram
SESS-006427,CUST-0310,/about,page_view,2024-05-08 06:07:53,desktop,Chrome,facebook
SESS-006428,CUST-0018,/contact,click,2024-04-22 14:09:34,tablet,Chrome,facebook
SESS-006429,CUST-0009,/products/electronics,search,2024-01-05 19:36:13,bot,Googlebot,
SESS-006430,CUST-0485,/account/wishlist,add_to_cart,2024-03-24 20:45:09,desktop,Edge,email_campaign
SESS-006431,CUST-0380,/products/home,remove_from_cart,2024-07-24 05:31:54,bot,AhrefsBot,email_campaign
SESS-006432,CUST-0183,/checkout,scroll,2024-02-12 15:42:39,desktop,Chrome,email_campaign
SESS-006433,CUST-0018,/search,page_view,2024-05-19 09:39:03,tablet,Chrome,email_campaign
SESS-006434,,/checkout/confirmation,begin_checkout,2024-12-02 11:57:54,mobile,Safari,affiliate
SESS-006435,,/about,purchase,2024-10-24 05:48:22,tablet,Chrome,
SESS-006436,,/contact,video_play,2024-12-05 03:04:52,mobile,Samsung Internet,
SESS-006437,CUST-0376,/search,video_play,2024-05-24 04:42:12,desktop,Safari,instagram
SESS-006438,CUST-0345,/account,purchase,2024-09-15 07:32:48,desktop,Chrome,google
SESS-006439,CUST-0269,/returns,begin_checkout,2024-02-09 14:19:32,desktop,Firefox,bing
SESS-006440,CUST-0318,/checkout,purchase,2024-11-06 09:55:25,desktop,Chrome,google
SESS-006441,CUST-0441,/products/sports,video_play,2024-07-19 13:43:18,mobile,Firefox,instagram
SESS-006442,CUST-0062,/checkout/payment,add_to_cart,2024-03-11 08:33:19,desktop,Samsung Internet,tiktok
SESS-006443,CUST-0183,/products/books,begin_checkout,2024-02-25 23:08:57,tablet,Safari,google
SESS-006444,,/checkout/confirmation,page_view,2024-10-01 15:41:40,mobile,Chrome,instagram
SESS-006445,CUST-0131,/contact,click,2024-11-17 08:03:06,mobile,Chrome,google
SESS-006446,CUST-0185,/blog,purchase,2024-07-07 22:33:19,mobile,Safari,
SESS-006447,CUST-0115,/account/orders,page_view,2024-03-26 18:12:24,mobile,Edge,bing
SESS-006448,CUST-0496,/products,click,2024-03-26 11:43:14,tablet,Chrome,google
SESS-006449,CUST-0345,/faq,begin_checkout,2024-06-19 01:56:23,tablet,Firefox,instagram
SESS-006450,CUST-0147,/products/sports,add_to_cart,2024-01-26 21:45:57,desktop,Chrome,google
SESS-006451,CUST-0469,/checkout,scroll,2024-12-16 07:01:33,desktop,Samsung Internet,google
SESS-006452,,/products/home,page_view,2024-09-22 15:33:59,mobile,Firefox,
SESS-006453,,/checkout/confirmation,page_view,1970-01-01 00:00:00,mobile,Samsung Internet,
SESS-006454,,/products/electronics,begin_checkout,2024-03-29 02:23:59,mobile,Samsung Internet,direct
SESS-006455,,/account/orders,click,2024-04-15 17:27:02,mobile,Firefox,instagram
SESS-006456,CUST-0086,/cart,page_view,2024-04-09 09:10:57,tablet,Chrome,direct
SESS-006457,CUST-0447,/checkout,remove_from_cart,2024-06-04 22:44:35,tablet,Chrome,facebook
SESS-006458,CUST-0013,/faq,video_play,2024-06-03 03:01:28,tablet,Chrome,instagram
SESS-006459,,/faq,begin_checkout,2024-10-03 07:55:47,desktop,Edge,direct
SESS-006460,CUST-0182,/,remove_from_cart,2024-07-15 07:48:02,mobile,Safari,
SESS-006461,CUST-0067,/account,search,2024-10-16 12:12:43,desktop,Safari,affiliate
SESS-006462,CUST-0119,/products,purchase,2024-09-03 10:18:06,mobile,Edge,affiliate
SESS-006463,CUST-0438,/blog,add_to_cart,2024-07-15 13:49:23,mobile,Chrome,direct
SESS-006464,,/,purchase,2024-01-16 08:18:33,desktop,Chrome,google
SESS-006465,CUST-0399,/checkout/payment,page_view,2024-08-08 07:31:10,mobile,Edge,facebook
SESS-006466,CUST-0300,/products,click,2024-11-18 13:10:12,desktop,Safari,direct
SESS-006467,,/products,purchase,2024-04-22 01:54:40,mobile,Chrome,facebook
SESS-006468,,/account,page_view,2024-07-14 21:23:55,tablet,Edge,email_campaign
SESS-006469,CUST-0018,/blog,click,2024-10-05 14:15:32,mobile,Chrome,instagram
SESS-006470,CUST-0032,/products/home,click,2024-11-28 23:25:44,tablet,Chrome,
SESS-006471,CUST-0291,/about,page_view,2024-12-21 05:02:59,mobile,Firefox,instagram
SESS-006472,CUST-0263,/,search,2024-10-23 11:44:34,desktop,Chrome,
SESS-006473,,/,page_view,2024-08-25 23:01:56,desktop,Chrome,facebook
SESS-006474,CUST-0023,/checkout/payment,click,2024-01-06 00:53:37,desktop,Chrome,
SESS-006475,,/checkout/payment,begin_checkout,2024-08-22 14:47:43,tablet,Edge,facebook
SESS-006476,CUST-0310,/account/orders,page_view,2024-05-03 18:14:21,tablet,Safari,instagram
SESS-006477,,/products,add_to_cart,2024-03-09 03:43:26,mobile,Safari,bing
SESS-006478,CUST-0381,/,search,2024-09-30 22:42:00,tablet,Chrome,bing
SESS-006479,,/products/clothing,purchase,2024-12-26 12:30:34,desktop,Edge,email_campaign
SESS-006480,CUST-0063,/products/books,click,2024-12-09 16:25:38,mobile,Firefox,google
SESS-006481,CUST-0163,/checkout/confirmation,click,2024-09-05 00:21:12,mobile,Chrome,bing
SESS-006482,,/,click,2024-08-24 02:42:30,mobile,Firefox,facebook
SESS-006483,,/products/books,click,2024-09-16 06:05:07,tablet,Firefox,twitter
SESS-006484,CUST-0301,/checkout/confirmation,purchase,2024-12-06 07:40:10,desktop,Safari,direct
SESS-006485,CUST-0405,/blog,add_to_cart,2024-07-14 18:41:58,mobile,Safari,twitter
SESS-006486,CUST-0405,/,page_view,2024-12-17 20:38:51,mobile,Safari,tiktok
SESS-006487,CUST-0111,/account/wishlist,click,2024-10-09 02:36:04,mobile,Chrome,affiliate
SESS-006488,,/cart,begin_checkout,2024-11-05 08:50:01,mobile,Samsung Internet,instagram
SESS-006489,CUST-0369,/account/wishlist,page_view,2024-12-12 13:44:10,tablet,Samsung Internet,
SESS-006490,CUST-0268,/products/home,search,2024-03-08 19:44:13,desktop,Edge,email_campaign
SESS-006491,,/contact,scroll,2024-05-09 04:42:49,desktop,Safari,twitter
SESS-006492,CUST-0308,/checkout,click,2024-06-26 14:20:50,mobile,Safari,
SESS-006493,,/checkout/confirmation,video_play,2024-11-11 06:40:21,mobile,Chrome,bing
SESS-006494,CUST-0169,/,page_view,2024-05-31 07:45:58,tablet,Chrome,
SESS-006495,CUST-0397,/account/orders,add_to_cart,2024-08-30 20:23:17,mobile,Edge,
SESS-006496,,/checkout/payment,begin_checkout,2024-01-01 07:55:32,mobile,Firefox,tiktok
SESS-006497,CUST-0394,/products/books,page_view,2024-10-10 06:18:31,mobile,Safari,instagram
SESS-006498,CUST-0229,/products/home,purchase,2024-08-19 06:29:49,tablet,Safari,
SESS-006499,CUST-0200,/checkout/payment,click,2024-04-06 21:18:59,tablet,Chrome,direct
SESS-006500,CUST-0039,/products/home,begin_checkout,2024-11-25 08:07:20,tablet,Edge,bing
SESS-006501,,/contact,page_view,2024-09-21 20:32:22,tablet,Firefox,
SESS-006502,,/,click,2024-01-29 16:12:07,desktop,Chrome,direct
SESS-006503,CUST-0238,/account/orders,click,2024-10-21 11:36:08,mobile,Safari,tiktok
SESS-006504,CUST-0174,/blog,click,2024-04-27 17:21:33,mobile,Samsung Internet,google
SESS-006505,CUST-0423,/,page_view,2024-04-28 05:15:10,tablet,Chrome,email_campaign
SESS-006506,CUST-0236,/checkout/confirmation,search,2024-10-25 13:36:32,mobile,Firefox,affiliate
SESS-006507,,/account,page_view,2024-04-27 16:21:54,desktop,Chrome,facebook
SESS-006508,CUST-0014,/products/books,click,2024-08-01 09:00:20,desktop,Firefox,email_campaign
SESS-006509,CUST-0158,/faq,video_play,2024-04-20 19:05:26,mobile,Chrome,bing
SESS-006510,CUST-0143,/blog,page_view,2024-04-02 20:55:30,desktop,Safari,affiliate
SESS-006511,CUST-0223,/cart,add_to_cart,2024-02-13 00:14:30,tablet,Chrome,direct
SESS-006512,,/products/clothing,page_view,2024-05-30 02:23:37,mobile,Chrome,
SESS-006513,CUST-0316,/cart,click,2024-11-11 00:07:37,desktop,Safari,email_campaign
SESS-006514,,/checkout/confirmation,purchase,2024-10-31 15:58:10,tablet,Safari,email_campaign
SESS-006515,CUST-0402,/contact,begin_checkout,2024-12-07 04:18:58,mobile,Safari,facebook
SESS-006516,,/products,click,2024-01-14 05:16:24,desktop,Samsung Internet,instagram
SESS-006517,CUST-0178,/account/wishlist,scroll,2024-07-30 12:47:32,tablet,Chrome,email_campaign
SESS-006518,CUST-0100,/returns,purchase,2024-05-13 08:35:35,desktop,Edge,bing
SESS-006519,CUST-0249,/search,video_play,2024-01-31 00:27:57,desktop,Safari,email_campaign
SESS-006520,CUST-0459,/products,scroll,2024-02-01 16:45:54,desktop,Firefox,direct
SESS-006521,,/products/electronics,click,2024-03-13 11:00:04,mobile,Safari,facebook
SESS-006522,CUST-0244,/faq,search,2024-04-23 07:48:30,mobile,Firefox,email_campaign
SESS-006523,CUST-0492,/faq,scroll,2024-09-20 01:42:04,mobile,Chrome,
SESS-006524,CUST-0259,/about,remove_from_cart,2024-06-06 20:27:04,mobile,Samsung Internet,twitter
SESS-006525,,/checkout,add_to_cart,2024-09-21 07:08:55,tablet,Safari,facebook
SESS-006526,,/returns,remove_from_cart,2024-12-01 01:34:39,desktop,Firefox,direct
SESS-006527,CUST-0136,/returns,scroll,2024-10-22 16:30:42,tablet,Firefox,tiktok
SESS-006528,CUST-0364,/account,scroll,2024-03-30 06:51:23,mobile,Samsung Internet,direct
SESS-006529,CUST-0055,/products/sports,page_view,2024-11-08 05:30:48,mobile,Chrome,twitter
SESS-006530,CUST-0100,/account/orders,page_view,2024-05-14 12:57:50,desktop,Samsung Internet,bing
SESS-006531,,/checkout/payment,scroll,2024-04-20 10:38:54,mobile,Chrome,bing
SESS-006532,,/account,purchase,2024-05-06 10:50:36,mobile,Chrome,tiktok
SESS-006533,CUST-0188,/cart,click,2024-11-13 13:25:48,desktop,Edge,bing
SESS-006534,,/products,search,2024-05-13 00:40:16,desktop,Chrome,affiliate
SESS-006535,,/products,page_view,2024-12-04 13:43:50,desktop,Safari,tiktok
SESS-006536,,/account/wishlist,purchase,2024-06-26 19:43:00,desktop,Firefox,instagram
SESS-006537,,/,page_view,2024-03-18 05:20:02,mobile,Edge,bing
SESS-006538,CUST-0002,/checkout,purchase,2024-01-10 23:09:15,mobile,Chrome,facebook
SESS-006539,CUST-0445,/,add_to_cart,2024-11-25 21:45:54,tablet,Samsung Internet,affiliate
SESS-006540,CUST-0208,/products/books,search,2024-08-17 23:41:33,tablet,Samsung Internet,bing
SESS-006541,CUST-0093,/products/home,search,2024-11-30 14:04:33,mobile,Firefox,bing
SESS-006542,,/products/home,click,2024-04-08 09:23:19,tablet,Firefox,instagram
SESS-006543,CUST-0221,/account/wishlist,page_view,2024-11-16 13:55:46,desktop,Samsung Internet,bing
SESS-006544,CUST-0107,/blog,page_view,2024-06-25 21:04:12,mobile,Firefox,affiliate
SESS-006545,CUST-0249,/cart,search,2024-05-21 21:27:12,tablet,Chrome,direct
SESS-006546,CUST-0082,/account/wishlist,page_view,2024-09-14 03:35:15,desktop,Safari,direct
SESS-006547,CUST-0283,/checkout/confirmation,page_view,2024-03-26 10:38:53,mobile,Firefox,facebook
SESS-006548,CUST-0392,/account,page_view,2024-10-03 06:29:54,desktop,Safari,tiktok
SESS-006549,CUST-0495,/products/electronics,add_to_cart,2024-07-29 04:22:39,tablet,Chrome,email_campaign
SESS-006550,CUST-0500,/faq,scroll,2024-01-21 05:50:28,tablet,Safari,twitter
SESS-006551,,/about,page_view,2024-11-29 22:41:31,desktop,Samsung Internet,bing
SESS-006552,CUST-0124,/,search,2024-11-05 00:08:43,mobile,Safari,twitter
SESS-006553,CUST-0324,/,video_play,2024-05-17 17:21:20,mobile,Safari,facebook
SESS-006554,CUST-0420,/returns,video_play,2024-01-06 13:18:45,desktop,Chrome,google
SESS-006555,CUST-0472,/checkout,page_view,2024-04-29 08:52:37,tablet,Chrome,tiktok
SESS-006556,,/blog,remove_from_cart,2024-06-25 03:55:31,mobile,Samsung Internet,twitter
SESS-006557,CUST-0040,/products/sports,begin_checkout,2024-11-04 16:48:51,desktop,Chrome,
SESS-006558,CUST-0257,/products/clothing,scroll,2024-08-20 20:27:16,tablet,Chrome,direct
SESS-006559,CUST-0018,/faq,remove_from_cart,2024-04-29 15:08:39,mobile,Chrome,tiktok
SESS-006560,CUST-0125,/search,scroll,2024-03-23 14:24:37,mobile,Edge,twitter
SESS-006561,CUST-0425,/products/clothing,click,2024-08-12 21:06:18,mobile,Firefox,
SESS-006562,,/checkout/payment,page_view,2024-08-15 22:34:28,tablet,Safari,twitter
SESS-006563,,/checkout/payment,page_view,2024-05-05 11:56:10,mobile,Samsung Internet,email_campaign
SESS-006564,CUST-0272,/products/home,search,2024-04-20 18:28:19,tablet,Firefox,email_campaign
SESS-006565,CUST-0026,/,begin_checkout,2024-03-01 02:59:19,tablet,Chrome,bing
SESS-006566,CUST-0183,/account/orders,begin_checkout,2024-04-17 15:14:48,desktop,Safari,tiktok
SESS-006567,CUST-0020,/search,add_to_cart,2024-07-16 20:07:31,desktop,Safari,tiktok
SESS-006568,,/products,remove_from_cart,2024-05-17 12:51:38,mobile,Firefox,email_campaign
SESS-006569,,/,video_play,2024-02-19 02:37:21,mobile,Samsung Internet,tiktok
SESS-006570,,/about,begin_checkout,2024-03-17 00:23:08,desktop,Firefox,google
SESS-006571,CUST-0224,/checkout/payment,begin_checkout,2024-02-08 17:39:46,tablet,Samsung Internet,affiliate
SESS-006572,,/search,click,2024-05-16 11:20:58,mobile,Edge,affiliate
SESS-006573,,/account,scroll,2024-12-09 04:37:23,desktop,Chrome,twitter
SESS-006574,CUST-0205,/account/orders,click,2024-04-09 00:37:40,mobile,Firefox,bing
SESS-006575,CUST-0457,/search,search,2024-08-13 02:12:46,mobile,Safari,
SESS-006576,CUST-0201,/blog,click,2024-10-31 23:14:28,desktop,Safari,twitter
SESS-006577,,/checkout/confirmation,begin_checkout,2024-07-02 17:34:05,tablet,Chrome,direct
SESS-006578,CUST-0112,/checkout,page_view,2024-04-11 23:21:38,desktop,Edge,twitter
SESS-006579,CUST-0155,/account/wishlist,purchase,2024-03-16 00:39:46,mobile,Firefox,direct
SESS-006580,CUST-0210,/checkout/confirmation,add_to_cart,2024-06-21 16:17:57,desktop,Samsung Internet,bing
SESS-006581,CUST-0425,/faq,search,2024-11-22 21:32:16,mobile,Edge,instagram
SESS-006582,CUST-0036,/products/books,begin_checkout,2024-08-01 20:06:10,mobile,Edge,facebook
SESS-006583,CUST-0415,/account,click,2024-12-17 09:32:04,tablet,Edge,direct
SESS-006584,CUST-0137,/account/orders,page_view,2024-12-10 02:04:47,mobile,Edge,
SESS-006585,CUST-0006,/checkout,click,2024-05-04 06:36:07,mobile,Chrome,bing
SESS-006586,CUST-0007,/products/clothing,video_play,2024-10-26 07:21:46,desktop,Chrome,email_campaign
SESS-006587,CUST-0287,/checkout,page_view,2024-10-22 12:08:26,desktop,Firefox,direct
SESS-006588,CUST-0369,/account,add_to_cart,2024-02-03 16:33:45,mobile,Safari,google
SESS-006589,CUST-0361,/checkout,begin_checkout,2024-02-06 01:23:53,tablet,Samsung Internet,instagram
SESS-006590,CUST-0188,/faq,video_play,2024-05-06 17:37:31,desktop,Firefox,twitter
SESS-006591,CUST-0345,/products/books,remove_from_cart,2024-12-01 22:30:32,mobile,Safari,google
SESS-006592,CUST-0498,/about,remove_from_cart,2024-04-29 03:50:08,mobile,Samsung Internet,direct
SESS-006593,CUST-0062,/about,click,2024-06-05 16:03:12,mobile,Samsung Internet,bing
SESS-006594,CUST-0073,/products/sports,add_to_cart,2024-11-18 17:09:28,tablet,Samsung Internet,email_campaign
SESS-006595,,/products,video_play,2024-09-08 10:15:51,bot,Googlebot,direct
SESS-006596,CUST-0242,/account/wishlist,begin_checkout,2024-10-01 16:41:43,desktop,Firefox,email_campaign
SESS-006597,,/blog,begin_checkout,2024-10-10 18:37:46,mobile,Safari,twitter
SESS-006598,CUST-0110,/products/clothing,add_to_cart,2024-06-30 02:27:45,desktop,Safari,facebook
SESS-006599,CUST-0079,/checkout/confirmation,add_to_cart,2024-04-25 16:54:05,desktop,Chrome,google
SESS-006600,CUST-0102,/blog,scroll,2024-04-11 00:21:53,desktop,Samsung Internet,facebook
SESS-006601,CUST-0099,/returns,begin_checkout,2024-03-14 09:41:08,mobile,Safari,
SESS-006602,CUST-0216,/products/electronics,purchase,2024-12-15 19:24:17,mobile,Chrome,direct
SESS-006603,CUST-0204,/products,scroll,2024-01-19 20:42:52,mobile,Edge,affiliate
SESS-006604,CUST-0255,/contact,click,2024-06-02 21:47:55,mobile,Chrome,instagram
SESS-006605,,/checkout/payment,add_to_cart,2024-09-05 06:09:40,desktop,Samsung Internet,instagram
SESS-006606,CUST-0370,/contact,page_view,2024-04-28 03:15:19,desktop,Samsung Internet,google
SESS-006607,CUST-0280,/account,purchase,2024-06-18 14:18:43,mobile,Firefox,direct
SESS-006608,CUST-0287,/checkout,search,2024-11-01 01:36:37,desktop,Edge,instagram
SESS-006609,CUST-0113,/returns,click,2024-02-19 17:36:49,desktop,Samsung Internet,
SESS-006610,CUST-0004,/products,page_view,2024-09-06 06:46:35,desktop,Firefox,facebook
SESS-006611,CUST-0033,/faq,add_to_cart,2024-02-20 09:01:51,tablet,Chrome,direct
SESS-006612,CUST-0410,/cart,add_to_cart,2024-09-18 09:03:13,tablet,Chrome,
SESS-006613,CUST-0420,/blog,remove_from_cart,2024-06-20 14:16:57,mobile,Chrome,email_campaign
SESS-006614,,/about,search,2024-07-06 05:42:08,desktop,Chrome,
SESS-006615,CUST-0128,/about,add_to_cart,2024-04-20 08:29:29,desktop,Safari,facebook
SESS-006616,CUST-0380,/products/books,click,2024-11-15 21:16:57,desktop,Samsung Internet,bing
SESS-006617,CUST-0053,/products/books,remove_from_cart,2024-03-05 14:33:57,tablet,Firefox,direct
SESS-006618,,/account,purchase,2024-12-07 16:46:26,mobile,Samsung Internet,tiktok
SESS-006619,CUST-0358,/checkout,search,2024-07-17 09:51:38,desktop,Safari,facebook
SESS-006620,,/,search,2024-04-14 00:28:01,mobile,Chrome,tiktok
SESS-006621,CUST-0278,/products/home,purchase,2024-04-09 10:27:46,desktop,Safari,email_campaign
SESS-006622,,/cart,page_view,2024-10-15 07:10:22,mobile,Chrome,twitter
SESS-006623,CUST-0482,/checkout,search,2024-03-02 12:10:09,mobile,Firefox,tiktok
SESS-006624,CUST-0461,/checkout/payment,purchase,2024-07-28 01:56:04,mobile,Chrome,instagram
SESS-006625,CUST-0026,/products/clothing,page_view,2024-06-08 01:01:50,mobile,Edge,twitter
SESS-006626,CUST-0061,/faq,search,2024-01-20 15:18:57,mobile,Chrome,google
SESS-006627,CUST-0084,/faq,search,2024-09-13 21:33:21,desktop,Firefox,facebook
SESS-006628,CUST-0230,/products/sports,click,2024-04-22 21:20:48,desktop,Chrome,twitter
SESS-006629,,/checkout/confirmation,page_view,2024-08-06 15:17:24,mobile,Samsung Internet,facebook
SESS-006630,,/returns,purchase,2024-04-10 09:05:41,mobile,Safari,instagram
SESS-006631,CUST-0106,/products/home,add_to_cart,2024-04-01 20:59:07,mobile,Safari,
SESS-006632,CUST-0024,/returns,page_view,2024-09-21 17:30:21,mobile,Firefox,bing
SESS-006633,CUST-0083,/blog,purchase,2024-09-04 05:53:53,mobile,Chrome,
SESS-006634,CUST-0218,/,video_play,2024-11-18 06:40:35,desktop,Chrome,
SESS-006635,CUST-0253,/returns,remove_from_cart,2024-11-09 07:26:44,tablet,Firefox,instagram
SESS-006636,CUST-0252,/products/books,page_view,2024-05-24 12:09:06,mobile,Chrome,tiktok
SESS-006637,CUST-0349,/products/home,purchase,2024-11-21 23:54:13,desktop,Chrome,instagram
SESS-006638,CUST-0226,/about,video_play,2024-01-20 14:52:48,desktop,Edge,instagram
SESS-006639,,/contact,page_view,2024-11-06 07:11:11,desktop,Edge,affiliate
SESS-006640,CUST-0017,/search,search,2024-10-14 19:03:32,mobile,Edge,email_campaign
SESS-006641,CUST-0295,/cart,page_view,2024-06-11 01:17:31,mobile,Chrome,
SESS-006642,,/products/home,add_to_cart,2024-05-01 10:23:38,desktop,Chrome,affiliate
SESS-006643,,/products/sports,purchase,2024-06-18 01:47:55,desktop,Firefox,affiliate
SESS-006644,CUST-0195,/products/clothing,video_play,2024-05-17 22:44:43,desktop,Edge,twitter
SESS-006645,,/products/books,add_to_cart,2024-07-04 11:12:25,mobile,Edge,twitter
SESS-006646,CUST-0410,/,remove_from_cart,2024-01-20 13:45:07,tablet,Samsung Internet,google
SESS-006647,,/,search,2024-09-20 10:19:37,desktop,Chrome,instagram
SESS-006648,,/checkout/confirmation,page_view,2024-12-23 12:25:32,desktop,Safari,twitter
SESS-006649,CUST-0143,/products/sports,add_to_cart,2024-02-06 18:08:19,desktop,Firefox,facebook
SESS-006650,,/account,click,2024-05-29 21:10:04,desktop,Firefox,affiliate
SESS-006651,CUST-0306,/about,remove_from_cart,2024-11-15 06:16:21,mobile,Firefox,affiliate
SESS-006652,CUST-0468,/products/sports,click,2024-11-25 08:34:18,mobile,Safari,tiktok
SESS-006653,CUST-0395,/checkout/confirmation,add_to_cart,2024-10-04 12:55:52,mobile,Edge,instagram
SESS-006654,CUST-0042,/products/clothing,click,2024-10-13 20:04:03,mobile,Edge,affiliate
SESS-006655,,/faq,page_view,2024-04-22 04:04:19,tablet,Chrome,tiktok
SESS-006656,CUST-0112,/about,purchase,2024-12-15 08:46:59,desktop,Chrome,affiliate
SESS-006657,,/products/electronics,page_view,2024-10-05 13:05:22,mobile,Safari,instagram
SESS-006658,CUST-0205,/contact,click,2024-09-13 16:35:15,desktop,Samsung Internet,facebook
SESS-006659,,/search,page_view,2024-09-15 08:29:23,mobile,Safari,google
SESS-006660,CUST-0104,/products/home,click,2024-12-20 04:40:24,mobile,Samsung Internet,facebook
SESS-006661,CUST-0058,/returns,click,2024-10-27 10:52:13,tablet,Samsung Internet,email_campaign
SESS-006662,CUST-0314,/search,page_view,2024-07-01 20:32:25,desktop,Safari,tiktok
SESS-006663,CUST-0290,/products/clothing,page_view,2024-12-02 23:59:07,desktop,Firefox,tiktok
SESS-006664,,/checkout,search,2024-02-17 16:15:51,desktop,Samsung Internet,direct
SESS-006665,,/blog,click,2024-10-18 12:24:44,mobile,Chrome,tiktok
SESS-006666,,/returns,begin_checkout,2024-07-23 03:37:10,desktop,Safari,twitter
SESS-006667,CUST-0382,/account/wishlist,remove_from_cart,2024-10-11 14:07:44,desktop,Chrome,
SESS-006668,CUST-0022,/products/books,page_view,2024-06-18 15:12:21,tablet,Samsung Internet,direct
SESS-006669,CUST-0425,/checkout,purchase,2024-08-28 01:01:26,desktop,Chrome,twitter
SESS-006670,CUST-0007,/faq,search,2024-07-19 15:02:48,desktop,Safari,facebook
SESS-006671,CUST-0233,/products/clothing,scroll,2024-01-06 03:45:40,desktop,Chrome,tiktok
SESS-006672,CUST-0391,/search,search,2024-05-01 22:20:06,desktop,Chrome,google
SESS-006673,CUST-0100,/products/sports,purchase,2024-08-27 21:36:05,desktop,Chrome,facebook
SESS-006674,CUST-0349,/checkout/confirmation,begin_checkout,2024-11-14 12:29:57,mobile,Chrome,direct
SESS-006675,CUST-0305,/products/sports,add_to_cart,2024-02-01 13:34:53,mobile,Chrome,direct
SESS-006676,CUST-0396,/blog,scroll,2024-09-06 08:39:09,mobile,Safari,facebook
SESS-006677,CUST-0413,/cart,begin_checkout,2024-11-22 18:50:52,tablet,Edge,tiktok
SESS-006678,CUST-0017,/checkout/confirmation,add_to_cart,2024-02-14 12:33:37,desktop,Chrome,email_campaign
SESS-006679,,/search,remove_from_cart,2024-07-15 13:40:29,tablet,Chrome,tiktok
SESS-006680,,/products/books,video_play,2024-12-19 10:44:25,desktop,Chrome,direct
SESS-006681,CUST-0332,/search,video_play,2024-08-16 22:40:09,desktop,Safari,google
SESS-006682,CUST-0190,/about,begin_checkout,2024-03-02 07:09:28,tablet,Safari,google
SESS-006683,,/products/electronics,page_view,2024-04-08 02:15:36,mobile,Chrome,tiktok
SESS-006684,,/checkout/confirmation,begin_checkout,2024-07-20 07:52:40,desktop,Chrome,tiktok
SESS-006685,CUST-0316,/faq,page_view,1970-01-01 00:00:00,desktop,Edge,affiliate
SESS-006686,,/products/sports,begin_checkout,2024-08-05 21:46:42,tablet,Samsung Internet,bing
SESS-006687,CUST-0034,/faq,click,2024-10-18 16:11:39,desktop,Chrome,tiktok
SESS-006688,,/cart,page_view,2024-09-30 06:30:38,desktop,Chrome,affiliate
SESS-006689,,/account/orders,remove_from_cart,2030-09-26 12:00:00,tablet,Samsung Internet,twitter
SESS-006690,CUST-0367,/about,add_to_cart,2024-05-15 06:10:19,tablet,Firefox,instagram
SESS-006691,CUST-0256,/,add_to_cart,2024-11-18 19:10:59,desktop,Samsung Internet,bing
SESS-006692,,/products,search,1970-01-01 00:00:00,mobile,Chrome,facebook
SESS-006693,CUST-0272,/products/electronics,page_view,2024-06-03 12:31:06,mobile,Firefox,direct
SESS-006694,CUST-0116,/checkout/confirmation,page_view,2024-10-13 18:49:09,tablet,Samsung Internet,email_campaign
SESS-006695,CUST-0447,/faq,click,2024-10-03 23:16:10,desktop,Chrome,google
SESS-006696,,/,scroll,2024-06-29 16:14:22,tablet,Chrome,google
SESS-006697,,/account,page_view,2024-03-06 21:31:43,mobile,Samsung Internet,instagram
SESS-006698,CUST-0272,/account,purchase,2024-06-08 10:57:20,desktop,Chrome,twitter
SESS-006699,CUST-0392,/cart,scroll,2024-04-28 20:05:08,desktop,Safari,instagram
SESS-006700,CUST-0357,/account,begin_checkout,2024-02-22 05:36:32,mobile,Chrome,twitter
SESS-006701,CUST-0130,/products/electronics,scroll,2024-08-28 15:28:45,desktop,Firefox,twitter
SESS-006702,CUST-0164,/products/electronics,page_view,2024-01-25 11:29:25,desktop,Edge,affiliate
SESS-006703,CUST-0255,/account/wishlist,video_play,2024-05-02 08:13:36,mobile,Chrome,facebook
SESS-006704,,/about,click,2024-11-30 06:26:19,desktop,Safari,bing
SESS-006705,,/checkout/payment,click,2024-07-10 00:31:16,mobile,Safari,twitter
SESS-006706,CUST-0454,/faq,click,2024-08-12 22:43:54,desktop,Chrome,
SESS-006707,CUST-0015,/products/home,scroll,2024-12-19 15:17:48,mobile,Samsung Internet,
SESS-006708,CUST-0036,/search,search,2024-04-17 14:06:53,tablet,Firefox,direct
SESS-006709,CUST-0439,/products/electronics,remove_from_cart,2024-11-29 01:23:16,mobile,Chrome,email_campaign
SESS-006710,CUST-0007,/account/orders,video_play,2024-10-20 11:14:04,desktop,Chrome,instagram
SESS-006711,,/products/clothing,page_view,2024-08-21 00:16:36,tablet,Safari,email_campaign
SESS-006712,CUST-0248,/returns,click,2024-03-25 16:43:36,bot,Googlebot,email_campaign
SESS-006713,CUST-0497,/products,page_view,2024-10-14 10:08:54,desktop,Chrome,affiliate
SESS-006714,CUST-0115,/cart,video_play,2024-05-12 02:12:42,mobile,Edge,affiliate
SESS-006715,,/returns,page_view,2024-10-05 06:26:42,desktop,Firefox,facebook
SESS-006716,CUST-0407,/products,search,2024-10-07 13:28:40,mobile,Chrome,affiliate
SESS-006717,CUST-0242,/products/home,remove_from_cart,2024-02-22 19:26:50,desktop,Edge,
SESS-006718,,/returns,click,2024-02-02 22:03:07,mobile,Safari,twitter
SESS-006719,,/search,page_view,2024-12-25 03:49:33,desktop,Chrome,google
SESS-006720,,/about,purchase,2024-09-16 12:09:09,desktop,Samsung Internet,twitter
SESS-006721,CUST-0185,/products/clothing,add_to_cart,2024-02-04 01:57:24,mobile,Edge,google
SESS-006722,,/account/wishlist,video_play,2024-03-30 18:48:16,mobile,Samsung Internet,affiliate
SESS-006723,CUST-0148,/contact,page_view,2024-07-06 23:17:41,mobile,Firefox,instagram
SESS-006724,,/returns,add_to_cart,2024-01-09 17:58:00,mobile,Chrome,instagram
SESS-006725,,/returns,page_view,2024-11-04 22:23:49,desktop,Samsung Internet,
SESS-006726,,/contact,add_to_cart,2024-04-02 23:49:45,mobile,Chrome,tiktok
SESS-006727,,/checkout,click,2024-08-22 00:20:13,desktop,Firefox,bing
SESS-006728,CUST-0462,/cart,search,2024-03-06 16:42:50,tablet,Safari,direct
SESS-006729,CUST-0437,/faq,page_view,2024-07-13 23:16:14,mobile,Chrome,
SESS-006730,CUST-0368,/checkout/confirmation,page_view,2024-10-06 18:37:19,mobile,Edge,email_campaign
SESS-006731,,/checkout/payment,purchase,2024-08-26 10:58:53,mobile,Safari,direct
SESS-006732,CUST-0368,/products,add_to_cart,2024-10-06 05:32:38,desktop,Edge,direct
SESS-006733,CUST-0467,/checkout/payment,click,2024-03-28 09:16:48,desktop,Firefox,twitter
SESS-006734,CUST-0259,/faq,add_to_cart,2024-01-28 08:55:13,desktop,Chrome,direct
SESS-006735,,/,scroll,2024-04-09 02:42:03,mobile,Chrome,affiliate
SESS-006736,CUST-0422,/checkout/payment,click,2024-01-16 12:00:50,mobile,Chrome,facebook
SESS-006737,CUST-0303,/products/clothing,click,2024-03-27 22:36:51,mobile,Safari,tiktok
SESS-006738,CUST-0473,/account/wishlist,click,2024-12-11 15:31:46,tablet,Firefox,twitter
SESS-006739,CUST-0105,/products/books,add_to_cart,2024-08-09 06:33:29,mobile,Firefox,twitter
SESS-006740,CUST-0194,/about,page_view,2024-05-22 07:05:57,desktop,Chrome,bing
SESS-006741,CUST-0325,/products/sports,video_play,2024-09-16 18:26:52,desktop,Samsung Internet,instagram
SESS-006742,,/,page_view,2024-11-12 19:54:12,desktop,Chrome,twitter
SESS-006743,CUST-0083,/search,page_view,2024-07-17 06:04:59,mobile,Safari,tiktok
SESS-006744,CUST-0484,/faq,click,2024-06-05 02:19:58,mobile,Safari,facebook
SESS-006745,CUST-0122,/checkout/confirmation,search,2024-08-01 00:30:52,tablet,Edge,facebook
SESS-006746,CUST-0189,/products/electronics,purchase,2024-06-22 09:29:04,tablet,Chrome,direct
SESS-006747,,/about,begin_checkout,2024-01-02 16:19:31,desktop,Firefox,bing
SESS-006748,,/products/electronics,search,2024-04-27 10:09:08,mobile,Chrome,tiktok
SESS-006749,CUST-0265,/,scroll,2024-03-15 12:59:04,tablet,Edge,twitter
SESS-006750,CUST-0144,/products/home,remove_from_cart,2024-03-26 01:44:47,mobile,Chrome,twitter
SESS-006751,CUST-0422,/products/sports,add_to_cart,2024-10-19 19:42:10,mobile,Chrome,facebook
SESS-006752,CUST-0389,/checkout,remove_from_cart,2024-06-20 05:28:23,bot,Bingbot,bing
SESS-006753,,/faq,remove_from_cart,2024-03-04 11:19:27,desktop,Firefox,
SESS-006754,CUST-0154,/faq,begin_checkout,2024-07-08 20:02:23,mobile,Samsung Internet,email_campaign
SESS-006755,CUST-0248,/products/home,remove_from_cart,2024-07-08 03:20:55,mobile,Safari,tiktok
SESS-006756,CUST-0395,/cart,scroll,2024-10-15 08:40:22,desktop,Edge,twitter
SESS-006757,CUST-0424,/returns,page_view,2024-09-04 06:03:58,desktop,Safari,affiliate
SESS-006758,CUST-0139,/account/wishlist,click,2024-01-31 15:54:07,mobile,Safari,tiktok
SESS-006759,CUST-0236,/cart,page_view,2024-07-16 03:05:06,mobile,Safari,direct
SESS-006760,CUST-0214,/contact,begin_checkout,2024-02-02 10:55:23,desktop,Samsung Internet,facebook
SESS-006761,CUST-0028,/contact,page_view,2024-01-25 08:56:17,tablet,Safari,facebook
SESS-006762,CUST-0297,/products/home,page_view,2024-02-10 05:00:19,tablet,Chrome,tiktok
SESS-006763,CUST-0423,/about,search,2024-10-01 01:39:19,desktop,Safari,bing
SESS-006764,,/,purchase,2024-03-10 07:53:14,desktop,Samsung Internet,tiktok
SESS-006765,CUST-0285,/checkout/payment,page_view,2024-01-31 09:49:59,tablet,Chrome,affiliate
SESS-006766,CUST-0229,/checkout/confirmation,video_play,2024-12-14 13:12:38,mobile,Chrome,affiliate
SESS-006767,CUST-0253,/checkout/confirmation,video_play,2024-05-28 20:23:44,tablet,Chrome,twitter
SESS-006768,CUST-0369,/products/sports,purchase,2024-04-27 21:46:29,desktop,Chrome,facebook
SESS-006769,CUST-0486,/faq,click,2024-08-29 10:31:05,tablet,Chrome,bing
SESS-006770,CUST-0328,/account/orders,add_to_cart,2024-12-11 22:11:10,desktop,Firefox,facebook
SESS-006771,CUST-0364,/contact,scroll,2024-10-02 10:48:11,mobile,Chrome,instagram
SESS-006772,CUST-0283,/checkout,purchase,2024-07-22 14:29:02,desktop,Chrome,bing
SESS-006773,,/products/sports,page_view,2024-04-26 10:54:38,desktop,Safari,affiliate
SESS-006774,CUST-0459,/checkout/payment,purchase,2024-12-28 13:10:26,desktop,Firefox,tiktok
SESS-006775,CUST-0303,/products/electronics,page_view,2024-10-10 02:43:28,mobile,Safari,tiktok
SESS-006776,CUST-0345,/products/books,click,2024-09-27 01:07:33,mobile,Samsung Internet,bing
SESS-006777,CUST-0040,/checkout,click,2024-12-24 02:30:47,mobile,Samsung Internet,twitter
SESS-006778,CUST-0187,/products,remove_from_cart,2024-04-18 10:24:19,mobile,Firefox,twitter
SESS-006779,CUST-0049,/returns,page_view,2024-01-30 02:32:34,desktop,Safari,bing
SESS-006780,CUST-0473,/returns,video_play,2024-07-29 21:10:21,tablet,Samsung Internet,facebook
SESS-006781,CUST-0136,/blog,page_view,2024-04-11 01:29:38,tablet,Samsung Internet,
SESS-006782,,/search,click,2024-10-23 17:59:06,desktop,Chrome,instagram
SESS-006783,CUST-0421,/account/wishlist,page_view,2024-12-22 17:57:10,bot,Bingbot,
SESS-006784,CUST-0343,/account/wishlist,page_view,2024-07-13 04:47:37,tablet,Chrome,bing
SESS-006785,CUST-0415,/returns,page_view,2024-09-12 03:52:39,tablet,Samsung Internet,direct
SESS-006786,CUST-0029,/,video_play,2024-05-20 21:42:31,mobile,Samsung Internet,google
SESS-006787,,/checkout/payment,remove_from_cart,2024-01-12 02:57:28,mobile,Chrome,direct
SESS-006788,,/about,page_view,2024-06-27 21:34:21,desktop,Samsung Internet,facebook
SESS-006789,,/products,page_view,2024-12-05 18:34:09,tablet,Edge,bing
SESS-006790,CUST-0123,/products/home,page_view,2024-12-15 00:23:37,tablet,Chrome,google
SESS-006791,CUST-0222,/blog,search,2024-02-16 21:04:34,desktop,Samsung Internet,facebook
SESS-006792,,/products/books,click,2024-07-08 08:14:20,desktop,Chrome,direct
SESS-006793,CUST-0266,/checkout/payment,remove_from_cart,2024-05-01 04:42:49,mobile,Safari,direct
SESS-006794,CUST-0297,/blog,video_play,2024-08-24 13:19:44,mobile,Firefox,bing
SESS-006795,CUST-0324,/products/home,click,2024-02-29 14:36:41,tablet,Chrome,facebook
SESS-006796,CUST-0404,/products/clothing,video_play,2024-03-08 09:07:52,desktop,Chrome,
SESS-006797,,/account/orders,begin_checkout,2024-03-12 18:14:47,mobile,Samsung Internet,bing
SESS-006798,,/checkout/confirmation,click,2024-06-17 07:30:05,mobile,Samsung Internet,twitter
SESS-006799,CUST-0358,/account/wishlist,begin_checkout,2024-12-06 22:38:59,mobile,Samsung Internet,direct
SESS-006800,,/cart,purchase,2024-06-30 16:03:10,mobile,Edge,google
SESS-006801,CUST-0344,/account/orders,page_view,2024-03-31 12:12:45,bot,Bingbot,google
SESS-006802,CUST-0209,/blog,page_view,2024-05-12 17:44:47,tablet,Samsung Internet,
SESS-006803,CUST-0339,/checkout/payment,click,2024-10-18 07:34:44,mobile,Safari,
SESS-006804,CUST-0329,/checkout/confirmation,page_view,2024-06-25 02:03:43,desktop,Chrome,instagram
SESS-006805,CUST-0326,/contact,search,2024-05-31 05:47:59,tablet,Chrome,direct
SESS-006806,,/faq,click,2024-02-04 23:45:34,mobile,Safari,affiliate
SESS-006807,CUST-0368,/contact,video_play,2024-06-17 22:32:17,mobile,Chrome,email_campaign
SESS-006808,CUST-0281,/products/clothing,video_play,2024-06-08 07:27:04,mobile,Samsung Internet,direct
SESS-006809,CUST-0325,/checkout,page_view,2024-10-10 01:06:56,desktop,Chrome,bing
SESS-006810,CUST-0240,/faq,video_play,2024-03-29 21:48:59,mobile,Firefox,
SESS-006811,CUST-0472,/cart,click,2024-07-30 02:22:03,tablet,Safari,tiktok
SESS-006812,,/products/home,page_view,2024-12-08 11:07:57,tablet,Chrome,twitter
SESS-006813,,/products,add_to_cart,2024-10-25 03:29:34,mobile,Edge,facebook
SESS-006814,CUST-0289,/products,video_play,2024-01-22 07:02:39,mobile,Edge,direct
SESS-006815,CUST-0266,/account/wishlist,video_play,2024-03-18 23:49:57,mobile,Chrome,
SESS-006816,CUST-0081,/about,begin_checkout,2024-10-20 19:07:36,mobile,Safari,bing
SESS-006817,CUST-0242,/returns,remove_from_cart,2024-02-01 23:39:11,mobile,Edge,
SESS-006818,CUST-0482,/cart,search,2024-10-16 16:08:39,mobile,Edge,bing
SESS-006819,CUST-0457,/products/sports,scroll,2024-03-15 07:55:38,tablet,Chrome,direct
SESS-006820,CUST-0112,/checkout/payment,click,2024-09-30 10:07:07,mobile,Chrome,instagram
SESS-006821,,/,video_play,2024-03-07 00:20:18,tablet,Chrome,direct
SESS-006822,,/about,search,2024-08-29 13:07:21,desktop,Samsung Internet,tiktok
SESS-006823,,/contact,remove_from_cart,2024-12-30 10:04:43,desktop,Edge,affiliate
SESS-006824,,/cart,add_to_cart,2024-05-30 00:21:57,mobile,Chrome,google
SESS-006825,CUST-0274,/checkout/confirmation,page_view,2024-08-19 17:15:05,desktop,Firefox,google
SESS-006826,CUST-0096,/products/electronics,begin_checkout,2024-08-23 01:46:32,mobile,Safari,email_campaign
SESS-006827,,/cart,search,2024-06-12 08:49:53,tablet,Chrome,email_campaign
SESS-006828,,/search,click,2024-10-07 16:11:42,tablet,Chrome,tiktok
SESS-006829,,/checkout/confirmation,purchase,2024-11-06 12:46:32,mobile,Edge,tiktok
SESS-006830,CUST-0135,/blog,click,2024-01-17 13:53:46,tablet,Firefox,google
SESS-006831,,/contact,page_view,2024-03-12 19:16:41,mobile,Samsung Internet,facebook
SESS-006832,CUST-0287,/faq,remove_from_cart,2024-09-29 08:55:36,tablet,Edge,facebook
SESS-006833,CUST-0213,/products/electronics,video_play,2024-07-13 00:54:59,mobile,Safari,email_campaign
SESS-006834,,/blog,scroll,2024-10-12 18:41:37,desktop,Safari,facebook
SESS-006835,,/cart,scroll,2024-10-06 16:38:14,mobile,Safari,bing
SESS-006836,CUST-0086,/account/orders,page_view,2024-02-10 20:06:42,desktop,Chrome,affiliate
SESS-006837,CUST-0461,/account/orders,video_play,2024-09-26 11:01:21,tablet,Samsung Internet,instagram
SESS-006838,CUST-0091,/cart,remove_from_cart,2024-06-18 17:58:17,desktop,Safari,affiliate
SESS-006839,CUST-0093,/products/books,remove_from_cart,1970-01-01 00:00:00,desktop,Firefox,email_campaign
SESS-006840,CUST-0114,/products,page_view,2024-07-12 16:19:05,mobile,Chrome,email_campaign
SESS-006841,,/products/electronics,click,2024-06-06 22:18:39,tablet,Safari,google
SESS-006842,CUST-0172,/contact,video_play,2024-12-06 06:28:16,desktop,Safari,email_campaign
SESS-006843,CUST-0409,/products/home,click,2024-01-05 00:56:41,mobile,Chrome,facebook
SESS-006844,CUST-0211,/products/clothing,click,2024-03-24 07:53:53,mobile,Chrome,facebook
SESS-006845,,/checkout,search,2024-01-21 19:54:17,tablet,Samsung Internet,
SESS-006846,CUST-0318,/checkout/payment,purchase,2024-03-10 15:41:13,desktop,Samsung Internet,instagram
SESS-006847,,/products/clothing,remove_from_cart,2024-06-19 12:34:58,mobile,Safari,affiliate
SESS-006848,CUST-0028,/returns,remove_from_cart,2024-05-08 12:46:21,desktop,Chrome,tiktok
SESS-006849,CUST-0423,/products/sports,click,2024-12-25 19:30:39,bot,SemrushBot,facebook
SESS-006850,,/returns,scroll,2024-12-08 08:16:37,mobile,Safari,facebook
SESS-006851,CUST-0013,/products/home,remove_from_cart,2024-01-03 11:53:53,mobile,Samsung Internet,instagram
SESS-006852,,/checkout/confirmation,click,2024-07-08 04:12:58,desktop,Chrome,bing
SESS-006853,,/products/books,remove_from_cart,2024-01-17 16:10:55,mobile,Edge,instagram
SESS-006854,CUST-0302,/products/home,purchase,2024-02-08 17:27:42,desktop,Firefox,facebook
SESS-006855,CUST-0435,/about,scroll,2024-10-11 03:03:03,desktop,Edge,tiktok
SESS-006856,CUST-0399,/account/orders,page_view,2024-07-27 14:41:36,desktop,Firefox,email_campaign
SESS-006857,CUST-0203,/products/books,add_to_cart,2024-12-31 14:29:32,desktop,Firefox,
SESS-006858,,/faq,video_play,2024-04-27 06:49:57,desktop,Chrome,email_campaign
SESS-006859,,/products/books,video_play,2024-06-21 02:43:51,mobile,Firefox,instagram
SESS-006860,CUST-0143,/faq,remove_from_cart,2024-05-13 14:51:47,mobile,Chrome,direct
SESS-006861,CUST-0429,/,search,2024-08-01 04:33:27,mobile,Chrome,bing
SESS-006862,CUST-0086,/products/home,video_play,2024-02-04 12:59:35,mobile,Chrome,
SESS-006863,CUST-0425,/products/clothing,video_play,2024-11-29 09:45:10,mobile,Chrome,twitter
SESS-006864,CUST-0447,/account/orders,page_view,2024-03-15 20:40:58,mobile,Samsung Internet,twitter
SESS-006865,CUST-0274,/,video_play,2024-05-20 21:07:07,desktop,Samsung Internet,email_campaign
SESS-006866,CUST-0432,/products/sports,remove_from_cart,2024-11-02 18:22:53,mobile,Safari,tiktok
SESS-006867,CUST-0127,/products,click,2024-04-26 20:28:02,tablet,Firefox,google
SESS-006868,,/about,page_view,2024-08-21 22:03:17,mobile,Safari,email_campaign
SESS-006869,CUST-0163,/account,page_view,2024-12-23 00:08:37,desktop,Samsung Internet,instagram
SESS-006870,CUST-0141,/about,begin_checkout,2024-12-21 09:32:45,desktop,Chrome,instagram
SESS-006871,CUST-0162,/products/sports,page_view,2024-10-02 18:16:20,mobile,Edge,facebook
SESS-006872,,/checkout,add_to_cart,2024-12-26 10:57:05,mobile,Chrome,facebook
SESS-006873,CUST-0073,/products/sports,video_play,2024-11-03 05:16:08,mobile,Edge,affiliate
SESS-006874,CUST-0024,/products/home,video_play,2024-10-26 13:11:39,mobile,Samsung Internet,direct
SESS-006875,CUST-0053,/blog,scroll,2024-02-07 12:13:37,mobile,Safari,
SESS-006876,CUST-0035,/account,click,2024-07-09 10:31:37,desktop,Chrome,direct
SESS-006877,CUST-0220,/blog,search,2024-01-22 10:31:41,mobile,Edge,
SESS-006878,CUST-0268,/about,add_to_cart,2024-01-28 07:32:32,mobile,Chrome,tiktok
SESS-006879,,/checkout,video_play,2024-05-15 16:22:02,desktop,Chrome,direct
SESS-006880,CUST-0063,/about,add_to_cart,2024-10-16 22:28:21,bot,SemrushBot,twitter
SESS-006881,CUST-0052,/blog,page_view,2024-07-31 06:46:54,desktop,Chrome,affiliate
SESS-006882,,/checkout,purchase,2024-06-24 07:30:55,desktop,Safari,
SESS-006883,CUST-0077,/account,scroll,2024-08-26 04:01:30,desktop,Chrome,google
SESS-006884,CUST-0151,/products,search,2024-10-10 16:13:03,mobile,Firefox,email_campaign
SESS-006885,CUST-0114,/returns,page_view,2024-07-08 01:38:19,desktop,Chrome,affiliate
SESS-006886,,/,begin_checkout,2024-09-29 07:37:15,mobile,Chrome,email_campaign
SESS-006887,CUST-0230,/checkout,remove_from_cart,2024-05-02 01:48:43,mobile,Safari,tiktok
SESS-006888,CUST-0302,/account/orders,page_view,2024-08-18 09:57:43,mobile,Safari,affiliate
SESS-006889,CUST-0188,/account/wishlist,page_view,2024-11-14 00:36:20,tablet,Chrome,direct
SESS-006890,CUST-0236,/checkout/confirmation,begin_checkout,2024-11-20 21:15:22,tablet,Safari,
SESS-006891,CUST-0050,/faq,page_view,2024-01-29 11:36:57,mobile,Firefox,direct
SESS-006892,CUST-0223,/about,search,2024-03-19 10:24:52,desktop,Firefox,bing
SESS-006893,CUST-0126,/products/home,scroll,2024-01-13 08:46:26,mobile,Chrome,direct
SESS-006894,CUST-0033,/account/wishlist,scroll,2024-01-02 17:11:50,desktop,Samsung Internet,email_campaign
SESS-006895,CUST-0021,/products/clothing,purchase,2024-04-25 04:35:11,tablet,Chrome,email_campaign
SESS-006896,CUST-0298,/products/electronics,page_view,2024-11-14 00:20:37,desktop,Firefox,facebook
SESS-006897,CUST-0252,/contact,click,2024-07-03 22:13:56,mobile,Chrome,tiktok
SESS-006898,CUST-0355,/products/books,scroll,2024-12-06 04:45:37,tablet,Chrome,facebook
SESS-006899,CUST-0368,/checkout/payment,purchase,2024-11-12 05:45:21,desktop,Chrome,facebook
SESS-006900,CUST-0204,/products/clothing,click,2024-06-06 22:23:50,tablet,Safari,affiliate
SESS-006901,CUST-0168,/products,begin_checkout,2024-05-04 11:15:13,mobile,Firefox,direct
SESS-006902,CUST-0181,/checkout/confirmation,page_view,2024-02-29 23:00:58,mobile,Chrome,twitter
SESS-006903,,/products/home,video_play,2024-09-07 13:51:22,tablet,Chrome,bing
SESS-006904,CUST-0279,/,scroll,2024-01-27 01:28:04,desktop,Chrome,twitter
SESS-006905,CUST-0416,/products/electronics,begin_checkout,2024-03-12 11:47:45,mobile,Chrome,twitter
SESS-006906,CUST-0046,/products/books,click,2024-11-03 08:27:52,mobile,Samsung Internet,
SESS-006907,CUST-0215,/checkout/payment,scroll,2024-10-18 00:51:05,mobile,Firefox,google
SESS-006908,,/products/home,purchase,2024-03-06 22:37:40,mobile,Chrome,twitter
SESS-006909,,/contact,video_play,2024-01-17 00:35:19,tablet,Firefox,
SESS-006910,,/products/clothing,click,2024-04-16 03:24:18,desktop,Samsung Internet,email_campaign
SESS-006911,CUST-0214,/checkout/payment,page_view,2024-04-10 14:23:11,mobile,Safari,instagram
SESS-006912,CUST-0339,/cart,page_view,2024-12-02 10:10:04,tablet,Safari,facebook
SESS-006913,CUST-0108,/checkout/confirmation,begin_checkout,2024-07-14 04:03:08,desktop,Safari,email_campaign
SESS-006914,CUST-0197,/products/sports,click,2024-12-01 14:13:12,mobile,Chrome,instagram
SESS-006915,CUST-0493,/products/books,remove_from_cart,2024-09-10 06:13:25,bot,SemrushBot,bing
SESS-006916,CUST-0043,/about,click,2024-04-14 12:50:03,tablet,Chrome,instagram
SESS-006917,CUST-0032,/checkout/confirmation,search,2024-10-27 18:40:11,desktop,Samsung Internet,direct
SESS-006918,CUST-0401,/blog,click,2024-12-05 07:11:37,desktop,Safari,twitter
SESS-006919,CUST-0186,/products/home,add_to_cart,2024-04-24 02:59:04,mobile,Firefox,twitter
SESS-006920,CUST-0226,/contact,page_view,2024-10-25 18:17:03,desktop,Chrome,tiktok
SESS-006921,CUST-0230,/checkout/payment,click,2024-01-02 05:41:51,mobile,Chrome,tiktok
SESS-006922,CUST-0494,/blog,purchase,2024-06-22 06:44:23,mobile,Edge,email_campaign
SESS-006923,CUST-0427,/checkout,page_view,2024-02-05 18:34:33,tablet,Samsung Internet,affiliate
SESS-006924,CUST-0351,/account/wishlist,begin_checkout,2024-06-18 10:20:58,desktop,Firefox,
SESS-006925,,/,scroll,1970-01-01 00:00:00,desktop,Samsung Internet,google
SESS-006926,,/products/books,video_play,2024-06-27 18:55:53,mobile,Chrome,bing
SESS-006927,CUST-0041,/products/electronics,purchase,2024-09-23 05:23:09,desktop,Samsung Internet,instagram
SESS-006928,CUST-0364,/account/orders,remove_from_cart,2024-06-05 11:01:49,mobile,Chrome,affiliate
SESS-006929,CUST-0106,/products/clothing,page_view,2024-08-20 22:56:18,desktop,Samsung Internet,bing
SESS-006930,CUST-0110,/products/home,page_view,2024-02-11 17:12:31,mobile,Chrome,bing
SESS-006931,CUST-0069,/products/books,search,2024-12-15 06:36:03,desktop,Safari,email_campaign
SESS-006932,,/contact,purchase,2024-01-29 23:12:16,tablet,Edge,direct
SESS-006933,CUST-0242,/checkout,video_play,2024-08-04 19:13:55,tablet,Chrome,twitter
SESS-006934,CUST-0371,/,search,2024-09-01 13:51:20,desktop,Chrome,google
SESS-006935,CUST-0384,/products/clothing,video_play,2024-05-02 09:09:36,desktop,Safari,affiliate
SESS-006936,,/products/books,scroll,2024-11-18 03:52:46,tablet,Safari,bing
SESS-006937,CUST-0299,/about,page_view,2024-04-29 04:26:22,tablet,Chrome,
SESS-006938,,/account/wishlist,page_view,2024-02-09 13:05:09,tablet,Samsung Internet,
SESS-006939,CUST-0028,/contact,scroll,2024-03-11 07:15:48,mobile,Safari,google
SESS-006940,,/account,purchase,2024-08-17 22:50:35,bot,Googlebot,tiktok
SESS-006941,CUST-0415,/checkout,page_view,2024-03-16 20:46:40,desktop,Chrome,facebook
SESS-006942,CUST-0112,/account/orders,begin_checkout,2024-06-22 08:02:43,desktop,Edge,
SESS-006943,CUST-0254,/about,search,2024-06-12 07:06:42,mobile,Chrome,tiktok
SESS-006944,,/account,click,2024-07-07 05:24:46,tablet,Edge,instagram
SESS-006945,CUST-0098,/products,scroll,2024-05-14 06:51:05,desktop,Chrome,email_campaign
SESS-006946,,/cart,add_to_cart,2024-12-25 22:02:44,mobile,Safari,tiktok
SESS-006947,CUST-0490,/checkout/payment,add_to_cart,2024-03-11 21:24:15,tablet,Edge,google
SESS-006948,CUST-0159,/account/orders,scroll,2024-03-09 07:43:26,desktop,Edge,twitter
SESS-006949,CUST-0064,/products/clothing,begin_checkout,2024-06-03 05:02:30,tablet,Safari,twitter
SESS-006950,,/,search,2024-01-18 23:46:55,tablet,Firefox,facebook
SESS-006951,CUST-0374,/account/wishlist,begin_checkout,2024-09-30 21:39:50,desktop,Edge,google
SESS-006952,CUST-0348,/account,click,2024-03-07 02:13:48,mobile,Samsung Internet,
SESS-006953,CUST-0006,/products/home,click,2024-01-28 15:16:45,tablet,Edge,bing
SESS-006954,CUST-0126,/products/books,add_to_cart,2024-10-07 17:30:49,desktop,Safari,twitter
SESS-006955,CUST-0333,/returns,page_view,2024-04-23 23:35:30,mobile,Chrome,bing
SESS-006956,CUST-0184,/checkout,page_view,2024-01-22 21:21:14,mobile,Samsung Internet,tiktok
SESS-006957,CUST-0110,/search,begin_checkout,2024-12-07 15:29:57,mobile,Chrome,twitter
SESS-006958,CUST-0067,/products/electronics,click,2024-05-07 07:04:13,bot,SemrushBot,tiktok
SESS-006959,CUST-0147,/returns,purchase,2024-09-20 12:14:40,tablet,Safari,instagram
SESS-006960,CUST-0004,/products/books,click,2024-11-03 23:47:24,desktop,Chrome,affiliate
SESS-006961,CUST-0243,/returns,purchase,2024-06-02 15:33:53,mobile,Firefox,
SESS-006962,CUST-0170,/account/orders,begin_checkout,2024-12-23 03:57:21,mobile,Firefox,bing
SESS-006963,,/products/sports,page_view,2024-08-22 13:50:49,desktop,Samsung Internet,email_campaign
SESS-006964,CUST-0098,/checkout,click,2024-07-24 12:26:27,tablet,Edge,bing
SESS-006965,CUST-0427,/products,purchase,2024-10-04 14:11:41,mobile,Chrome,
SESS-006966,CUST-0036,/account/wishlist,video_play,2024-02-26 21:58:43,desktop,Edge,bing
SESS-006967,,/returns,remove_from_cart,2024-06-07 22:53:53,mobile,Samsung Internet,bing
SESS-006968,CUST-0280,/checkout/payment,video_play,2024-08-26 16:12:58,tablet,Samsung Internet,tiktok
SESS-006969,CUST-0098,/products/sports,click,2024-01-26 14:52:15,mobile,Safari,twitter
SESS-006970,,/products/sports,scroll,2024-08-10 09:38:49,tablet,Firefox,bing
SESS-006971,CUST-0245,/checkout,search,2024-06-22 17:03:51,tablet,Safari,bing
SESS-006972,CUST-0481,/products/clothing,add_to_cart,2024-01-30 04:07:25,mobile,Firefox,affiliate
SESS-006973,,/about,begin_checkout,2024-07-08 05:52:52,mobile,Edge,google
SESS-006974,CUST-0065,/products/electronics,scroll,2024-10-17 13:16:41,tablet,Firefox,google
SESS-006975,,/checkout/confirmation,search,2024-07-06 09:59:06,mobile,Edge,tiktok
SESS-006976,,/products/books,remove_from_cart,2024-12-07 23:17:45,bot,Python-urllib,instagram
SESS-006977,,/products/books,page_view,2024-09-04 00:40:59,tablet,Chrome,email_campaign
SESS-006978,CUST-0187,/contact,scroll,2024-07-22 15:34:51,mobile,Safari,instagram
SESS-006979,,/products/books,video_play,2024-02-28 21:53:47,mobile,Safari,tiktok
SESS-006980,CUST-0022,/account/wishlist,scroll,2024-12-29 23:59:51,mobile,Safari,google
SESS-006981,,/returns,purchase,2024-11-18 05:35:41,mobile,Samsung Internet,direct
SESS-006982,CUST-0084,/faq,begin_checkout,2024-05-07 10:03:31,tablet,Samsung Internet,direct
SESS-006983,,/faq,scroll,2024-04-20 03:57:20,tablet,Safari,direct
SESS-006984,CUST-0500,/checkout/confirmation,purchase,2024-12-01 19:24:06,tablet,Safari,google
SESS-006985,CUST-0143,/products/home,page_view,2024-01-20 06:13:02,desktop,Firefox,instagram
SESS-006986,CUST-0268,/search,page_view,2024-12-09 04:57:58,mobile,Chrome,bing
SESS-006987,CUST-0088,/checkout/confirmation,page_view,2024-10-20 02:04:06,mobile,Chrome,tiktok
SESS-006988,,/products/electronics,remove_from_cart,2024-09-26 19:14:41,desktop,Chrome,twitter
SESS-006989,CUST-0361,/account,page_view,2024-06-13 04:24:31,mobile,Safari,
SESS-006990,,/checkout/payment,click,2024-01-08 19:14:09,desktop,Firefox,instagram
SESS-006991,,/checkout/payment,remove_from_cart,2024-05-29 22:50:37,desktop,Firefox,instagram
SESS-006992,CUST-0494,/account,search,2024-03-28 23:32:27,mobile,Edge,email_campaign
SESS-006993,,/faq,remove_from_cart,2024-12-12 03:53:34,mobile,Chrome,
SESS-006994,CUST-0269,/account,purchase,2024-01-03 11:51:22,mobile,Samsung Internet,bing
SESS-006995,CUST-0135,/products/clothing,page_view,2024-03-05 07:57:29,tablet,Chrome,affiliate
SESS-006996,CUST-0435,/search,search,2024-09-18 01:40:12,mobile,Safari,instagram
SESS-006997,CUST-0028,/products/electronics,page_view,2024-01-20 05:28:40,desktop,Chrome,
SESS-006998,CUST-0433,/products/clothing,remove_from_cart,2024-03-16 21:11:55,tablet,Chrome,affiliate
SESS-006999,,/search,add_to_cart,2024-07-11 14:32:32,tablet,Samsung Internet,direct
SESS-007000,CUST-0323,/faq,search,2024-08-09 21:04:18,tablet,Safari,facebook
SESS-007001,,/,page_view,2024-11-23 21:55:56,tablet,Safari,
SESS-007002,CUST-0033,/,click,2024-04-12 20:29:07,mobile,Firefox,twitter
SESS-007003,CUST-0168,/search,purchase,2024-02-05 10:51:31,mobile,Chrome,instagram
SESS-007004,,/products/sports,remove_from_cart,2024-01-13 21:13:06,desktop,Chrome,twitter
SESS-007005,CUST-0075,/checkout/confirmation,page_view,2024-12-01 20:34:16,desktop,Samsung Internet,direct
SESS-007006,CUST-0397,/checkout/confirmation,add_to_cart,2024-11-16 10:45:57,tablet,Chrome,
SESS-007007,,/search,page_view,2024-08-24 16:33:27,tablet,Chrome,tiktok
SESS-007008,CUST-0376,/search,video_play,2024-05-11 15:44:34,tablet,Firefox,twitter
SESS-007009,CUST-0300,/contact,purchase,2024-05-24 00:42:18,mobile,Samsung Internet,direct
SESS-007010,,/search,page_view,2024-02-16 02:07:56,desktop,Safari,
SESS-007011,CUST-0196,/search,add_to_cart,2024-11-18 02:53:48,desktop,Chrome,google
SESS-007012,,/products/clothing,purchase,2024-12-28 03:19:36,mobile,Chrome,twitter
SESS-007013,CUST-0316,/products/sports,page_view,2024-01-23 23:43:04,mobile,Chrome,instagram
SESS-007014,,/account,remove_from_cart,2024-09-22 03:40:04,desktop,Safari,bing
SESS-007015,CUST-0218,/checkout,purchase,2024-02-15 03:32:18,tablet,Chrome,affiliate
SESS-007016,CUST-0337,/products/clothing,click,2024-11-26 05:10:28,mobile,Safari,direct
SESS-007017,CUST-0249,/products/electronics,begin_checkout,2024-07-17 08:22:43,mobile,Firefox,instagram
SESS-007018,,/returns,remove_from_cart,2024-04-19 23:14:05,desktop,Chrome,instagram
SESS-007019,CUST-0258,/checkout/confirmation,purchase,2024-10-16 21:37:51,bot,SemrushBot,
SESS-007020,CUST-0493,/checkout/confirmation,scroll,2024-07-16 08:14:55,desktop,Chrome,instagram
SESS-007021,,/products/books,click,2024-12-14 12:06:56,mobile,Edge,tiktok
SESS-007022,CUST-0112,/checkout/confirmation,page_view,2024-03-30 13:47:35,tablet,Chrome,affiliate
SESS-007023,CUST-0121,/products/electronics,video_play,2024-01-02 16:43:40,bot,SemrushBot,google
SESS-007024,CUST-0126,/faq,search,2024-06-04 17:20:30,tablet,Safari,tiktok
SESS-007025,,/checkout,click,2024-05-17 23:40:26,tablet,Safari,email_campaign
SESS-007026,CUST-0107,/cart,video_play,2024-08-31 08:47:38,mobile,Samsung Internet,bing
SESS-007027,CUST-0022,/products/sports,scroll,2024-03-05 04:32:06,mobile,Samsung Internet,twitter
SESS-007028,CUST-0488,/faq,search,2024-12-03 07:00:09,desktop,Chrome,instagram
SESS-007029,CUST-0389,/blog,click,2024-08-17 00:21:09,mobile,Firefox,facebook
SESS-007030,,/account/wishlist,page_view,2024-02-29 20:38:10,mobile,Chrome,twitter
SESS-007031,CUST-0294,/about,click,2024-04-15 20:25:15,mobile,Chrome,direct
SESS-007032,,/about,video_play,2024-07-12 03:29:07,mobile,Edge,google
SESS-007033,,/products,page_view,2024-11-07 13:48:03,mobile,Chrome,direct
SESS-007034,,/cart,remove_from_cart,2024-07-09 05:40:45,mobile,Chrome,google
SESS-007035,CUST-0483,/account/orders,page_view,2024-03-02 17:20:32,mobile,Chrome,affiliate
SESS-007036,CUST-0104,/products/books,click,2024-05-31 15:39:06,mobile,Chrome,affiliate
SESS-007037,,/about,scroll,2024-08-02 09:03:32,mobile,Chrome,facebook
SESS-007038,CUST-0110,/account,begin_checkout,2024-12-05 23:32:08,desktop,Safari,email_campaign
SESS-007039,CUST-0414,/account,scroll,2024-11-26 08:07:29,desktop,Firefox,tiktok
SESS-007040,CUST-0461,/contact,click,2024-08-12 06:24:26,mobile,Safari,facebook
SESS-007041,CUST-0234,/checkout,remove_from_cart,2024-12-26 23:49:03,mobile,Samsung Internet,bing
SESS-007042,CUST-0277,/products,video_play,2024-04-28 05:28:36,tablet,Chrome,email_campaign
SESS-007043,CUST-0428,/checkout,add_to_cart,2024-05-09 13:00:15,mobile,Edge,facebook
SESS-007044,CUST-0463,/products/electronics,click,2024-08-04 04:40:34,tablet,Chrome,bing
SESS-007045,,/cart,scroll,2024-02-03 06:52:41,mobile,Firefox,
SESS-007046,CUST-0032,/checkout/confirmation,begin_checkout,2024-05-25 22:00:34,desktop,Chrome,affiliate
SESS-007047,CUST-0317,/products/sports,purchase,2024-07-23 14:17:13,mobile,Chrome,instagram
SESS-007048,CUST-0234,/products/books,begin_checkout,2024-05-25 03:16:36,desktop,Chrome,facebook
SESS-007049,CUST-0289,/search,page_view,2024-09-05 19:47:04,tablet,Chrome,tiktok
SESS-007050,CUST-0074,/,click,2024-04-13 04:15:52,desktop,Safari,twitter
SESS-007051,,/products/home,remove_from_cart,2024-06-14 14:03:43,tablet,Chrome,affiliate
SESS-007052,,/products/home,video_play,2024-10-23 07:07:28,desktop,Chrome,direct
SESS-007053,CUST-0209,/products/electronics,click,2024-08-30 07:40:04,mobile,Safari,bing
SESS-007054,CUST-0040,/faq,page_view,2024-01-07 21:53:34,tablet,Chrome,tiktok
SESS-007055,CUST-0106,/checkout,search,2024-02-03 11:25:55,desktop,Firefox,google
SESS-007056,,/contact,page_view,2024-06-08 10:01:22,mobile,Chrome,direct
SESS-007057,CUST-0182,/,video_play,2024-08-06 08:41:20,tablet,Chrome,email_campaign
SESS-007058,CUST-0359,/search,click,2024-01-30 10:27:53,mobile,Safari,twitter
SESS-007059,CUST-0117,/search,begin_checkout,2024-01-19 16:00:48,desktop,Safari,tiktok
SESS-007060,CUST-0183,/checkout,video_play,2024-07-29 09:31:52,desktop,Safari,
SESS-007061,,/account/wishlist,page_view,2024-11-21 06:57:44,desktop,Firefox,
SESS-007062,CUST-0018,/blog,purchase,2024-09-16 11:10:58,desktop,Firefox,facebook
SESS-007063,,/contact,add_to_cart,2024-04-29 07:06:30,tablet,Chrome,bing
SESS-007064,CUST-0500,/account,click,2024-10-01 10:39:51,desktop,Edge,bing
SESS-007065,CUST-0437,/account/wishlist,click,2024-05-06 16:05:48,desktop,Firefox,email_campaign
SESS-007066,CUST-0313,/products/books,remove_from_cart,2024-12-28 07:40:22,mobile,Chrome,affiliate
SESS-007067,,/products/clothing,page_view,2024-08-02 17:13:40,desktop,Edge,affiliate
SESS-007068,CUST-0199,/products/books,page_view,2024-05-22 23:55:19,tablet,Edge,bing
SESS-007069,,/checkout/payment,search,2024-03-01 21:03:45,desktop,Safari,instagram
SESS-007070,,/checkout/payment,remove_from_cart,2024-12-25 11:13:26,mobile,Edge,tiktok
SESS-007071,,/products/books,add_to_cart,2024-01-08 05:48:12,tablet,Safari,email_campaign
SESS-007072,CUST-0143,/checkout/payment,click,2024-02-13 11:26:42,tablet,Samsung Internet,
SESS-007073,CUST-0088,/products/home,page_view,2024-04-17 14:44:35,tablet,Safari,direct
SESS-007074,CUST-0366,/,click,2024-07-21 22:49:42,tablet,Chrome,facebook
SESS-007075,CUST-0152,/checkout/payment,add_to_cart,2024-12-19 10:46:28,desktop,Safari,bing
SESS-007076,CUST-0485,/products/books,video_play,2024-03-05 01:49:30,mobile,Chrome,affiliate
SESS-007077,CUST-0137,/products,page_view,2024-02-29 18:46:31,tablet,Chrome,tiktok
SESS-007078,CUST-0239,/returns,begin_checkout,2024-04-07 21:20:03,mobile,Safari,direct
SESS-007079,CUST-0226,/products/home,search,2024-12-16 09:46:12,mobile,Chrome,twitter
SESS-007080,CUST-0006,/faq,page_view,2024-04-02 23:50:46,mobile,Chrome,tiktok
SESS-007081,CUST-0499,/products/electronics,scroll,2024-09-29 00:17:13,bot,SemrushBot,direct
SESS-007082,CUST-0210,/checkout/confirmation,page_view,2024-02-12 03:50:16,mobile,Firefox,
SESS-007083,CUST-0454,/blog,page_view,2024-09-23 09:21:59,mobile,Chrome,facebook
SESS-007084,,/products/electronics,click,2024-05-15 15:01:32,tablet,Firefox,tiktok
SESS-007085,CUST-0314,/products/electronics,click,2024-08-01 17:41:59,mobile,Samsung Internet,instagram
SESS-007086,CUST-0086,/checkout/confirmation,page_view,2024-07-12 02:45:27,mobile,Firefox,facebook
SESS-007087,,/checkout/payment,search,2024-08-02 08:41:07,bot,SemrushBot,instagram
SESS-007088,CUST-0289,/checkout,page_view,2024-11-26 19:31:37,desktop,Samsung Internet,email_campaign
SESS-007089,CUST-0471,/account/orders,click,2024-04-19 06:11:36,tablet,Safari,instagram
SESS-007090,CUST-0297,/products/home,page_view,2024-12-01 22:37:55,desktop,Firefox,google
SESS-007091,,/account,remove_from_cart,1970-01-01 00:00:00,mobile,Samsung Internet,twitter
SESS-007092,,/faq,video_play,2024-10-19 16:50:57,desktop,Chrome,twitter
SESS-007093,,/faq,page_view,2024-08-04 16:33:48,desktop,Firefox,facebook
SESS-007094,CUST-0170,/faq,begin_checkout,2024-09-28 10:18:47,desktop,Firefox,direct
SESS-007095,CUST-0249,/search,click,2024-06-03 16:06:26,desktop,Chrome,google
SESS-007096,CUST-0427,/returns,page_view,2024-05-10 20:00:16,mobile,Samsung Internet,facebook
SESS-007097,CUST-0319,/products/electronics,add_to_cart,2024-04-12 19:57:18,tablet,Edge,instagram
SESS-007098,CUST-0421,/blog,search,2024-09-06 10:04:28,desktop,Firefox,facebook
SESS-007099,,/products/electronics,page_view,2024-02-18 23:59:06,bot,Bingbot,instagram
SESS-007100,CUST-0064,/faq,begin_checkout,2024-02-01 11:26:45,tablet,Edge,direct
SESS-007101,CUST-0408,/products/books,page_view,2024-07-25 11:17:37,mobile,Chrome,twitter
SESS-007102,CUST-0385,/contact,click,2024-04-02 21:22:49,desktop,Chrome,affiliate
SESS-007103,CUST-0307,/checkout/confirmation,remove_from_cart,2024-06-25 12:07:54,mobile,Chrome,direct
SESS-007104,CUST-0316,/products/electronics,add_to_cart,2024-07-09 15:54:07,mobile,Edge,direct
SESS-007105,CUST-0459,/checkout/confirmation,remove_from_cart,2024-08-29 07:32:13,desktop,Samsung Internet,affiliate
SESS-007106,CUST-0403,/,click,2024-09-16 18:26:33,mobile,Safari,tiktok
SESS-007107,CUST-0126,/,click,2024-11-02 17:55:36,tablet,Chrome,tiktok
SESS-007108,,/search,begin_checkout,2024-11-11 20:28:36,desktop,Firefox,direct
SESS-007109,CUST-0494,/products,page_view,2024-10-10 21:24:37,desktop,Safari,tiktok
SESS-007110,,/search,page_view,2024-10-10 01:22:01,mobile,Chrome,direct
SESS-007111,CUST-0157,/account,click,2024-12-19 11:59:37,bot,SemrushBot,
SESS-007112,CUST-0437,/checkout/payment,page_view,2024-12-13 13:48:32,tablet,Safari,tiktok
SESS-007113,CUST-0105,/checkout/confirmation,page_view,2024-03-10 01:17:28,desktop,Chrome,bing
SESS-007114,CUST-0432,/cart,search,2024-02-21 19:38:12,desktop,Safari,twitter
SESS-007115,CUST-0211,/,search,2024-03-27 07:34:39,tablet,Edge,bing
SESS-007116,,/products,purchase,2024-02-21 06:20:58,tablet,Edge,instagram
SESS-007117,CUST-0073,/account,add_to_cart,2024-09-17 03:31:42,desktop,Edge,twitter
SESS-007118,,/blog,remove_from_cart,2024-10-14 16:25:08,tablet,Chrome,google
SESS-007119,,/products/clothing,add_to_cart,2024-12-25 11:22:11,mobile,Chrome,facebook
SESS-007120,CUST-0435,/products/home,purchase,2024-11-17 13:47:11,desktop,Firefox,email_campaign
SESS-007121,,/checkout/payment,begin_checkout,2024-02-04 03:16:44,mobile,Safari,affiliate
SESS-007122,CUST-0467,/checkout,begin_checkout,2024-05-05 18:09:02,desktop,Chrome,bing
SESS-007123,CUST-0072,/checkout,page_view,2024-02-16 02:22:52,mobile,Chrome,twitter
SESS-007124,CUST-0494,/cart,add_to_cart,2024-01-14 11:16:05,mobile,Samsung Internet,facebook
SESS-007125,CUST-0276,/products/home,page_view,2024-03-28 00:17:16,desktop,Samsung Internet,google
SESS-007126,CUST-0063,/products/sports,remove_from_cart,2024-03-10 10:53:56,mobile,Firefox,facebook
SESS-007127,CUST-0193,/products/electronics,page_view,2024-12-30 22:32:03,mobile,Safari,
SESS-007128,CUST-0471,/faq,page_view,2024-06-06 15:16:33,mobile,Safari,tiktok
SESS-007129,CUST-0472,/,page_view,2024-09-21 07:57:54,mobile,Safari,instagram
SESS-007130,,/faq,add_to_cart,2024-02-04 02:49:59,mobile,Chrome,affiliate
SESS-007131,CUST-0179,/account/wishlist,remove_from_cart,2024-11-23 19:39:57,mobile,Samsung Internet,bing
SESS-007132,,/search,click,2024-12-18 05:54:45,tablet,Safari,direct
SESS-007133,,/account,page_view,2024-03-15 18:49:57,mobile,Safari,bing
SESS-007134,,/account,remove_from_cart,2024-03-01 15:16:16,mobile,Chrome,
SESS-007135,CUST-0029,/contact,page_view,2024-03-31 13:17:24,mobile,Chrome,
SESS-007136,CUST-0463,/products/books,scroll,2024-07-26 11:13:50,desktop,Safari,google
SESS-007137,CUST-0471,/,remove_from_cart,2024-10-08 15:51:32,mobile,Firefox,affiliate
SESS-007138,CUST-0333,/products/sports,remove_from_cart,2024-10-08 13:15:34,desktop,Firefox,twitter
SESS-007139,CUST-0123,/faq,page_view,2024-08-26 12:04:24,mobile,Samsung Internet,tiktok
SESS-007140,CUST-0045,/account/wishlist,remove_from_cart,2024-03-30 23:51:28,desktop,Safari,facebook
SESS-007141,CUST-0488,/account/orders,purchase,2024-03-09 16:38:23,mobile,Samsung Internet,
SESS-007142,,/about,add_to_cart,2024-10-12 01:15:32,desktop,Safari,
SESS-007143,CUST-0023,/checkout,purchase,2024-04-29 17:07:47,tablet,Chrome,google
SESS-007144,,/products/clothing,click,2024-07-10 11:31:44,desktop,Samsung Internet,
SESS-007145,,/account/orders,remove_from_cart,2024-04-17 09:05:02,mobile,Chrome,facebook
SESS-007146,CUST-0432,/account/orders,add_to_cart,2024-12-10 12:29:05,mobile,Chrome,instagram
SESS-007147,CUST-0475,/faq,click,2024-06-03 01:05:12,mobile,Samsung Internet,google
SESS-007148,,/checkout/payment,remove_from_cart,2024-04-05 17:23:14,desktop,Firefox,email_campaign
SESS-007149,CUST-0073,/,click,2024-08-29 12:40:21,mobile,Chrome,google
SESS-007150,CUST-0001,/checkout,page_view,2024-01-15 22:06:01,desktop,Samsung Internet,
SESS-007151,CUST-0181,/products/sports,video_play,2024-06-01 10:11:41,mobile,Safari,twitter
SESS-007152,CUST-0163,/checkout,page_view,2024-08-13 00:53:17,desktop,Edge,email_campaign
SESS-007153,CUST-0271,/products/sports,begin_checkout,2024-11-15 06:20:56,desktop,Samsung Internet,instagram
SESS-007154,,/account,purchase,2024-07-30 21:43:49,tablet,Chrome,facebook
SESS-007155,,/faq,search,2024-05-11 20:19:49,mobile,Samsung Internet,email_campaign
SESS-007156,,/products/clothing,begin_checkout,2024-04-26 23:51:59,tablet,Samsung Internet,direct
SESS-007157,,/products/books,purchase,2024-09-18 19:13:03,mobile,Samsung Internet,twitter
SESS-007158,CUST-0168,/search,add_to_cart,2024-02-23 05:06:37,mobile,Firefox,direct
SESS-007159,CUST-0423,/account/wishlist,page_view,2024-03-09 03:27:52,mobile,Safari,google
SESS-007160,,/about,page_view,2024-02-09 11:22:03,tablet,Chrome,email_campaign
SESS-007161,CUST-0122,/search,click,2024-06-06 18:40:29,mobile,Safari,email_campaign
SESS-007162,CUST-0104,/products/books,video_play,2024-02-09 11:53:17,mobile,Safari,email_campaign
SESS-007163,CUST-0415,/products/electronics,scroll,2024-05-18 16:36:53,desktop,Edge,
SESS-007164,,/account,purchase,2024-11-15 03:01:49,mobile,Edge,
SESS-007165,,/products/electronics,remove_from_cart,2024-10-15 04:21:30,mobile,Chrome,google
SESS-007166,CUST-0191,/blog,begin_checkout,2024-11-15 13:43:24,mobile,Samsung Internet,google
SESS-007167,CUST-0228,/products/clothing,page_view,2024-02-05 21:36:27,desktop,Samsung Internet,instagram
SESS-007168,CUST-0270,/,search,2024-04-30 12:17:13,tablet,Chrome,affiliate
SESS-007169,,/checkout,page_view,2024-05-09 07:17:59,tablet,Safari,twitter
SESS-007170,CUST-0198,/contact,page_view,2024-02-16 18:24:25,desktop,Edge,affiliate
SESS-007171,CUST-0281,/search,scroll,2024-03-29 09:00:22,tablet,Chrome,twitter
SESS-007172,CUST-0243,/blog,remove_from_cart,2024-10-06 08:44:53,desktop,Firefox,bing
SESS-007173,CUST-0115,/cart,page_view,2024-09-27 03:12:26,mobile,Edge,instagram
SESS-007174,,/faq,page_view,2024-10-10 06:08:54,mobile,Chrome,direct
SESS-007175,CUST-0077,/blog,scroll,2024-06-11 16:48:37,tablet,Chrome,email_campaign
SESS-007176,,/about,video_play,2024-06-17 07:53:39,mobile,Safari,twitter
SESS-007177,CUST-0258,/faq,add_to_cart,2024-04-11 08:53:07,desktop,Chrome,
SESS-007178,,/about,click,2024-06-18 20:02:05,tablet,Chrome,instagram
SESS-007179,CUST-0346,/blog,scroll,2024-08-01 17:34:00,mobile,Chrome,bing
SESS-007180,,/contact,video_play,2024-03-19 01:45:04,mobile,Samsung Internet,bing
SESS-007181,,/products/clothing,page_view,2024-04-22 22:30:09,desktop,Chrome,instagram
SESS-007182,CUST-0420,/blog,remove_from_cart,2024-02-05 14:19:09,desktop,Chrome,
SESS-007183,CUST-0307,/contact,page_view,2024-01-19 12:52:19,mobile,Samsung Internet,facebook
SESS-007184,CUST-0046,/account/wishlist,page_view,2024-07-28 11:48:06,tablet,Safari,facebook
SESS-007185,,/account/orders,begin_checkout,2024-04-15 04:51:31,mobile,Edge,bing
SESS-007186,,/products/clothing,page_view,2024-05-21 05:31:55,tablet,Chrome,
SESS-007187,CUST-0037,/account/wishlist,remove_from_cart,2024-10-29 05:12:13,desktop,Chrome,instagram
SESS-007188,,/checkout/payment,add_to_cart,2024-11-01 15:08:59,desktop,Safari,tiktok
SESS-007189,CUST-0186,/products,page_view,2024-06-18 10:55:50,desktop,Safari,direct
SESS-007190,CUST-0198,/cart,click,2024-10-06 00:59:30,tablet,Chrome,affiliate
SESS-007191,CUST-0098,/products/books,search,2024-12-29 08:05:27,tablet,Safari,direct
SESS-007192,CUST-0212,/products/clothing,search,2024-01-05 22:06:21,desktop,Safari,email_campaign
SESS-007193,CUST-0410,/products/books,add_to_cart,2024-07-23 17:01:12,mobile,Samsung Internet,google
SESS-007194,CUST-0228,/contact,click,2024-06-24 22:30:05,desktop,Chrome,twitter
SESS-007195,CUST-0491,/account/wishlist,video_play,2024-10-30 16:53:23,desktop,Samsung Internet,direct
SESS-007196,CUST-0143,/products/sports,add_to_cart,2024-04-23 02:32:08,mobile,Edge,instagram
SESS-007197,CUST-0241,/products/sports,page_view,2024-05-27 08:29:57,mobile,Chrome,instagram
SESS-007198,,/about,begin_checkout,2024-11-01 03:02:16,tablet,Edge,bing
SESS-007199,CUST-0227,/cart,page_view,2024-10-25 09:48:51,desktop,Safari,direct
SESS-007200,CUST-0394,/products/clothing,page_view,2024-02-05 07:02:44,bot,Bingbot,instagram
SESS-007201,CUST-0472,/account/wishlist,page_view,2024-06-05 19:17:02,mobile,Safari,instagram
SESS-007202,CUST-0430,/contact,scroll,2024-06-21 02:26:01,desktop,Edge,direct
SESS-007203,CUST-0005,/products/electronics,add_to_cart,2024-06-12 05:19:31,mobile,Firefox,bing
SESS-007204,CUST-0201,/search,purchase,2024-05-22 16:58:48,mobile,Chrome,twitter
SESS-007205,,/checkout/confirmation,click,2024-11-26 11:42:46,mobile,Firefox,instagram
SESS-007206,CUST-0008,/checkout/confirmation,click,2024-11-22 15:50:21,mobile,Chrome,direct
SESS-007207,CUST-0344,/products/home,page_view,2024-08-09 14:21:00,mobile,Safari,google
SESS-007208,CUST-0070,/account,video_play,2024-01-05 14:06:05,desktop,Edge,bing
SESS-007209,CUST-0400,/products,search,2024-08-18 09:56:25,mobile,Chrome,google
SESS-007210,CUST-0369,/blog,click,2024-07-08 07:14:03,mobile,Edge,bing
SESS-007211,CUST-0116,/products,video_play,2030-12-18 12:00:00,mobile,Safari,affiliate
SESS-007212,CUST-0338,/about,purchase,2024-10-21 05:48:42,mobile,Chrome,tiktok
SESS-007213,CUST-0182,/cart,purchase,2024-06-15 22:22:20,mobile,Firefox,google
SESS-007214,CUST-0415,/products/books,page_view,2024-01-09 03:16:30,mobile,Safari,twitter
SESS-007215,CUST-0148,/products/electronics,video_play,2024-11-09 10:28:54,desktop,Chrome,direct
SESS-007216,CUST-0240,/search,page_view,2024-01-20 22:41:38,desktop,Samsung Internet,instagram
SESS-007217,CUST-0126,/,click,2024-05-19 16:32:34,mobile,Firefox,
SESS-007218,CUST-0044,/blog,search,2024-08-12 14:25:52,tablet,Safari,google
SESS-007219,CUST-0113,/,purchase,2024-12-14 23:43:42,mobile,Firefox,facebook
SESS-007220,,/cart,page_view,2024-02-02 01:40:03,desktop,Safari,facebook
SESS-007221,CUST-0274,/checkout,click,2024-09-10 15:13:18,mobile,Chrome,google
SESS-007222,CUST-0112,/,search,2024-11-24 12:51:53,tablet,Safari,google
SESS-007223,,/products/electronics,search,2024-01-28 22:07:28,tablet,Safari,google
SESS-007224,CUST-0316,/products/sports,page_view,2024-05-07 16:16:53,desktop,Safari,google
SESS-007225,,/products/electronics,page_view,2024-09-15 01:53:49,mobile,Firefox,google
SESS-007226,CUST-0258,/products,remove_from_cart,2024-07-06 12:05:55,mobile,Safari,bing
SESS-007227,CUST-0215,/,search,2024-12-07 20:33:19,mobile,Chrome,twitter
SESS-007228,CUST-0297,/account,scroll,2024-07-18 16:17:07,mobile,Chrome,tiktok
SESS-007229,CUST-0354,/products/home,page_view,2024-11-27 10:12:55,tablet,Chrome,google
SESS-007230,,/about,page_view,2024-09-07 15:18:06,mobile,Firefox,facebook
SESS-007231,,/cart,add_to_cart,2024-09-30 01:52:48,tablet,Chrome,bing
SESS-007232,CUST-0057,/checkout,page_view,2024-08-03 19:48:52,desktop,Safari,twitter
SESS-007233,CUST-0286,/account/orders,scroll,2024-04-13 16:04:16,desktop,Safari,affiliate
SESS-007234,CUST-0399,/blog,purchase,2024-12-13 08:24:17,desktop,Chrome,google
SESS-007235,CUST-0070,/products/clothing,click,2024-05-02 21:29:53,desktop,Chrome,google
SESS-007236,CUST-0481,/products/sports,video_play,2024-08-01 02:33:15,desktop,Safari,instagram
SESS-007237,,/search,remove_from_cart,2024-07-17 17:21:45,mobile,Samsung Internet,bing
SESS-007238,CUST-0121,/account/wishlist,scroll,2024-05-15 08:55:11,mobile,Safari,facebook
SESS-007239,CUST-0059,/about,remove_from_cart,2024-05-18 14:22:23,mobile,Chrome,google
SESS-007240,CUST-0420,/products/sports,add_to_cart,2024-09-27 16:48:12,desktop,Samsung Internet,direct
SESS-007241,,/contact,click,2024-10-01 05:32:32,tablet,Chrome,affiliate
SESS-007242,CUST-0264,/checkout,page_view,2024-06-23 23:24:28,mobile,Chrome,facebook
SESS-007243,CUST-0230,/faq,page_view,2024-01-13 21:16:03,tablet,Chrome,google
SESS-007244,CUST-0127,/,scroll,2024-12-26 11:43:03,desktop,Edge,google
SESS-007245,CUST-0117,/blog,video_play,2024-10-03 15:00:30,mobile,Firefox,instagram
SESS-007246,,/products/home,add_to_cart,2024-08-24 09:00:35,mobile,Chrome,facebook
SESS-007247,,/blog,add_to_cart,2024-11-01 15:16:05,mobile,Edge,twitter
SESS-007248,,/blog,video_play,2024-09-09 19:13:31,desktop,Samsung Internet,tiktok
SESS-007249,CUST-0061,/faq,page_view,2024-03-21 20:40:10,mobile,Chrome,tiktok
SESS-007250,CUST-0118,/products/home,video_play,2024-07-12 16:25:50,desktop,Samsung Internet,instagram
SESS-007251,CUST-0023,/products/books,click,2024-01-25 08:09:43,mobile,Firefox,instagram
SESS-007252,CUST-0324,/products/electronics,scroll,2024-07-03 22:25:05,tablet,Safari,email_campaign
SESS-007253,,/cart,scroll,2024-01-21 06:20:46,desktop,Edge,email_campaign
SESS-007254,,/checkout,purchase,2024-06-07 08:48:34,desktop,Edge,
SESS-007255,CUST-0072,/products/clothing,search,2024-10-20 13:44:00,mobile,Chrome,
SESS-007256,CUST-0310,/products,scroll,2024-01-29 15:20:08,desktop,Chrome,tiktok
SESS-007257,,/products/books,page_view,2024-01-11 05:40:33,tablet,Firefox,google
SESS-007258,CUST-0154,/products/clothing,scroll,2024-11-16 04:14:01,mobile,Firefox,
SESS-007259,CUST-0081,/products/clothing,begin_checkout,2024-02-11 21:50:27,mobile,Chrome,direct
SESS-007260,CUST-0296,/products/clothing,page_view,2024-06-12 01:54:39,tablet,Chrome,email_campaign
SESS-007261,CUST-0490,/products/books,add_to_cart,2024-01-15 20:04:14,mobile,Chrome,affiliate
SESS-007262,CUST-0346,/,page_view,2024-01-27 21:46:19,mobile,Chrome,direct
SESS-007263,CUST-0342,/contact,search,2024-12-29 04:19:08,mobile,Edge,
SESS-007264,CUST-0055,/returns,click,2024-08-20 23:48:21,mobile,Samsung Internet,google
SESS-007265,CUST-0062,/contact,click,2024-04-26 12:37:15,desktop,Samsung Internet,facebook
SESS-007266,CUST-0497,/returns,video_play,2024-03-23 18:35:21,desktop,Safari,direct
SESS-007267,CUST-0340,/products/electronics,click,2024-05-02 08:10:59,mobile,Safari,direct
SESS-007268,CUST-0368,/blog,search,2024-02-09 17:06:57,tablet,Firefox,google
SESS-007269,,/account/wishlist,page_view,2030-12-22 12:00:00,mobile,Chrome,twitter
SESS-007270,,/about,search,2024-04-10 15:57:12,mobile,Safari,facebook
SESS-007271,CUST-0308,/products/home,click,2024-05-30 05:58:43,desktop,Safari,email_campaign
SESS-007272,CUST-0309,/search,page_view,2024-02-18 16:20:35,desktop,Safari,twitter
SESS-007273,,/blog,scroll,2024-07-19 21:37:11,mobile,Edge,direct
SESS-007274,CUST-0260,/products/clothing,search,2024-05-22 13:18:57,desktop,Chrome,direct
SESS-007275,CUST-0206,/account,purchase,2024-06-18 00:53:19,tablet,Firefox,instagram
SESS-007276,CUST-0313,/account/orders,page_view,2024-08-28 14:57:44,mobile,Firefox,google
SESS-007277,,/products/books,remove_from_cart,2024-08-15 20:24:46,mobile,Chrome,google
SESS-007278,CUST-0438,/checkout/confirmation,page_view,2024-01-08 04:52:01,tablet,Chrome,facebook
SESS-007279,,/account,video_play,2024-10-30 04:22:36,mobile,Edge,
SESS-007280,CUST-0031,/contact,page_view,2024-01-03 05:55:24,mobile,Safari,
SESS-007281,,/products,scroll,2024-11-27 16:09:34,tablet,Chrome,facebook
SESS-007282,,/faq,begin_checkout,2024-09-07 02:34:24,desktop,Edge,affiliate
SESS-007283,CUST-0276,/checkout,page_view,2024-02-26 14:02:01,mobile,Chrome,instagram
SESS-007284,CUST-0432,/account/orders,add_to_cart,2024-05-19 04:33:31,mobile,Samsung Internet,bing
SESS-007285,,/products/sports,click,2024-03-31 11:29:25,mobile,Safari,facebook
SESS-007286,CUST-0060,/products/sports,video_play,2024-12-03 03:08:49,mobile,Edge,email_campaign
SESS-007287,CUST-0358,/about,search,2024-07-26 10:49:46,mobile,Chrome,instagram
SESS-007288,CUST-0130,/products/clothing,search,2024-02-05 13:46:10,desktop,Safari,instagram
SESS-007289,CUST-0075,/returns,click,2024-08-10 00:07:24,mobile,Safari,instagram
SESS-007290,CUST-0440,/account,remove_from_cart,2024-04-01 22:20:33,desktop,Firefox,direct
SESS-007291,CUST-0282,/products/home,begin_checkout,2024-01-23 02:55:41,mobile,Safari,
SESS-007292,CUST-0201,/account,remove_from_cart,2024-07-23 04:26:00,mobile,Chrome,
SESS-007293,,/products,remove_from_cart,2024-01-22 06:58:35,mobile,Safari,bing
SESS-007294,CUST-0003,/account/orders,scroll,2024-07-11 17:35:36,mobile,Edge,twitter
SESS-007295,,/checkout,scroll,1970-01-01 00:00:00,mobile,Safari,tiktok
SESS-007296,CUST-0163,/account/orders,video_play,2024-01-23 14:37:07,desktop,Safari,twitter
SESS-007297,CUST-0304,/checkout/payment,purchase,2030-12-21 12:00:00,mobile,Safari,instagram
SESS-007298,CUST-0022,/,video_play,2024-04-03 15:07:40,tablet,Chrome,bing
SESS-007299,CUST-0115,/about,remove_from_cart,2024-08-13 16:42:19,desktop,Firefox,direct
SESS-007300,,/account/wishlist,click,2024-04-18 03:56:19,desktop,Firefox,direct
SESS-007301,CUST-0434,/account/orders,remove_from_cart,2024-03-03 10:08:05,tablet,Chrome,bing
SESS-007302,,/checkout/confirmation,purchase,2024-04-09 10:17:33,mobile,Samsung Internet,facebook
SESS-007303,CUST-0034,/products/sports,video_play,2024-04-27 23:29:39,mobile,Chrome,instagram
SESS-007304,CUST-0198,/checkout/payment,scroll,2024-07-02 08:31:32,mobile,Edge,twitter
SESS-007305,CUST-0135,/cart,scroll,2024-05-23 02:00:19,mobile,Safari,tiktok
SESS-007306,CUST-0411,/returns,click,2024-07-27 15:25:33,desktop,Samsung Internet,twitter
SESS-007307,,/products/clothing,remove_from_cart,2024-05-18 07:46:08,mobile,Chrome,
SESS-007308,CUST-0242,/products,remove_from_cart,2024-09-01 22:08:47,mobile,Chrome,instagram
SESS-007309,CUST-0308,/account/orders,video_play,2024-06-23 06:12:21,tablet,Chrome,email_campaign
SESS-007310,CUST-0213,/products/electronics,purchase,2024-09-03 19:31:15,tablet,Chrome,email_campaign
SESS-007311,CUST-0377,/checkout/confirmation,remove_from_cart,2024-07-18 03:37:53,mobile,Firefox,tiktok
SESS-007312,CUST-0172,/,scroll,2024-07-29 21:55:09,desktop,Firefox,affiliate
SESS-007313,CUST-0204,/returns,click,2024-10-10 23:55:07,desktop,Safari,email_campaign
SESS-007314,,/contact,video_play,1970-01-01 00:00:00,mobile,Safari,email_campaign
SESS-007315,CUST-0464,/blog,scroll,2024-10-10 00:33:35,tablet,Edge,direct
SESS-007316,,/products,add_to_cart,2024-02-28 12:41:23,desktop,Safari,google
SESS-007317,CUST-0097,/checkout,scroll,2024-08-20 20:18:14,mobile,Chrome,twitter
SESS-007318,CUST-0494,/contact,begin_checkout,2024-07-10 23:23:26,mobile,Chrome,direct
SESS-007319,,/blog,video_play,2024-12-04 23:02:39,tablet,Chrome,direct
SESS-007320,CUST-0155,/checkout/payment,click,2024-02-19 22:38:51,mobile,Edge,affiliate
SESS-007321,,/returns,scroll,2024-02-07 05:39:50,mobile,Samsung Internet,facebook
SESS-007322,CUST-0137,/products/electronics,page_view,2024-02-02 00:36:53,desktop,Chrome,
SESS-007323,CUST-0031,/about,page_view,2024-10-27 08:17:28,mobile,Firefox,google
SESS-007324,CUST-0396,/account,scroll,2024-04-24 15:32:09,bot,Googlebot,facebook
SESS-007325,CUST-0368,/products/books,page_view,2024-03-11 15:10:16,tablet,Samsung Internet,facebook
SESS-007326,CUST-0488,/products/clothing,search,2024-05-02 05:48:11,desktop,Safari,affiliate
SESS-007327,,/products/books,click,2024-05-30 15:48:35,desktop,Edge,direct
SESS-007328,CUST-0267,/blog,click,2024-09-26 23:20:41,mobile,Edge,email_campaign
SESS-007329,,/contact,scroll,2024-12-02 01:23:49,desktop,Edge,instagram
SESS-007330,CUST-0226,/faq,video_play,2024-12-04 19:22:21,desktop,Chrome,bing
SESS-007331,,/account/wishlist,scroll,2024-04-24 04:00:14,bot,Googlebot,google
SESS-007332,CUST-0481,/checkout/confirmation,click,2024-01-28 00:13:09,desktop,Samsung Internet,twitter
SESS-007333,CUST-0498,/blog,page_view,2024-05-16 04:09:05,desktop,Safari,bing
SESS-007334,,/contact,add_to_cart,2024-03-02 03:53:33,desktop,Firefox,direct
SESS-007335,CUST-0399,/,click,2024-02-26 20:58:07,desktop,Chrome,twitter
SESS-007336,CUST-0074,/products,add_to_cart,2024-07-25 01:34:37,mobile,Edge,
SESS-007337,,/products/clothing,remove_from_cart,2024-09-23 21:48:58,mobile,Chrome,facebook
SESS-007338,CUST-0190,/checkout/confirmation,video_play,2024-04-30 14:56:01,mobile,Chrome,email_campaign
SESS-007339,CUST-0098,/checkout,scroll,2024-10-22 16:05:30,mobile,Firefox,direct
SESS-007340,,/products,remove_from_cart,1970-01-01 00:00:00,tablet,Samsung Internet,facebook
SESS-007341,,/account/orders,page_view,2024-12-29 19:37:32,desktop,Safari,twitter
SESS-007342,,/products/sports,video_play,2024-09-17 16:53:31,desktop,Safari,direct
SESS-007343,,/checkout/confirmation,click,2024-08-25 16:53:16,desktop,Firefox,instagram
SESS-007344,,/,page_view,2024-08-19 20:47:35,desktop,Chrome,instagram
SESS-007345,CUST-0414,/checkout/payment,remove_from_cart,2024-08-31 09:14:05,bot,Python-urllib,tiktok
SESS-007346,CUST-0176,/products/books,add_to_cart,2024-09-30 00:00:25,mobile,Chrome,affiliate
SESS-007347,CUST-0447,/about,search,2024-11-23 23:16:33,mobile,Edge,tiktok
SESS-007348,CUST-0412,/products/clothing,search,2024-08-28 20:09:09,tablet,Firefox,bing
SESS-007349,,/about,add_to_cart,2024-02-28 22:09:43,mobile,Safari,instagram
SESS-007350,,/cart,page_view,2024-03-08 07:04:45,mobile,Safari,email_campaign
SESS-007351,CUST-0032,/blog,purchase,2024-08-05 07:25:40,mobile,Samsung Internet,affiliate
SESS-007352,,/products/clothing,page_view,2024-03-04 06:38:06,desktop,Edge,facebook
SESS-007353,CUST-0183,/checkout/payment,begin_checkout,2024-10-03 11:50:35,mobile,Chrome,email_campaign
SESS-007354,,/faq,click,2024-03-11 17:20:37,tablet,Safari,email_campaign
SESS-007355,CUST-0243,/cart,video_play,2024-09-05 03:23:02,mobile,Chrome,affiliate
SESS-007356,CUST-0190,/,page_view,2024-06-09 15:26:06,tablet,Samsung Internet,affiliate
SESS-007357,,/search,begin_checkout,2024-02-17 14:56:00,mobile,Edge,google
SESS-007358,,/account,page_view,2024-02-08 11:46:17,tablet,Chrome,tiktok
SESS-007359,CUST-0430,/faq,remove_from_cart,2024-09-25 17:37:04,tablet,Chrome,direct
SESS-007360,,/products/home,begin_checkout,2024-08-24 03:24:14,desktop,Chrome,bing
SESS-007361,,/contact,scroll,2024-06-27 19:38:56,mobile,Chrome,bing
SESS-007362,CUST-0080,/faq,purchase,2024-02-22 05:13:55,desktop,Chrome,twitter
SESS-007363,CUST-0453,/checkout,remove_from_cart,1970-01-01 00:00:00,desktop,Chrome,google
SESS-007364,CUST-0486,/products/home,purchase,2024-01-25 23:34:32,mobile,Firefox,bing
SESS-007365,CUST-0155,/account/wishlist,page_view,2024-07-04 21:50:10,bot,AhrefsBot,google
SESS-007366,,/faq,add_to_cart,2024-07-31 19:29:21,mobile,Chrome,google
SESS-007367,CUST-0284,/products/electronics,click,2024-01-31 05:35:25,mobile,Edge,email_campaign
SESS-007368,,/faq,page_view,2024-05-10 00:57:08,mobile,Chrome,bing
SESS-007369,CUST-0033,/products/clothing,click,2024-07-24 02:14:50,mobile,Samsung Internet,bing
SESS-007370,CUST-0169,/checkout/confirmation,video_play,2024-06-04 13:51:19,mobile,Safari,
SESS-007371,,/contact,remove_from_cart,2024-07-01 01:15:55,bot,SemrushBot,
SESS-007372,CUST-0409,/about,click,2024-08-13 23:48:42,tablet,Firefox,twitter
SESS-007373,,/account,click,2024-12-18 13:54:43,desktop,Chrome,direct
SESS-007374,,/products/home,video_play,2024-09-21 07:24:07,tablet,Chrome,affiliate
SESS-007375,CUST-0134,/products/electronics,page_view,2024-08-07 09:12:04,tablet,Chrome,tiktok
SESS-007376,CUST-0182,/account/orders,click,2024-03-02 05:57:17,mobile,Safari,google
SESS-007377,CUST-0321,/products/books,page_view,2024-08-06 08:49:58,desktop,Safari,twitter
SESS-007378,,/about,add_to_cart,2024-01-10 07:26:50,desktop,Chrome,instagram
SESS-007379,CUST-0452,/account,video_play,2024-06-13 16:39:37,desktop,Firefox,twitter
SESS-007380,CUST-0428,/checkout/payment,click,2024-11-02 20:02:51,bot,SemrushBot,twitter
SESS-007381,CUST-0314,/returns,begin_checkout,2024-02-03 15:24:43,tablet,Samsung Internet,direct
SESS-007382,,/products,purchase,2024-12-11 06:45:46,mobile,Chrome,
SESS-007383,,/account/orders,begin_checkout,2024-08-28 10:51:19,mobile,Chrome,twitter
SESS-007384,CUST-0029,/products/electronics,search,2024-07-23 12:20:51,mobile,Firefox,twitter
SESS-007385,CUST-0112,/search,scroll,2024-03-09 07:43:47,mobile,Chrome,direct
SESS-007386,,/blog,page_view,2024-02-06 22:39:22,mobile,Firefox,
SESS-007387,CUST-0301,/products,click,2024-07-19 17:31:15,mobile,Safari,
SESS-007388,CUST-0088,/cart,click,2024-05-07 09:18:45,mobile,Chrome,tiktok
SESS-007389,CUST-0471,/account/wishlist,remove_from_cart,2024-01-23 19:37:09,mobile,Chrome,direct
SESS-007390,,/blog,add_to_cart,2024-10-03 12:17:40,desktop,Chrome,
SESS-007391,,/checkout/confirmation,add_to_cart,2024-03-05 20:10:40,tablet,Samsung Internet,facebook
SESS-007392,CUST-0195,/account/wishlist,scroll,2024-07-25 00:52:14,desktop,Chrome,direct
SESS-007393,CUST-0324,/,page_view,2024-11-01 11:05:57,desktop,Safari,twitter
SESS-007394,CUST-0472,/checkout,search,2024-08-12 17:22:36,mobile,Samsung Internet,facebook
SESS-007395,CUST-0070,/faq,search,2024-10-03 20:51:19,mobile,Chrome,twitter
SESS-007396,,/products/clothing,begin_checkout,2024-06-24 05:21:24,mobile,Chrome,twitter
SESS-007397,CUST-0015,/about,click,2024-10-16 07:12:17,desktop,Edge,tiktok
SESS-007398,CUST-0486,/checkout,scroll,2024-01-17 11:35:12,tablet,Safari,direct
SESS-007399,CUST-0138,/cart,search,2024-01-29 11:47:42,mobile,Chrome,tiktok
SESS-007400,CUST-0277,/account,begin_checkout,2024-09-22 03:59:03,mobile,Chrome,affiliate
SESS-007401,CUST-0404,/products/sports,page_view,2024-08-18 22:40:08,bot,Googlebot,tiktok
SESS-007402,,/account/orders,search,2024-07-31 17:56:48,tablet,Safari,
SESS-007403,CUST-0158,/about,page_view,2024-08-16 19:04:33,mobile,Chrome,bing
SESS-007404,CUST-0441,/search,video_play,2024-07-31 22:18:52,desktop,Samsung Internet,email_campaign
SESS-007405,CUST-0110,/blog,remove_from_cart,2024-08-27 07:11:07,mobile,Safari,tiktok
SESS-007406,,/faq,search,2024-03-04 15:51:55,tablet,Chrome,instagram
SESS-007407,CUST-0223,/checkout,remove_from_cart,2024-07-13 19:54:30,mobile,Safari,facebook
SESS-007408,,/cart,begin_checkout,2024-07-15 03:49:25,desktop,Chrome,bing
SESS-007409,CUST-0411,/account,search,2024-07-11 16:56:02,desktop,Edge,instagram
SESS-007410,CUST-0208,/products/books,add_to_cart,2024-11-03 10:13:06,tablet,Safari,bing
SESS-007411,CUST-0196,/products/books,add_to_cart,2024-09-26 05:01:31,mobile,Safari,google
SESS-007412,,/checkout,video_play,2024-04-23 12:21:39,tablet,Safari,tiktok
SESS-007413,CUST-0116,/search,video_play,2024-04-12 02:10:41,desktop,Samsung Internet,tiktok
SESS-007414,,/products/clothing,add_to_cart,2024-07-21 10:14:16,tablet,Safari,tiktok
SESS-007415,CUST-0040,/products/books,scroll,2024-11-13 02:35:19,tablet,Safari,direct
SESS-007416,CUST-0378,/account/orders,search,2024-03-27 04:46:46,tablet,Safari,
SESS-007417,CUST-0332,/returns,remove_from_cart,2024-06-23 21:41:50,mobile,Chrome,instagram
SESS-007418,CUST-0336,/about,begin_checkout,2024-12-05 01:55:35,desktop,Safari,instagram
SESS-007419,CUST-0204,/,page_view,2024-12-10 02:08:15,mobile,Chrome,
SESS-007420,CUST-0497,/checkout/payment,page_view,2024-06-12 10:31:36,desktop,Chrome,
SESS-007421,,/returns,click,2024-12-01 12:55:37,mobile,Safari,instagram
SESS-007422,CUST-0329,/checkout/payment,remove_from_cart,2024-04-19 07:33:50,desktop,Chrome,google
SESS-007423,CUST-0175,/returns,add_to_cart,2024-09-22 20:32:43,mobile,Samsung Internet,facebook
SESS-007424,CUST-0235,/products/home,search,2024-05-12 05:22:00,mobile,Safari,twitter
SESS-007425,,/products/sports,purchase,2024-04-20 02:42:11,mobile,Safari,
SESS-007426,CUST-0486,/checkout,page_view,2024-10-09 10:54:49,mobile,Chrome,twitter
SESS-007427,CUST-0465,/products/clothing,page_view,2024-03-24 02:11:17,desktop,Edge,
SESS-007428,,/checkout,remove_from_cart,2024-07-07 07:58:56,mobile,Firefox,facebook
SESS-007429,CUST-0120,/blog,click,2024-10-10 06:08:03,tablet,Chrome,instagram
SESS-007430,CUST-0223,/products/electronics,search,2024-11-08 06:58:17,mobile,Firefox,twitter
SESS-007431,CUST-0230,/account/wishlist,remove_from_cart,2024-09-26 21:01:13,desktop,Safari,facebook
SESS-007432,,/contact,page_view,2024-11-22 17:10:31,desktop,Samsung Internet,direct
SESS-007433,CUST-0051,/products/home,remove_from_cart,2024-06-04 07:09:10,mobile,Firefox,facebook
SESS-007434,CUST-0076,/checkout/confirmation,add_to_cart,2024-08-29 19:30:20,mobile,Edge,twitter
SESS-007435,CUST-0072,/products/sports,purchase,2024-04-23 18:49:39,mobile,Safari,tiktok
SESS-007436,CUST-0209,/,page_view,2024-08-16 09:56:17,tablet,Chrome,bing
SESS-007437,CUST-0358,/account/wishlist,remove_from_cart,2024-11-05 16:01:16,mobile,Samsung Internet,
SESS-007438,CUST-0034,/products/home,page_view,2024-09-21 06:09:59,mobile,Chrome,tiktok
SESS-007439,CUST-0003,/cart,search,2024-05-20 08:46:45,mobile,Safari,facebook
SESS-007440,,/checkout,scroll,2024-09-08 15:33:43,tablet,Chrome,direct
SESS-007441,CUST-0270,/products,page_view,2024-06-09 17:52:06,desktop,Safari,affiliate
SESS-007442,CUST-0184,/products,begin_checkout,2024-08-18 06:11:27,mobile,Chrome,
SESS-007443,CUST-0265,/about,page_view,2024-02-16 09:57:12,mobile,Chrome,
SESS-007444,CUST-0051,/returns,remove_from_cart,2024-05-26 22:59:09,mobile,Safari,direct
SESS-007445,,/search,page_view,2024-08-10 12:00:07,mobile,Chrome,bing
SESS-007446,CUST-0398,/products/books,begin_checkout,2024-03-29 11:19:01,bot,SemrushBot,instagram
SESS-007447,CUST-0386,/faq,video_play,2024-09-29 06:33:52,desktop,Edge,bing
SESS-007448,CUST-0265,/products/books,search,2024-03-29 15:31:08,mobile,Samsung Internet,instagram
SESS-007449,CUST-0292,/search,search,2024-07-17 21:49:56,mobile,Safari,
SESS-007450,CUST-0328,/products/sports,page_view,2024-08-08 00:02:22,desktop,Chrome,google
SESS-007451,,/account,page_view,2024-02-08 20:35:38,desktop,Samsung Internet,facebook
SESS-007452,CUST-0094,/checkout/confirmation,page_view,2024-02-08 17:48:04,tablet,Firefox,affiliate
SESS-007453,,/products/clothing,purchase,2030-01-01 12:00:00,mobile,Safari,twitter
SESS-007454,CUST-0183,/products/sports,begin_checkout,2024-05-17 03:38:30,mobile,Samsung Internet,google
SESS-007455,,/products/sports,add_to_cart,2024-03-11 04:04:53,tablet,Safari,google
SESS-007456,,/search,scroll,2030-01-16 12:00:00,mobile,Safari,facebook
SESS-007457,CUST-0149,/account/orders,add_to_cart,2024-08-25 23:51:13,desktop,Safari,twitter
SESS-007458,CUST-0272,/account/orders,page_view,2024-07-25 12:41:22,mobile,Firefox,instagram
SESS-007459,CUST-0127,/faq,video_play,2024-03-19 04:48:03,desktop,Samsung Internet,affiliate
SESS-007460,CUST-0406,/about,purchase,2024-01-14 18:05:06,mobile,Safari,direct
SESS-007461,,/account/orders,add_to_cart,2024-04-08 23:35:19,desktop,Edge,google
SESS-007462,,/,video_play,2024-11-23 19:49:50,desktop,Samsung Internet,google
SESS-007463,CUST-0320,/returns,scroll,2024-01-10 02:19:26,desktop,Chrome,tiktok
SESS-007464,CUST-0295,/blog,begin_checkout,2024-10-08 14:13:51,desktop,Firefox,bing
SESS-007465,CUST-0249,/products/clothing,begin_checkout,2024-01-17 15:07:55,desktop,Safari,google
SESS-007466,CUST-0309,/products,purchase,2024-01-23 23:30:12,mobile,Chrome,tiktok
SESS-007467,CUST-0319,/products/clothing,click,2024-07-25 02:36:12,mobile,Safari,affiliate
SESS-007468,CUST-0077,/blog,video_play,2024-10-05 14:32:09,desktop,Safari,tiktok
SESS-007469,CUST-0492,/account/wishlist,remove_from_cart,2024-02-05 04:50:01,desktop,Firefox,twitter
SESS-007470,CUST-0068,/about,video_play,2024-09-17 18:58:01,tablet,Samsung Internet,tiktok
SESS-007471,CUST-0017,/checkout/payment,remove_from_cart,2024-07-14 09:00:56,mobile,Safari,bing
SESS-007472,CUST-0231,/,begin_checkout,2024-08-21 21:54:09,mobile,Samsung Internet,tiktok
SESS-007473,CUST-0143,/search,search,2024-02-24 14:14:23,desktop,Samsung Internet,bing
SESS-007474,CUST-0257,/account/wishlist,video_play,2024-01-22 00:46:51,desktop,Firefox,tiktok
SESS-007475,CUST-0187,/cart,click,2024-08-25 14:24:20,mobile,Chrome,instagram
SESS-007476,CUST-0271,/checkout,page_view,2024-11-24 07:51:29,desktop,Firefox,direct
SESS-007477,CUST-0157,/cart,scroll,2024-01-15 04:18:44,mobile,Chrome,facebook
SESS-007478,CUST-0357,/faq,click,2024-06-23 17:36:22,desktop,Chrome,bing
SESS-007479,CUST-0059,/account/wishlist,page_view,2024-09-18 11:35:23,mobile,Safari,twitter
SESS-007480,,/contact,add_to_cart,2024-10-03 22:08:50,desktop,Edge,google
SESS-007481,,/account/wishlist,page_view,2024-08-04 23:41:52,mobile,Firefox,bing
SESS-007482,,/account/wishlist,begin_checkout,2024-08-20 15:04:10,tablet,Samsung Internet,bing
SESS-007483,CUST-0172,/products/books,search,2024-12-09 17:21:38,mobile,Chrome,direct
SESS-007484,CUST-0476,/checkout/payment,video_play,2024-01-09 12:41:17,mobile,Chrome,google
SESS-007485,,/products/books,video_play,2024-10-06 16:27:02,tablet,Safari,direct
SESS-007486,CUST-0198,/blog,page_view,2024-11-08 18:50:09,mobile,Edge,affiliate
SESS-007487,CUST-0006,/returns,page_view,2024-10-31 03:52:17,mobile,Chrome,
SESS-007488,CUST-0362,/products/sports,scroll,2024-07-01 06:01:01,mobile,Firefox,tiktok
SESS-007489,,/cart,add_to_cart,2024-09-25 04:11:51,mobile,Chrome,
SESS-007490,,/products,scroll,2024-10-15 19:21:35,mobile,Firefox,twitter
SESS-007491,CUST-0452,/returns,page_view,2024-09-08 09:20:11,tablet,Chrome,bing
SESS-007492,,/blog,page_view,1970-01-01 00:00:00,mobile,Edge,tiktok
SESS-007493,CUST-0168,/checkout/confirmation,add_to_cart,2024-10-28 06:55:20,mobile,Safari,direct
SESS-007494,CUST-0418,/about,page_view,2024-07-17 05:04:46,desktop,Safari,twitter
SESS-007495,CUST-0346,/products/books,add_to_cart,2024-05-22 19:09:18,desktop,Safari,affiliate
SESS-007496,CUST-0460,/products/books,page_view,2024-03-12 14:07:16,desktop,Chrome,email_campaign
SESS-007497,CUST-0223,/returns,click,2024-05-21 07:11:36,desktop,Chrome,direct
SESS-007498,CUST-0336,/returns,begin_checkout,2024-11-27 11:05:13,tablet,Chrome,affiliate
SESS-007499,CUST-0200,/blog,add_to_cart,2024-07-07 03:33:40,mobile,Safari,direct
SESS-007500,CUST-0101,/checkout/payment,begin_checkout,2024-05-14 16:26:01,tablet,Safari,tiktok
SESS-007501,CUST-0117,/account/wishlist,page_view,2024-10-04 22:10:33,mobile,Chrome,facebook
SESS-007502,CUST-0309,/,page_view,2024-02-01 07:56:04,mobile,Safari,facebook
SESS-007503,CUST-0126,/products/electronics,purchase,2024-05-20 02:45:28,desktop,Chrome,email_campaign
SESS-007504,,/products/books,search,2024-07-13 15:42:15,mobile,Chrome,twitter
SESS-007505,,/contact,search,2024-07-30 12:44:33,mobile,Chrome,tiktok
SESS-007506,CUST-0041,/cart,search,2024-10-04 00:17:02,mobile,Chrome,instagram
SESS-007507,CUST-0216,/returns,purchase,2024-11-14 22:20:39,desktop,Safari,instagram
SESS-007508,CUST-0362,/account/wishlist,scroll,2024-05-08 13:05:30,mobile,Chrome,direct
SESS-007509,CUST-0397,/products/electronics,purchase,2024-10-27 10:46:51,desktop,Chrome,email_campaign
SESS-007510,CUST-0227,/about,remove_from_cart,2024-12-31 10:56:45,desktop,Samsung Internet,bing
SESS-007511,,/about,click,2024-06-22 15:07:19,tablet,Chrome,
SESS-007512,CUST-0106,/products/sports,page_view,2024-09-24 09:31:49,mobile,Chrome,direct
SESS-007513,CUST-0466,/account/wishlist,remove_from_cart,2024-02-16 01:04:20,tablet,Edge,bing
SESS-007514,CUST-0495,/account/wishlist,video_play,2024-10-19 07:20:00,mobile,Chrome,tiktok
SESS-007515,CUST-0035,/checkout/confirmation,click,2024-10-13 18:38:00,mobile,Edge,bing
SESS-007516,CUST-0051,/blog,search,2024-01-11 04:30:54,mobile,Safari,bing
SESS-007517,,/about,add_to_cart,2024-11-30 21:32:10,mobile,Chrome,email_campaign
SESS-007518,CUST-0147,/products/home,click,2024-09-19 23:24:14,mobile,Edge,facebook
SESS-007519,,/blog,page_view,2024-11-13 07:06:22,mobile,Firefox,
SESS-007520,,/,remove_from_cart,2024-03-18 10:20:23,tablet,Chrome,tiktok
SESS-007521,CUST-0218,/products/sports,search,2024-04-13 18:40:03,desktop,Firefox,tiktok
SESS-007522,CUST-0039,/contact,page_view,2024-11-03 01:35:40,desktop,Safari,twitter
SESS-007523,,/blog,scroll,2024-06-23 08:55:02,desktop,Samsung Internet,google
SESS-007524,,/products/home,search,2024-05-16 13:00:03,mobile,Chrome,email_campaign
SESS-007525,CUST-0497,/returns,begin_checkout,2024-09-10 20:02:34,mobile,Firefox,direct
SESS-007526,CUST-0350,/products/electronics,click,2024-12-23 03:00:35,desktop,Firefox,affiliate
SESS-007527,CUST-0039,/checkout/confirmation,search,2024-09-20 02:38:44,mobile,Chrome,twitter
SESS-007528,,/products/electronics,purchase,2024-06-11 19:11:10,mobile,Chrome,twitter
SESS-007529,CUST-0396,/faq,scroll,2024-06-24 02:14:23,mobile,Chrome,instagram
SESS-007530,,/search,click,2024-08-07 00:53:03,mobile,Chrome,email_campaign
SESS-007531,CUST-0343,/blog,video_play,2024-10-18 01:48:47,bot,AhrefsBot,bing
SESS-007532,,/products/clothing,click,2024-10-14 06:56:53,mobile,Firefox,
SESS-007533,CUST-0033,/search,purchase,2024-01-28 01:51:18,desktop,Edge,twitter
SESS-007534,CUST-0491,/account,scroll,2024-09-26 04:29:32,desktop,Chrome,facebook
SESS-007535,CUST-0038,/account/orders,page_view,2024-04-16 03:23:46,desktop,Chrome,bing
SESS-007536,CUST-0406,/products/electronics,begin_checkout,2024-07-03 08:11:59,desktop,Samsung Internet,bing
SESS-007537,CUST-0089,/account/wishlist,begin_checkout,2024-07-19 22:37:01,desktop,Chrome,direct
SESS-007538,CUST-0042,/products/sports,video_play,2024-04-10 17:02:12,mobile,Chrome,instagram
SESS-007539,CUST-0262,/checkout/payment,scroll,2024-05-13 21:09:35,mobile,Chrome,bing
SESS-007540,CUST-0196,/blog,remove_from_cart,2030-05-21 12:00:00,tablet,Safari,affiliate
SESS-007541,CUST-0131,/account/orders,search,2024-06-29 13:15:31,tablet,Chrome,affiliate
SESS-007542,CUST-0223,/search,add_to_cart,2024-04-07 03:19:49,desktop,Firefox,instagram
SESS-007543,CUST-0015,/search,remove_from_cart,2024-07-02 18:31:57,mobile,Chrome,affiliate
SESS-007544,CUST-0221,/search,page_view,2024-03-03 22:25:06,desktop,Samsung Internet,
SESS-007545,,/,scroll,2024-12-31 17:30:56,mobile,Chrome,instagram
SESS-007546,,/cart,begin_checkout,2024-03-12 09:09:23,mobile,Safari,
SESS-007547,,/account/wishlist,add_to_cart,2024-05-20 04:18:27,tablet,Samsung Internet,facebook
SESS-007548,CUST-0403,/products/sports,begin_checkout,2024-02-07 09:24:16,desktop,Safari,facebook
SESS-007549,CUST-0116,/account/orders,video_play,2024-11-30 22:01:43,tablet,Safari,tiktok
SESS-007550,,/products/home,scroll,2024-01-07 02:12:24,desktop,Chrome,instagram
SESS-007551,CUST-0277,/blog,begin_checkout,2024-09-08 11:02:00,desktop,Samsung Internet,
SESS-007552,,/cart,purchase,2024-05-02 23:31:11,desktop,Edge,tiktok
SESS-007553,CUST-0284,/faq,click,2024-01-03 18:40:23,desktop,Chrome,twitter
SESS-007554,CUST-0045,/account/orders,click,2024-09-27 09:44:17,tablet,Edge,tiktok
SESS-007555,,/about,page_view,2024-10-02 18:55:57,tablet,Chrome,email_campaign
SESS-007556,,/products/books,page_view,2024-04-23 08:53:18,desktop,Firefox,bing
SESS-007557,CUST-0334,/account/orders,remove_from_cart,2024-09-05 07:07:23,desktop,Samsung Internet,google
SESS-007558,CUST-0009,/returns,click,2024-11-08 19:33:34,mobile,Chrome,
SESS-007559,CUST-0251,/search,purchase,2024-03-24 04:38:46,desktop,Chrome,tiktok
SESS-007560,CUST-0110,/about,page_view,2024-12-15 10:51:54,mobile,Samsung Internet,direct
SESS-007561,CUST-0270,/contact,search,2024-07-08 10:24:32,tablet,Safari,direct
SESS-007562,CUST-0415,/,remove_from_cart,2024-02-03 14:53:49,desktop,Chrome,instagram
SESS-007563,CUST-0374,/products/clothing,page_view,2024-04-16 23:29:16,desktop,Chrome,twitter
SESS-007564,,/,search,2024-07-23 04:15:47,mobile,Samsung Internet,twitter
SESS-007565,CUST-0443,/products/home,video_play,2024-02-27 10:29:06,desktop,Edge,twitter
SESS-007566,,/cart,video_play,2024-04-09 06:51:52,mobile,Firefox,instagram
SESS-007567,CUST-0268,/checkout/payment,page_view,2024-04-04 08:51:53,bot,Googlebot,twitter
SESS-007568,CUST-0119,/products,video_play,2024-12-05 18:09:55,desktop,Safari,instagram
SESS-007569,CUST-0018,/,page_view,2024-01-06 08:39:59,tablet,Firefox,google
SESS-007570,CUST-0392,/account,click,2024-01-31 05:06:18,desktop,Safari,facebook
SESS-007571,CUST-0040,/products/sports,page_view,2024-06-09 10:55:38,desktop,Chrome,twitter
SESS-007572,CUST-0277,/search,search,2024-02-13 07:35:16,desktop,Safari,
SESS-007573,,/products/sports,remove_from_cart,2024-05-06 09:45:36,mobile,Safari,direct
SESS-007574,CUST-0473,/blog,scroll,2024-09-27 12:21:42,desktop,Firefox,google
SESS-007575,,/cart,begin_checkout,2024-12-23 00:07:46,tablet,Samsung Internet,direct
SESS-007576,CUST-0123,/cart,page_view,2024-11-14 14:45:19,mobile,Chrome,tiktok
SESS-007577,CUST-0351,/checkout/confirmation,scroll,2024-04-28 08:54:42,tablet,Chrome,direct
SESS-007578,CUST-0069,/products,search,2024-12-30 18:19:22,mobile,Firefox,instagram
SESS-007579,CUST-0067,/account,purchase,2024-07-12 11:51:55,desktop,Chrome,
SESS-007580,CUST-0441,/about,purchase,2024-10-30 00:18:56,desktop,Chrome,facebook
SESS-007581,CUST-0401,/account,add_to_cart,2024-08-29 21:27:05,mobile,Chrome,facebook
SESS-007582,,/products,page_view,2024-11-16 21:25:53,mobile,Safari,twitter
SESS-007583,,/cart,page_view,1970-01-01 00:00:00,tablet,Chrome,google
SESS-007584,CUST-0186,/products/sports,page_view,2024-10-31 08:22:02,desktop,Chrome,instagram
SESS-007585,,/checkout/confirmation,search,2024-03-05 20:35:22,mobile,Firefox,twitter
SESS-007586,,/returns,remove_from_cart,2024-01-22 18:18:30,desktop,Firefox,instagram
SESS-007587,CUST-0007,/blog,video_play,2024-06-14 14:58:58,tablet,Chrome,twitter
SESS-007588,,/blog,purchase,2024-12-22 08:18:38,desktop,Chrome,
SESS-007589,CUST-0259,/account,add_to_cart,2024-09-08 23:05:32,mobile,Safari,email_campaign
SESS-007590,CUST-0225,/faq,begin_checkout,2024-07-12 09:12:44,tablet,Edge,bing
SESS-007591,CUST-0496,/checkout/confirmation,page_view,2024-12-11 10:47:50,mobile,Chrome,google
SESS-007592,CUST-0223,/search,add_to_cart,2024-02-07 02:14:45,mobile,Edge,facebook
SESS-007593,CUST-0491,/checkout,scroll,2024-02-08 04:23:59,mobile,Chrome,affiliate
SESS-007594,CUST-0304,/blog,video_play,2024-01-21 04:27:28,tablet,Firefox,facebook
SESS-007595,CUST-0357,/,purchase,2024-08-30 16:51:32,mobile,Samsung Internet,direct
SESS-007596,,/products/electronics,begin_checkout,2024-04-27 03:34:39,mobile,Safari,instagram
SESS-007597,CUST-0112,/products/electronics,page_view,2024-09-29 07:24:51,tablet,Safari,tiktok
SESS-007598,,/account/wishlist,video_play,2024-07-07 05:55:02,desktop,Samsung Internet,google
SESS-007599,CUST-0444,/products/electronics,purchase,2024-04-15 05:35:40,mobile,Safari,bing
SESS-007600,CUST-0491,/search,add_to_cart,2024-06-30 02:39:10,desktop,Chrome,facebook
SESS-007601,CUST-0258,/products/sports,page_view,2024-07-11 01:24:09,desktop,Safari,direct
SESS-007602,CUST-0272,/products/sports,click,2024-12-03 15:04:01,mobile,Edge,direct
SESS-007603,CUST-0159,/account,begin_checkout,2024-11-10 19:37:04,mobile,Samsung Internet,twitter
SESS-007604,,/products/electronics,click,2024-12-29 00:08:51,desktop,Safari,email_campaign
SESS-007605,CUST-0346,/account/wishlist,search,2024-06-05 08:56:19,mobile,Safari,twitter
SESS-007606,,/products,click,2024-05-10 15:50:49,tablet,Samsung Internet,
SESS-007607,,/products/home,click,2024-02-23 01:01:43,bot,SemrushBot,instagram
SESS-007608,CUST-0274,/products/electronics,video_play,2024-11-24 12:44:51,mobile,Safari,bing
SESS-007609,CUST-0391,/faq,page_view,2024-10-31 10:07:58,tablet,Safari,
SESS-007610,CUST-0352,/search,begin_checkout,2024-05-07 19:53:18,mobile,Samsung Internet,bing
SESS-007611,CUST-0366,/,page_view,2024-10-30 04:31:53,tablet,Safari,direct
SESS-007612,,/,page_view,2024-01-21 11:31:49,desktop,Edge,direct
SESS-007613,,/contact,begin_checkout,2024-05-08 18:23:50,mobile,Safari,affiliate
SESS-007614,CUST-0255,/checkout/confirmation,purchase,2024-09-15 10:13:02,desktop,Firefox,tiktok
SESS-007615,CUST-0303,/checkout/payment,begin_checkout,2024-08-17 19:23:45,tablet,Firefox,email_campaign
SESS-007616,,/contact,purchase,2024-10-01 22:35:03,tablet,Edge,instagram
SESS-007617,CUST-0223,/checkout,page_view,2024-08-15 10:21:28,mobile,Chrome,affiliate
SESS-007618,CUST-0102,/checkout,video_play,2024-08-30 06:52:25,mobile,Samsung Internet,email_campaign
SESS-007619,CUST-0155,/products/sports,search,2024-06-26 03:45:34,desktop,Safari,affiliate
SESS-007620,CUST-0368,/faq,page_view,2024-05-09 14:36:56,desktop,Samsung Internet,facebook
SESS-007621,CUST-0305,/contact,page_view,2024-11-07 00:47:29,mobile,Chrome,google
SESS-007622,CUST-0315,/contact,scroll,2024-02-29 04:56:37,tablet,Safari,direct
SESS-007623,CUST-0362,/search,click,2024-03-08 13:36:32,tablet,Chrome,instagram
SESS-007624,CUST-0299,/returns,page_view,2024-06-22 04:58:06,desktop,Edge,twitter
SESS-007625,CUST-0410,/products/clothing,scroll,2024-06-14 01:17:34,mobile,Chrome,
SESS-007626,CUST-0100,/products/electronics,page_view,2024-09-30 01:16:57,mobile,Edge,tiktok
SESS-007627,,/blog,remove_from_cart,2024-04-05 11:07:34,mobile,Edge,google
SESS-007628,CUST-0292,/account/wishlist,scroll,2024-02-18 18:11:13,mobile,Firefox,bing
SESS-007629,,/search,add_to_cart,2024-07-30 21:05:44,desktop,Safari,instagram
SESS-007630,CUST-0370,/about,remove_from_cart,2024-10-29 06:25:11,tablet,Samsung Internet,facebook
SESS-007631,CUST-0198,/returns,begin_checkout,2024-08-22 18:05:24,tablet,Samsung Internet,google
SESS-007632,,/account/wishlist,add_to_cart,2024-08-27 21:50:42,mobile,Firefox,google
SESS-007633,CUST-0005,/returns,page_view,2024-05-06 06:41:53,mobile,Edge,bing
SESS-007634,CUST-0324,/products/clothing,video_play,2024-01-13 22:32:11,mobile,Samsung Internet,instagram
SESS-007635,CUST-0030,/products/sports,begin_checkout,2024-04-18 05:20:24,desktop,Firefox,google
SESS-007636,CUST-0007,/products/electronics,page_view,2024-06-12 00:09:00,desktop,Samsung Internet,direct
SESS-007637,CUST-0189,/products/electronics,video_play,2024-11-07 23:51:54,mobile,Safari,affiliate
SESS-007638,,/account/orders,scroll,2024-03-05 12:48:18,mobile,Samsung Internet,instagram
SESS-007639,CUST-0465,/products/electronics,click,2024-11-04 10:53:54,desktop,Chrome,tiktok
SESS-007640,,/returns,add_to_cart,2024-03-13 18:24:49,tablet,Firefox,google
SESS-007641,,/products/electronics,purchase,2024-06-03 12:02:04,mobile,Chrome,tiktok
SESS-007642,,/,page_view,2024-11-21 14:19:36,desktop,Chrome,affiliate
SESS-007643,CUST-0206,/products,video_play,2024-08-25 23:25:16,mobile,Safari,google
SESS-007644,CUST-0094,/contact,page_view,2024-10-29 16:37:06,tablet,Chrome,bing
SESS-007645,CUST-0276,/checkout/payment,begin_checkout,2024-01-08 22:01:55,mobile,Samsung Internet,instagram
SESS-007646,CUST-0253,/cart,click,2024-05-10 08:47:30,tablet,Chrome,direct
SESS-007647,,/products/electronics,begin_checkout,2024-03-12 19:59:38,mobile,Chrome,direct
SESS-007648,CUST-0030,/products/books,add_to_cart,2024-03-19 06:05:50,mobile,Firefox,google
SESS-007649,,/search,page_view,2024-03-24 06:59:39,mobile,Chrome,twitter
SESS-007650,CUST-0468,/blog,purchase,2024-11-03 15:45:49,tablet,Samsung Internet,
SESS-007651,,/products/electronics,page_view,2024-06-28 07:40:01,tablet,Chrome,bing
SESS-007652,CUST-0018,/cart,purchase,2024-10-18 22:26:46,mobile,Edge,direct
SESS-007653,CUST-0087,/returns,scroll,2024-06-14 23:18:19,desktop,Safari,email_campaign
SESS-007654,CUST-0302,/checkout/payment,scroll,2024-11-26 04:31:07,desktop,Chrome,bing
SESS-007655,,/checkout,video_play,2024-07-19 00:37:42,mobile,Safari,google
SESS-007656,,/checkout,click,2024-05-09 09:40:31,mobile,Safari,bing
SESS-007657,CUST-0201,/cart,purchase,2024-05-23 21:24:27,mobile,Edge,
SESS-007658,CUST-0227,/account/orders,remove_from_cart,2024-05-21 18:02:23,tablet,Chrome,direct
SESS-007659,CUST-0195,/account/orders,purchase,2024-01-27 17:35:48,mobile,Chrome,facebook
SESS-007660,CUST-0358,/checkout/payment,add_to_cart,1970-01-01 00:00:00,mobile,Samsung Internet,tiktok
SESS-007661,,/products/electronics,video_play,2024-12-23 05:09:20,mobile,Safari,direct
SESS-007662,CUST-0379,/account/wishlist,click,2024-04-04 04:24:00,mobile,Samsung Internet,tiktok
SESS-007663,CUST-0311,/account/orders,add_to_cart,2024-04-04 05:10:13,tablet,Safari,tiktok
SESS-007664,CUST-0200,/,purchase,2024-10-16 18:19:14,mobile,Chrome,affiliate
SESS-007665,CUST-0143,/about,click,2024-01-21 16:43:41,mobile,Firefox,direct
SESS-007666,CUST-0373,/cart,begin_checkout,2024-11-14 03:54:08,mobile,Safari,bing
SESS-007667,CUST-0122,/account/orders,page_view,2024-10-23 06:14:35,tablet,Chrome,
SESS-007668,CUST-0204,/faq,scroll,2024-02-15 18:52:29,tablet,Edge,tiktok
SESS-007669,CUST-0432,/,page_view,2024-09-12 13:50:52,desktop,Firefox,direct
SESS-007670,CUST-0057,/faq,click,2024-12-18 22:16:02,mobile,Chrome,twitter
SESS-007671,,/account,begin_checkout,2024-07-16 18:07:53,tablet,Samsung Internet,facebook
SESS-007672,,/account/orders,click,2024-06-25 04:30:13,tablet,Chrome,affiliate
SESS-007673,,/checkout,page_view,2024-09-20 01:59:05,tablet,Samsung Internet,twitter
SESS-007674,CUST-0251,/products/electronics,search,2024-09-09 02:19:10,mobile,Safari,twitter
SESS-007675,CUST-0049,/products/clothing,begin_checkout,2024-03-04 20:32:55,desktop,Chrome,affiliate
SESS-007676,,/checkout/confirmation,search,2024-12-03 13:31:27,tablet,Safari,direct
SESS-007677,CUST-0261,/products,click,2024-07-08 04:35:20,desktop,Firefox,direct
SESS-007678,,/checkout,video_play,2024-11-18 23:11:55,desktop,Edge,affiliate
SESS-007679,CUST-0274,/returns,video_play,2024-11-15 09:03:15,desktop,Safari,email_campaign
SESS-007680,,/cart,click,2024-12-20 00:40:21,mobile,Firefox,instagram
SESS-007681,CUST-0014,/about,page_view,2024-07-14 18:29:56,mobile,Chrome,twitter
SESS-007682,,/checkout,video_play,2024-06-09 18:30:24,mobile,Chrome,affiliate
SESS-007683,CUST-0153,/products/clothing,click,2024-12-19 11:30:01,desktop,Chrome,facebook
SESS-007684,,/cart,add_to_cart,2024-01-24 04:04:13,desktop,Chrome,instagram
SESS-007685,CUST-0395,/faq,click,2024-09-19 05:26:58,mobile,Chrome,
SESS-007686,CUST-0476,/returns,begin_checkout,2024-04-18 17:31:01,desktop,Safari,
SESS-007687,CUST-0318,/account,page_view,2024-09-21 10:20:26,mobile,Chrome,bing
SESS-007688,,/products/clothing,click,2024-11-16 15:51:25,desktop,Edge,tiktok
SESS-007689,CUST-0268,/cart,page_view,2024-07-19 13:17:23,desktop,Edge,google
SESS-007690,,/contact,search,2024-10-20 06:48:38,tablet,Safari,bing
SESS-007691,,/blog,remove_from_cart,2024-05-19 00:37:39,mobile,Chrome,affiliate
SESS-007692,CUST-0489,/products,click,2030-12-28 12:00:00,mobile,Samsung Internet,tiktok
SESS-007693,CUST-0405,/blog,page_view,2024-03-13 06:57:25,desktop,Chrome,google
SESS-007694,CUST-0128,/about,page_view,2024-01-03 08:45:16,mobile,Chrome,direct
SESS-007695,CUST-0232,/checkout,video_play,2024-10-24 05:27:18,desktop,Chrome,email_campaign
SESS-007696,,/blog,remove_from_cart,2024-02-12 02:21:09,tablet,Edge,instagram
SESS-007697,,/checkout/payment,begin_checkout,2024-03-31 04:47:27,desktop,Chrome,email_campaign
SESS-007698,,/products/clothing,page_view,2024-10-06 05:34:13,desktop,Chrome,google
SESS-007699,CUST-0284,/products/sports,begin_checkout,2024-01-14 21:19:08,desktop,Samsung Internet,email_campaign
SESS-007700,CUST-0385,/account,search,2024-09-20 11:23:46,tablet,Safari,email_campaign
SESS-007701,CUST-0434,/blog,page_view,2024-12-27 13:57:09,desktop,Safari,twitter
SESS-007702,,/returns,click,2024-10-18 06:11:03,desktop,Safari,facebook
SESS-007703,CUST-0027,/contact,page_view,2024-12-24 10:26:09,desktop,Chrome,bing
SESS-007704,CUST-0437,/,click,2024-10-24 05:33:00,mobile,Edge,direct
SESS-007705,CUST-0319,/returns,page_view,2024-03-10 03:03:55,tablet,Chrome,tiktok
SESS-007706,CUST-0120,/about,video_play,2024-07-07 08:45:45,tablet,Firefox,direct
SESS-007707,CUST-0383,/search,page_view,2024-08-18 18:29:52,mobile,Chrome,instagram
SESS-007708,CUST-0015,/contact,search,2024-02-06 17:52:45,mobile,Samsung Internet,bing
SESS-007709,CUST-0288,/account,page_view,2024-01-13 01:33:08,desktop,Edge,direct
SESS-007710,CUST-0478,/account,add_to_cart,2024-09-28 09:27:52,desktop,Chrome,direct
SESS-007711,,/account/wishlist,remove_from_cart,2024-03-14 19:07:07,tablet,Samsung Internet,google
SESS-007712,CUST-0054,/products/electronics,begin_checkout,2024-03-27 18:34:02,desktop,Samsung Internet,direct
SESS-007713,,/checkout,scroll,2024-04-19 01:47:14,mobile,Edge,tiktok
SESS-007714,CUST-0458,/returns,purchase,2024-11-26 15:07:58,mobile,Samsung Internet,
SESS-007715,CUST-0052,/contact,add_to_cart,2024-04-26 09:32:24,tablet,Firefox,instagram
SESS-007716,,/products/books,purchase,2024-09-30 16:55:21,desktop,Edge,facebook
SESS-007717,,/checkout/confirmation,purchase,2024-07-12 08:50:35,mobile,Chrome,
SESS-007718,,/account/wishlist,video_play,2024-01-11 07:16:08,desktop,Samsung Internet,direct
SESS-007719,CUST-0398,/checkout,video_play,2024-09-01 13:04:03,tablet,Safari,tiktok
SESS-007720,CUST-0436,/,remove_from_cart,2024-10-07 11:54:39,mobile,Samsung Internet,email_campaign
SESS-007721,CUST-0452,/products/sports,page_view,2024-10-23 15:22:57,tablet,Samsung Internet,
SESS-007722,CUST-0217,/returns,click,2024-12-28 09:02:17,tablet,Edge,email_campaign
SESS-007723,CUST-0218,/products,begin_checkout,2024-08-12 11:49:45,mobile,Safari,
SESS-007724,,/checkout/confirmation,scroll,2024-05-25 23:34:30,mobile,Samsung Internet,affiliate
SESS-007725,CUST-0035,/search,click,2024-06-29 03:40:46,tablet,Chrome,twitter
SESS-007726,,/search,search,2024-11-26 15:20:03,mobile,Safari,direct
SESS-007727,CUST-0396,/search,click,2024-02-26 08:40:34,tablet,Edge,twitter
SESS-007728,CUST-0385,/account,click,2024-07-09 11:31:55,desktop,Safari,tiktok
SESS-007729,,/products/sports,video_play,2024-06-10 13:35:22,mobile,Chrome,twitter
SESS-007730,,/products/books,purchase,2024-06-16 07:48:06,mobile,Edge,bing
SESS-007731,,/about,click,2024-01-19 19:54:02,tablet,Edge,google
SESS-007732,,/checkout/payment,page_view,2024-09-28 17:34:11,mobile,Safari,instagram
SESS-007733,CUST-0300,/products/clothing,add_to_cart,2024-01-07 14:14:39,desktop,Safari,instagram
SESS-007734,CUST-0350,/products/books,click,2024-10-12 00:46:05,desktop,Edge,direct
SESS-007735,,/contact,purchase,2024-10-10 02:54:15,desktop,Safari,instagram
SESS-007736,,/search,page_view,2024-02-27 03:32:20,desktop,Safari,twitter
SESS-007737,CUST-0058,/about,page_view,2024-01-26 20:13:06,desktop,Samsung Internet,email_campaign
SESS-007738,CUST-0196,/products,remove_from_cart,2024-04-03 13:26:04,bot,Python-urllib,affiliate
SESS-007739,CUST-0192,/products/sports,search,2024-05-16 03:32:25,desktop,Firefox,affiliate
SESS-007740,CUST-0362,/checkout/confirmation,video_play,2024-09-20 00:46:48,desktop,Chrome,twitter
SESS-007741,CUST-0122,/cart,purchase,2024-06-30 18:10:25,mobile,Safari,instagram
SESS-007742,CUST-0247,/returns,click,2024-04-15 00:36:03,mobile,Chrome,tiktok
SESS-007743,CUST-0172,/checkout/payment,click,2024-04-14 22:51:10,mobile,Firefox,
SESS-007744,CUST-0098,/products/electronics,page_view,2024-11-19 07:18:06,mobile,Chrome,bing
SESS-007745,,/products/sports,add_to_cart,2024-05-07 11:43:40,mobile,Chrome,
SESS-007746,CUST-0151,/checkout/payment,purchase,2024-06-05 02:42:59,desktop,Safari,
SESS-007747,,/checkout/payment,video_play,2024-10-31 06:47:05,mobile,Chrome,tiktok
SESS-007748,CUST-0341,/checkout/confirmation,begin_checkout,2024-01-06 00:22:36,tablet,Firefox,
SESS-007749,CUST-0475,/returns,click,2024-09-16 08:45:14,mobile,Chrome,tiktok
SESS-007750,CUST-0148,/checkout,video_play,2024-05-12 00:03:35,tablet,Edge,email_campaign
SESS-007751,,/account/orders,add_to_cart,2024-07-14 05:53:27,desktop,Chrome,google
SESS-007752,CUST-0192,/products/clothing,add_to_cart,2024-09-11 17:15:52,mobile,Chrome,facebook
SESS-007753,,/checkout/confirmation,add_to_cart,2024-05-17 19:22:05,mobile,Firefox,bing
SESS-007754,CUST-0223,/returns,video_play,2024-12-09 05:11:43,mobile,Safari,email_campaign
SESS-007755,CUST-0362,/search,purchase,2024-07-27 23:17:10,mobile,Chrome,bing
SESS-007756,CUST-0475,/blog,video_play,2024-03-05 19:41:12,tablet,Chrome,tiktok
SESS-007757,CUST-0260,/account/orders,page_view,2024-04-06 06:37:39,desktop,Safari,affiliate
SESS-007758,CUST-0476,/account/orders,click,2024-12-30 07:03:40,desktop,Firefox,instagram
SESS-007759,CUST-0190,/products/home,click,2024-10-31 11:42:37,desktop,Chrome,direct
SESS-007760,CUST-0025,/account/wishlist,add_to_cart,2024-11-02 18:42:51,desktop,Chrome,tiktok
SESS-007761,CUST-0093,/checkout/payment,remove_from_cart,2024-06-20 22:54:01,mobile,Chrome,affiliate
SESS-007762,CUST-0255,/checkout/confirmation,purchase,2024-07-06 04:15:53,mobile,Safari,affiliate
SESS-007763,CUST-0079,/products,page_view,2024-04-28 09:14:58,desktop,Edge,instagram
SESS-007764,CUST-0159,/products/home,add_to_cart,2024-11-04 01:59:15,desktop,Safari,twitter
SESS-007765,CUST-0279,/,purchase,2024-11-18 15:51:23,desktop,Safari,instagram
SESS-007766,CUST-0408,/returns,scroll,2024-10-14 18:17:33,tablet,Chrome,google
SESS-007767,CUST-0041,/,page_view,2024-05-19 05:02:43,tablet,Chrome,instagram
SESS-007768,,/products/clothing,search,2024-01-10 23:52:47,mobile,Chrome,instagram
SESS-007769,CUST-0259,/returns,click,2024-02-21 06:04:14,desktop,Firefox,tiktok
SESS-007770,CUST-0173,/search,click,2024-12-15 08:02:39,mobile,Chrome,
SESS-007771,CUST-0320,/products/home,add_to_cart,2024-11-16 15:01:46,mobile,Samsung Internet,facebook
SESS-007772,,/contact,page_view,2024-11-29 04:40:03,mobile,Edge,direct
SESS-007773,CUST-0448,/,page_view,2024-01-19 07:38:47,desktop,Samsung Internet,direct
SESS-007774,,/cart,search,2024-11-22 22:35:57,mobile,Chrome,affiliate
SESS-007775,CUST-0138,/products/home,search,2024-05-23 19:46:21,mobile,Safari,
SESS-007776,CUST-0468,/contact,page_view,2024-04-17 06:32:31,mobile,Safari,instagram
SESS-007777,,/account/orders,video_play,2024-04-13 22:18:58,mobile,Chrome,tiktok
SESS-007778,CUST-0008,/cart,video_play,2024-02-10 03:18:38,desktop,Samsung Internet,bing
SESS-007779,,/account,purchase,2024-11-25 06:28:08,desktop,Firefox,instagram
SESS-007780,,/checkout,page_view,2024-01-14 10:55:10,mobile,Safari,affiliate
SESS-007781,CUST-0012,/search,page_view,2024-12-23 21:05:07,desktop,Chrome,bing
SESS-007782,CUST-0345,/products/clothing,purchase,2024-12-15 18:14:48,mobile,Edge,facebook
SESS-007783,CUST-0359,/,purchase,2024-05-08 04:27:43,tablet,Safari,facebook
SESS-007784,CUST-0322,/products/sports,click,2024-10-03 17:17:16,mobile,Safari,bing
SESS-007785,CUST-0023,/products,page_view,2024-09-10 02:36:19,mobile,Samsung Internet,bing
SESS-007786,,/search,page_view,2024-06-20 14:01:56,mobile,Samsung Internet,
SESS-007787,CUST-0315,/cart,page_view,2024-11-04 21:43:30,mobile,Safari,facebook
SESS-007788,CUST-0487,/account,video_play,2024-04-09 06:49:30,tablet,Edge,instagram
SESS-007789,CUST-0260,/checkout/confirmation,page_view,2024-12-29 22:25:12,mobile,Safari,tiktok
SESS-007790,,/,search,2024-10-18 06:18:37,mobile,Safari,instagram
SESS-007791,CUST-0439,/products/electronics,video_play,2024-03-08 02:49:55,mobile,Safari,direct
SESS-007792,CUST-0324,/checkout/confirmation,scroll,2024-02-29 23:59:38,tablet,Samsung Internet,twitter
SESS-007793,CUST-0235,/checkout,search,2024-09-20 07:15:07,desktop,Chrome,direct
SESS-007794,CUST-0351,/checkout/payment,scroll,2024-10-24 06:20:27,mobile,Firefox,affiliate
SESS-007795,,/contact,search,2024-03-01 17:15:31,mobile,Samsung Internet,affiliate
SESS-007796,CUST-0286,/blog,scroll,2024-03-29 17:15:34,mobile,Firefox,email_campaign
SESS-007797,CUST-0480,/account,begin_checkout,2030-11-27 12:00:00,bot,Python-urllib,google
SESS-007798,,/products/books,purchase,2024-12-12 17:11:25,desktop,Chrome,
SESS-007799,CUST-0335,/products/clothing,remove_from_cart,2024-02-21 00:51:00,mobile,Chrome,direct
SESS-007800,CUST-0337,/account/wishlist,search,2024-09-10 10:59:49,tablet,Chrome,
SESS-007801,CUST-0440,/products/electronics,click,2024-08-21 16:40:49,mobile,Samsung Internet,
SESS-007802,CUST-0098,/products/home,click,2024-09-27 02:51:12,mobile,Edge,google
SESS-007803,,/products/sports,page_view,2024-04-22 07:53:42,mobile,Safari,instagram
SESS-007804,CUST-0330,/search,page_view,2024-10-26 12:20:49,tablet,Chrome,email_campaign
SESS-007805,CUST-0120,/products/sports,page_view,2024-06-06 02:03:48,desktop,Safari,direct
SESS-007806,CUST-0484,/cart,video_play,2024-05-30 19:33:26,desktop,Safari,bing
SESS-007807,CUST-0431,/search,page_view,2024-03-20 14:24:28,mobile,Samsung Internet,bing
SESS-007808,CUST-0415,/search,video_play,2024-08-25 09:53:42,mobile,Edge,twitter
SESS-007809,CUST-0355,/checkout/confirmation,click,2024-09-25 00:26:07,desktop,Safari,facebook
SESS-007810,CUST-0364,/products/home,remove_from_cart,2024-02-03 20:59:21,mobile,Firefox,google
SESS-007811,CUST-0417,/checkout,remove_from_cart,2024-09-17 17:24:05,tablet,Edge,email_campaign
SESS-007812,CUST-0231,/products/clothing,scroll,2024-07-30 07:01:11,tablet,Chrome,instagram
SESS-007813,,/account/orders,page_view,2024-06-16 22:41:20,desktop,Edge,bing
SESS-007814,,/about,page_view,2024-12-08 11:22:22,mobile,Safari,affiliate
SESS-007815,CUST-0352,/products,page_view,2024-10-17 09:35:17,desktop,Safari,instagram
SESS-007816,CUST-0197,/contact,page_view,2024-01-25 08:29:47,tablet,Samsung Internet,
SESS-007817,CUST-0476,/products/books,scroll,2024-02-07 11:43:19,tablet,Chrome,tiktok
SESS-007818,CUST-0220,/returns,page_view,2024-02-08 14:23:19,tablet,Edge,affiliate
SESS-007819,CUST-0204,/products/clothing,click,2024-08-03 05:14:52,tablet,Safari,
SESS-007820,CUST-0476,/checkout/payment,page_view,2024-09-20 16:28:58,desktop,Chrome,twitter
SESS-007821,,/account/orders,page_view,2024-12-14 09:59:09,tablet,Chrome,twitter
SESS-007822,CUST-0475,/search,page_view,2024-04-22 20:12:26,mobile,Chrome,email_campaign
SESS-007823,CUST-0248,/cart,page_view,2024-06-22 22:36:52,mobile,Safari,instagram
SESS-007824,CUST-0395,/cart,remove_from_cart,2024-12-17 11:55:31,mobile,Safari,
SESS-007825,CUST-0142,/checkout/payment,page_view,2024-09-04 10:45:21,desktop,Samsung Internet,direct
SESS-007826,,/about,search,2024-11-29 17:13:22,mobile,Chrome,twitter
SESS-007827,CUST-0205,/,page_view,2024-02-28 08:59:35,desktop,Chrome,
SESS-007828,CUST-0019,/products/sports,click,2024-02-18 00:24:33,mobile,Firefox,tiktok
SESS-007829,,/products,add_to_cart,2024-02-22 20:35:33,tablet,Safari,instagram
SESS-007830,CUST-0477,/products,click,2024-12-27 21:18:22,mobile,Firefox,bing
SESS-007831,,/account/wishlist,video_play,2024-10-29 21:06:22,mobile,Safari,email_campaign
SESS-007832,CUST-0420,/products/home,click,2024-05-15 13:23:32,tablet,Firefox,google
SESS-007833,,/products/electronics,page_view,2024-05-08 08:43:15,desktop,Chrome,tiktok
SESS-007834,CUST-0149,/products/books,purchase,2024-05-21 23:19:35,desktop,Safari,tiktok
SESS-007835,CUST-0329,/about,click,2024-02-23 15:17:40,tablet,Samsung Internet,direct
SESS-007836,,/products,remove_from_cart,2024-03-10 03:54:09,tablet,Chrome,
SESS-007837,CUST-0375,/faq,remove_from_cart,2024-08-18 02:18:20,desktop,Chrome,facebook
SESS-007838,CUST-0323,/checkout/confirmation,page_view,2024-08-06 18:08:00,desktop,Chrome,instagram
SESS-007839,,/faq,click,2024-09-22 01:33:53,desktop,Chrome,affiliate
SESS-007840,CUST-0103,/products,video_play,2024-01-01 22:13:43,desktop,Safari,twitter
SESS-007841,CUST-0268,/products/home,click,2024-01-19 06:03:08,mobile,Chrome,affiliate
SESS-007842,CUST-0121,/checkout,purchase,2024-10-26 10:06:05,desktop,Safari,email_campaign
SESS-007843,CUST-0171,/checkout/payment,scroll,2024-11-07 09:26:29,mobile,Safari,tiktok
SESS-007844,CUST-0281,/products/electronics,search,2024-10-29 22:29:46,desktop,Samsung Internet,
SESS-007845,CUST-0074,/products/home,page_view,2024-10-13 16:18:50,mobile,Chrome,tiktok
SESS-007846,,/products/sports,scroll,2024-12-15 03:03:30,desktop,Safari,affiliate
SESS-007847,CUST-0123,/products/books,page_view,2024-05-25 06:24:53,desktop,Samsung Internet,direct
SESS-007848,,/products/clothing,add_to_cart,2024-02-10 08:06:18,mobile,Edge,twitter
SESS-007849,CUST-0316,/products/home,click,2024-11-12 15:39:42,mobile,Safari,direct
SESS-007850,CUST-0111,/products/clothing,remove_from_cart,2024-06-05 11:45:56,mobile,Samsung Internet,bing
SESS-007851,CUST-0308,/about,scroll,2024-12-16 21:21:10,tablet,Safari,direct
SESS-007852,CUST-0046,/,purchase,2024-11-23 11:07:07,mobile,Chrome,email_campaign
SESS-007853,CUST-0496,/checkout/confirmation,add_to_cart,2024-12-27 21:14:01,tablet,Edge,instagram
SESS-007854,CUST-0398,/contact,begin_checkout,2024-04-25 12:14:23,mobile,Firefox,bing
SESS-007855,,/search,video_play,2024-04-07 05:13:28,bot,Bingbot,instagram
SESS-007856,CUST-0308,/about,click,2024-12-05 07:22:48,desktop,Samsung Internet,email_campaign
SESS-007857,,/checkout/payment,purchase,2024-02-29 09:07:59,desktop,Edge,instagram
SESS-007858,CUST-0396,/products/books,purchase,2024-11-15 03:56:12,mobile,Chrome,google
SESS-007859,CUST-0141,/products/clothing,purchase,2024-07-14 06:26:13,desktop,Chrome,google
SESS-007860,CUST-0466,/checkout,click,2024-10-15 20:27:18,mobile,Chrome,facebook
SESS-007861,CUST-0400,/products/clothing,page_view,2024-10-23 00:57:20,tablet,Samsung Internet,facebook
SESS-007862,,/products/clothing,remove_from_cart,2024-07-16 01:48:37,mobile,Firefox,affiliate
SESS-007863,,/products/clothing,begin_checkout,2024-03-29 18:35:17,mobile,Safari,google
SESS-007864,CUST-0451,/products/books,remove_from_cart,2024-09-02 06:55:07,desktop,Firefox,affiliate
SESS-007865,,/returns,page_view,2024-08-04 20:50:45,mobile,Samsung Internet,
SESS-007866,CUST-0126,/account/orders,page_view,2024-12-24 14:15:20,desktop,Safari,email_campaign
SESS-007867,CUST-0270,/products/sports,purchase,2024-06-14 21:49:11,mobile,Safari,affiliate
SESS-007868,,/,add_to_cart,2024-01-01 11:06:33,desktop,Safari,affiliate
SESS-007869,,/products/electronics,search,2024-04-08 23:42:13,tablet,Chrome,tiktok
SESS-007870,,/contact,remove_from_cart,2024-08-26 23:33:51,desktop,Edge,tiktok
SESS-007871,CUST-0140,/products/clothing,page_view,2024-07-18 00:38:52,mobile,Chrome,tiktok
SESS-007872,,/returns,remove_from_cart,2024-08-17 04:36:03,desktop,Safari,affiliate
SESS-007873,CUST-0184,/checkout/payment,page_view,2024-07-31 00:30:16,mobile,Firefox,direct
SESS-007874,CUST-0068,/cart,purchase,2024-09-04 10:40:57,mobile,Chrome,
SESS-007875,CUST-0420,/about,video_play,2024-02-28 05:44:15,desktop,Chrome,google
SESS-007876,,/returns,video_play,2024-11-11 14:13:36,desktop,Safari,
SESS-007877,,/products/home,video_play,2024-06-03 05:55:07,desktop,Chrome,email_campaign
SESS-007878,CUST-0433,/products/electronics,remove_from_cart,2024-01-06 14:15:20,desktop,Chrome,email_campaign
SESS-007879,,/products,begin_checkout,2024-04-25 08:30:55,desktop,Samsung Internet,instagram
SESS-007880,CUST-0404,/products/sports,scroll,2024-01-25 00:28:07,desktop,Edge,tiktok
SESS-007881,CUST-0058,/products/books,remove_from_cart,2024-05-22 23:27:42,desktop,Chrome,direct
SESS-007882,CUST-0072,/products/electronics,scroll,2024-04-23 17:39:40,desktop,Edge,facebook
SESS-007883,,/products/home,page_view,2024-03-25 12:19:40,tablet,Safari,bing
SESS-007884,CUST-0498,/checkout/payment,purchase,2024-03-10 19:14:34,desktop,Chrome,instagram
SESS-007885,,/,page_view,2024-09-12 06:49:22,desktop,Chrome,facebook
SESS-007886,CUST-0131,/products/books,purchase,2024-11-07 06:08:07,desktop,Safari,google
SESS-007887,CUST-0181,/products/books,add_to_cart,2024-11-03 22:21:50,mobile,Chrome,bing
SESS-007888,CUST-0496,/account/wishlist,search,2024-12-18 01:36:55,mobile,Chrome,
SESS-007889,CUST-0067,/products/home,page_view,2024-08-17 12:54:06,tablet,Edge,
SESS-007890,CUST-0202,/account,page_view,2024-11-09 08:46:11,desktop,Firefox,instagram
SESS-007891,CUST-0124,/cart,purchase,2024-09-23 22:42:38,tablet,Chrome,google
SESS-007892,,/checkout/confirmation,click,2024-09-06 22:22:12,mobile,Chrome,bing
SESS-007893,CUST-0342,/account/wishlist,search,2024-02-21 12:43:17,mobile,Edge,tiktok
SESS-007894,CUST-0181,/products/home,click,2024-09-03 06:50:00,desktop,Safari,bing
SESS-007895,CUST-0443,/products/clothing,add_to_cart,2024-10-15 11:42:09,tablet,Chrome,facebook
SESS-007896,CUST-0450,/,video_play,2024-12-02 17:05:31,tablet,Firefox,affiliate
SESS-007897,CUST-0253,/cart,remove_from_cart,2024-04-20 16:21:52,desktop,Firefox,affiliate
SESS-007898,CUST-0331,/search,click,2024-11-01 07:21:15,mobile,Safari,twitter
SESS-007899,CUST-0094,/account/orders,remove_from_cart,2024-07-31 04:24:18,desktop,Chrome,facebook
SESS-007900,CUST-0240,/blog,search,2024-06-16 22:14:29,tablet,Edge,email_campaign
SESS-007901,CUST-0388,/products/sports,search,2024-02-18 08:32:05,tablet,Safari,tiktok
SESS-007902,,/,video_play,2024-07-08 18:52:42,tablet,Chrome,twitter
SESS-007903,CUST-0428,/cart,click,2024-10-10 04:22:47,desktop,Safari,instagram
SESS-007904,CUST-0284,/returns,remove_from_cart,2024-11-26 00:06:01,mobile,Chrome,google
SESS-007905,CUST-0285,/account/wishlist,video_play,2024-05-28 11:03:24,mobile,Chrome,tiktok
SESS-007906,CUST-0159,/products/clothing,purchase,2024-04-10 18:59:06,desktop,Edge,instagram
SESS-007907,,/returns,begin_checkout,2024-05-05 07:31:18,mobile,Chrome,
SESS-007908,CUST-0374,/products/home,video_play,2024-11-03 07:39:12,mobile,Safari,google
SESS-007909,,/returns,click,2024-04-17 14:35:40,tablet,Chrome,facebook
SESS-007910,CUST-0370,/account/wishlist,click,2024-12-01 21:26:39,mobile,Chrome,
SESS-007911,CUST-0139,/checkout/confirmation,click,2024-04-16 03:11:12,desktop,Chrome,google
SESS-007912,,/products/home,video_play,2024-09-25 16:35:44,mobile,Firefox,affiliate
SESS-007913,,/contact,remove_from_cart,2024-06-21 13:22:34,tablet,Safari,google
SESS-007914,CUST-0075,/account,page_view,2024-12-11 08:24:59,desktop,Chrome,instagram
SESS-007915,CUST-0225,/account/orders,click,2024-12-07 13:13:08,mobile,Safari,instagram
SESS-007916,,/about,purchase,2024-09-05 08:41:42,desktop,Safari,email_campaign
SESS-007917,,/checkout/payment,page_view,2024-07-16 07:59:26,mobile,Safari,affiliate
SESS-007918,CUST-0319,/products/books,begin_checkout,2024-05-19 03:28:45,tablet,Firefox,instagram
SESS-007919,CUST-0020,/,scroll,2024-02-13 15:12:57,mobile,Firefox,instagram
SESS-007920,CUST-0472,/faq,remove_from_cart,2024-03-01 07:56:22,desktop,Chrome,google
SESS-007921,CUST-0234,/checkout/payment,page_view,2024-10-02 10:13:27,desktop,Safari,tiktok
SESS-007922,CUST-0294,/cart,add_to_cart,2024-09-04 20:41:26,desktop,Samsung Internet,email_campaign
SESS-007923,CUST-0077,/checkout/confirmation,purchase,2024-06-06 16:55:36,tablet,Chrome,email_campaign
SESS-007924,CUST-0462,/faq,page_view,2024-10-29 05:35:58,tablet,Firefox,facebook
SESS-007925,CUST-0312,/products/books,page_view,2024-04-20 07:36:20,tablet,Firefox,instagram
SESS-007926,CUST-0086,/contact,add_to_cart,2024-04-21 08:44:52,tablet,Samsung Internet,
SESS-007927,,/cart,page_view,2024-03-10 01:55:22,tablet,Safari,email_campaign
SESS-007928,CUST-0487,/checkout/payment,video_play,2024-01-20 10:33:09,mobile,Samsung Internet,affiliate
SESS-007929,,/products/clothing,click,2024-05-13 14:57:58,mobile,Safari,instagram
SESS-007930,CUST-0078,/returns,page_view,2024-12-09 14:08:48,mobile,Chrome,instagram
SESS-007931,,/products/sports,begin_checkout,2024-10-23 18:39:09,desktop,Chrome,affiliate
SESS-007932,CUST-0091,/products/books,page_view,2024-03-20 10:50:40,mobile,Chrome,direct
SESS-007933,CUST-0485,/products/books,purchase,2024-06-13 16:51:57,mobile,Chrome,twitter
SESS-007934,CUST-0071,/checkout,begin_checkout,2024-06-22 03:51:42,mobile,Chrome,facebook
SESS-007935,CUST-0142,/search,page_view,2024-09-06 10:03:34,mobile,Chrome,email_campaign
SESS-007936,CUST-0208,/returns,video_play,2024-09-07 17:29:42,desktop,Edge,email_campaign
SESS-007937,CUST-0259,/blog,click,2024-03-04 12:28:15,desktop,Firefox,instagram
SESS-007938,,/account/orders,add_to_cart,2024-05-26 14:44:01,desktop,Chrome,instagram
SESS-007939,CUST-0437,/faq,video_play,2024-09-08 16:24:33,tablet,Samsung Internet,direct
SESS-007940,,/products,page_view,2024-07-06 10:21:23,tablet,Firefox,bing
SESS-007941,CUST-0204,/about,search,2024-11-30 08:27:49,mobile,Edge,tiktok
SESS-007942,CUST-0424,/cart,video_play,2024-04-19 08:50:52,desktop,Safari,direct
SESS-007943,,/products,page_view,2024-03-14 13:51:50,desktop,Firefox,email_campaign
SESS-007944,,/checkout,purchase,2024-02-07 07:20:23,desktop,Chrome,email_campaign
SESS-007945,CUST-0115,/products/clothing,page_view,2024-08-12 18:17:20,desktop,Samsung Internet,google
SESS-007946,CUST-0036,/checkout/payment,begin_checkout,2024-09-24 02:09:00,desktop,Chrome,instagram
SESS-007947,CUST-0183,/,video_play,2024-11-24 14:12:01,desktop,Chrome,affiliate
SESS-007948,,/checkout,add_to_cart,2024-02-26 06:43:21,mobile,Chrome,instagram
SESS-007949,CUST-0043,/checkout/confirmation,add_to_cart,2024-12-18 11:09:41,desktop,Edge,twitter
SESS-007950,CUST-0436,/products/electronics,add_to_cart,2024-01-23 22:17:48,tablet,Edge,twitter
SESS-007951,,/cart,purchase,2024-09-02 15:38:46,desktop,Safari,tiktok
SESS-007952,CUST-0110,/products/books,page_view,2024-02-29 21:02:46,bot,SemrushBot,facebook
SESS-007953,CUST-0458,/account/wishlist,page_view,2024-07-11 07:42:23,mobile,Chrome,instagram
SESS-007954,,/products/books,begin_checkout,2024-09-10 05:40:53,desktop,Safari,facebook
SESS-007955,CUST-0234,/,page_view,2024-03-06 00:45:03,mobile,Chrome,instagram
SESS-007956,,/blog,add_to_cart,2024-04-09 00:46:47,mobile,Samsung Internet,
SESS-007957,CUST-0325,/products/books,begin_checkout,2024-03-19 23:38:54,mobile,Chrome,direct
SESS-007958,CUST-0050,/checkout/confirmation,remove_from_cart,2024-06-01 15:20:26,mobile,Chrome,facebook
SESS-007959,CUST-0020,/products/books,scroll,2024-08-30 21:05:56,mobile,Chrome,direct
SESS-007960,CUST-0018,/products,begin_checkout,2024-06-10 19:49:40,tablet,Safari,twitter
SESS-007961,CUST-0361,/checkout,page_view,2024-01-31 10:27:56,tablet,Safari,twitter
SESS-007962,,/search,search,2024-09-05 09:05:19,desktop,Firefox,facebook
SESS-007963,CUST-0499,/products/home,begin_checkout,2024-12-21 07:47:21,tablet,Samsung Internet,instagram
SESS-007964,CUST-0203,/faq,page_view,2024-12-07 08:37:43,tablet,Edge,instagram
SESS-007965,,/products/sports,begin_checkout,2024-06-27 05:40:40,desktop,Samsung Internet,google
SESS-007966,CUST-0340,/account,click,2024-05-06 22:58:07,mobile,Safari,direct
SESS-007967,CUST-0477,/search,video_play,2024-06-05 14:49:17,tablet,Edge,
SESS-007968,CUST-0329,/,add_to_cart,2024-02-19 08:29:44,mobile,Samsung Internet,tiktok
SESS-007969,CUST-0289,/checkout/confirmation,remove_from_cart,2024-11-03 06:34:13,desktop,Firefox,direct
SESS-007970,,/products/electronics,page_view,2024-05-02 02:47:34,mobile,Safari,google
SESS-007971,,/checkout,click,2024-02-23 08:35:47,mobile,Firefox,instagram
SESS-007972,CUST-0239,/about,remove_from_cart,2024-10-01 14:00:08,tablet,Safari,twitter
SESS-007973,CUST-0466,/account/wishlist,begin_checkout,2024-09-30 09:39:20,mobile,Safari,google
SESS-007974,CUST-0046,/search,search,2024-06-25 11:19:06,desktop,Samsung Internet,instagram
SESS-007975,CUST-0322,/products/sports,purchase,2024-08-27 21:59:33,mobile,Firefox,email_campaign
SESS-007976,,/products/electronics,add_to_cart,2024-02-02 09:36:25,mobile,Chrome,bing
SESS-007977,CUST-0312,/account,click,2024-08-28 03:05:59,desktop,Safari,
SESS-007978,CUST-0287,/account/wishlist,page_view,2024-04-21 04:09:31,tablet,Edge,email_campaign
SESS-007979,CUST-0298,/account/wishlist,click,2024-09-23 20:57:24,tablet,Safari,instagram
SESS-007980,CUST-0160,/products/electronics,click,2024-05-13 21:12:41,tablet,Safari,google
SESS-007981,,/contact,page_view,2024-09-16 17:28:15,mobile,Chrome,google
SESS-007982,,/contact,click,2024-06-08 11:12:55,mobile,Edge,instagram
SESS-007983,CUST-0117,/products/sports,page_view,2024-10-19 20:49:10,tablet,Edge,direct
SESS-007984,CUST-0097,/cart,click,2024-12-29 10:23:00,tablet,Safari,
SESS-007985,CUST-0353,/account/wishlist,remove_from_cart,2024-09-04 06:38:38,desktop,Firefox,facebook
SESS-007986,CUST-0249,/products/electronics,add_to_cart,2024-07-23 18:21:20,mobile,Edge,google
SESS-007987,,/account/orders,click,2024-03-10 22:23:27,tablet,Chrome,
SESS-007988,,/account/orders,video_play,2024-05-27 05:05:29,tablet,Chrome,facebook
SESS-007989,,/products/electronics,video_play,2024-04-01 19:33:02,desktop,Firefox,tiktok
SESS-007990,CUST-0152,/account,remove_from_cart,2024-06-10 12:01:26,desktop,Firefox,
SESS-007991,,/products/sports,page_view,2024-11-04 10:00:48,bot,SemrushBot,affiliate
SESS-007992,CUST-0429,/checkout,search,2024-09-21 16:48:07,desktop,Safari,instagram
SESS-007993,CUST-0201,/blog,search,2024-01-29 16:50:15,desktop,Chrome,
SESS-007994,CUST-0053,/about,begin_checkout,2024-05-26 18:33:36,desktop,Safari,tiktok
SESS-007995,CUST-0032,/products/sports,remove_from_cart,2024-12-22 14:46:11,tablet,Chrome,direct
SESS-007996,,/products/sports,remove_from_cart,2024-01-21 23:16:13,desktop,Chrome,affiliate
SESS-007997,CUST-0345,/products/clothing,add_to_cart,2024-01-20 16:22:22,mobile,Edge,direct
SESS-007998,CUST-0420,/products,purchase,2024-09-19 22:27:35,tablet,Safari,google
SESS-007999,,/returns,purchase,2024-05-10 12:31:03,mobile,Chrome,affiliate
SESS-008000,CUST-0236,/blog,scroll,2024-10-02 20:24:49,mobile,Edge,twitter
SESS-008001,CUST-0198,/products/clothing,page_view,2024-01-15 11:38:10,desktop,Firefox,facebook
SESS-008002,,/products/clothing,scroll,2024-10-16 02:32:27,desktop,Firefox,email_campaign
SESS-008003,,/products/home,scroll,2024-08-03 00:17:25,desktop,Chrome,direct
SESS-008004,CUST-0464,/faq,scroll,2024-08-21 16:46:16,tablet,Chrome,affiliate
SESS-008005,CUST-0010,/about,video_play,2024-03-02 15:33:40,desktop,Chrome,google
SESS-008006,CUST-0265,/checkout/payment,purchase,2024-03-04 01:17:44,mobile,Safari,tiktok
SESS-008007,,/products,click,2024-09-10 21:49:36,mobile,Firefox,google
SESS-008008,,/account/orders,page_view,2024-04-21 17:58:07,mobile,Samsung Internet,
SESS-008009,CUST-0174,/account/wishlist,begin_checkout,2024-03-09 02:29:13,desktop,Samsung Internet,
SESS-008010,,/products/clothing,video_play,2024-10-12 13:20:07,desktop,Edge,twitter
SESS-008011,CUST-0480,/faq,page_view,2024-09-19 04:20:33,tablet,Chrome,facebook
SESS-008012,CUST-0106,/,search,2024-01-10 03:00:13,mobile,Chrome,affiliate
SESS-008013,CUST-0412,/account/orders,page_view,2024-11-04 04:58:17,desktop,Edge,twitter
SESS-008014,CUST-0043,/account/orders,page_view,2024-10-01 01:31:29,mobile,Safari,twitter
SESS-008015,CUST-0238,/checkout/confirmation,scroll,2024-01-17 15:46:18,mobile,Samsung Internet,tiktok
SESS-008016,CUST-0130,/account,remove_from_cart,1970-01-01 00:00:00,mobile,Samsung Internet,affiliate
SESS-008017,,/products,search,2024-05-29 21:54:38,tablet,Safari,twitter
SESS-008018,CUST-0437,/account/orders,remove_from_cart,2024-01-18 09:58:39,mobile,Chrome,
SESS-008019,,/products/books,purchase,2024-04-19 17:20:09,bot,Bingbot,instagram
SESS-008020,CUST-0122,/products,begin_checkout,2024-04-29 16:45:23,mobile,Safari,
SESS-008021,CUST-0281,/checkout/payment,scroll,2024-01-13 14:47:20,desktop,Firefox,google
SESS-008022,CUST-0209,/checkout/payment,purchase,2024-12-05 12:59:48,mobile,Edge,tiktok
SESS-008023,CUST-0297,/search,page_view,2024-10-22 21:53:41,mobile,Chrome,twitter
SESS-008024,CUST-0373,/blog,purchase,2024-03-07 21:52:36,mobile,Chrome,instagram
SESS-008025,,/faq,video_play,2024-11-28 18:23:26,desktop,Safari,affiliate
SESS-008026,,/checkout/confirmation,page_view,2024-01-28 07:56:17,desktop,Firefox,direct
SESS-008027,CUST-0245,/contact,begin_checkout,2024-01-20 06:27:26,mobile,Chrome,bing
SESS-008028,,/cart,remove_from_cart,2024-02-06 21:01:25,mobile,Chrome,tiktok
SESS-008029,,/cart,click,2024-05-04 03:25:05,tablet,Safari,facebook
SESS-008030,CUST-0475,/cart,purchase,2024-11-18 05:49:51,mobile,Safari,email_campaign
SESS-008031,CUST-0460,/account/wishlist,begin_checkout,2024-01-05 07:30:42,desktop,Chrome,tiktok
SESS-008032,CUST-0050,/checkout/confirmation,scroll,2024-09-23 13:21:49,desktop,Safari,affiliate
SESS-008033,CUST-0010,/blog,purchase,2024-05-14 14:36:08,desktop,Chrome,tiktok
SESS-008034,CUST-0389,/account,page_view,2024-03-16 04:58:38,mobile,Safari,twitter
SESS-008035,,/products/books,remove_from_cart,2024-04-20 15:54:43,tablet,Firefox,instagram
SESS-008036,CUST-0235,/contact,click,2024-11-04 04:55:11,desktop,Samsung Internet,tiktok
SESS-008037,,/about,click,2024-09-07 18:22:27,mobile,Chrome,
SESS-008038,CUST-0295,/products/sports,page_view,2024-02-06 15:56:19,desktop,Safari,twitter
SESS-008039,CUST-0469,/,video_play,2024-05-23 07:26:24,mobile,Firefox,twitter
SESS-008040,CUST-0042,/contact,page_view,2024-08-15 20:25:21,mobile,Chrome,twitter
SESS-008041,,/blog,purchase,2024-12-06 21:59:35,mobile,Chrome,google
SESS-008042,CUST-0443,/returns,page_view,2024-01-13 10:38:46,desktop,Safari,facebook
SESS-008043,CUST-0041,/blog,click,2024-07-14 08:55:27,mobile,Chrome,affiliate
SESS-008044,CUST-0086,/products/books,page_view,2024-11-17 16:47:10,mobile,Edge,affiliate
SESS-008045,,/products/electronics,click,2024-02-04 01:30:01,mobile,Safari,facebook
SESS-008046,,/checkout/payment,page_view,2024-07-29 13:44:31,mobile,Firefox,direct
SESS-008047,,/checkout/confirmation,remove_from_cart,2024-07-31 00:35:19,desktop,Chrome,tiktok
SESS-008048,CUST-0016,/checkout,page_view,2024-07-04 03:44:11,mobile,Safari,instagram
SESS-008049,,/returns,page_view,2024-03-26 19:05:45,mobile,Chrome,email_campaign
SESS-008050,,/checkout/payment,page_view,2024-08-22 10:36:03,mobile,Safari,direct
SESS-008051,CUST-0043,/products,remove_from_cart,2024-06-10 11:08:46,tablet,Chrome,instagram
SESS-008052,CUST-0343,/products/home,scroll,2024-10-23 12:18:47,tablet,Safari,instagram
SESS-008053,CUST-0317,/products/sports,begin_checkout,2024-10-12 18:15:46,desktop,Safari,facebook
SESS-008054,CUST-0217,/account/wishlist,click,2024-03-09 22:16:42,mobile,Safari,bing
SESS-008055,CUST-0322,/products,begin_checkout,2024-06-23 13:21:02,desktop,Chrome,email_campaign
SESS-008056,CUST-0019,/blog,remove_from_cart,2024-05-01 01:03:56,mobile,Edge,bing
SESS-008057,CUST-0454,/checkout/payment,page_view,2024-06-02 21:11:20,mobile,Chrome,twitter
SESS-008058,,/search,page_view,2024-05-06 16:29:02,desktop,Firefox,affiliate
SESS-008059,CUST-0474,/search,search,2024-03-21 13:29:13,desktop,Safari,direct
SESS-008060,CUST-0302,/products/books,page_view,2024-05-09 18:50:32,mobile,Edge,
SESS-008061,CUST-0428,/account,begin_checkout,2024-01-23 23:15:55,tablet,Chrome,
SESS-008062,CUST-0499,/,begin_checkout,2024-05-21 07:22:37,desktop,Chrome,facebook
SESS-008063,CUST-0315,/checkout/confirmation,add_to_cart,2024-10-11 00:27:14,mobile,Firefox,email_campaign
SESS-008064,CUST-0109,/account/wishlist,purchase,2024-08-09 22:32:08,mobile,Chrome,instagram
SESS-008065,CUST-0180,/account/orders,video_play,2024-08-07 13:03:49,mobile,Safari,direct
SESS-008066,CUST-0223,/account,scroll,2024-02-03 18:00:17,mobile,Chrome,facebook
SESS-008067,CUST-0207,/blog,page_view,2024-11-11 04:49:59,mobile,Edge,google
SESS-008068,CUST-0375,/products/clothing,click,2024-06-22 17:25:30,tablet,Chrome,direct
SESS-008069,CUST-0134,/account/wishlist,begin_checkout,2024-10-01 07:09:23,desktop,Chrome,direct
SESS-008070,CUST-0443,/account/wishlist,page_view,2024-07-08 12:20:55,mobile,Chrome,email_campaign
SESS-008071,,/account,page_view,2024-05-07 13:14:31,mobile,Safari,email_campaign
SESS-008072,CUST-0016,/products/electronics,click,2024-03-13 16:27:15,mobile,Safari,facebook
SESS-008073,CUST-0212,/search,click,2024-07-19 16:46:54,mobile,Firefox,affiliate
SESS-008074,CUST-0168,/account,click,2024-12-23 10:58:54,desktop,Chrome,affiliate
SESS-008075,CUST-0252,/products/books,page_view,2024-07-29 11:13:24,mobile,Chrome,affiliate
SESS-008076,CUST-0175,/search,page_view,2024-08-29 14:01:28,tablet,Safari,tiktok
SESS-008077,CUST-0423,/products/sports,click,2024-01-07 11:39:43,mobile,Firefox,affiliate
SESS-008078,,/checkout/payment,purchase,2024-12-29 18:43:26,desktop,Edge,
SESS-008079,,/checkout/confirmation,scroll,2024-04-01 12:56:49,mobile,Chrome,twitter
SESS-008080,CUST-0019,/checkout/payment,add_to_cart,2024-03-25 06:01:21,desktop,Chrome,direct
SESS-008081,CUST-0281,/products,video_play,2024-01-27 04:35:51,desktop,Chrome,affiliate
SESS-008082,CUST-0481,/contact,add_to_cart,2024-02-09 22:58:04,tablet,Chrome,bing
SESS-008083,CUST-0240,/checkout,purchase,2024-07-06 19:40:04,mobile,Chrome,tiktok
SESS-008084,CUST-0181,/checkout,page_view,2024-12-14 17:34:46,desktop,Safari,affiliate
SESS-008085,,/checkout,click,2024-06-14 15:06:16,mobile,Edge,email_campaign
SESS-008086,,/returns,page_view,2024-08-29 07:39:06,tablet,Edge,twitter
SESS-008087,CUST-0043,/products/clothing,scroll,2024-03-28 21:20:25,mobile,Chrome,affiliate
SESS-008088,CUST-0252,/account/wishlist,search,2024-10-05 00:30:14,mobile,Edge,email_campaign
SESS-008089,CUST-0332,/checkout/confirmation,page_view,2024-06-28 05:34:05,mobile,Edge,instagram
SESS-008090,CUST-0053,/cart,page_view,2024-10-13 13:41:00,tablet,Chrome,email_campaign
SESS-008091,CUST-0188,/checkout,click,2024-05-01 07:35:07,desktop,Chrome,affiliate
SESS-008092,,/blog,begin_checkout,2024-09-14 06:31:32,tablet,Firefox,google
SESS-008093,CUST-0404,/account/orders,video_play,2024-04-21 07:59:19,tablet,Safari,facebook
SESS-008094,,/products/sports,purchase,2024-12-14 07:20:39,desktop,Chrome,
SESS-008095,CUST-0350,/account/wishlist,remove_from_cart,2024-04-03 07:32:20,mobile,Chrome,email_campaign
SESS-008096,CUST-0482,/products/electronics,add_to_cart,2024-02-29 00:46:52,bot,Bingbot,twitter
SESS-008097,,/products/electronics,search,2024-09-07 06:03:38,desktop,Chrome,email_campaign
SESS-008098,CUST-0372,/products/home,purchase,2024-01-28 04:53:43,mobile,Chrome,affiliate
SESS-008099,CUST-0203,/products/home,purchase,2024-08-05 01:19:40,mobile,Edge,facebook
SESS-008100,CUST-0174,/cart,page_view,2024-11-26 20:40:42,desktop,Samsung Internet,direct
SESS-008101,CUST-0176,/account/wishlist,video_play,2024-07-31 17:02:54,mobile,Edge,direct
SESS-008102,,/products/books,video_play,2024-07-01 13:21:32,mobile,Chrome,bing
SESS-008103,CUST-0171,/blog,page_view,2024-07-03 11:24:03,mobile,Samsung Internet,tiktok
SESS-008104,CUST-0341,/blog,search,2024-04-27 18:53:53,tablet,Chrome,direct
SESS-008105,CUST-0453,/products/home,remove_from_cart,2024-02-17 19:14:51,tablet,Chrome,instagram
SESS-008106,CUST-0387,/about,video_play,2024-12-15 23:28:59,desktop,Samsung Internet,facebook
SESS-008107,,/returns,purchase,2024-01-07 21:00:36,desktop,Firefox,google
SESS-008108,CUST-0222,/products/books,scroll,2024-03-27 03:18:20,tablet,Edge,affiliate
SESS-008109,CUST-0233,/products/sports,begin_checkout,2024-06-01 04:00:37,desktop,Edge,instagram
SESS-008110,CUST-0258,/returns,remove_from_cart,2024-01-03 08:10:00,mobile,Chrome,email_campaign
SESS-008111,,/products,click,2024-06-26 00:44:57,mobile,Chrome,instagram
SESS-008112,CUST-0204,/account/wishlist,add_to_cart,2024-01-04 06:08:12,mobile,Firefox,affiliate
SESS-008113,CUST-0292,/products/home,purchase,2024-06-14 17:57:40,desktop,Chrome,instagram
SESS-008114,CUST-0457,/search,click,2024-11-04 23:32:18,mobile,Chrome,instagram
SESS-008115,CUST-0484,/contact,page_view,2024-01-31 20:47:20,desktop,Chrome,bing
SESS-008116,CUST-0086,/products/home,add_to_cart,2024-04-13 02:41:39,tablet,Firefox,affiliate
SESS-008117,,/products/books,page_view,2024-02-17 15:20:20,desktop,Safari,tiktok
SESS-008118,CUST-0248,/about,scroll,2030-02-09 12:00:00,mobile,Chrome,
SESS-008119,CUST-0190,/checkout/payment,page_view,2024-05-09 22:27:19,tablet,Safari,affiliate
SESS-008120,,/returns,add_to_cart,2024-11-02 11:07:00,mobile,Safari,direct
SESS-008121,CUST-0243,/checkout/confirmation,search,2024-04-06 10:45:46,mobile,Samsung Internet,email_campaign
SESS-008122,CUST-0150,/products/home,purchase,2024-05-18 13:00:15,mobile,Safari,email_campaign
SESS-008123,,/account/wishlist,search,2024-08-22 22:41:19,desktop,Chrome,direct
SESS-008124,CUST-0346,/account/orders,remove_from_cart,2024-07-07 06:55:02,mobile,Chrome,affiliate
SESS-008125,CUST-0182,/faq,purchase,2024-04-30 13:46:19,desktop,Chrome,instagram
SESS-008126,,/account/orders,remove_from_cart,2024-08-30 22:13:54,mobile,Samsung Internet,instagram
SESS-008127,,/checkout,remove_from_cart,2024-06-02 18:18:18,desktop,Samsung Internet,google
SESS-008128,CUST-0370,/account/wishlist,page_view,2024-08-12 00:15:40,mobile,Chrome,
SESS-008129,CUST-0129,/cart,click,2024-07-22 01:23:25,tablet,Firefox,email_campaign
SESS-008130,CUST-0060,/faq,add_to_cart,2024-12-14 21:31:35,tablet,Firefox,instagram
SESS-008131,CUST-0261,/about,page_view,2024-06-22 22:49:38,mobile,Chrome,affiliate
SESS-008132,CUST-0289,/products/sports,page_view,2024-05-19 07:23:05,desktop,Chrome,twitter
SESS-008133,CUST-0109,/contact,search,2024-09-15 07:28:32,mobile,Safari,tiktok
SESS-008134,CUST-0295,/products,page_view,2024-06-07 03:10:49,mobile,Chrome,email_campaign
SESS-008135,CUST-0011,/account,search,2030-08-20 12:00:00,mobile,Chrome,tiktok
SESS-008136,,/products/clothing,add_to_cart,2024-05-28 06:14:01,desktop,Chrome,direct
SESS-008137,CUST-0414,/products,click,2024-04-14 17:54:21,mobile,Safari,
SESS-008138,CUST-0341,/products/electronics,search,2024-05-10 20:46:03,mobile,Chrome,tiktok
SESS-008139,CUST-0008,/returns,remove_from_cart,2024-01-25 01:39:12,desktop,Safari,direct
SESS-008140,CUST-0089,/,add_to_cart,2024-05-24 05:47:33,mobile,Chrome,email_campaign
SESS-008141,CUST-0407,/account/wishlist,search,2024-07-26 15:09:41,mobile,Chrome,tiktok
SESS-008142,CUST-0193,/checkout/confirmation,begin_checkout,2024-03-18 11:32:10,tablet,Safari,instagram
SESS-008143,,/products/sports,page_view,2024-08-06 20:20:37,tablet,Safari,affiliate
SESS-008144,CUST-0280,/about,purchase,2024-07-20 20:50:45,tablet,Chrome,affiliate
SESS-008145,CUST-0230,/account/orders,search,2024-05-18 19:45:26,desktop,Safari,direct
SESS-008146,CUST-0346,/blog,video_play,2024-11-13 14:41:20,tablet,Firefox,tiktok
SESS-008147,,/search,page_view,2024-04-09 11:43:17,tablet,Safari,facebook
SESS-008148,,/blog,click,2024-10-14 06:41:02,mobile,Chrome,affiliate
SESS-008149,,/checkout,page_view,2024-06-09 11:44:01,mobile,Safari,email_campaign
SESS-008150,CUST-0179,/checkout/payment,add_to_cart,2024-03-30 13:34:20,tablet,Chrome,email_campaign
SESS-008151,CUST-0383,/cart,add_to_cart,2024-08-17 05:10:52,desktop,Chrome,bing
SESS-008152,CUST-0468,/returns,add_to_cart,2024-09-25 03:59:13,mobile,Safari,
SESS-008153,,/cart,begin_checkout,2024-02-02 15:43:34,desktop,Safari,tiktok
SESS-008154,CUST-0192,/checkout,click,2024-09-09 20:31:15,tablet,Chrome,twitter
SESS-008155,,/account/orders,page_view,2024-04-27 04:17:48,mobile,Chrome,direct
SESS-008156,,/contact,purchase,2024-08-27 09:40:06,tablet,Firefox,direct
SESS-008157,CUST-0172,/cart,page_view,2024-12-15 17:35:05,desktop,Edge,tiktok
SESS-008158,CUST-0127,/products/electronics,scroll,2024-06-10 20:14:47,desktop,Safari,email_campaign
SESS-008159,CUST-0230,/products/electronics,search,2024-02-09 14:22:00,mobile,Firefox,email_campaign
SESS-008160,,/cart,scroll,2024-01-20 23:10:45,desktop,Chrome,google
SESS-008161,CUST-0124,/contact,page_view,2024-11-27 06:09:31,mobile,Edge,tiktok
SESS-008162,CUST-0481,/returns,page_view,2024-07-02 22:10:37,desktop,Chrome,email_campaign
SESS-008163,CUST-0246,/faq,click,2024-03-24 12:54:34,mobile,Chrome,direct
SESS-008164,CUST-0432,/,purchase,2024-11-25 17:00:28,mobile,Chrome,affiliate
SESS-008165,CUST-0436,/products,scroll,2024-06-17 18:21:00,desktop,Chrome,google
SESS-008166,CUST-0328,/account/wishlist,add_to_cart,2024-09-24 02:06:04,mobile,Edge,tiktok
SESS-008167,CUST-0355,/products/clothing,page_view,2024-12-09 22:30:50,mobile,Samsung Internet,twitter
SESS-008168,CUST-0212,/about,page_view,2024-11-14 04:55:10,mobile,Chrome,direct
SESS-008169,CUST-0006,/blog,page_view,2024-10-13 21:46:46,mobile,Chrome,direct
SESS-008170,CUST-0007,/faq,add_to_cart,2024-09-13 09:01:26,mobile,Samsung Internet,twitter
SESS-008171,CUST-0011,/account/orders,search,2024-02-07 09:21:15,mobile,Safari,tiktok
SESS-008172,CUST-0383,/returns,video_play,2024-09-14 23:04:07,desktop,Edge,affiliate
SESS-008173,,/checkout/payment,video_play,2024-11-07 10:13:54,mobile,Edge,instagram
SESS-008174,CUST-0259,/products/electronics,click,2024-08-05 14:43:50,desktop,Firefox,twitter
SESS-008175,CUST-0122,/account/orders,page_view,2024-08-28 11:04:00,desktop,Chrome,email_campaign
SESS-008176,,/contact,purchase,2024-10-11 15:20:38,desktop,Chrome,tiktok
SESS-008177,,/account/orders,page_view,2024-01-23 22:08:45,tablet,Firefox,facebook
SESS-008178,CUST-0436,/faq,page_view,2024-04-05 13:53:21,desktop,Edge,google
SESS-008179,CUST-0208,/products/books,begin_checkout,2024-01-07 02:24:47,mobile,Edge,affiliate
SESS-008180,CUST-0071,/products,remove_from_cart,2024-11-02 03:24:58,mobile,Chrome,twitter
SESS-008181,CUST-0465,/products/electronics,page_view,2024-01-25 12:49:45,tablet,Edge,affiliate
SESS-008182,CUST-0307,/cart,purchase,2024-04-09 07:22:11,desktop,Chrome,affiliate
SESS-008183,,/products/home,add_to_cart,2024-06-28 02:24:49,mobile,Samsung Internet,
SESS-008184,CUST-0457,/faq,search,2024-04-17 08:18:12,tablet,Safari,affiliate
SESS-008185,,/blog,page_view,2024-10-09 13:04:02,desktop,Chrome,affiliate
SESS-008186,CUST-0239,/checkout/payment,begin_checkout,2024-01-30 10:47:18,mobile,Safari,facebook
SESS-008187,CUST-0321,/products/clothing,begin_checkout,2024-03-26 18:52:11,tablet,Chrome,email_campaign
SESS-008188,CUST-0439,/products/clothing,page_view,2024-07-04 15:38:23,desktop,Chrome,instagram
SESS-008189,CUST-0088,/account,video_play,2024-07-07 22:48:16,desktop,Chrome,google
SESS-008190,,/products/electronics,add_to_cart,2024-12-23 08:41:36,desktop,Edge,facebook
SESS-008191,CUST-0491,/checkout/confirmation,page_view,2024-10-29 04:33:29,mobile,Chrome,instagram
SESS-008192,CUST-0394,/products/home,remove_from_cart,2024-05-15 10:42:21,desktop,Firefox,google
SESS-008193,,/about,page_view,2024-07-11 16:27:19,tablet,Chrome,google
SESS-008194,CUST-0308,/account,page_view,2024-12-12 17:54:39,desktop,Chrome,facebook
SESS-008195,,/,video_play,2024-08-31 05:58:12,mobile,Safari,tiktok
SESS-008196,,/returns,purchase,2024-08-06 20:37:38,mobile,Chrome,affiliate
SESS-008197,CUST-0010,/about,click,2024-08-14 13:19:45,mobile,Safari,bing
SESS-008198,CUST-0283,/products/electronics,click,2024-11-09 15:38:34,mobile,Firefox,
SESS-008199,,/cart,begin_checkout,2024-07-29 00:25:13,tablet,Safari,direct
SESS-008200,,/account/wishlist,scroll,2024-03-27 21:04:47,mobile,Samsung Internet,facebook
SESS-008201,CUST-0383,/products/home,video_play,2024-02-15 07:57:01,tablet,Firefox,facebook
SESS-008202,CUST-0352,/products/clothing,page_view,2024-03-16 01:41:11,desktop,Chrome,instagram
SESS-008203,CUST-0160,/blog,add_to_cart,2024-12-01 03:52:02,desktop,Edge,tiktok
SESS-008204,CUST-0322,/account,begin_checkout,2024-01-17 00:07:18,mobile,Safari,
SESS-008205,,/account/wishlist,remove_from_cart,2024-11-25 20:48:39,desktop,Safari,email_campaign
SESS-008206,CUST-0003,/checkout,scroll,2024-12-07 19:27:21,desktop,Firefox,tiktok
SESS-008207,CUST-0090,/products/sports,video_play,2024-08-04 22:07:40,desktop,Safari,tiktok
SESS-008208,CUST-0441,/account/orders,scroll,2024-07-04 09:06:32,mobile,Safari,email_campaign
SESS-008209,CUST-0442,/products/sports,page_view,2024-01-23 22:51:51,desktop,Safari,
SESS-008210,CUST-0057,/checkout,page_view,2024-09-21 12:21:35,desktop,Samsung Internet,bing
SESS-008211,CUST-0354,/checkout/payment,remove_from_cart,2024-02-26 19:39:42,desktop,Chrome,bing
SESS-008212,CUST-0316,/products/sports,click,2024-07-28 03:12:04,desktop,Chrome,google
SESS-008213,,/products/sports,begin_checkout,2024-11-28 16:56:34,mobile,Safari,tiktok
SESS-008214,CUST-0405,/products/books,page_view,2024-02-22 06:49:53,mobile,Safari,tiktok
SESS-008215,CUST-0041,/returns,click,2024-08-02 06:46:43,mobile,Chrome,twitter
SESS-008216,,/products/books,page_view,2024-05-26 00:05:37,desktop,Firefox,tiktok
SESS-008217,,/account/orders,purchase,2024-04-07 07:49:52,tablet,Firefox,affiliate
SESS-008218,CUST-0377,/checkout/payment,purchase,2024-09-03 14:52:57,tablet,Safari,
SESS-008219,CUST-0259,/blog,page_view,2024-11-24 17:35:28,desktop,Firefox,email_campaign
SESS-008220,CUST-0223,/products/books,search,2024-01-28 13:31:52,desktop,Safari,google
SESS-008221,,/products/sports,begin_checkout,2024-05-03 15:51:15,mobile,Chrome,email_campaign
SESS-008222,CUST-0112,/account/orders,video_play,2024-07-09 20:06:36,tablet,Firefox,
SESS-008223,CUST-0191,/cart,page_view,2024-05-24 16:21:39,tablet,Chrome,google
SESS-008224,CUST-0167,/products/electronics,purchase,2024-08-09 05:16:16,tablet,Edge,email_campaign
SESS-008225,,/search,video_play,2024-11-11 23:50:58,mobile,Chrome,twitter
SESS-008226,CUST-0327,/checkout,page_view,2024-10-19 02:12:19,mobile,Samsung Internet,twitter
SESS-008227,,/products/clothing,begin_checkout,2024-12-26 19:02:41,desktop,Samsung Internet,google
SESS-008228,CUST-0045,/search,click,2024-09-20 04:40:01,mobile,Chrome,facebook
SESS-008229,CUST-0043,/products,click,2024-04-10 15:16:26,tablet,Chrome,instagram
SESS-008230,CUST-0056,/products/home,page_view,2024-02-16 19:06:52,mobile,Safari,direct
SESS-008231,,/products/books,begin_checkout,2024-09-15 09:21:55,mobile,Firefox,instagram
SESS-008232,CUST-0435,/search,remove_from_cart,2024-04-01 12:52:50,mobile,Safari,direct
SESS-008233,CUST-0088,/checkout/payment,begin_checkout,2024-05-27 00:45:44,mobile,Chrome,direct
SESS-008234,CUST-0468,/products,add_to_cart,2024-06-14 10:46:22,mobile,Firefox,google
SESS-008235,CUST-0485,/checkout,click,2024-11-10 12:21:23,tablet,Chrome,affiliate
SESS-008236,CUST-0162,/products/sports,page_view,2024-12-14 22:43:31,tablet,Safari,affiliate
SESS-008237,CUST-0244,/products/books,remove_from_cart,2024-10-18 15:39:03,tablet,Safari,google
SESS-008238,,/products/books,page_view,2024-11-14 23:44:01,desktop,Firefox,google
SESS-008239,CUST-0180,/products/books,begin_checkout,2024-11-06 07:41:52,desktop,Safari,email_campaign
SESS-008240,CUST-0342,/products/books,search,2024-09-11 06:55:23,desktop,Chrome,direct
SESS-008241,CUST-0446,/products/home,page_view,2024-02-22 07:04:13,mobile,Chrome,google
SESS-008242,,/checkout,video_play,2024-07-14 08:42:35,desktop,Chrome,affiliate
SESS-008243,,/about,click,2024-06-19 08:42:20,tablet,Safari,google
SESS-008244,,/faq,scroll,2024-09-21 14:04:04,desktop,Edge,instagram
SESS-008245,CUST-0005,/products/home,page_view,2024-04-29 14:52:06,desktop,Chrome,email_campaign
SESS-008246,CUST-0354,/products/books,page_view,2024-06-14 13:14:24,desktop,Firefox,twitter
SESS-008247,CUST-0243,/products/electronics,page_view,2024-09-11 01:46:23,bot,Googlebot,instagram
SESS-008248,CUST-0377,/search,begin_checkout,2024-04-09 15:43:17,tablet,Firefox,twitter
SESS-008249,,/faq,add_to_cart,2024-08-11 19:01:10,mobile,Chrome,direct
SESS-008250,CUST-0307,/products/electronics,click,2024-10-10 19:38:28,tablet,Firefox,instagram
SESS-008251,,/about,click,2024-01-08 01:22:03,desktop,Samsung Internet,twitter
SESS-008252,CUST-0351,/cart,click,2024-04-09 20:06:03,tablet,Firefox,
SESS-008253,CUST-0064,/account/wishlist,remove_from_cart,2024-12-26 01:21:17,mobile,Safari,twitter
SESS-008254,CUST-0296,/checkout,page_view,2024-06-16 05:47:26,mobile,Safari,direct
SESS-008255,,/checkout/confirmation,video_play,2024-01-06 03:13:43,mobile,Chrome,direct
SESS-008256,CUST-0249,/products/sports,scroll,2024-06-16 05:51:48,desktop,Chrome,tiktok
SESS-008257,CUST-0024,/faq,search,2024-11-07 09:23:37,desktop,Edge,
SESS-008258,,/contact,page_view,2024-05-28 06:57:28,desktop,Safari,affiliate
SESS-008259,,/checkout,purchase,2024-04-09 17:31:21,tablet,Safari,google
SESS-008260,CUST-0052,/contact,purchase,2024-12-27 23:06:19,mobile,Edge,instagram
SESS-008261,CUST-0183,/returns,page_view,2024-12-25 18:35:55,bot,Bingbot,email_campaign
SESS-008262,CUST-0188,/contact,scroll,2024-08-12 05:59:23,desktop,Safari,
SESS-008263,CUST-0308,/contact,click,2024-12-22 01:35:48,desktop,Chrome,tiktok
SESS-008264,,/blog,video_play,2024-04-27 19:05:17,tablet,Chrome,instagram
SESS-008265,CUST-0131,/faq,search,2024-12-12 00:36:22,desktop,Firefox,affiliate
SESS-008266,CUST-0425,/account,page_view,2024-05-07 09:23:58,tablet,Firefox,bing
SESS-008267,CUST-0047,/products/clothing,begin_checkout,2024-06-26 23:40:19,desktop,Edge,bing
SESS-008268,CUST-0448,/about,search,2024-11-03 04:30:09,desktop,Firefox,email_campaign
SESS-008269,CUST-0096,/account/wishlist,scroll,2024-10-14 19:32:49,tablet,Chrome,direct
SESS-008270,CUST-0462,/account/wishlist,begin_checkout,2024-11-13 05:16:15,mobile,Edge,
SESS-008271,,/checkout/confirmation,video_play,2024-07-27 07:48:28,tablet,Safari,facebook
SESS-008272,,/account/orders,click,2024-12-29 10:04:22,mobile,Firefox,tiktok
SESS-008273,CUST-0188,/account/orders,click,2024-11-16 12:43:51,desktop,Chrome,bing
SESS-008274,CUST-0141,/account,remove_from_cart,2024-07-19 20:55:17,mobile,Safari,tiktok
SESS-008275,CUST-0471,/checkout,page_view,2024-05-19 01:24:22,mobile,Samsung Internet,instagram
SESS-008276,CUST-0044,/blog,purchase,2024-07-24 00:00:33,tablet,Firefox,tiktok
SESS-008277,CUST-0058,/account/orders,remove_from_cart,2024-07-25 09:12:47,tablet,Chrome,instagram
SESS-008278,CUST-0242,/account/wishlist,remove_from_cart,2024-03-03 17:10:12,mobile,Chrome,tiktok
SESS-008279,CUST-0016,/account/wishlist,click,2024-04-10 18:12:40,tablet,Firefox,twitter
SESS-008280,,/products/books,click,2024-10-19 10:45:23,mobile,Chrome,instagram
SESS-008281,,/about,click,2024-08-03 05:47:58,mobile,Chrome,email_campaign
SESS-008282,CUST-0058,/contact,page_view,2024-08-31 16:01:44,desktop,Samsung Internet,
SESS-008283,CUST-0021,/cart,page_view,2024-08-22 00:31:52,mobile,Chrome,
SESS-008284,CUST-0162,/products/sports,click,2024-07-06 09:55:51,desktop,Edge,bing
SESS-008285,CUST-0403,/blog,click,2024-08-18 19:20:26,mobile,Chrome,facebook
SESS-008286,CUST-0379,/account/orders,click,2024-10-13 16:37:39,desktop,Safari,direct
SESS-008287,,/faq,video_play,2024-12-11 03:00:03,mobile,Safari,facebook
SESS-008288,CUST-0283,/account/wishlist,begin_checkout,2024-10-01 14:45:48,mobile,Firefox,instagram
SESS-008289,CUST-0102,/products/sports,page_view,2024-02-23 23:28:36,mobile,Samsung Internet,affiliate
SESS-008290,,/about,remove_from_cart,2024-11-18 01:38:48,desktop,Chrome,bing
SESS-008291,,/products/home,page_view,2024-07-24 14:20:59,bot,Bingbot,
SESS-008292,CUST-0069,/contact,begin_checkout,2024-06-29 22:45:16,desktop,Chrome,bing
SESS-008293,,/returns,click,2024-05-27 17:00:36,mobile,Safari,tiktok
SESS-008294,CUST-0077,/products/home,page_view,2024-11-27 05:07:23,desktop,Safari,tiktok
SESS-008295,CUST-0268,/products/sports,click,2024-12-15 02:33:42,tablet,Firefox,google
SESS-008296,CUST-0075,/products/home,video_play,2024-12-07 08:39:07,mobile,Chrome,tiktok
SESS-008297,CUST-0179,/account,scroll,2024-05-26 05:39:56,desktop,Chrome,email_campaign
SESS-008298,CUST-0253,/products/electronics,add_to_cart,2024-05-17 10:40:07,mobile,Chrome,direct
SESS-008299,CUST-0097,/account,purchase,1970-01-01 00:00:00,tablet,Edge,twitter
SESS-008300,,/returns,search,2024-02-11 19:59:45,mobile,Edge,google
SESS-008301,,/checkout,remove_from_cart,2024-10-05 15:13:42,mobile,Edge,affiliate
SESS-008302,CUST-0207,/cart,click,2024-04-13 03:45:27,desktop,Chrome,instagram
SESS-008303,CUST-0092,/account/orders,add_to_cart,2024-10-11 07:48:08,mobile,Safari,tiktok
SESS-008304,CUST-0176,/search,page_view,2024-01-20 04:39:04,mobile,Chrome,direct
SESS-008305,CUST-0118,/products/electronics,search,2024-10-06 18:25:46,desktop,Chrome,instagram
SESS-008306,CUST-0446,/checkout,begin_checkout,2024-06-18 23:16:02,mobile,Chrome,email_campaign
SESS-008307,,/products/books,begin_checkout,2024-09-13 04:04:04,mobile,Chrome,twitter
SESS-008308,CUST-0248,/,page_view,2024-08-16 05:40:56,mobile,Chrome,facebook
SESS-008309,CUST-0145,/faq,begin_checkout,2024-03-25 18:53:40,tablet,Safari,facebook
SESS-008310,CUST-0085,/products/sports,page_view,2024-07-03 19:56:08,desktop,Chrome,email_campaign
SESS-008311,,/blog,search,2024-07-23 23:43:49,desktop,Safari,email_campaign
SESS-008312,CUST-0422,/blog,page_view,2024-09-01 01:42:10,mobile,Safari,affiliate
SESS-008313,CUST-0368,/search,begin_checkout,2024-12-05 12:28:46,mobile,Chrome,tiktok
SESS-008314,CUST-0274,/products/books,add_to_cart,2024-10-01 01:53:30,tablet,Safari,direct
SESS-008315,,/blog,search,2024-04-01 20:21:51,mobile,Chrome,
SESS-008316,CUST-0379,/products/books,scroll,2024-12-23 10:00:10,desktop,Chrome,tiktok
SESS-008317,,/cart,begin_checkout,2024-06-26 07:32:48,desktop,Chrome,affiliate
SESS-008318,CUST-0429,/cart,click,2024-07-30 20:39:04,desktop,Firefox,instagram
SESS-008319,,/products/sports,page_view,2024-07-12 03:39:48,tablet,Chrome,instagram
SESS-008320,CUST-0185,/products/electronics,purchase,2024-12-24 06:46:07,desktop,Firefox,
SESS-008321,,/products/home,remove_from_cart,2024-03-25 01:21:25,mobile,Safari,direct
SESS-008322,CUST-0400,/about,video_play,2024-11-01 15:45:05,mobile,Safari,tiktok
SESS-008323,,/products/home,remove_from_cart,2024-04-25 05:20:16,desktop,Chrome,email_campaign
SESS-008324,CUST-0457,/products/home,add_to_cart,2024-11-12 04:38:16,mobile,Samsung Internet,direct
SESS-008325,,/faq,begin_checkout,2024-07-17 06:26:49,desktop,Edge,twitter
SESS-008326,CUST-0196,/contact,page_view,2024-01-29 00:28:45,desktop,Chrome,
SESS-008327,CUST-0157,/products,page_view,2024-12-07 01:09:57,mobile,Edge,facebook
SESS-008328,CUST-0201,/search,begin_checkout,2024-04-02 14:59:51,bot,AhrefsBot,instagram
SESS-008329,CUST-0453,/products/sports,click,2024-12-23 03:49:50,desktop,Edge,
SESS-008330,CUST-0108,/products/books,video_play,2024-07-28 09:43:05,mobile,Safari,affiliate
SESS-008331,,/cart,page_view,2024-09-24 20:02:17,mobile,Firefox,email_campaign
SESS-008332,CUST-0028,/products/electronics,page_view,2024-07-28 16:23:19,tablet,Chrome,
SESS-008333,CUST-0286,/products/clothing,click,2024-06-22 10:16:21,desktop,Chrome,direct
SESS-008334,,/checkout/payment,page_view,2024-07-01 22:19:46,mobile,Firefox,facebook
SESS-008335,,/blog,begin_checkout,2024-10-11 06:26:01,mobile,Chrome,twitter
SESS-008336,CUST-0466,/checkout/payment,search,2024-06-01 18:31:18,desktop,Firefox,twitter
SESS-008337,CUST-0087,/search,page_view,2024-11-01 13:50:05,mobile,Safari,bing
SESS-008338,CUST-0361,/checkout/payment,click,2024-11-21 13:23:51,desktop,Chrome,instagram
SESS-008339,CUST-0250,/account/orders,click,2024-09-30 14:11:38,mobile,Firefox,bing
SESS-008340,,/,add_to_cart,2024-04-25 03:39:35,desktop,Safari,twitter
SESS-008341,CUST-0052,/products/home,page_view,2024-04-01 10:27:58,desktop,Safari,affiliate
SESS-008342,CUST-0334,/products/books,add_to_cart,2024-07-10 15:45:14,mobile,Edge,affiliate
SESS-008343,CUST-0329,/products,click,2024-05-27 00:29:36,desktop,Chrome,direct
SESS-008344,CUST-0307,/contact,video_play,2024-09-25 05:58:11,bot,AhrefsBot,twitter
SESS-008345,CUST-0203,/blog,video_play,2024-06-07 17:42:11,mobile,Safari,direct
SESS-008346,,/products/books,search,2024-04-07 01:32:43,tablet,Edge,
SESS-008347,CUST-0341,/account/orders,page_view,2024-09-03 13:34:58,desktop,Chrome,twitter
SESS-008348,CUST-0299,/products/books,video_play,2024-07-29 21:17:14,desktop,Samsung Internet,email_campaign
SESS-008349,,/search,begin_checkout,2024-05-27 07:12:23,desktop,Chrome,tiktok
SESS-008350,CUST-0300,/blog,click,2024-02-14 05:31:16,mobile,Chrome,affiliate
SESS-008351,CUST-0458,/products/books,scroll,2024-08-17 23:09:26,tablet,Chrome,
SESS-008352,CUST-0217,/returns,video_play,2024-02-08 22:11:49,mobile,Chrome,bing
SESS-008353,CUST-0438,/checkout,search,2024-01-18 15:27:32,mobile,Chrome,twitter
SESS-008354,,/account,click,2024-09-23 10:01:04,mobile,Samsung Internet,affiliate
SESS-008355,,/contact,scroll,2024-02-19 05:41:27,desktop,Chrome,instagram
SESS-008356,CUST-0152,/contact,page_view,2024-04-05 14:20:06,tablet,Chrome,email_campaign
SESS-008357,,/products/electronics,purchase,2024-10-09 06:16:27,desktop,Chrome,google
SESS-008358,,/products/electronics,scroll,2024-04-11 02:31:09,tablet,Chrome,google
SESS-008359,CUST-0004,/contact,begin_checkout,2024-06-07 06:28:02,mobile,Samsung Internet,direct
SESS-008360,CUST-0358,/faq,remove_from_cart,2024-10-02 19:45:14,mobile,Safari,twitter
SESS-008361,,/products/sports,purchase,2024-02-23 11:12:17,mobile,Edge,facebook
SESS-008362,CUST-0353,/contact,click,2024-04-12 04:17:19,desktop,Firefox,bing
SESS-008363,,/products/home,search,2024-01-31 18:49:55,mobile,Chrome,bing
SESS-008364,CUST-0292,/,remove_from_cart,2024-05-26 05:02:42,mobile,Edge,affiliate
SESS-008365,,/account/wishlist,begin_checkout,2024-08-15 06:39:47,mobile,Safari,instagram
SESS-008366,CUST-0420,/checkout,click,2024-03-02 14:21:42,mobile,Chrome,
SESS-008367,CUST-0453,/account/orders,search,2024-04-25 12:01:47,desktop,Firefox,bing
SESS-008368,CUST-0407,/account/orders,page_view,2024-10-12 21:30:30,mobile,Safari,facebook
SESS-008369,,/returns,purchase,2024-01-30 06:15:50,tablet,Safari,email_campaign
SESS-008370,CUST-0197,/cart,begin_checkout,2024-04-16 12:12:23,mobile,Edge,twitter
SESS-008371,,/products/clothing,scroll,2024-01-17 20:37:22,desktop,Chrome,facebook
SESS-008372,CUST-0386,/blog,add_to_cart,2024-04-30 00:26:28,mobile,Safari,
SESS-008373,CUST-0301,/blog,scroll,2024-01-19 19:46:59,mobile,Safari,affiliate
SESS-008374,CUST-0467,/checkout/confirmation,click,2024-10-07 16:19:27,tablet,Chrome,affiliate
SESS-008375,,/products/books,scroll,2024-08-04 10:42:34,mobile,Chrome,facebook
SESS-008376,,/account/wishlist,purchase,2024-09-03 04:54:49,mobile,Chrome,bing
SESS-008377,CUST-0076,/contact,page_view,2024-12-24 07:08:22,desktop,Chrome,
SESS-008378,CUST-0486,/account,page_view,2024-08-08 00:18:41,mobile,Safari,affiliate
SESS-008379,,/checkout,click,2024-10-19 17:59:50,mobile,Samsung Internet,facebook
SESS-008380,CUST-0283,/cart,remove_from_cart,2024-04-13 18:00:48,tablet,Samsung Internet,direct
SESS-008381,,/faq,page_view,2024-10-14 04:03:19,mobile,Chrome,email_campaign
SESS-008382,,/contact,add_to_cart,2030-03-19 12:00:00,desktop,Edge,direct
SESS-008383,CUST-0022,/products/books,page_view,2024-11-30 17:00:07,tablet,Edge,affiliate
SESS-008384,CUST-0390,/blog,video_play,2024-05-06 05:02:09,desktop,Firefox,
SESS-008385,CUST-0288,/search,page_view,2024-04-03 08:10:19,desktop,Edge,direct
SESS-008386,CUST-0021,/,video_play,2024-11-23 18:15:32,mobile,Chrome,instagram
SESS-008387,CUST-0173,/checkout/payment,page_view,2024-08-19 18:49:46,tablet,Chrome,email_campaign
SESS-008388,CUST-0439,/products/clothing,search,2024-02-17 07:02:49,tablet,Chrome,tiktok
SESS-008389,,/checkout,click,2024-09-11 04:40:43,mobile,Chrome,bing
SESS-008390,,/account/wishlist,remove_from_cart,2024-08-02 19:57:43,desktop,Chrome,twitter
SESS-008391,,/about,page_view,2024-12-24 19:42:17,desktop,Chrome,twitter
SESS-008392,CUST-0262,/blog,click,2024-12-21 10:06:13,mobile,Edge,bing
SESS-008393,CUST-0002,/products/home,add_to_cart,2024-12-25 00:45:54,desktop,Chrome,affiliate
SESS-008394,CUST-0137,/faq,page_view,2024-11-11 01:19:06,desktop,Chrome,
SESS-008395,CUST-0145,/returns,click,2024-10-08 17:26:04,mobile,Chrome,email_campaign
SESS-008396,CUST-0032,/account/orders,video_play,2024-01-24 14:16:06,mobile,Samsung Internet,
SESS-008397,CUST-0447,/blog,video_play,2024-04-09 23:15:20,desktop,Samsung Internet,bing
SESS-008398,CUST-0322,/,add_to_cart,2024-12-02 23:14:56,desktop,Firefox,email_campaign
SESS-008399,CUST-0022,/products,page_view,2024-02-13 21:10:19,tablet,Safari,google
SESS-008400,CUST-0377,/returns,page_view,2024-10-07 16:29:58,desktop,Safari,direct
SESS-008401,CUST-0414,/checkout/payment,video_play,2024-01-29 15:54:43,mobile,Chrome,
SESS-008402,CUST-0048,/products/electronics,remove_from_cart,2024-08-04 05:31:20,desktop,Firefox,instagram
SESS-008403,CUST-0462,/cart,page_view,2024-11-17 09:42:15,tablet,Safari,direct
SESS-008404,CUST-0227,/products/sports,page_view,2024-12-08 15:40:09,tablet,Safari,facebook
SESS-008405,CUST-0149,/products,page_view,2024-01-27 08:58:03,mobile,Edge,facebook
SESS-008406,,/account/orders,page_view,2024-03-09 07:21:20,mobile,Safari,bing
SESS-008407,CUST-0241,/faq,page_view,2024-04-22 01:42:03,desktop,Firefox,tiktok
SESS-008408,CUST-0455,/account/orders,video_play,2024-01-12 16:18:28,mobile,Safari,facebook
SESS-008409,CUST-0177,/checkout/confirmation,page_view,2024-11-10 11:55:15,desktop,Chrome,direct
SESS-008410,CUST-0159,/products/clothing,search,2024-08-10 17:19:00,tablet,Chrome,facebook
SESS-008411,CUST-0379,/checkout,add_to_cart,2024-02-14 08:11:30,mobile,Edge,direct
SESS-008412,CUST-0392,/contact,video_play,2024-01-31 23:43:46,mobile,Samsung Internet,affiliate
SESS-008413,,/about,search,2024-03-20 09:40:37,mobile,Firefox,instagram
SESS-008414,,/checkout,add_to_cart,2024-09-18 03:42:56,tablet,Firefox,affiliate
SESS-008415,,/products/electronics,purchase,2024-04-09 07:55:14,mobile,Firefox,twitter
SESS-008416,CUST-0129,/cart,page_view,2024-10-08 00:13:11,tablet,Safari,tiktok
SESS-008417,,/about,scroll,2024-05-15 20:19:35,tablet,Samsung Internet,twitter
SESS-008418,CUST-0061,/search,page_view,2024-12-26 18:25:35,desktop,Samsung Internet,
SESS-008419,CUST-0120,/products/clothing,remove_from_cart,2024-01-31 09:41:16,desktop,Chrome,direct
SESS-008420,CUST-0442,/products/electronics,purchase,2024-08-22 11:02:36,desktop,Samsung Internet,
SESS-008421,CUST-0272,/account/wishlist,click,2024-03-29 03:06:47,mobile,Firefox,google
SESS-008422,CUST-0042,/faq,page_view,2024-07-22 02:37:44,mobile,Samsung Internet,direct
SESS-008423,CUST-0027,/faq,add_to_cart,2024-11-01 00:19:13,mobile,Chrome,facebook
SESS-008424,,/products/clothing,page_view,2024-02-07 06:39:31,desktop,Firefox,google
SESS-008425,CUST-0130,/search,begin_checkout,2024-08-05 11:27:19,desktop,Safari,twitter
SESS-008426,CUST-0279,/faq,page_view,2024-07-08 08:33:27,mobile,Chrome,bing
SESS-008427,CUST-0137,/checkout,scroll,2024-10-10 20:21:26,tablet,Firefox,email_campaign
SESS-008428,,/checkout/confirmation,click,2024-08-04 01:38:55,desktop,Chrome,email_campaign
SESS-008429,CUST-0280,/contact,add_to_cart,2024-07-20 06:46:41,desktop,Edge,
SESS-008430,CUST-0069,/products/clothing,begin_checkout,2024-10-17 15:55:16,tablet,Edge,google
SESS-008431,,/returns,click,2024-12-03 19:04:27,mobile,Edge,bing
SESS-008432,CUST-0430,/blog,video_play,2024-10-10 22:07:57,mobile,Safari,facebook
SESS-008433,,/products,remove_from_cart,2024-12-18 04:33:59,tablet,Chrome,direct
SESS-008434,CUST-0330,/products/electronics,click,2024-03-11 18:44:34,mobile,Firefox,direct
SESS-008435,CUST-0481,/checkout/confirmation,begin_checkout,2024-12-01 15:28:46,desktop,Safari,affiliate
SESS-008436,CUST-0199,/products/books,video_play,2024-04-15 12:59:18,tablet,Safari,bing
SESS-008437,,/account/wishlist,page_view,2024-05-17 02:19:21,desktop,Firefox,email_campaign
SESS-008438,CUST-0230,/account,page_view,2024-09-27 18:46:14,desktop,Chrome,direct
SESS-008439,,/products,page_view,2024-08-28 00:38:55,mobile,Safari,tiktok
SESS-008440,,/account/wishlist,scroll,2024-02-13 12:04:30,tablet,Edge,tiktok
SESS-008441,CUST-0458,/account/wishlist,remove_from_cart,2024-01-22 12:06:59,mobile,Chrome,affiliate
SESS-008442,CUST-0316,/products/sports,click,2024-05-11 14:48:28,desktop,Chrome,instagram
SESS-008443,,/about,remove_from_cart,2024-06-11 21:52:03,mobile,Safari,tiktok
SESS-008444,CUST-0230,/checkout/payment,page_view,2024-11-14 10:33:36,mobile,Samsung Internet,
SESS-008445,CUST-0274,/blog,click,2024-10-01 23:32:13,tablet,Safari,google
SESS-008446,CUST-0037,/about,search,2024-11-20 08:49:41,tablet,Firefox,affiliate
SESS-008447,CUST-0464,/account/orders,video_play,2024-10-16 02:34:15,mobile,Chrome,email_campaign
SESS-008448,CUST-0077,/contact,page_view,2024-11-19 03:39:00,mobile,Samsung Internet,email_campaign
SESS-008449,CUST-0419,/products/home,page_view,2024-03-01 02:24:21,desktop,Edge,direct
SESS-008450,CUST-0397,/about,video_play,2024-08-25 09:42:19,tablet,Safari,bing
SESS-008451,,/checkout/confirmation,video_play,2024-08-19 05:34:15,desktop,Edge,affiliate
SESS-008452,CUST-0381,/products/sports,page_view,2024-08-09 00:27:28,mobile,Samsung Internet,instagram
SESS-008453,,/checkout/payment,page_view,2024-07-24 01:52:17,mobile,Chrome,direct
SESS-008454,CUST-0395,/checkout/payment,purchase,2024-07-01 18:23:15,mobile,Edge,twitter
SESS-008455,,/products/clothing,click,2024-09-18 09:43:35,desktop,Samsung Internet,twitter
SESS-008456,,/faq,click,2024-02-15 15:55:56,mobile,Chrome,email_campaign
SESS-008457,,/faq,page_view,2024-03-24 22:20:50,tablet,Chrome,facebook
SESS-008458,CUST-0460,/checkout,click,2024-07-03 18:38:17,desktop,Chrome,
SESS-008459,CUST-0443,/checkout,purchase,2024-03-27 12:17:47,mobile,Chrome,tiktok
SESS-008460,CUST-0243,/,page_view,2024-10-12 11:23:41,tablet,Samsung Internet,bing
SESS-008461,CUST-0068,/checkout,page_view,2024-09-17 10:48:45,desktop,Safari,facebook
SESS-008462,CUST-0358,/products,click,2024-12-26 03:00:57,mobile,Firefox,instagram
SESS-008463,CUST-0162,/account/orders,page_view,2024-03-02 17:50:17,mobile,Safari,facebook
SESS-008464,CUST-0033,/products/electronics,scroll,2024-02-23 06:47:58,desktop,Safari,direct
SESS-008465,CUST-0191,/contact,page_view,2024-11-06 02:57:57,desktop,Edge,affiliate
SESS-008466,CUST-0463,/about,page_view,2024-11-16 21:36:33,desktop,Chrome,
SESS-008467,,/products/clothing,page_view,2024-06-13 10:25:38,mobile,Chrome,instagram
SESS-008468,CUST-0390,/contact,add_to_cart,2024-03-26 23:07:59,mobile,Firefox,affiliate
SESS-008469,CUST-0425,/returns,page_view,2024-07-08 07:20:23,mobile,Chrome,direct
SESS-008470,CUST-0169,/account,page_view,2024-11-13 18:30:52,mobile,Safari,google
SESS-008471,,/account/wishlist,video_play,2024-05-01 21:51:11,mobile,Edge,twitter
SESS-008472,,/products/books,search,2024-02-26 18:27:24,mobile,Edge,instagram
SESS-008473,,/products/electronics,purchase,2024-11-03 03:30:10,tablet,Samsung Internet,tiktok
SESS-008474,CUST-0341,/cart,search,2024-07-13 16:42:14,mobile,Chrome,
SESS-008475,CUST-0279,/account/orders,video_play,2024-05-11 12:22:21,desktop,Edge,direct
SESS-008476,,/faq,page_view,2024-03-14 10:25:03,desktop,Chrome,facebook
SESS-008477,CUST-0159,/account/orders,scroll,2024-01-18 18:58:37,mobile,Safari,direct
SESS-008478,CUST-0392,/contact,begin_checkout,2024-01-27 13:10:00,mobile,Safari,bing
SESS-008479,,/checkout,page_view,2024-09-13 03:43:30,mobile,Chrome,email_campaign
SESS-008480,CUST-0143,/checkout/payment,add_to_cart,2024-06-09 10:29:38,tablet,Chrome,instagram
SESS-008481,CUST-0150,/products/clothing,page_view,2024-10-10 22:13:54,mobile,Firefox,google
SESS-008482,CUST-0219,/products,page_view,2024-05-04 10:32:45,mobile,Chrome,email_campaign
SESS-008483,,/account/orders,page_view,2024-09-04 01:18:03,desktop,Chrome,
SESS-008484,,/products/home,scroll,2024-02-17 15:31:34,desktop,Edge,tiktok
SESS-008485,,/search,add_to_cart,2024-04-14 08:12:01,desktop,Samsung Internet,affiliate
SESS-008486,CUST-0271,/faq,scroll,2024-09-29 00:23:57,mobile,Safari,direct
SESS-008487,CUST-0149,/products/sports,video_play,2024-01-05 07:43:35,mobile,Safari,google
SESS-008488,CUST-0166,/checkout/confirmation,search,2024-07-30 10:20:54,tablet,Firefox,facebook
SESS-008489,CUST-0122,/contact,scroll,2024-04-20 06:01:59,mobile,Edge,twitter
SESS-008490,CUST-0314,/contact,add_to_cart,2024-01-10 00:59:15,tablet,Edge,email_campaign
SESS-008491,,/checkout,begin_checkout,2024-01-27 04:05:06,mobile,Samsung Internet,bing
SESS-008492,,/account/orders,search,2024-04-11 16:21:15,tablet,Safari,facebook
SESS-008493,CUST-0120,/cart,video_play,2024-12-10 11:02:28,mobile,Chrome,direct
SESS-008494,CUST-0125,/checkout,remove_from_cart,2024-12-09 00:40:43,mobile,Firefox,instagram
SESS-008495,,/search,remove_from_cart,2024-01-13 01:25:49,mobile,Safari,bing
SESS-008496,CUST-0419,/checkout,scroll,2024-10-06 16:24:06,tablet,Firefox,tiktok
SESS-008497,,/blog,begin_checkout,2024-08-24 19:45:17,mobile,Chrome,twitter
SESS-008498,,/account/wishlist,remove_from_cart,2024-02-07 09:34:06,mobile,Safari,direct
SESS-008499,CUST-0367,/account/wishlist,add_to_cart,2024-03-24 04:31:39,mobile,Edge,affiliate
SESS-008500,,/faq,add_to_cart,2024-08-01 13:39:32,tablet,Firefox,direct
SESS-008501,CUST-0442,/faq,click,2024-06-18 07:01:58,mobile,Safari,instagram
SESS-008502,,/,purchase,2024-12-01 13:13:37,tablet,Chrome,instagram
SESS-008503,CUST-0108,/products,begin_checkout,2024-05-27 08:56:04,mobile,Samsung Internet,email_campaign
SESS-008504,CUST-0459,/faq,page_view,2024-10-22 01:12:54,mobile,Safari,instagram
SESS-008505,CUST-0068,/products/clothing,search,2024-12-28 16:57:49,desktop,Edge,bing
SESS-008506,CUST-0271,/products,click,2024-07-17 19:53:29,mobile,Samsung Internet,twitter
SESS-008507,CUST-0252,/checkout,purchase,2024-06-18 18:37:46,desktop,Samsung Internet,
SESS-008508,CUST-0304,/cart,page_view,2024-08-07 07:50:24,desktop,Edge,tiktok
SESS-008509,CUST-0177,/account,begin_checkout,2024-08-18 22:17:37,desktop,Firefox,email_campaign
SESS-008510,CUST-0185,/products/home,page_view,2024-02-29 01:10:58,desktop,Chrome,affiliate
SESS-008511,CUST-0452,/,scroll,2024-01-18 15:35:12,tablet,Edge,bing
SESS-008512,CUST-0014,/checkout/confirmation,video_play,2024-01-05 07:02:34,mobile,Safari,affiliate
SESS-008513,CUST-0486,/search,page_view,2024-06-12 19:05:38,desktop,Chrome,affiliate
SESS-008514,,/faq,page_view,2024-12-21 16:06:13,desktop,Edge,
SESS-008515,CUST-0086,/account,scroll,2024-11-21 06:47:55,desktop,Chrome,affiliate
SESS-008516,CUST-0431,/account/wishlist,add_to_cart,2024-10-01 03:28:22,desktop,Edge,instagram
SESS-008517,,/search,begin_checkout,2024-12-09 17:42:56,mobile,Firefox,instagram
SESS-008518,CUST-0159,/account/orders,page_view,2024-09-13 07:11:54,tablet,Safari,email_campaign
SESS-008519,CUST-0037,/account/orders,purchase,2024-08-28 16:31:26,tablet,Safari,bing
SESS-008520,CUST-0329,/products,click,2024-05-03 22:29:54,tablet,Chrome,tiktok
SESS-008521,CUST-0177,/checkout,add_to_cart,2024-03-13 13:36:53,mobile,Safari,direct
SESS-008522,,/returns,begin_checkout,2024-09-29 04:34:30,tablet,Chrome,
SESS-008523,CUST-0124,/about,scroll,2024-06-20 11:26:08,mobile,Edge,direct
SESS-008524,CUST-0450,/cart,purchase,2024-01-22 12:48:34,desktop,Safari,
SESS-008525,CUST-0080,/contact,click,2024-02-24 21:20:27,tablet,Safari,twitter
SESS-008526,CUST-0478,/,page_view,2024-01-18 21:59:30,tablet,Chrome,email_campaign
SESS-008527,CUST-0131,/checkout,page_view,2024-10-29 13:29:07,desktop,Safari,tiktok
SESS-008528,CUST-0417,/checkout/confirmation,purchase,2024-10-29 10:11:28,desktop,Chrome,affiliate
SESS-008529,CUST-0033,/products/books,search,2024-10-06 21:03:54,desktop,Samsung Internet,email_campaign
SESS-008530,CUST-0476,/blog,click,2024-07-11 20:16:05,mobile,Edge,twitter
SESS-008531,CUST-0422,/products/home,begin_checkout,2024-03-25 23:00:09,tablet,Chrome,
SESS-008532,,/account/wishlist,page_view,2024-01-07 10:06:48,mobile,Firefox,affiliate
SESS-008533,CUST-0342,/products/clothing,remove_from_cart,2024-12-20 22:42:49,desktop,Edge,
SESS-008534,CUST-0151,/products,remove_from_cart,2024-11-21 08:03:26,desktop,Samsung Internet,bing
SESS-008535,CUST-0418,/products/home,video_play,2024-10-27 18:43:49,mobile,Chrome,
SESS-008536,,/checkout/payment,click,2024-07-06 12:16:07,tablet,Chrome,affiliate
SESS-008537,CUST-0300,/cart,begin_checkout,2024-06-07 22:17:02,tablet,Chrome,email_campaign
SESS-008538,CUST-0474,/products/home,video_play,2024-09-19 10:03:46,desktop,Chrome,affiliate
SESS-008539,CUST-0366,/products/clothing,search,2024-08-05 09:05:06,tablet,Samsung Internet,instagram
SESS-008540,,/blog,page_view,2024-10-31 12:53:03,mobile,Samsung Internet,bing
SESS-008541,,/checkout/payment,scroll,2024-04-15 22:07:44,tablet,Samsung Internet,bing
SESS-008542,CUST-0169,/cart,page_view,2024-05-02 00:03:44,tablet,Firefox,direct
SESS-008543,,/products/sports,click,2024-10-11 12:16:43,desktop,Safari,google
SESS-008544,,/search,page_view,2024-10-08 08:43:10,mobile,Chrome,twitter
SESS-008545,CUST-0226,/cart,page_view,2024-03-13 08:29:49,desktop,Safari,google
SESS-008546,,/products/books,scroll,2024-07-06 02:52:42,desktop,Chrome,
SESS-008547,CUST-0327,/products,remove_from_cart,2024-03-27 23:13:54,mobile,Safari,tiktok
SESS-008548,,/account/orders,add_to_cart,2024-04-07 19:27:41,mobile,Chrome,affiliate
SESS-008549,CUST-0106,/about,page_view,2024-08-26 03:46:35,desktop,Safari,affiliate
SESS-008550,,/products/sports,page_view,2024-11-16 19:21:26,mobile,Safari,twitter
SESS-008551,CUST-0070,/contact,page_view,2024-10-29 06:46:37,desktop,Safari,twitter
SESS-008552,CUST-0130,/account,video_play,2024-08-02 18:02:23,mobile,Samsung Internet,affiliate
SESS-008553,CUST-0301,/products/books,begin_checkout,2024-02-19 17:45:20,mobile,Chrome,affiliate
SESS-008554,CUST-0353,/contact,video_play,2024-10-27 13:11:21,mobile,Chrome,tiktok
SESS-008555,,/,page_view,2024-12-26 20:24:10,mobile,Safari,bing
SESS-008556,,/products/books,search,2024-02-26 10:57:25,desktop,Samsung Internet,direct
SESS-008557,CUST-0082,/checkout/payment,video_play,2024-03-13 07:11:13,tablet,Safari,twitter
SESS-008558,,/contact,page_view,2024-10-11 07:43:19,desktop,Samsung Internet,direct
SESS-008559,CUST-0327,/products/sports,page_view,2024-02-25 12:01:13,mobile,Firefox,instagram
SESS-008560,CUST-0292,/account/wishlist,begin_checkout,1970-01-01 00:00:00,tablet,Samsung Internet,email_campaign
SESS-008561,,/products,remove_from_cart,2024-01-13 12:34:06,desktop,Safari,instagram
SESS-008562,CUST-0043,/products/home,click,2024-04-10 15:06:22,tablet,Safari,facebook
SESS-008563,CUST-0387,/cart,scroll,2024-12-14 01:30:52,desktop,Chrome,email_campaign
SESS-008564,CUST-0316,/about,click,2024-03-20 15:08:48,mobile,Safari,instagram
SESS-008565,CUST-0368,/contact,remove_from_cart,2024-01-02 00:57:06,tablet,Edge,tiktok
SESS-008566,CUST-0049,/faq,purchase,2024-05-07 14:15:39,mobile,Safari,google
SESS-008567,CUST-0237,/account/orders,page_view,2024-01-02 21:32:37,desktop,Chrome,tiktok
SESS-008568,CUST-0189,/contact,add_to_cart,2024-08-30 18:12:31,mobile,Safari,tiktok
SESS-008569,CUST-0151,/cart,scroll,2024-10-14 09:18:13,mobile,Samsung Internet,email_campaign
SESS-008570,CUST-0461,/products,add_to_cart,2024-12-23 16:57:47,mobile,Safari,facebook
SESS-008571,,/cart,page_view,2024-03-23 15:22:59,tablet,Samsung Internet,bing
SESS-008572,,/account/wishlist,begin_checkout,2024-09-04 01:31:19,desktop,Firefox,affiliate
SESS-008573,,/checkout,click,2024-08-28 16:22:24,tablet,Safari,facebook
SESS-008574,,/about,page_view,2024-01-14 07:50:27,tablet,Chrome,tiktok
SESS-008575,,/products/home,page_view,2024-04-18 21:07:41,mobile,Samsung Internet,bing
SESS-008576,,/products/clothing,begin_checkout,2024-11-07 09:43:49,mobile,Safari,google
SESS-008577,CUST-0142,/products/books,add_to_cart,2024-11-26 02:01:01,mobile,Safari,affiliate
SESS-008578,CUST-0366,/products/home,click,2024-10-12 05:06:34,mobile,Firefox,email_campaign
SESS-008579,,/search,remove_from_cart,2024-08-03 19:42:56,mobile,Safari,direct
SESS-008580,,/about,add_to_cart,2024-02-28 18:13:11,mobile,Firefox,google
SESS-008581,,/products/sports,add_to_cart,2024-10-17 14:37:17,mobile,Safari,facebook
SESS-008582,,/account/wishlist,remove_from_cart,2024-08-18 11:29:17,tablet,Edge,affiliate
SESS-008583,,/returns,purchase,2024-10-01 20:11:52,mobile,Samsung Internet,bing
SESS-008584,CUST-0263,/checkout,click,2024-12-20 20:50:46,mobile,Safari,
SESS-008585,CUST-0079,/blog,click,2024-07-23 18:28:56,mobile,Firefox,direct
SESS-008586,CUST-0157,/checkout/confirmation,page_view,2024-12-09 21:13:35,mobile,Edge,tiktok
SESS-008587,CUST-0408,/products/sports,purchase,2024-12-28 09:31:24,mobile,Chrome,
SESS-008588,,/contact,click,2024-11-23 21:48:36,mobile,Chrome,affiliate
SESS-008589,,/products,page_view,2024-12-14 20:45:12,tablet,Chrome,tiktok
SESS-008590,CUST-0104,/contact,add_to_cart,2024-03-10 06:02:40,desktop,Safari,twitter
SESS-008591,,/,scroll,2024-12-03 05:36:49,desktop,Safari,google
SESS-008592,,/blog,page_view,2024-05-30 07:58:49,tablet,Chrome,bing
SESS-008593,CUST-0405,/products/electronics,add_to_cart,2024-10-14 07:41:38,mobile,Firefox,facebook
SESS-008594,CUST-0088,/account/orders,page_view,2024-09-24 07:19:08,mobile,Safari,direct
SESS-008595,CUST-0322,/faq,scroll,2024-11-04 00:03:20,desktop,Chrome,tiktok
SESS-008596,,/account/wishlist,click,2024-11-09 17:27:51,tablet,Firefox,affiliate
SESS-008597,CUST-0365,/checkout/payment,page_view,2024-10-05 00:27:49,mobile,Chrome,twitter
SESS-008598,,/blog,click,2024-02-29 20:36:14,mobile,Chrome,tiktok
SESS-008599,CUST-0448,/returns,click,2024-12-31 19:17:02,mobile,Samsung Internet,instagram
SESS-008600,CUST-0039,/products/electronics,video_play,2024-01-29 07:45:26,desktop,Chrome,instagram
SESS-008601,CUST-0154,/blog,add_to_cart,2024-09-21 23:55:45,mobile,Chrome,twitter
SESS-008602,CUST-0076,/blog,purchase,2024-07-08 16:19:14,mobile,Chrome,tiktok
SESS-008603,,/about,purchase,2024-07-23 19:52:28,mobile,Safari,twitter
SESS-008604,CUST-0211,/checkout/confirmation,add_to_cart,2024-09-03 12:10:16,tablet,Samsung Internet,affiliate
SESS-008605,CUST-0118,/products/electronics,begin_checkout,2024-05-21 11:14:08,mobile,Edge,tiktok
SESS-008606,CUST-0064,/account/orders,page_view,2024-09-14 18:04:26,desktop,Safari,instagram
SESS-008607,CUST-0249,/products/sports,remove_from_cart,2024-03-07 23:49:53,desktop,Samsung Internet,direct
SESS-008608,CUST-0261,/,page_view,2024-06-22 07:58:54,desktop,Safari,tiktok
SESS-008609,,/blog,remove_from_cart,2024-07-05 22:03:44,desktop,Safari,bing
SESS-008610,,/products/home,remove_from_cart,2024-04-03 01:14:49,desktop,Samsung Internet,twitter
SESS-008611,CUST-0328,/products/electronics,purchase,2024-07-29 19:01:16,tablet,Samsung Internet,twitter
SESS-008612,CUST-0304,/products/sports,purchase,2024-02-21 03:59:44,tablet,Chrome,bing
SESS-008613,CUST-0481,/products/sports,video_play,2024-03-16 02:06:35,mobile,Chrome,affiliate
SESS-008614,CUST-0244,/checkout/payment,click,2024-07-14 21:57:24,desktop,Chrome,facebook
SESS-008615,CUST-0238,/products/books,page_view,2024-12-24 04:28:02,mobile,Chrome,
SESS-008616,CUST-0361,/checkout/confirmation,video_play,2024-01-04 05:29:09,mobile,Chrome,direct
SESS-008617,,/search,remove_from_cart,2024-09-29 07:48:09,mobile,Safari,tiktok
SESS-008618,CUST-0183,/account/wishlist,begin_checkout,2024-05-07 04:42:37,desktop,Chrome,facebook
SESS-008619,CUST-0143,/account,search,2024-10-22 15:21:58,mobile,Samsung Internet,twitter
SESS-008620,CUST-0382,/contact,page_view,2024-12-03 07:47:10,desktop,Chrome,tiktok
SESS-008621,CUST-0472,/faq,purchase,2024-04-30 17:50:20,tablet,Chrome,google
SESS-008622,CUST-0290,/account/wishlist,scroll,2024-11-15 09:08:56,desktop,Safari,bing
SESS-008623,,/products/books,video_play,2024-07-14 03:58:01,mobile,Safari,twitter
SESS-008624,,/cart,remove_from_cart,2024-04-24 09:20:19,mobile,Edge,tiktok
SESS-008625,CUST-0473,/about,video_play,2024-11-18 08:59:38,desktop,Safari,
SESS-008626,CUST-0463,/faq,click,2024-01-09 23:00:05,mobile,Safari,instagram
SESS-008627,CUST-0109,/checkout,page_view,2024-03-28 22:08:56,desktop,Samsung Internet,google
SESS-008628,CUST-0026,/search,click,2024-09-18 08:11:52,desktop,Chrome,direct
SESS-008629,CUST-0310,/checkout,page_view,2024-10-19 05:13:30,desktop,Safari,twitter
SESS-008630,,/account,page_view,2024-03-21 05:54:30,mobile,Chrome,
SESS-008631,CUST-0084,/checkout,begin_checkout,2024-01-21 17:01:42,mobile,Safari,email_campaign
SESS-008632,CUST-0138,/account,page_view,2024-04-22 18:53:25,tablet,Chrome,bing
SESS-008633,,/products/clothing,remove_from_cart,2024-12-29 08:17:13,desktop,Safari,tiktok
SESS-008634,,/account/orders,page_view,2024-08-26 13:55:02,desktop,Chrome,affiliate
SESS-008635,,/products/books,add_to_cart,2024-04-09 06:35:11,desktop,Chrome,google
SESS-008636,,/products,page_view,2024-02-21 23:39:35,tablet,Samsung Internet,
SESS-008637,CUST-0316,/search,scroll,2024-03-12 19:37:38,desktop,Edge,tiktok
SESS-008638,,/account,scroll,2024-06-10 19:03:15,desktop,Safari,google
SESS-008639,CUST-0274,/products/sports,purchase,2024-02-08 18:38:34,desktop,Chrome,direct
SESS-008640,,/returns,page_view,2024-10-30 20:49:27,mobile,Chrome,bing
SESS-008641,CUST-0272,/,remove_from_cart,2024-06-18 00:29:53,mobile,Safari,instagram
SESS-008642,,/checkout/payment,begin_checkout,2024-02-20 07:07:23,desktop,Safari,bing
SESS-008643,,/products,add_to_cart,2024-10-17 02:27:39,tablet,Edge,email_campaign
SESS-008644,CUST-0475,/products/sports,purchase,2024-02-09 18:14:21,desktop,Chrome,twitter
SESS-008645,CUST-0434,/account,add_to_cart,2024-09-01 02:22:52,mobile,Chrome,tiktok
SESS-008646,,/account,begin_checkout,2024-12-03 16:17:20,mobile,Chrome,email_campaign
SESS-008647,,/,add_to_cart,2024-11-30 08:25:34,desktop,Chrome,twitter
SESS-008648,CUST-0172,/products,click,2024-07-14 11:25:25,mobile,Firefox,bing
SESS-008649,CUST-0278,/,video_play,2024-05-11 02:33:33,mobile,Safari,bing
SESS-008650,CUST-0416,/returns,begin_checkout,2024-06-03 10:12:11,tablet,Chrome,tiktok
SESS-008651,CUST-0128,/products/clothing,page_view,2024-09-26 18:10:34,desktop,Safari,direct
SESS-008652,CUST-0368,/search,begin_checkout,2024-01-03 05:17:42,desktop,Chrome,bing
SESS-008653,CUST-0166,/account,purchase,2024-05-24 22:26:02,bot,Python-urllib,twitter
SESS-008654,CUST-0275,/products,video_play,2024-09-28 00:17:06,tablet,Edge,google
SESS-008655,CUST-0315,/blog,search,2024-09-26 09:59:15,desktop,Firefox,facebook
SESS-008656,CUST-0047,/account/wishlist,remove_from_cart,2024-01-17 02:28:05,mobile,Chrome,email_campaign
SESS-008657,CUST-0296,/products/electronics,page_view,2024-07-01 13:49:20,tablet,Chrome,direct
SESS-008658,CUST-0275,/search,scroll,2024-12-04 01:27:47,desktop,Chrome,tiktok
SESS-008659,CUST-0398,/checkout/payment,begin_checkout,2024-04-18 08:39:11,tablet,Firefox,direct
SESS-008660,CUST-0049,/cart,click,2024-07-29 04:36:15,desktop,Samsung Internet,google
SESS-008661,CUST-0069,/checkout,add_to_cart,2024-10-15 07:05:33,mobile,Chrome,direct
SESS-008662,CUST-0431,/checkout/payment,click,2024-10-26 03:22:32,mobile,Edge,tiktok
SESS-008663,,/products/clothing,add_to_cart,2024-01-17 15:33:15,mobile,Chrome,facebook
SESS-008664,CUST-0244,/about,search,2024-04-19 01:01:10,tablet,Chrome,google
SESS-008665,CUST-0092,/products/sports,search,2024-01-10 20:00:27,tablet,Firefox,tiktok
SESS-008666,CUST-0433,/faq,page_view,2024-12-10 12:51:57,mobile,Firefox,
SESS-008667,CUST-0057,/account,search,1970-01-01 00:00:00,tablet,Firefox,email_campaign
SESS-008668,CUST-0337,/account,click,2024-01-12 23:06:21,mobile,Edge,twitter
SESS-008669,CUST-0124,/products/books,page_view,2024-01-02 02:57:13,desktop,Safari,tiktok
SESS-008670,CUST-0004,/products/sports,page_view,2024-07-15 02:34:15,mobile,Firefox,bing
SESS-008671,,/faq,purchase,2024-05-04 21:28:58,desktop,Safari,twitter
SESS-008672,CUST-0374,/products,page_view,2024-08-11 06:03:11,mobile,Firefox,email_campaign
SESS-008673,CUST-0397,/products/sports,add_to_cart,2024-12-04 22:11:19,mobile,Samsung Internet,email_campaign
SESS-008674,CUST-0330,/products/sports,purchase,2024-02-22 07:29:07,mobile,Chrome,facebook
SESS-008675,CUST-0186,/checkout/payment,search,2024-03-16 08:01:13,desktop,Samsung Internet,twitter
SESS-008676,CUST-0433,/account,search,2024-11-28 20:47:50,mobile,Chrome,email_campaign
SESS-008677,CUST-0038,/checkout,page_view,2024-01-27 12:12:36,tablet,Safari,google
SESS-008678,CUST-0420,/checkout/payment,click,2024-04-07 06:26:38,mobile,Chrome,
SESS-008679,,/products/books,purchase,2024-02-25 12:10:46,mobile,Safari,google
SESS-008680,CUST-0157,/account,remove_from_cart,2024-01-13 16:11:43,desktop,Safari,affiliate
SESS-008681,CUST-0044,/blog,add_to_cart,2024-07-19 05:18:33,mobile,Chrome,email_campaign
SESS-008682,CUST-0187,/products,page_view,2024-10-07 23:12:22,desktop,Chrome,instagram
SESS-008683,CUST-0139,/products,page_view,2024-04-24 13:11:17,desktop,Safari,affiliate
SESS-008684,CUST-0421,/contact,add_to_cart,2024-08-19 12:23:50,desktop,Chrome,email_campaign
SESS-008685,CUST-0343,/products/books,begin_checkout,2024-12-03 11:40:44,mobile,Edge,google
SESS-008686,CUST-0377,/returns,click,2024-05-01 07:11:17,mobile,Chrome,direct
SESS-008687,CUST-0154,/faq,page_view,2024-05-01 22:45:13,mobile,Firefox,tiktok
SESS-008688,CUST-0003,/about,click,2024-08-12 23:09:32,mobile,Safari,google
SESS-008689,,/products/clothing,video_play,2024-06-09 09:45:53,mobile,Chrome,tiktok
SESS-008690,,/account/wishlist,begin_checkout,2024-12-21 09:42:33,desktop,Samsung Internet,instagram
SESS-008691,CUST-0138,/account/wishlist,search,2024-11-02 20:05:56,desktop,Safari,bing
SESS-008692,CUST-0484,/products/clothing,click,2024-01-13 21:50:59,mobile,Chrome,facebook
SESS-008693,CUST-0253,/checkout/confirmation,add_to_cart,2030-08-13 12:00:00,desktop,Chrome,direct
SESS-008694,,/products/clothing,add_to_cart,2024-02-10 15:18:33,desktop,Safari,direct
SESS-008695,CUST-0495,/products,page_view,2024-09-14 11:43:29,desktop,Chrome,affiliate
SESS-008696,CUST-0055,/about,add_to_cart,2024-12-23 02:05:32,mobile,Safari,tiktok
SESS-008697,CUST-0442,/returns,page_view,2024-03-18 12:26:12,mobile,Edge,tiktok
SESS-008698,CUST-0230,/faq,page_view,2024-08-03 04:19:18,desktop,Chrome,tiktok
SESS-008699,,/products,remove_from_cart,2024-02-18 21:49:10,desktop,Chrome,tiktok
SESS-008700,CUST-0446,/products,scroll,1970-01-01 00:00:00,mobile,Safari,google
SESS-008701,,/about,click,2024-03-09 11:24:58,mobile,Firefox,affiliate
SESS-008702,,/returns,begin_checkout,2024-06-11 04:01:05,mobile,Chrome,
SESS-008703,,/products/home,page_view,2024-12-05 13:08:26,tablet,Chrome,instagram
SESS-008704,CUST-0047,/products,remove_from_cart,2024-05-26 19:44:47,desktop,Safari,instagram
SESS-008705,CUST-0383,/about,remove_from_cart,2024-04-08 08:22:41,desktop,Chrome,facebook
SESS-008706,,/account/orders,add_to_cart,2024-06-28 04:46:57,desktop,Edge,affiliate
SESS-008707,CUST-0080,/products/home,begin_checkout,2024-05-13 02:59:03,mobile,Safari,twitter
SESS-008708,,/products/electronics,add_to_cart,2024-04-05 23:05:00,mobile,Firefox,bing
SESS-008709,CUST-0111,/,click,2024-04-30 13:54:26,mobile,Chrome,facebook
SESS-008710,,/account/wishlist,search,2024-05-10 00:19:06,mobile,Chrome,google
SESS-008711,CUST-0060,/search,page_view,2024-11-06 21:01:57,mobile,Safari,tiktok
SESS-008712,CUST-0411,/search,scroll,2024-08-18 11:20:17,desktop,Safari,twitter
SESS-008713,,/account/orders,scroll,2024-02-19 08:07:08,desktop,Chrome,tiktok
SESS-008714,,/products/clothing,video_play,2024-01-11 19:49:54,tablet,Samsung Internet,twitter
SESS-008715,,/returns,purchase,2024-06-25 23:04:21,desktop,Safari,direct
SESS-008716,CUST-0381,/products/home,search,2024-03-16 21:28:19,mobile,Edge,
SESS-008717,CUST-0388,/products/electronics,scroll,2024-09-22 09:44:20,desktop,Firefox,tiktok
SESS-008718,CUST-0337,/checkout/payment,click,2024-07-16 00:26:13,mobile,Safari,affiliate
SESS-008719,CUST-0006,/contact,click,2024-04-24 22:31:18,tablet,Chrome,twitter
SESS-008720,CUST-0202,/returns,click,2024-11-17 05:55:54,mobile,Safari,facebook
SESS-008721,CUST-0362,/account/wishlist,click,2024-06-22 21:07:11,tablet,Chrome,google
SESS-008722,CUST-0009,/products/electronics,click,2024-04-07 10:29:55,mobile,Edge,
SESS-008723,,/checkout/confirmation,add_to_cart,2024-06-22 11:49:44,tablet,Safari,facebook
SESS-008724,CUST-0088,/account,page_view,2024-12-10 09:39:09,desktop,Chrome,affiliate
SESS-008725,CUST-0174,/checkout/confirmation,remove_from_cart,2024-03-17 16:11:51,desktop,Safari,facebook
SESS-008726,CUST-0430,/faq,page_view,2024-10-25 03:19:43,tablet,Firefox,bing
SESS-008727,CUST-0171,/products/home,page_view,2024-11-15 21:52:55,mobile,Safari,tiktok
SESS-008728,,/account/wishlist,add_to_cart,2024-06-08 00:07:51,desktop,Chrome,tiktok
SESS-008729,CUST-0460,/returns,search,2024-03-01 19:37:10,desktop,Firefox,bing
SESS-008730,CUST-0150,/account/wishlist,click,2024-10-21 20:49:43,tablet,Chrome,tiktok
SESS-008731,CUST-0228,/products/home,click,2024-12-18 23:41:19,mobile,Edge,twitter
SESS-008732,,/checkout/payment,scroll,2024-04-16 17:39:35,tablet,Safari,google
SESS-008733,CUST-0408,/products,video_play,2024-02-06 23:39:02,desktop,Chrome,bing
SESS-008734,CUST-0497,/account/orders,scroll,2024-04-23 12:49:06,tablet,Chrome,bing
SESS-008735,CUST-0032,/checkout,scroll,2024-08-07 03:57:12,mobile,Safari,direct
SESS-008736,,/account/orders,click,2024-03-30 12:22:53,mobile,Safari,instagram
SESS-008737,,/blog,add_to_cart,2024-02-01 23:05:45,mobile,Edge,bing
SESS-008738,CUST-0170,/products,add_to_cart,2024-10-28 02:08:44,tablet,Safari,facebook
SESS-008739,CUST-0098,/account,add_to_cart,2024-11-14 18:22:59,desktop,Safari,direct
SESS-008740,,/checkout,purchase,2024-02-20 21:28:25,mobile,Chrome,facebook
SESS-008741,CUST-0250,/products,remove_from_cart,2024-05-17 18:57:00,mobile,Firefox,twitter
SESS-008742,CUST-0467,/products,search,2024-11-11 20:54:47,tablet,Chrome,affiliate
SESS-008743,CUST-0308,/account/wishlist,video_play,2024-11-30 15:40:58,desktop,Safari,affiliate
SESS-008744,,/products/clothing,page_view,2024-05-03 23:03:38,mobile,Samsung Internet,instagram
SESS-008745,CUST-0056,/account/wishlist,scroll,2024-06-14 08:26:43,desktop,Chrome,bing
SESS-008746,,/products/home,page_view,2024-10-21 09:01:44,desktop,Chrome,
SESS-008747,CUST-0291,/products,purchase,2024-03-19 08:23:32,tablet,Samsung Internet,bing
SESS-008748,,/checkout,begin_checkout,2024-01-12 15:52:26,tablet,Edge,bing
SESS-008749,CUST-0056,/products,click,2024-02-06 00:02:59,mobile,Firefox,bing
SESS-008750,CUST-0018,/cart,click,2024-04-03 16:27:48,tablet,Chrome,tiktok
SESS-008751,CUST-0228,/contact,page_view,2024-05-30 09:35:19,desktop,Chrome,twitter
SESS-008752,,/products/sports,page_view,2024-03-28 13:33:32,tablet,Chrome,direct
SESS-008753,CUST-0207,/checkout/confirmation,page_view,2024-02-28 09:39:54,desktop,Edge,tiktok
SESS-008754,CUST-0433,/account,video_play,2024-03-23 16:36:14,desktop,Chrome,direct
SESS-008755,,/about,page_view,2024-05-20 23:45:54,mobile,Firefox,affiliate
SESS-008756,CUST-0267,/products/electronics,remove_from_cart,2024-02-02 07:28:54,desktop,Safari,email_campaign
SESS-008757,CUST-0478,/products/clothing,scroll,2024-03-23 09:03:10,bot,Bingbot,email_campaign
SESS-008758,CUST-0331,/returns,page_view,2024-08-23 23:56:17,bot,SemrushBot,email_campaign
SESS-008759,CUST-0008,/account,page_view,2024-12-07 21:12:50,mobile,Chrome,tiktok
SESS-008760,,/faq,page_view,2024-11-07 17:15:34,tablet,Safari,twitter
SESS-008761,CUST-0450,/search,purchase,2024-05-08 12:46:48,tablet,Safari,direct
SESS-008762,CUST-0295,/cart,add_to_cart,2024-06-04 12:33:04,desktop,Firefox,facebook
SESS-008763,CUST-0235,/,begin_checkout,2024-09-05 20:04:47,mobile,Chrome,instagram
SESS-008764,CUST-0091,/account/wishlist,click,2024-10-29 23:19:39,tablet,Chrome,
SESS-008765,CUST-0316,/cart,page_view,2024-05-17 00:23:59,mobile,Chrome,twitter
SESS-008766,CUST-0188,/account/wishlist,remove_from_cart,2024-03-18 18:06:57,desktop,Chrome,direct
SESS-008767,CUST-0080,/products/sports,add_to_cart,2024-12-25 00:50:19,mobile,Safari,
SESS-008768,CUST-0036,/cart,page_view,2024-04-28 03:29:17,tablet,Edge,google
SESS-008769,,/checkout/confirmation,click,2024-03-14 23:53:26,tablet,Chrome,
SESS-008770,,/checkout,begin_checkout,2024-12-25 15:01:07,desktop,Chrome,affiliate
SESS-008771,CUST-0263,/account/orders,begin_checkout,2024-03-12 07:23:32,mobile,Firefox,bing
SESS-008772,CUST-0397,/account/wishlist,page_view,2024-08-12 04:19:11,mobile,Firefox,twitter
SESS-008773,CUST-0136,/about,page_view,2024-02-21 03:03:07,desktop,Chrome,direct
SESS-008774,,/checkout/payment,page_view,2024-04-19 23:06:24,mobile,Safari,twitter
SESS-008775,CUST-0034,/checkout/confirmation,page_view,2024-09-14 02:03:36,desktop,Chrome,google
SESS-008776,CUST-0453,/blog,page_view,2024-09-18 03:13:25,tablet,Firefox,instagram
SESS-008777,,/account/wishlist,page_view,2024-08-26 05:46:16,mobile,Firefox,instagram
SESS-008778,CUST-0183,/checkout,search,2024-12-30 16:02:33,mobile,Safari,email_campaign
SESS-008779,,/account/wishlist,page_view,2024-08-20 18:02:44,tablet,Safari,tiktok
SESS-008780,CUST-0432,/about,page_view,2024-10-21 14:23:37,mobile,Edge,bing
SESS-008781,CUST-0405,/account,page_view,2024-11-02 20:23:19,tablet,Chrome,tiktok
SESS-008782,CUST-0442,/blog,add_to_cart,2024-11-02 22:02:01,desktop,Safari,bing
SESS-008783,CUST-0447,/account,video_play,2024-12-13 00:26:16,mobile,Safari,facebook
SESS-008784,,/products/electronics,scroll,2024-10-28 14:18:26,mobile,Chrome,facebook
SESS-008785,CUST-0446,/account,page_view,2024-04-30 18:11:46,mobile,Safari,instagram
SESS-008786,CUST-0317,/checkout,search,2024-11-05 04:46:33,mobile,Samsung Internet,twitter
SESS-008787,CUST-0117,/faq,remove_from_cart,2024-07-07 18:03:21,tablet,Edge,facebook
SESS-008788,CUST-0042,/products,add_to_cart,2024-01-29 21:03:06,desktop,Samsung Internet,bing
SESS-008789,,/,remove_from_cart,2024-07-15 22:33:25,tablet,Edge,affiliate
SESS-008790,CUST-0141,/products/home,remove_from_cart,2024-04-21 01:10:59,mobile,Firefox,
SESS-008791,,/returns,page_view,2024-10-16 22:16:46,mobile,Samsung Internet,
SESS-008792,CUST-0379,/faq,begin_checkout,2024-06-12 08:51:19,mobile,Firefox,affiliate
SESS-008793,,/checkout,begin_checkout,2024-11-02 05:20:01,desktop,Chrome,instagram
SESS-008794,CUST-0398,/products/electronics,begin_checkout,2024-07-22 08:48:53,mobile,Safari,
SESS-008795,CUST-0138,/products/sports,page_view,2024-03-31 08:04:32,tablet,Chrome,direct
SESS-008796,CUST-0177,/returns,search,2024-08-04 14:07:57,desktop,Edge,facebook
SESS-008797,CUST-0369,/account,begin_checkout,2024-01-14 01:58:46,desktop,Samsung Internet,direct
SESS-008798,,/account,page_view,2024-07-26 22:40:39,tablet,Samsung Internet,instagram
SESS-008799,,/account/wishlist,video_play,2024-07-23 18:30:02,tablet,Chrome,affiliate
SESS-008800,CUST-0019,/checkout/payment,begin_checkout,2024-05-14 13:24:21,mobile,Chrome,google
SESS-008801,CUST-0412,/account/orders,click,2024-10-24 01:56:45,desktop,Chrome,twitter
SESS-008802,CUST-0254,/checkout,page_view,2024-10-05 16:48:34,mobile,Chrome,bing
SESS-008803,CUST-0487,/products,page_view,2024-10-06 16:39:37,desktop,Safari,bing
SESS-008804,CUST-0475,/checkout/payment,purchase,2024-08-25 21:40:14,desktop,Safari,
SESS-008805,CUST-0492,/returns,click,2024-06-24 20:18:21,mobile,Chrome,
SESS-008806,CUST-0240,/blog,scroll,2024-06-30 14:05:11,mobile,Edge,instagram
SESS-008807,CUST-0394,/products/electronics,search,2024-01-09 17:36:58,mobile,Safari,email_campaign
SESS-008808,CUST-0241,/cart,page_view,2024-01-10 19:48:44,tablet,Chrome,affiliate
SESS-008809,CUST-0215,/search,page_view,2024-06-17 05:22:50,mobile,Edge,affiliate
SESS-008810,CUST-0167,/account,click,2024-05-14 19:18:37,mobile,Chrome,tiktok
SESS-008811,CUST-0149,/account,page_view,2024-03-19 05:22:50,tablet,Samsung Internet,email_campaign
SESS-008812,CUST-0283,/products/sports,click,2024-11-16 13:40:32,desktop,Edge,twitter
SESS-008813,CUST-0330,/account/orders,page_view,2024-06-28 04:52:26,bot,Googlebot,
SESS-008814,CUST-0159,/search,add_to_cart,2024-10-06 21:09:20,desktop,Safari,email_campaign
SESS-008815,CUST-0083,/,add_to_cart,2024-04-03 11:40:17,mobile,Chrome,facebook
SESS-008816,CUST-0121,/products/clothing,click,2024-06-30 21:59:19,mobile,Chrome,twitter
SESS-008817,CUST-0255,/search,search,2024-11-26 11:13:46,desktop,Edge,direct
SESS-008818,,/products/electronics,remove_from_cart,2024-10-07 01:06:20,tablet,Chrome,instagram
SESS-008819,CUST-0245,/checkout/confirmation,video_play,2024-02-29 12:33:47,tablet,Chrome,
SESS-008820,CUST-0485,/products/books,remove_from_cart,2024-09-02 04:12:51,desktop,Chrome,twitter
SESS-008821,,/products/sports,page_view,2024-02-15 18:03:53,desktop,Safari,instagram
SESS-008822,,/checkout/payment,remove_from_cart,2024-03-14 19:11:42,desktop,Safari,affiliate
SESS-008823,CUST-0096,/blog,purchase,2024-03-14 15:06:40,desktop,Safari,bing
SESS-008824,CUST-0477,/products,remove_from_cart,2024-08-15 05:16:57,tablet,Chrome,affiliate
SESS-008825,CUST-0304,/search,begin_checkout,2024-08-22 23:15:57,mobile,Chrome,email_campaign
SESS-008826,CUST-0138,/contact,page_view,2024-10-09 18:11:13,tablet,Safari,instagram
SESS-008827,CUST-0433,/returns,video_play,2024-01-03 15:26:16,tablet,Firefox,tiktok
SESS-008828,CUST-0250,/account,scroll,2024-10-18 09:08:26,mobile,Chrome,direct
SESS-008829,,/faq,page_view,2024-02-08 16:28:04,tablet,Chrome,facebook
SESS-008830,CUST-0323,/account/wishlist,click,2024-02-12 05:23:57,mobile,Samsung Internet,bing
SESS-008831,CUST-0096,/account,page_view,2024-05-21 14:15:40,mobile,Samsung Internet,facebook
SESS-008832,CUST-0415,/contact,scroll,2024-07-14 16:31:05,mobile,Safari,google
SESS-008833,CUST-0122,/account,page_view,2024-10-04 18:14:48,desktop,Safari,twitter
SESS-008834,CUST-0104,/products/electronics,add_to_cart,2024-06-24 08:11:58,tablet,Firefox,twitter
SESS-008835,,/account/wishlist,begin_checkout,2024-12-26 20:51:08,mobile,Safari,affiliate
SESS-008836,,/products/sports,page_view,2024-12-25 23:20:44,desktop,Safari,tiktok
SESS-008837,CUST-0277,/contact,remove_from_cart,2024-05-26 14:22:57,mobile,Chrome,twitter
SESS-008838,CUST-0130,/checkout,video_play,2024-06-29 16:19:28,desktop,Edge,facebook
SESS-008839,CUST-0445,/faq,add_to_cart,2024-01-19 08:39:16,desktop,Chrome,
SESS-008840,CUST-0248,/blog,search,2024-07-27 04:10:31,tablet,Samsung Internet,bing
SESS-008841,CUST-0026,/about,page_view,2024-08-03 14:18:56,mobile,Chrome,email_campaign
SESS-008842,,/blog,page_view,2024-06-05 18:28:00,mobile,Chrome,email_campaign
SESS-008843,CUST-0370,/checkout/payment,video_play,2024-09-22 21:53:50,mobile,Chrome,tiktok
SESS-008844,CUST-0415,/blog,page_view,2024-11-26 10:44:48,desktop,Chrome,instagram
SESS-008845,CUST-0031,/account/orders,purchase,2024-11-27 03:28:15,desktop,Safari,instagram
SESS-008846,CUST-0463,/products/books,begin_checkout,2024-10-30 17:53:36,tablet,Chrome,email_campaign
SESS-008847,CUST-0149,/faq,search,2024-08-30 16:36:13,mobile,Chrome,instagram
SESS-008848,,/account/wishlist,video_play,2024-11-01 19:06:10,mobile,Safari,instagram
SESS-008849,CUST-0188,/products/books,search,2024-12-20 20:01:47,tablet,Safari,instagram
SESS-008850,,/account,scroll,2024-07-26 23:50:38,tablet,Samsung Internet,instagram
SESS-008851,CUST-0437,/,search,2024-09-08 05:34:23,mobile,Safari,direct
SESS-008852,CUST-0122,/checkout,purchase,2024-08-08 05:26:13,mobile,Firefox,email_campaign
SESS-008853,CUST-0419,/products/books,page_view,2024-05-21 07:34:12,bot,AhrefsBot,instagram
SESS-008854,,/returns,begin_checkout,2024-07-29 14:09:18,mobile,Chrome,tiktok
SESS-008855,CUST-0015,/products/clothing,page_view,2024-02-12 14:53:39,mobile,Safari,google
SESS-008856,,/about,video_play,2024-11-07 17:38:12,mobile,Chrome,direct
SESS-008857,CUST-0463,/checkout,scroll,2024-03-30 20:32:13,mobile,Samsung Internet,email_campaign
SESS-008858,CUST-0307,/about,purchase,2024-08-01 09:00:19,desktop,Chrome,bing
SESS-008859,CUST-0302,/products/home,video_play,2024-04-16 17:56:23,desktop,Firefox,direct
SESS-008860,,/blog,search,2024-01-25 03:41:45,tablet,Chrome,twitter
SESS-008861,,/contact,video_play,2024-05-14 19:20:16,tablet,Firefox,tiktok
SESS-008862,CUST-0138,/returns,video_play,2024-01-21 10:32:12,mobile,Chrome,tiktok
SESS-008863,CUST-0489,/products/sports,scroll,2024-07-18 23:02:53,mobile,Chrome,facebook
SESS-008864,CUST-0384,/products/clothing,purchase,2024-12-19 19:00:53,desktop,Samsung Internet,bing
SESS-008865,,/products,click,2024-10-27 08:46:39,mobile,Safari,google
SESS-008866,CUST-0334,/cart,scroll,2024-03-23 17:34:32,mobile,Chrome,google
SESS-008867,,/products/electronics,begin_checkout,2024-01-18 01:52:49,mobile,Safari,direct
SESS-008868,CUST-0112,/blog,begin_checkout,2024-03-18 10:39:47,desktop,Edge,direct
SESS-008869,CUST-0199,/products/books,add_to_cart,2024-07-08 19:27:33,mobile,Edge,bing
SESS-008870,CUST-0015,/cart,click,2024-07-04 11:26:43,mobile,Safari,bing
SESS-008871,CUST-0363,/products/sports,page_view,2024-08-22 20:40:48,mobile,Edge,instagram
SESS-008872,CUST-0035,/products/sports,purchase,2024-09-01 01:27:30,tablet,Chrome,direct
SESS-008873,CUST-0362,/products/electronics,purchase,2024-08-05 21:55:01,mobile,Safari,affiliate
SESS-008874,,/account/wishlist,page_view,2024-02-21 05:45:58,mobile,Chrome,
SESS-008875,,/products/sports,scroll,2024-02-06 13:46:54,mobile,Chrome,instagram
SESS-008876,,/contact,click,2024-04-21 06:11:30,desktop,Chrome,twitter
SESS-008877,CUST-0430,/contact,page_view,2024-09-12 09:31:08,tablet,Safari,twitter
SESS-008878,,/products/clothing,scroll,2024-06-20 17:57:18,tablet,Firefox,tiktok
SESS-008879,CUST-0413,/returns,page_view,2024-03-04 09:23:22,desktop,Chrome,bing
SESS-008880,CUST-0183,/checkout/payment,remove_from_cart,2024-11-12 22:52:27,mobile,Firefox,tiktok
SESS-008881,CUST-0244,/account,scroll,2024-06-14 18:05:31,tablet,Safari,instagram
SESS-008882,CUST-0285,/products/electronics,click,2024-01-07 02:40:31,desktop,Firefox,email_campaign
SESS-008883,CUST-0065,/checkout/confirmation,page_view,2024-05-19 14:44:08,desktop,Edge,affiliate
SESS-008884,,/account/wishlist,page_view,2024-03-09 23:03:22,mobile,Firefox,affiliate
SESS-008885,,/contact,remove_from_cart,2024-09-21 12:16:25,desktop,Chrome,direct
SESS-008886,CUST-0302,/contact,video_play,2024-11-28 07:00:02,tablet,Chrome,instagram
SESS-008887,CUST-0048,/products/books,page_view,2024-03-13 09:11:33,tablet,Safari,
SESS-008888,CUST-0296,/,page_view,2024-12-26 21:28:54,tablet,Safari,direct
SESS-008889,CUST-0031,/cart,page_view,2024-03-08 22:23:01,desktop,Firefox,facebook
SESS-008890,CUST-0201,/checkout/payment,begin_checkout,2024-09-30 21:39:40,tablet,Safari,instagram
SESS-008891,CUST-0016,/account/wishlist,click,2024-01-07 22:56:47,mobile,Safari,
SESS-008892,CUST-0390,/products/sports,scroll,2024-09-14 04:02:49,mobile,Edge,facebook
SESS-008893,CUST-0309,/checkout,scroll,2024-01-26 04:51:00,desktop,Safari,email_campaign
SESS-008894,CUST-0473,/checkout/payment,scroll,2024-12-24 20:27:29,mobile,Samsung Internet,direct
SESS-008895,CUST-0064,/account/wishlist,search,2024-12-09 09:09:46,tablet,Safari,tiktok
SESS-008896,CUST-0379,/search,remove_from_cart,2024-09-23 22:56:38,desktop,Chrome,google
SESS-008897,CUST-0078,/,page_view,2024-12-06 23:17:14,desktop,Firefox,google
SESS-008898,,/contact,video_play,2024-11-10 17:47:17,mobile,Chrome,affiliate
SESS-008899,CUST-0277,/account/wishlist,search,2024-01-13 03:26:40,tablet,Chrome,affiliate
SESS-008900,CUST-0087,/cart,click,2024-05-22 15:08:29,bot,Bingbot,instagram
SESS-008901,CUST-0294,/about,page_view,2024-08-03 22:05:20,desktop,Safari,twitter
SESS-008902,CUST-0412,/about,click,2024-09-02 20:25:21,mobile,Safari,tiktok
SESS-008903,,/account/wishlist,add_to_cart,2024-02-07 09:32:34,bot,Googlebot,email_campaign
SESS-008904,CUST-0387,/products/books,click,2024-03-03 17:34:40,desktop,Edge,twitter
SESS-008905,CUST-0175,/about,page_view,2024-12-20 13:10:09,mobile,Chrome,facebook
SESS-008906,CUST-0047,/checkout,page_view,2024-07-02 09:13:59,desktop,Chrome,
SESS-008907,CUST-0091,/cart,page_view,2024-06-15 04:44:32,mobile,Samsung Internet,tiktok
SESS-008908,CUST-0157,/about,page_view,2024-09-08 16:45:50,desktop,Safari,google
SESS-008909,CUST-0298,/cart,page_view,2024-07-19 11:02:52,desktop,Safari,email_campaign
SESS-008910,CUST-0326,/products/clothing,scroll,2024-06-01 01:25:35,tablet,Edge,facebook
SESS-008911,CUST-0237,/products/sports,page_view,2024-04-29 10:02:48,desktop,Chrome,twitter
SESS-008912,,/returns,click,2024-02-10 20:49:47,tablet,Chrome,affiliate
SESS-008913,CUST-0110,/products/books,add_to_cart,2024-05-13 19:26:11,mobile,Chrome,tiktok
SESS-008914,,/about,click,2024-11-15 12:14:43,mobile,Safari,tiktok
SESS-008915,CUST-0216,/checkout,page_view,2024-08-01 01:44:30,mobile,Edge,twitter
SESS-008916,CUST-0105,/products/home,page_view,2024-04-01 18:04:57,tablet,Chrome,tiktok
SESS-008917,CUST-0219,/faq,search,2024-09-14 12:52:08,mobile,Safari,affiliate
SESS-008918,CUST-0128,/account/orders,scroll,2024-05-11 13:44:31,mobile,Safari,google
SESS-008919,CUST-0250,/account/orders,page_view,2024-07-11 17:45:27,desktop,Samsung Internet,tiktok
SESS-008920,CUST-0040,/blog,page_view,2024-07-29 13:57:03,mobile,Edge,direct
SESS-008921,CUST-0069,/contact,add_to_cart,2024-05-11 17:37:28,desktop,Edge,
SESS-008922,CUST-0086,/products/books,scroll,2024-08-11 22:23:01,mobile,Safari,affiliate
SESS-008923,CUST-0096,/products/sports,begin_checkout,2024-08-13 06:29:45,tablet,Samsung Internet,email_campaign
SESS-008924,CUST-0232,/products/electronics,add_to_cart,2024-04-14 21:14:42,tablet,Safari,tiktok
SESS-008925,CUST-0090,/account/wishlist,page_view,2024-05-04 01:37:18,tablet,Edge,
SESS-008926,CUST-0002,/account/orders,click,2024-12-17 03:38:53,desktop,Edge,instagram
SESS-008927,CUST-0439,/checkout/confirmation,remove_from_cart,2024-03-08 09:57:44,mobile,Safari,facebook
SESS-008928,,/products,search,2024-10-20 17:08:19,desktop,Chrome,email_campaign
SESS-008929,,/blog,purchase,2024-04-27 19:21:55,desktop,Chrome,
SESS-008930,CUST-0299,/returns,purchase,2024-07-03 06:15:54,mobile,Edge,google
SESS-008931,CUST-0448,/cart,begin_checkout,2024-12-06 01:08:14,desktop,Chrome,
SESS-008932,CUST-0083,/account,page_view,2024-04-26 04:48:14,desktop,Firefox,bing
SESS-008933,,/products/electronics,page_view,2024-03-14 10:05:52,tablet,Samsung Internet,tiktok
SESS-008934,,/cart,page_view,2024-09-16 01:16:58,desktop,Edge,tiktok
SESS-008935,,/blog,page_view,2024-01-27 02:34:04,tablet,Chrome,google
SESS-008936,CUST-0452,/checkout/payment,purchase,2024-08-10 07:36:03,desktop,Firefox,facebook
SESS-008937,,/returns,page_view,2024-08-21 00:27:20,mobile,Chrome,bing
SESS-008938,CUST-0413,/products/electronics,click,2024-02-18 11:26:23,mobile,Safari,direct
SESS-008939,CUST-0003,/account/wishlist,page_view,2024-09-16 09:02:23,mobile,Safari,facebook
SESS-008940,,/account/wishlist,add_to_cart,2024-01-06 05:36:55,mobile,Edge,facebook
SESS-008941,CUST-0107,/faq,page_view,2024-05-07 20:19:52,desktop,Chrome,email_campaign
SESS-008942,CUST-0012,/products/home,purchase,2024-04-24 00:34:10,bot,Bingbot,email_campaign
SESS-008943,CUST-0461,/checkout/confirmation,video_play,2024-09-29 05:10:43,desktop,Firefox,
SESS-008944,CUST-0174,/checkout/payment,remove_from_cart,2024-09-07 23:47:53,desktop,Samsung Internet,affiliate
SESS-008945,CUST-0443,/products/clothing,search,2024-05-20 13:11:51,mobile,Firefox,affiliate
SESS-008946,,/checkout,begin_checkout,2024-03-18 10:01:24,desktop,Safari,google
SESS-008947,CUST-0406,/returns,page_view,2024-10-02 20:47:36,desktop,Chrome,google
SESS-008948,,/,remove_from_cart,2024-04-30 14:45:48,mobile,Chrome,bing
SESS-008949,,/faq,page_view,2024-03-10 18:18:15,desktop,Firefox,facebook
SESS-008950,,/products,begin_checkout,2024-03-10 05:20:09,desktop,Chrome,
SESS-008951,CUST-0031,/checkout/confirmation,click,2024-07-07 08:30:37,mobile,Edge,affiliate
SESS-008952,,/checkout/confirmation,page_view,2024-01-17 10:24:58,desktop,Edge,google
SESS-008953,CUST-0127,/products/sports,video_play,2024-10-27 13:21:30,tablet,Chrome,facebook
SESS-008954,,/products,page_view,2024-01-29 14:41:32,desktop,Chrome,twitter
SESS-008955,CUST-0024,/contact,click,2024-09-04 15:47:51,desktop,Samsung Internet,instagram
SESS-008956,CUST-0333,/cart,click,2024-10-22 14:30:31,mobile,Chrome,instagram
SESS-008957,,/products/electronics,remove_from_cart,2024-04-05 14:34:48,mobile,Safari,google
SESS-008958,CUST-0056,/products,add_to_cart,2024-02-05 19:55:54,desktop,Chrome,bing
SESS-008959,CUST-0490,/checkout/confirmation,page_view,2024-01-14 08:08:29,mobile,Safari,tiktok
SESS-008960,CUST-0458,/products/home,page_view,2024-07-24 08:21:49,mobile,Firefox,twitter
SESS-008961,CUST-0483,/about,add_to_cart,2024-11-20 10:32:41,desktop,Safari,tiktok
SESS-008962,CUST-0254,/account,page_view,2024-09-05 17:15:39,mobile,Chrome,email_campaign
SESS-008963,CUST-0054,/products/books,click,2024-02-27 00:26:54,mobile,Chrome,tiktok
SESS-008964,CUST-0287,/account/wishlist,begin_checkout,2024-07-01 17:05:00,mobile,Safari,affiliate
SESS-008965,,/checkout/confirmation,search,2024-10-21 02:06:50,mobile,Safari,facebook
SESS-008966,CUST-0427,/products/sports,click,2024-09-01 06:52:45,desktop,Edge,google
SESS-008967,,/checkout/confirmation,page_view,2024-07-14 20:49:53,mobile,Chrome,instagram
SESS-008968,CUST-0196,/blog,video_play,2024-07-11 13:04:19,mobile,Chrome,
SESS-008969,CUST-0239,/account,page_view,2024-12-10 11:49:01,desktop,Firefox,google
SESS-008970,CUST-0034,/faq,scroll,2024-05-26 04:29:55,bot,Googlebot,twitter
SESS-008971,CUST-0004,/checkout/payment,page_view,2024-05-24 07:26:40,mobile,Safari,
SESS-008972,,/returns,search,2024-05-12 15:17:05,desktop,Chrome,
SESS-008973,CUST-0494,/account/wishlist,begin_checkout,2024-10-08 14:40:34,mobile,Safari,tiktok
SESS-008974,CUST-0399,/blog,page_view,2024-07-03 05:45:14,mobile,Chrome,twitter
SESS-008975,,/faq,remove_from_cart,2024-06-19 02:10:22,desktop,Chrome,twitter
SESS-008976,CUST-0204,/account/orders,remove_from_cart,2024-02-03 19:39:18,tablet,Chrome,affiliate
SESS-008977,CUST-0088,/about,click,2024-08-11 13:42:56,desktop,Edge,facebook
SESS-008978,CUST-0407,/about,video_play,2024-03-05 03:06:06,tablet,Safari,
SESS-008979,,/cart,purchase,2024-04-06 20:54:11,tablet,Safari,tiktok
SESS-008980,CUST-0147,/products/clothing,purchase,2024-07-07 15:00:51,desktop,Chrome,twitter
SESS-008981,CUST-0114,/products/clothing,add_to_cart,2024-01-24 13:42:51,desktop,Safari,google
SESS-008982,CUST-0343,/faq,page_view,2024-12-14 09:14:12,mobile,Safari,direct
SESS-008983,,/account/orders,add_to_cart,2024-08-05 12:02:10,desktop,Edge,email_campaign
SESS-008984,CUST-0191,/checkout,purchase,2024-11-07 04:21:39,mobile,Edge,instagram
SESS-008985,CUST-0420,/products/books,click,2024-02-03 20:44:53,desktop,Samsung Internet,
SESS-008986,CUST-0440,/about,click,2024-09-21 09:01:40,tablet,Chrome,tiktok
SESS-008987,CUST-0341,/products/books,purchase,2024-11-23 11:38:54,desktop,Chrome,twitter
SESS-008988,CUST-0020,/checkout/payment,remove_from_cart,2024-05-22 12:00:49,tablet,Firefox,email_campaign
SESS-008989,CUST-0347,/account/wishlist,begin_checkout,2024-06-07 16:58:59,mobile,Safari,direct
SESS-008990,,/checkout/payment,page_view,2024-07-07 23:44:53,desktop,Chrome,facebook
SESS-008991,,/products/books,purchase,2024-09-05 09:56:23,tablet,Chrome,facebook
SESS-008992,,/products/sports,add_to_cart,2024-05-10 04:29:26,desktop,Edge,
SESS-008993,CUST-0272,/products/books,page_view,2024-04-08 07:29:39,desktop,Safari,instagram
SESS-008994,CUST-0495,/about,add_to_cart,2024-06-21 23:17:50,desktop,Firefox,
SESS-008995,CUST-0231,/checkout,search,2024-10-22 01:47:52,desktop,Chrome,tiktok
SESS-008996,CUST-0496,/products/electronics,video_play,2024-12-23 13:30:40,desktop,Chrome,tiktok
SESS-008997,CUST-0178,/account/wishlist,page_view,2024-08-14 23:27:27,mobile,Chrome,
SESS-008998,CUST-0142,/account/wishlist,purchase,2024-09-07 01:06:24,mobile,Edge,google
SESS-008999,CUST-0385,/products/clothing,purchase,2024-04-29 23:09:01,desktop,Chrome,tiktok
SESS-009000,CUST-0301,/products/electronics,search,2024-07-08 17:12:25,tablet,Firefox,google
SESS-009001,,/products/home,scroll,2024-01-16 20:38:21,mobile,Samsung Internet,direct
SESS-009002,,/products/books,purchase,2024-02-29 12:55:37,mobile,Edge,email_campaign
SESS-009003,CUST-0485,/checkout/payment,remove_from_cart,2024-06-15 02:00:35,desktop,Samsung Internet,affiliate
SESS-009004,,/products/home,click,2024-11-19 04:39:11,mobile,Safari,affiliate
SESS-009005,CUST-0388,/returns,video_play,2024-03-23 03:04:17,desktop,Samsung Internet,bing
SESS-009006,,/products/home,begin_checkout,2024-05-06 15:52:00,desktop,Chrome,twitter
SESS-009007,,/account/wishlist,click,2024-10-14 17:46:07,mobile,Safari,instagram
SESS-009008,CUST-0108,/products/home,add_to_cart,2024-09-15 10:09:40,tablet,Safari,affiliate
SESS-009009,CUST-0017,/products/electronics,video_play,2024-04-28 14:50:43,desktop,Chrome,tiktok
SESS-009010,,/account,scroll,2024-03-18 11:16:39,mobile,Edge,email_campaign
SESS-009011,CUST-0280,/search,search,2024-01-03 18:48:22,mobile,Safari,email_campaign
SESS-009012,CUST-0365,/account/orders,page_view,2024-05-03 20:57:14,mobile,Chrome,bing
SESS-009013,,/checkout/payment,page_view,2024-04-30 16:41:58,desktop,Firefox,instagram
SESS-009014,,/blog,click,2024-03-03 03:12:31,tablet,Samsung Internet,direct
SESS-009015,CUST-0168,/account/orders,begin_checkout,2024-11-14 05:21:22,desktop,Safari,instagram
SESS-009016,,/products/electronics,begin_checkout,2024-07-12 01:22:15,mobile,Chrome,affiliate
SESS-009017,CUST-0293,/,scroll,2024-06-07 14:51:03,tablet,Chrome,tiktok
SESS-009018,CUST-0492,/products,page_view,2024-04-12 16:58:55,bot,Googlebot,tiktok
SESS-009019,,/faq,click,2024-08-19 08:34:39,mobile,Edge,bing
SESS-009020,CUST-0289,/account/orders,page_view,2024-06-07 02:43:30,mobile,Samsung Internet,
SESS-009021,CUST-0423,/contact,remove_from_cart,2024-10-23 12:02:57,desktop,Safari,affiliate
SESS-009022,CUST-0467,/search,click,2024-02-14 09:19:23,tablet,Edge,email_campaign
SESS-009023,CUST-0438,/products,add_to_cart,2024-04-23 06:55:34,tablet,Edge,instagram
SESS-009024,CUST-0391,/account/orders,page_view,2024-03-20 12:41:55,tablet,Edge,instagram
SESS-009025,CUST-0075,/products/sports,click,2024-09-13 21:44:03,mobile,Safari,facebook
SESS-009026,CUST-0385,/cart,page_view,2024-08-03 09:34:39,desktop,Chrome,affiliate
SESS-009027,CUST-0167,/checkout/payment,page_view,2024-06-10 22:18:51,mobile,Edge,direct
SESS-009028,,/products/books,page_view,2024-02-12 22:16:30,mobile,Safari,tiktok
SESS-009029,CUST-0031,/blog,add_to_cart,2030-09-17 12:00:00,mobile,Safari,tiktok
SESS-009030,,/products/electronics,video_play,2024-09-04 06:44:49,desktop,Safari,email_campaign
SESS-009031,CUST-0048,/account/orders,purchase,2024-05-11 05:22:38,bot,Bingbot,tiktok
SESS-009032,,/products/home,add_to_cart,2024-11-23 01:49:33,desktop,Samsung Internet,twitter
SESS-009033,CUST-0319,/checkout,click,2024-08-16 01:02:10,mobile,Edge,direct
SESS-009034,CUST-0116,/account/orders,page_view,2024-08-01 21:10:15,mobile,Safari,email_campaign
SESS-009035,CUST-0212,/about,click,2024-05-22 13:40:08,desktop,Chrome,affiliate
SESS-009036,CUST-0367,/products/sports,scroll,2024-08-27 07:35:44,mobile,Chrome,google
SESS-009037,,/products/electronics,video_play,2024-03-28 07:03:04,bot,Python-urllib,facebook
SESS-009038,CUST-0258,/checkout/confirmation,add_to_cart,2024-11-29 07:51:01,mobile,Chrome,
SESS-009039,CUST-0483,/contact,page_view,2024-01-14 17:05:21,mobile,Chrome,
SESS-009040,CUST-0495,/products/electronics,page_view,2024-03-04 00:02:35,mobile,Chrome,instagram
SESS-009041,CUST-0058,/account/wishlist,add_to_cart,2024-08-19 09:16:33,mobile,Safari,instagram
SESS-009042,,/products/books,search,2024-06-27 17:39:00,bot,AhrefsBot,direct
SESS-009043,CUST-0231,/about,click,2024-02-25 11:32:41,mobile,Chrome,direct
SESS-009044,,/account/wishlist,page_view,2024-08-24 06:00:35,desktop,Chrome,facebook
SESS-009045,CUST-0131,/checkout/payment,scroll,2024-01-18 11:51:00,desktop,Chrome,tiktok
SESS-009046,CUST-0413,/cart,video_play,2024-08-13 09:16:59,mobile,Safari,affiliate
SESS-009047,CUST-0471,/blog,search,2024-11-16 17:59:17,mobile,Chrome,google
SESS-009048,,/faq,search,2024-03-12 16:41:50,tablet,Safari,instagram
SESS-009049,,/cart,begin_checkout,2024-06-05 04:55:49,desktop,Safari,instagram
SESS-009050,CUST-0212,/products/clothing,page_view,2024-07-24 04:27:15,desktop,Safari,bing
SESS-009051,CUST-0340,/products/electronics,remove_from_cart,2024-09-20 23:37:34,tablet,Chrome,google
SESS-009052,CUST-0302,/products/home,purchase,2024-12-08 18:19:12,mobile,Firefox,tiktok
SESS-009053,CUST-0317,/checkout/confirmation,page_view,2024-02-12 23:17:12,desktop,Safari,email_campaign
SESS-009054,CUST-0209,/faq,add_to_cart,2024-03-14 12:59:42,mobile,Edge,facebook
SESS-009055,CUST-0376,/cart,video_play,2024-11-02 06:03:09,tablet,Samsung Internet,tiktok
SESS-009056,CUST-0430,/cart,page_view,2024-08-25 10:24:14,mobile,Chrome,twitter
SESS-009057,CUST-0344,/products/books,remove_from_cart,2024-05-14 07:04:24,desktop,Edge,email_campaign
SESS-009058,CUST-0261,/products/clothing,add_to_cart,2024-08-05 20:34:35,mobile,Safari,twitter
SESS-009059,,/contact,click,2024-04-11 16:58:55,mobile,Firefox,facebook
SESS-009060,CUST-0095,/products/electronics,begin_checkout,2024-03-06 15:19:52,bot,Bingbot,tiktok
SESS-009061,CUST-0459,/faq,page_view,2024-10-28 10:32:40,mobile,Safari,email_campaign
SESS-009062,CUST-0207,/faq,page_view,2024-05-08 18:57:17,desktop,Edge,instagram
SESS-009063,,/checkout,remove_from_cart,2024-06-26 09:54:23,mobile,Chrome,google
SESS-009064,CUST-0148,/products,add_to_cart,2024-12-26 00:00:38,mobile,Safari,email_campaign
SESS-009065,CUST-0417,/products/home,page_view,2024-03-03 16:17:36,tablet,Samsung Internet,google
SESS-009066,CUST-0448,/blog,remove_from_cart,2024-02-03 03:16:51,tablet,Chrome,
SESS-009067,,/contact,click,2024-11-23 13:58:34,desktop,Firefox,
SESS-009068,CUST-0387,/account/wishlist,search,2024-11-03 18:47:44,mobile,Safari,email_campaign
SESS-009069,CUST-0461,/,purchase,2024-08-08 08:31:37,desktop,Chrome,tiktok
SESS-009070,,/products,begin_checkout,2024-01-14 11:04:46,desktop,Chrome,tiktok
SESS-009071,CUST-0093,/blog,page_view,2024-06-01 08:05:31,desktop,Samsung Internet,twitter
SESS-009072,CUST-0351,/products/home,click,2024-07-12 16:26:03,desktop,Chrome,instagram
SESS-009073,,/contact,search,2024-05-04 23:40:05,mobile,Safari,instagram
SESS-009074,,/account/orders,page_view,2024-05-15 17:36:58,desktop,Safari,google
SESS-009075,CUST-0446,/faq,page_view,2024-04-16 01:06:03,tablet,Firefox,facebook
SESS-009076,CUST-0370,/account,scroll,2024-09-06 13:45:54,mobile,Safari,
SESS-009077,CUST-0325,/search,begin_checkout,2024-06-14 06:30:09,mobile,Edge,affiliate
SESS-009078,CUST-0187,/checkout/confirmation,page_view,2024-05-22 09:28:16,mobile,Samsung Internet,
SESS-009079,,/account/wishlist,click,2024-04-21 06:53:46,tablet,Chrome,direct
SESS-009080,CUST-0329,/about,page_view,2024-10-09 05:32:01,tablet,Samsung Internet,facebook
SESS-009081,CUST-0285,/faq,page_view,2024-01-28 11:34:16,tablet,Edge,instagram
SESS-009082,CUST-0392,/checkout,search,2024-12-02 04:31:41,mobile,Samsung Internet,email_campaign
SESS-009083,CUST-0055,/account,page_view,2024-03-20 14:22:11,desktop,Edge,twitter
SESS-009084,,/checkout/confirmation,page_view,2024-02-28 03:42:40,mobile,Chrome,email_campaign
SESS-009085,CUST-0003,/checkout/payment,begin_checkout,2024-10-03 01:11:34,desktop,Chrome,instagram
SESS-009086,,/account,search,2024-06-03 06:05:35,desktop,Firefox,facebook
SESS-009087,CUST-0366,/blog,add_to_cart,2024-10-21 19:10:46,tablet,Firefox,facebook
SESS-009088,,/blog,remove_from_cart,2024-05-16 03:34:31,desktop,Safari,instagram
SESS-009089,CUST-0206,/checkout/payment,video_play,2024-09-02 13:50:31,tablet,Edge,facebook
SESS-009090,CUST-0118,/search,search,2024-07-27 13:14:29,tablet,Samsung Internet,
SESS-009091,CUST-0409,/search,begin_checkout,2024-10-01 07:12:17,desktop,Chrome,direct
SESS-009092,CUST-0302,/products/clothing,click,2024-03-02 00:50:34,mobile,Samsung Internet,
SESS-009093,CUST-0303,/search,page_view,2024-07-26 16:21:28,mobile,Firefox,direct
SESS-009094,,/cart,click,2024-07-27 17:57:19,tablet,Chrome,twitter
SESS-009095,,/checkout/payment,page_view,2024-01-16 07:47:38,mobile,Firefox,
SESS-009096,CUST-0035,/,begin_checkout,2024-11-23 06:08:47,mobile,Safari,twitter
SESS-009097,,/account,page_view,2024-07-20 02:48:51,mobile,Samsung Internet,facebook
SESS-009098,CUST-0406,/products/sports,click,2024-08-01 06:01:58,mobile,Edge,tiktok
SESS-009099,CUST-0143,/search,video_play,2024-05-28 17:35:49,mobile,Chrome,affiliate
SESS-009100,,/products/electronics,click,2024-10-18 16:41:43,desktop,Edge,direct
SESS-009101,,/blog,page_view,2024-02-17 11:16:53,desktop,Safari,bing
SESS-009102,,/checkout,add_to_cart,2024-03-23 04:16:05,desktop,Edge,email_campaign
SESS-009103,,/account,remove_from_cart,2024-06-03 13:54:48,mobile,Chrome,
SESS-009104,,/,purchase,2024-07-17 08:35:22,tablet,Edge,tiktok
SESS-009105,CUST-0188,/account/wishlist,search,2024-11-25 11:24:35,bot,Bingbot,email_campaign
SESS-009106,CUST-0280,/contact,purchase,2024-03-20 21:35:35,desktop,Edge,twitter
SESS-009107,CUST-0482,/account/wishlist,add_to_cart,2024-02-20 22:33:54,mobile,Firefox,facebook
SESS-009108,CUST-0292,/cart,add_to_cart,2024-07-19 08:50:46,tablet,Chrome,affiliate
SESS-009109,CUST-0277,/products/clothing,remove_from_cart,2024-07-31 23:49:43,mobile,Firefox,direct
SESS-009110,CUST-0235,/blog,click,2024-02-02 16:54:16,mobile,Safari,tiktok
SESS-009111,,/products/books,page_view,2024-07-26 20:02:36,tablet,Chrome,facebook
SESS-009112,CUST-0090,/faq,begin_checkout,2024-01-19 06:28:56,mobile,Safari,instagram
SESS-009113,,/products/sports,remove_from_cart,2024-03-22 08:54:43,mobile,Safari,affiliate
SESS-009114,CUST-0050,/blog,search,2024-07-08 09:00:51,mobile,Chrome,instagram
SESS-009115,CUST-0263,/cart,scroll,2024-03-19 01:41:24,desktop,Chrome,instagram
SESS-009116,CUST-0332,/products,click,2024-11-14 23:54:35,mobile,Safari,tiktok
SESS-009117,CUST-0374,/,begin_checkout,2024-12-09 08:05:00,tablet,Chrome,google
SESS-009118,CUST-0249,/products/electronics,add_to_cart,2024-07-23 12:19:56,tablet,Safari,
SESS-009119,CUST-0001,/blog,page_view,2024-01-18 02:03:37,desktop,Samsung Internet,bing
SESS-009120,CUST-0238,/checkout/confirmation,purchase,2024-09-09 21:31:30,tablet,Chrome,affiliate
SESS-009121,,/checkout/payment,search,2024-01-21 03:15:22,mobile,Samsung Internet,twitter
SESS-009122,CUST-0393,/account/orders,click,2024-02-01 04:10:19,mobile,Firefox,bing
SESS-009123,,/account/orders,scroll,2024-12-17 15:12:21,desktop,Safari,twitter
SESS-009124,CUST-0005,/products/books,page_view,2024-09-16 11:49:04,mobile,Edge,direct
SESS-009125,,/account,purchase,2024-10-26 08:37:49,mobile,Chrome,facebook
SESS-009126,CUST-0086,/,click,2024-05-14 12:17:55,mobile,Edge,bing
SESS-009127,,/account,add_to_cart,2024-02-17 15:30:43,desktop,Chrome,affiliate
SESS-009128,CUST-0219,/returns,video_play,2024-05-03 11:46:24,desktop,Safari,instagram
SESS-009129,,/account/wishlist,page_view,2024-12-05 08:14:20,mobile,Chrome,
SESS-009130,,/contact,purchase,2024-12-06 00:59:23,mobile,Chrome,instagram
SESS-009131,CUST-0141,/,scroll,2024-01-22 17:20:12,desktop,Safari,affiliate
SESS-009132,CUST-0193,/products/electronics,add_to_cart,2024-04-08 04:05:05,desktop,Safari,twitter
SESS-009133,CUST-0138,/account/wishlist,search,2024-10-25 21:03:03,tablet,Safari,tiktok
SESS-009134,CUST-0063,/returns,add_to_cart,2024-10-02 21:36:06,mobile,Chrome,instagram
SESS-009135,,/products,page_view,2024-10-16 00:52:27,tablet,Chrome,google
SESS-009136,CUST-0056,/search,page_view,2024-06-16 01:49:51,mobile,Firefox,bing
SESS-009137,CUST-0407,/checkout/payment,video_play,2024-01-30 07:11:05,desktop,Edge,direct
SESS-009138,CUST-0344,/contact,click,2024-06-13 09:53:40,desktop,Edge,twitter
SESS-009139,,/products/electronics,page_view,2024-07-13 06:58:50,desktop,Chrome,instagram
SESS-009140,CUST-0038,/checkout,page_view,2024-11-03 07:30:47,tablet,Chrome,instagram
SESS-009141,CUST-0127,/products/books,page_view,2024-04-05 16:20:35,mobile,Chrome,affiliate
SESS-009142,CUST-0133,/products,video_play,2024-06-10 03:19:35,mobile,Edge,email_campaign
SESS-009143,CUST-0076,/contact,remove_from_cart,2024-06-30 18:32:48,tablet,Safari,email_campaign
SESS-009144,CUST-0427,/products/home,page_view,2024-01-27 22:18:02,desktop,Safari,bing
SESS-009145,CUST-0255,/about,page_view,2024-08-17 14:03:47,bot,SemrushBot,instagram
SESS-009146,,/products/home,add_to_cart,2024-03-08 11:29:32,desktop,Safari,twitter
SESS-009147,CUST-0196,/about,search,2024-06-23 13:37:08,desktop,Safari,instagram
SESS-009148,,/products/books,click,2024-03-16 17:32:27,mobile,Safari,affiliate
SESS-009149,,/account,begin_checkout,2024-06-23 19:02:35,tablet,Safari,instagram
SESS-009150,CUST-0057,/search,click,2024-07-31 18:27:35,desktop,Safari,bing
SESS-009151,CUST-0016,/account/wishlist,click,2024-07-31 11:51:28,mobile,Safari,tiktok
SESS-009152,CUST-0420,/search,page_view,2024-10-26 13:58:21,mobile,Firefox,direct
SESS-009153,CUST-0241,/,scroll,2024-06-25 21:13:52,desktop,Chrome,email_campaign
SESS-009154,,/products/books,search,2024-12-24 12:04:32,mobile,Edge,facebook
SESS-009155,CUST-0491,/checkout/confirmation,purchase,2024-12-02 23:49:38,desktop,Chrome,
SESS-009156,,/products/books,purchase,2024-10-11 10:21:29,mobile,Safari,direct
SESS-009157,CUST-0331,/products,click,2024-08-24 17:30:08,desktop,Chrome,google
SESS-009158,CUST-0421,/checkout/confirmation,page_view,2024-10-24 22:44:12,desktop,Chrome,direct
SESS-009159,,/products/books,remove_from_cart,2024-08-15 02:09:15,mobile,Chrome,facebook
SESS-009160,CUST-0400,/products/sports,begin_checkout,2024-10-29 10:06:30,tablet,Chrome,instagram
SESS-009161,CUST-0424,/account/orders,page_view,2024-08-24 16:40:51,mobile,Chrome,bing
SESS-009162,CUST-0384,/checkout/payment,purchase,2030-06-04 12:00:00,desktop,Firefox,instagram
SESS-009163,CUST-0135,/faq,page_view,2024-05-04 12:11:20,mobile,Safari,email_campaign
SESS-009164,,/checkout/payment,page_view,2024-07-18 06:01:07,mobile,Firefox,google
SESS-009165,CUST-0074,/account/wishlist,video_play,2024-06-20 07:35:02,mobile,Chrome,twitter
SESS-009166,CUST-0104,/checkout,page_view,2024-06-18 22:17:24,bot,Python-urllib,direct
SESS-009167,CUST-0431,/account/wishlist,page_view,2024-04-03 12:13:43,mobile,Safari,google
SESS-009168,CUST-0157,/products/home,click,2024-11-26 13:52:28,desktop,Safari,google
SESS-009169,CUST-0111,/products/sports,add_to_cart,2024-11-23 09:37:56,mobile,Firefox,instagram
SESS-009170,CUST-0148,/faq,page_view,2024-03-02 15:49:45,tablet,Edge,tiktok
SESS-009171,CUST-0028,/products/sports,page_view,2024-06-02 10:25:37,mobile,Edge,bing
SESS-009172,CUST-0423,/search,purchase,2024-03-19 12:37:59,mobile,Chrome,instagram
SESS-009173,,/account/orders,page_view,2024-10-01 02:10:37,tablet,Safari,email_campaign
SESS-009174,CUST-0227,/returns,search,2024-09-22 12:03:44,desktop,Samsung Internet,bing
SESS-009175,CUST-0494,/returns,page_view,2024-12-29 07:18:08,desktop,Safari,affiliate
SESS-009176,CUST-0124,/,page_view,2024-05-13 02:58:00,desktop,Safari,google
SESS-009177,CUST-0065,/blog,click,2024-11-24 09:55:50,tablet,Chrome,email_campaign
SESS-009178,,/search,video_play,2024-01-08 16:44:09,desktop,Chrome,twitter
SESS-009179,CUST-0067,/returns,search,2024-11-08 17:27:15,desktop,Safari,
SESS-009180,CUST-0147,/,begin_checkout,2024-01-18 10:19:31,mobile,Chrome,bing
SESS-009181,CUST-0269,/cart,click,2024-07-17 11:38:07,mobile,Safari,bing
SESS-009182,CUST-0116,/products/clothing,search,2024-09-24 06:35:25,desktop,Samsung Internet,direct
SESS-009183,,/account/wishlist,search,2024-11-20 12:11:44,desktop,Chrome,email_campaign
SESS-009184,,/products/electronics,video_play,2024-06-29 07:07:36,mobile,Safari,direct
SESS-009185,CUST-0153,/search,click,2024-05-07 06:35:23,tablet,Safari,
SESS-009186,CUST-0247,/blog,page_view,2024-12-21 04:52:44,tablet,Safari,direct
SESS-009187,CUST-0035,/account/orders,page_view,2024-12-30 12:06:33,desktop,Safari,direct
SESS-009188,,/faq,click,2024-12-19 22:32:12,desktop,Chrome,google
SESS-009189,CUST-0399,/account,purchase,2024-07-27 18:12:31,tablet,Safari,direct
SESS-009190,CUST-0221,/search,add_to_cart,2024-04-16 23:28:49,mobile,Edge,twitter
SESS-009191,,/products/electronics,purchase,2024-02-19 04:24:50,mobile,Samsung Internet,email_campaign
SESS-009192,CUST-0245,/returns,purchase,2024-06-26 05:37:22,desktop,Chrome,google
SESS-009193,CUST-0434,/returns,begin_checkout,2024-06-29 21:24:48,desktop,Chrome,bing
SESS-009194,CUST-0138,/products/electronics,begin_checkout,2024-05-09 23:57:15,desktop,Chrome,google
SESS-009195,CUST-0167,/checkout/confirmation,add_to_cart,2024-11-06 16:39:05,desktop,Firefox,google
SESS-009196,,/products/books,page_view,2024-06-07 08:27:04,mobile,Firefox,direct
SESS-009197,CUST-0047,/about,scroll,2024-05-09 14:22:55,mobile,Firefox,google
SESS-009198,CUST-0292,/products/sports,purchase,2024-04-08 15:20:39,tablet,Safari,affiliate
SESS-009199,CUST-0272,/products,remove_from_cart,2024-07-16 12:10:16,desktop,Edge,facebook
SESS-009200,,/products/home,video_play,2024-09-10 09:26:05,tablet,Chrome,google
SESS-009201,CUST-0440,/checkout/confirmation,page_view,2024-01-10 12:41:56,desktop,Chrome,
SESS-009202,,/checkout/confirmation,scroll,2024-05-06 09:37:58,mobile,Safari,email_campaign
SESS-009203,,/cart,begin_checkout,2024-04-08 19:35:18,mobile,Safari,email_campaign
SESS-009204,CUST-0153,/search,click,2024-12-19 02:52:55,mobile,Firefox,affiliate
SESS-009205,CUST-0268,/faq,scroll,2024-03-20 07:39:54,desktop,Safari,instagram
SESS-009206,,/products,click,2024-11-02 23:09:06,desktop,Safari,facebook
SESS-009207,CUST-0266,/contact,page_view,2024-05-26 13:45:08,mobile,Firefox,google
SESS-009208,CUST-0240,/,remove_from_cart,2024-02-18 07:27:21,tablet,Edge,
SESS-009209,,/account/orders,purchase,2024-07-23 18:13:12,desktop,Samsung Internet,direct
SESS-009210,CUST-0402,/contact,add_to_cart,2024-03-24 15:31:31,desktop,Edge,twitter
SESS-009211,CUST-0207,/checkout,page_view,2024-11-20 14:05:50,tablet,Chrome,tiktok
SESS-009212,,/,page_view,2024-06-27 04:09:38,desktop,Safari,instagram
SESS-009213,,/products/home,video_play,2024-11-26 21:15:00,mobile,Safari,
SESS-009214,CUST-0328,/faq,page_view,2024-05-18 02:10:26,mobile,Firefox,bing
SESS-009215,,/checkout/payment,remove_from_cart,2024-01-26 14:19:22,mobile,Firefox,twitter
SESS-009216,CUST-0434,/products/clothing,page_view,2024-02-23 06:50:58,mobile,Samsung Internet,direct
SESS-009217,,/products/sports,click,2024-02-25 06:01:37,desktop,Firefox,affiliate
SESS-009218,CUST-0418,/products/books,click,2024-06-20 05:00:37,desktop,Edge,facebook
SESS-009219,CUST-0296,/cart,page_view,2024-02-17 07:55:07,tablet,Firefox,instagram
SESS-009220,,/checkout,page_view,2024-05-05 17:45:33,mobile,Chrome,
SESS-009221,CUST-0073,/products/clothing,purchase,2024-06-29 03:49:27,mobile,Chrome,tiktok
SESS-009222,CUST-0363,/products/books,begin_checkout,2024-07-10 21:27:11,mobile,Safari,twitter
SESS-009223,CUST-0406,/contact,purchase,2024-06-15 16:30:45,mobile,Chrome,
SESS-009224,CUST-0207,/checkout/payment,begin_checkout,2024-12-27 20:43:57,mobile,Safari,email_campaign
SESS-009225,,/products/books,click,2024-05-24 19:44:17,mobile,Chrome,email_campaign
SESS-009226,,/,click,2024-01-14 17:13:11,tablet,Chrome,
SESS-009227,CUST-0319,/account/wishlist,scroll,2024-03-07 09:12:30,desktop,Firefox,google
SESS-009228,,/account/orders,purchase,2024-12-01 21:09:56,desktop,Chrome,
SESS-009229,CUST-0449,/returns,video_play,2024-05-24 00:38:34,desktop,Chrome,instagram
SESS-009230,CUST-0326,/account/orders,page_view,2024-11-29 13:36:51,mobile,Chrome,facebook
SESS-009231,,/blog,click,2024-07-11 20:32:50,mobile,Safari,twitter
SESS-009232,CUST-0484,/products,scroll,2024-05-03 22:48:50,desktop,Safari,
SESS-009233,CUST-0165,/account/orders,video_play,2024-01-05 05:24:15,desktop,Safari,google
SESS-009234,,/about,page_view,2024-04-10 20:23:28,tablet,Chrome,direct
SESS-009235,CUST-0334,/products/books,page_view,2024-02-23 19:59:00,mobile,Safari,tiktok
SESS-009236,,/checkout,remove_from_cart,2024-09-07 04:08:10,mobile,Safari,twitter
SESS-009237,,/checkout/payment,video_play,2024-03-04 01:16:12,tablet,Samsung Internet,bing
SESS-009238,CUST-0050,/products/clothing,scroll,2024-03-15 01:12:30,bot,SemrushBot,email_campaign
SESS-009239,,/account,scroll,2024-01-05 02:11:17,mobile,Safari,twitter
SESS-009240,CUST-0115,/blog,add_to_cart,2024-07-24 01:44:06,mobile,Samsung Internet,
SESS-009241,CUST-0232,/contact,page_view,2024-05-22 07:16:17,desktop,Edge,google
SESS-009242,CUST-0269,/products/sports,page_view,2024-02-10 11:50:06,mobile,Edge,email_campaign
SESS-009243,CUST-0402,/blog,click,2024-05-20 02:47:02,mobile,Chrome,tiktok
SESS-009244,CUST-0335,/about,search,2024-09-02 06:40:13,mobile,Chrome,twitter
SESS-009245,,/checkout,purchase,2024-02-05 07:37:27,tablet,Edge,
SESS-009246,CUST-0102,/products/clothing,video_play,2024-04-06 20:28:56,tablet,Chrome,direct
SESS-009247,CUST-0167,/cart,remove_from_cart,2024-02-28 12:07:33,tablet,Chrome,
SESS-009248,CUST-0333,/search,scroll,2024-07-21 22:40:22,mobile,Edge,twitter
SESS-009249,CUST-0088,/account/orders,scroll,2024-11-18 16:13:19,desktop,Safari,google
SESS-009250,CUST-0294,/account/wishlist,add_to_cart,2024-06-30 11:11:09,tablet,Safari,bing
SESS-009251,CUST-0366,/cart,page_view,2024-06-24 10:42:11,desktop,Safari,twitter
SESS-009252,,/,add_to_cart,2024-01-03 14:07:36,mobile,Safari,tiktok
SESS-009253,CUST-0031,/account/orders,begin_checkout,2024-04-30 22:47:51,bot,Bingbot,google
SESS-009254,,/cart,video_play,2024-04-18 11:18:51,desktop,Chrome,
SESS-009255,CUST-0200,/faq,begin_checkout,2024-08-17 04:39:55,mobile,Chrome,email_campaign
SESS-009256,CUST-0412,/account/wishlist,click,2024-05-14 11:21:56,mobile,Safari,bing
SESS-009257,CUST-0283,/products/sports,purchase,2024-05-24 04:31:44,mobile,Chrome,direct
SESS-009258,,/search,begin_checkout,2024-07-15 16:19:04,desktop,Chrome,instagram
SESS-009259,CUST-0468,/account,page_view,2024-11-25 14:52:11,desktop,Chrome,tiktok
SESS-009260,CUST-0328,/products/books,purchase,2024-06-25 07:21:05,desktop,Safari,direct
SESS-009261,CUST-0458,/products/clothing,begin_checkout,2024-09-30 20:19:25,desktop,Chrome,bing
SESS-009262,CUST-0365,/checkout/confirmation,page_view,2024-05-31 11:21:41,tablet,Firefox,direct
SESS-009263,CUST-0488,/products/home,begin_checkout,2024-03-11 15:49:47,mobile,Safari,email_campaign
SESS-009264,CUST-0228,/checkout,purchase,2024-10-28 11:53:23,desktop,Firefox,tiktok
SESS-009265,CUST-0401,/contact,page_view,2024-05-25 11:25:34,mobile,Chrome,affiliate
SESS-009266,CUST-0480,/checkout/payment,purchase,2024-06-27 04:55:20,mobile,Firefox,email_campaign
SESS-009267,CUST-0330,/,click,2024-08-26 14:16:09,mobile,Safari,instagram
SESS-009268,CUST-0078,/checkout/payment,search,2024-09-14 19:10:05,tablet,Firefox,twitter
SESS-009269,CUST-0005,/products/electronics,remove_from_cart,2024-02-20 04:23:32,tablet,Firefox,facebook
SESS-009270,CUST-0147,/contact,page_view,2024-11-11 18:00:36,desktop,Chrome,google
SESS-009271,,/products/electronics,add_to_cart,1970-01-01 00:00:00,mobile,Safari,direct
SESS-009272,CUST-0027,/search,page_view,2024-06-30 11:49:15,mobile,Samsung Internet,twitter
SESS-009273,CUST-0100,/checkout,scroll,2024-10-11 22:20:14,desktop,Chrome,direct
SESS-009274,CUST-0388,/account/wishlist,page_view,2024-12-01 00:50:25,tablet,Firefox,
SESS-009275,,/cart,click,2024-09-14 12:07:14,tablet,Chrome,
SESS-009276,CUST-0254,/checkout/payment,page_view,2024-06-20 22:17:19,mobile,Safari,
SESS-009277,CUST-0103,/products/home,search,2024-06-09 20:16:42,desktop,Samsung Internet,google
SESS-009278,CUST-0256,/checkout/confirmation,scroll,2024-04-25 13:32:30,mobile,Firefox,direct
SESS-009279,,/products/clothing,click,2024-08-19 16:01:15,tablet,Firefox,instagram
SESS-009280,CUST-0294,/,add_to_cart,2024-01-15 20:08:28,mobile,Safari,facebook
SESS-009281,,/checkout/confirmation,scroll,2024-01-16 16:38:51,tablet,Samsung Internet,direct
SESS-009282,CUST-0196,/products/home,click,2024-11-13 02:19:00,mobile,Chrome,affiliate
SESS-009283,CUST-0272,/checkout/confirmation,video_play,2024-10-02 02:28:07,tablet,Edge,affiliate
SESS-009284,CUST-0020,/products/home,begin_checkout,2024-02-23 19:01:23,mobile,Chrome,google
SESS-009285,CUST-0123,/products/books,scroll,2024-05-22 16:41:56,desktop,Chrome,direct
SESS-009286,,/products/books,purchase,2024-12-06 10:14:54,tablet,Samsung Internet,twitter
SESS-009287,,/products/books,remove_from_cart,2024-10-12 21:21:15,tablet,Chrome,affiliate
SESS-009288,CUST-0454,/products/sports,purchase,2024-11-10 17:25:05,mobile,Chrome,bing
SESS-009289,,/cart,page_view,2024-01-15 03:39:41,mobile,Safari,facebook
SESS-009290,,/faq,page_view,2024-12-15 09:35:27,tablet,Chrome,twitter
SESS-009291,CUST-0056,/account/orders,page_view,2024-12-16 19:15:50,desktop,Edge,twitter
SESS-009292,,/products,remove_from_cart,2024-05-14 08:22:36,mobile,Firefox,bing
SESS-009293,CUST-0256,/,add_to_cart,2024-07-28 14:55:09,mobile,Safari,tiktok
SESS-009294,CUST-0056,/blog,remove_from_cart,2024-02-25 04:38:44,mobile,Chrome,facebook
SESS-009295,CUST-0339,/about,video_play,2024-08-19 00:35:27,desktop,Chrome,tiktok
SESS-009296,,/returns,purchase,2024-04-08 20:23:09,desktop,Firefox,google
SESS-009297,CUST-0339,/about,add_to_cart,2024-01-12 12:06:21,desktop,Samsung Internet,tiktok
SESS-009298,,/account/orders,click,2024-10-29 16:55:16,mobile,Samsung Internet,email_campaign
SESS-009299,,/checkout/payment,add_to_cart,2024-04-17 09:26:41,mobile,Chrome,affiliate
SESS-009300,CUST-0240,/about,begin_checkout,2024-06-14 04:07:25,mobile,Chrome,facebook
SESS-009301,,/products/electronics,click,2024-09-23 07:43:21,desktop,Firefox,twitter
SESS-009302,,/account/wishlist,remove_from_cart,2024-04-29 20:53:52,tablet,Edge,bing
SESS-009303,CUST-0078,/cart,page_view,2024-10-04 19:15:39,tablet,Firefox,instagram
SESS-009304,CUST-0403,/returns,add_to_cart,2024-08-21 07:22:56,desktop,Samsung Internet,direct
SESS-009305,,/search,page_view,2024-05-29 11:52:52,mobile,Chrome,direct
SESS-009306,CUST-0472,/,page_view,2024-04-10 15:31:10,desktop,Firefox,email_campaign
SESS-009307,CUST-0056,/search,remove_from_cart,2024-03-14 02:48:15,desktop,Samsung Internet,google
SESS-009308,CUST-0403,/products/home,page_view,2024-09-27 06:56:53,desktop,Safari,instagram
SESS-009309,CUST-0092,/account/orders,video_play,2024-08-08 12:06:08,desktop,Safari,instagram
SESS-009310,CUST-0020,/contact,click,2024-07-13 09:05:57,mobile,Safari,bing
SESS-009311,CUST-0198,/faq,click,2024-10-10 13:46:06,mobile,Chrome,direct
SESS-009312,CUST-0156,/products/clothing,add_to_cart,2024-06-13 20:59:43,mobile,Chrome,google
SESS-009313,,/checkout,remove_from_cart,2024-11-17 10:37:26,desktop,Safari,google
SESS-009314,CUST-0195,/checkout/payment,add_to_cart,2024-01-24 04:54:41,desktop,Firefox,bing
SESS-009315,CUST-0283,/products,purchase,2024-10-09 19:45:46,tablet,Edge,bing
SESS-009316,CUST-0032,/account/orders,click,2024-11-10 15:51:04,tablet,Chrome,direct
SESS-009317,CUST-0142,/products,remove_from_cart,2024-04-17 08:57:41,desktop,Chrome,tiktok
SESS-009318,CUST-0108,/faq,page_view,2024-07-23 16:51:48,desktop,Chrome,instagram
SESS-009319,CUST-0128,/checkout/confirmation,add_to_cart,2024-12-19 09:43:39,tablet,Edge,email_campaign
SESS-009320,CUST-0135,/products,purchase,2024-09-19 19:01:30,mobile,Edge,tiktok
SESS-009321,CUST-0445,/products,search,2024-01-23 11:08:23,desktop,Edge,bing
SESS-009322,,/returns,page_view,2024-07-06 15:45:14,mobile,Safari,email_campaign
SESS-009323,CUST-0184,/products,remove_from_cart,2024-03-22 22:16:44,mobile,Chrome,tiktok
SESS-009324,,/products/home,page_view,2024-11-26 11:25:27,desktop,Chrome,tiktok
SESS-009325,CUST-0174,/search,remove_from_cart,2024-01-21 16:45:31,mobile,Edge,facebook
SESS-009326,CUST-0080,/faq,page_view,2024-01-17 00:49:48,desktop,Firefox,facebook
SESS-009327,CUST-0035,/account/orders,page_view,2024-04-04 06:40:14,mobile,Chrome,twitter
SESS-009328,CUST-0029,/blog,page_view,2024-07-03 00:53:16,mobile,Safari,instagram
SESS-009329,CUST-0285,/products/electronics,page_view,2024-02-05 19:13:04,mobile,Safari,direct
SESS-009330,CUST-0115,/faq,click,2024-05-23 13:59:31,tablet,Edge,facebook
SESS-009331,,/contact,purchase,2024-10-28 18:45:46,mobile,Firefox,facebook
SESS-009332,CUST-0291,/,purchase,2024-10-28 10:02:38,tablet,Edge,twitter
SESS-009333,CUST-0222,/checkout,page_view,2024-11-17 16:56:26,mobile,Firefox,email_campaign
SESS-009334,,/account,page_view,2024-02-12 04:20:22,mobile,Samsung Internet,bing
SESS-009335,CUST-0151,/products/books,page_view,2024-03-03 16:58:07,desktop,Chrome,facebook
SESS-009336,,/search,scroll,2024-10-03 11:02:11,desktop,Safari,
SESS-009337,,/products/books,begin_checkout,2024-07-20 04:18:06,mobile,Chrome,facebook
SESS-009338,CUST-0054,/search,video_play,2024-10-25 11:56:08,mobile,Samsung Internet,bing
SESS-009339,,/account/orders,purchase,2024-08-06 11:48:59,mobile,Chrome,google
SESS-009340,,/products,video_play,2024-06-15 14:05:37,mobile,Chrome,direct
SESS-009341,,/blog,remove_from_cart,2024-08-05 23:40:26,mobile,Chrome,bing
SESS-009342,CUST-0307,/products,click,2024-05-04 04:06:43,desktop,Edge,google
SESS-009343,CUST-0073,/products/sports,page_view,2024-06-29 21:32:09,tablet,Chrome,bing
SESS-009344,CUST-0263,/products/electronics,purchase,2024-02-02 22:39:49,desktop,Safari,facebook
SESS-009345,CUST-0141,/about,page_view,2024-04-23 21:33:09,desktop,Safari,
SESS-009346,CUST-0030,/about,add_to_cart,2024-08-17 08:38:00,mobile,Firefox,twitter
SESS-009347,CUST-0484,/checkout,remove_from_cart,2024-06-22 12:57:52,tablet,Samsung Internet,google
SESS-009348,CUST-0493,/faq,remove_from_cart,2024-01-01 20:13:51,desktop,Chrome,
SESS-009349,,/products/books,page_view,2024-09-24 06:03:08,tablet,Chrome,
SESS-009350,CUST-0198,/cart,add_to_cart,2024-05-02 01:53:46,desktop,Firefox,direct
SESS-009351,CUST-0084,/contact,add_to_cart,2024-08-06 22:55:47,desktop,Chrome,google
SESS-009352,CUST-0267,/search,click,2024-03-16 14:58:39,mobile,Edge,bing
SESS-009353,,/products/books,remove_from_cart,2024-08-15 05:43:06,desktop,Safari,affiliate
SESS-009354,,/checkout,page_view,2024-09-09 04:19:09,desktop,Chrome,facebook
SESS-009355,,/blog,add_to_cart,2024-10-06 04:20:52,desktop,Samsung Internet,direct
SESS-009356,CUST-0324,/search,remove_from_cart,2024-06-09 19:50:42,desktop,Samsung Internet,facebook
SESS-009357,CUST-0123,/about,begin_checkout,2024-03-13 20:45:20,tablet,Safari,bing
SESS-009358,,/account/orders,click,2024-06-30 15:16:17,desktop,Chrome,direct
SESS-009359,CUST-0468,/faq,click,2024-04-01 23:42:50,desktop,Safari,email_campaign
SESS-009360,CUST-0176,/contact,search,2024-05-31 08:59:22,mobile,Safari,
SESS-009361,CUST-0481,/products/books,search,2024-01-08 10:43:47,desktop,Chrome,
SESS-009362,CUST-0185,/checkout,page_view,2024-01-07 15:14:32,desktop,Edge,direct
SESS-009363,,/contact,begin_checkout,2024-07-10 08:15:50,desktop,Edge,google
SESS-009364,CUST-0375,/products/books,scroll,2024-12-22 01:25:35,mobile,Samsung Internet,
SESS-009365,,/products/electronics,click,2024-08-31 07:56:11,desktop,Safari,
SESS-009366,CUST-0145,/account/wishlist,click,2024-06-26 18:38:31,tablet,Safari,tiktok
SESS-009367,,/products/electronics,add_to_cart,2024-12-22 14:16:34,desktop,Edge,facebook
SESS-009368,,/products,remove_from_cart,2024-04-08 09:30:57,desktop,Safari,affiliate
SESS-009369,CUST-0087,/products/electronics,purchase,2024-05-29 01:37:51,mobile,Safari,twitter
SESS-009370,CUST-0002,/products,scroll,2024-09-17 04:23:33,desktop,Chrome,email_campaign
SESS-009371,,/products,video_play,2024-11-05 19:56:06,tablet,Chrome,affiliate
SESS-009372,,/blog,page_view,2024-05-05 02:49:04,bot,SemrushBot,tiktok
SESS-009373,CUST-0471,/account,page_view,2024-08-20 01:36:54,desktop,Chrome,
SESS-009374,CUST-0459,/products/clothing,page_view,2024-02-25 17:58:16,tablet,Chrome,facebook
SESS-009375,,/checkout,purchase,2024-03-14 03:33:46,mobile,Safari,twitter
SESS-009376,CUST-0381,/account/orders,begin_checkout,2024-07-14 14:41:54,tablet,Edge,instagram
SESS-009377,,/returns,page_view,2024-12-05 20:47:02,desktop,Safari,bing
SESS-009378,CUST-0251,/checkout,search,2024-03-03 10:02:11,mobile,Chrome,tiktok
SESS-009379,CUST-0253,/cart,video_play,2024-05-22 18:20:38,desktop,Firefox,google
SESS-009380,,/checkout/confirmation,scroll,2024-01-27 00:45:54,mobile,Samsung Internet,facebook
SESS-009381,CUST-0479,/products/home,add_to_cart,2024-11-10 15:53:36,mobile,Safari,facebook
SESS-009382,,/products/electronics,add_to_cart,2024-01-21 04:06:13,mobile,Safari,direct
SESS-009383,,/products,scroll,2024-03-24 09:21:55,mobile,Chrome,direct
SESS-009384,CUST-0104,/account/orders,click,2024-11-28 23:06:37,mobile,Firefox,email_campaign
SESS-009385,CUST-0252,/products,purchase,2024-02-15 18:38:08,mobile,Samsung Internet,instagram
SESS-009386,CUST-0032,/cart,page_view,2024-02-23 12:08:41,desktop,Chrome,tiktok
SESS-009387,CUST-0341,/account/orders,search,2024-06-29 05:54:07,desktop,Firefox,google
SESS-009388,,/products/electronics,click,2024-08-20 16:09:07,mobile,Edge,facebook
SESS-009389,CUST-0371,/checkout/payment,remove_from_cart,2024-07-04 21:16:56,tablet,Chrome,twitter
SESS-009390,,/checkout,search,2024-04-01 20:16:24,desktop,Chrome,twitter
SESS-009391,CUST-0066,/search,purchase,2024-06-24 22:32:38,tablet,Samsung Internet,tiktok
SESS-009392,CUST-0216,/products/clothing,page_view,2024-08-29 21:13:09,desktop,Safari,email_campaign
SESS-009393,CUST-0417,/faq,page_view,2024-04-25 19:03:33,bot,Bingbot,
SESS-009394,CUST-0064,/contact,scroll,2024-07-05 04:25:00,mobile,Safari,google
SESS-009395,CUST-0442,/products/sports,add_to_cart,2024-01-06 03:18:23,mobile,Edge,tiktok
SESS-009396,CUST-0041,/products/home,scroll,2024-03-22 03:15:37,bot,Bingbot,instagram
SESS-009397,CUST-0166,/account/orders,page_view,2024-04-13 18:33:17,desktop,Safari,bing
SESS-009398,,/faq,click,2024-12-28 18:06:51,mobile,Chrome,email_campaign
SESS-009399,,/about,begin_checkout,2024-12-23 10:31:35,mobile,Firefox,twitter
SESS-009400,,/account,click,2024-07-25 21:16:16,mobile,Safari,direct
SESS-009401,CUST-0265,/blog,click,2024-09-01 00:17:53,desktop,Chrome,email_campaign
SESS-009402,CUST-0026,/checkout/confirmation,click,2024-05-19 23:51:55,tablet,Chrome,tiktok
SESS-009403,,/contact,remove_from_cart,2024-04-29 18:25:38,tablet,Chrome,email_campaign
SESS-009404,CUST-0228,/products/home,scroll,2024-12-04 20:07:58,desktop,Safari,affiliate
SESS-009405,CUST-0497,/returns,page_view,2024-09-06 02:22:10,mobile,Samsung Internet,twitter
SESS-009406,CUST-0417,/faq,scroll,2024-10-04 20:00:24,mobile,Safari,
SESS-009407,CUST-0285,/cart,add_to_cart,2024-01-24 21:21:17,tablet,Samsung Internet,facebook
SESS-009408,CUST-0185,/products/clothing,remove_from_cart,2024-01-09 05:32:16,desktop,Chrome,bing
SESS-009409,CUST-0327,/account/wishlist,video_play,2024-11-19 06:16:31,desktop,Chrome,direct
SESS-009410,,/products/electronics,add_to_cart,1970-01-01 00:00:00,desktop,Chrome,twitter
SESS-009411,CUST-0470,/account/orders,click,2024-02-26 11:25:10,tablet,Firefox,twitter
SESS-009412,CUST-0387,/products/clothing,begin_checkout,2024-02-29 09:49:54,mobile,Safari,email_campaign
SESS-009413,CUST-0417,/checkout/payment,page_view,2024-03-03 12:25:56,desktop,Samsung Internet,direct
SESS-009414,CUST-0095,/blog,purchase,2024-10-26 17:34:48,desktop,Firefox,
SESS-009415,CUST-0058,/products/sports,page_view,2024-08-20 05:55:25,mobile,Firefox,facebook
SESS-009416,CUST-0379,/products/sports,search,2024-02-27 20:34:08,desktop,Chrome,
SESS-009417,CUST-0134,/checkout/payment,scroll,2024-10-24 14:24:33,mobile,Safari,
SESS-009418,CUST-0313,/account/orders,search,2024-12-14 00:09:38,desktop,Safari,bing
SESS-009419,CUST-0186,/about,page_view,2024-11-22 12:47:09,mobile,Samsung Internet,
SESS-009420,,/blog,purchase,2024-02-26 08:06:37,tablet,Samsung Internet,tiktok
SESS-009421,CUST-0164,/products/electronics,scroll,2024-01-06 17:54:33,desktop,Chrome,bing
SESS-009422,CUST-0283,/account,begin_checkout,2024-04-03 16:00:53,desktop,Chrome,facebook
SESS-009423,,/cart,click,2024-08-16 16:49:30,desktop,Firefox,tiktok
SESS-009424,CUST-0213,/about,scroll,2024-09-01 07:11:21,mobile,Chrome,email_campaign
SESS-009425,,/blog,purchase,2024-05-17 00:32:57,mobile,Chrome,google
SESS-009426,CUST-0132,/search,video_play,2024-06-24 09:19:56,desktop,Firefox,facebook
SESS-009427,CUST-0038,/faq,add_to_cart,2024-05-16 23:24:20,mobile,Samsung Internet,google
SESS-009428,CUST-0075,/contact,scroll,2024-08-26 05:50:41,bot,Bingbot,affiliate
SESS-009429,CUST-0423,/account/orders,click,2024-04-07 09:55:59,tablet,Chrome,tiktok
SESS-009430,CUST-0339,/cart,purchase,2024-04-11 01:20:44,mobile,Chrome,instagram
SESS-009431,CUST-0224,/products/sports,click,2024-07-03 13:47:32,mobile,Samsung Internet,affiliate
SESS-009432,,/products,scroll,2024-02-13 06:10:02,tablet,Safari,bing
SESS-009433,CUST-0247,/products/sports,remove_from_cart,2024-11-08 06:47:05,tablet,Safari,tiktok
SESS-009434,CUST-0331,/checkout/payment,page_view,2024-12-02 14:59:20,desktop,Safari,google
SESS-009435,CUST-0101,/products/books,page_view,2030-04-03 12:00:00,mobile,Firefox,
SESS-009436,,/account,search,2024-06-30 22:11:13,tablet,Safari,email_campaign
SESS-009437,CUST-0478,/products/home,remove_from_cart,2024-08-07 15:02:37,mobile,Firefox,email_campaign
SESS-009438,,/products/clothing,page_view,2024-05-03 22:11:13,tablet,Safari,google
SESS-009439,CUST-0101,/,remove_from_cart,2024-07-05 17:20:45,mobile,Firefox,affiliate
SESS-009440,CUST-0116,/products/clothing,remove_from_cart,2024-12-18 12:58:55,mobile,Chrome,affiliate
SESS-009441,CUST-0091,/,begin_checkout,2024-12-26 03:43:26,mobile,Chrome,affiliate
SESS-009442,CUST-0267,/products/clothing,click,2024-05-12 06:31:42,desktop,Samsung Internet,bing
SESS-009443,,/,add_to_cart,2024-09-08 06:35:20,mobile,Edge,direct
SESS-009444,,/checkout/payment,add_to_cart,2024-01-06 03:51:19,mobile,Chrome,affiliate
SESS-009445,CUST-0497,/about,begin_checkout,2024-06-23 21:49:53,desktop,Chrome,instagram
SESS-009446,CUST-0205,/account,add_to_cart,2024-03-17 10:25:39,mobile,Safari,facebook
SESS-009447,,/products/sports,add_to_cart,2024-07-07 06:18:41,mobile,Chrome,tiktok
SESS-009448,,/checkout/payment,click,2024-04-10 18:16:19,desktop,Safari,twitter
SESS-009449,CUST-0484,/account,remove_from_cart,2024-05-04 14:28:50,desktop,Firefox,twitter
SESS-009450,CUST-0448,/about,click,2024-03-11 01:03:08,mobile,Safari,google
SESS-009451,CUST-0325,/account,scroll,2024-04-13 22:57:25,mobile,Chrome,facebook
SESS-009452,,/checkout/confirmation,remove_from_cart,2024-02-23 19:19:58,mobile,Chrome,google
SESS-009453,CUST-0487,/account,click,2024-08-08 00:41:43,tablet,Safari,instagram
SESS-009454,CUST-0102,/products/clothing,begin_checkout,2024-07-04 09:28:14,desktop,Edge,
SESS-009455,CUST-0049,/blog,add_to_cart,2024-02-13 22:50:30,mobile,Firefox,google
SESS-009456,CUST-0354,/products/sports,purchase,2024-01-30 20:30:59,mobile,Samsung Internet,email_campaign
SESS-009457,CUST-0337,/cart,page_view,2024-07-31 04:02:55,tablet,Chrome,tiktok
SESS-009458,CUST-0417,/checkout/payment,add_to_cart,2024-11-12 13:30:30,tablet,Edge,instagram
SESS-009459,CUST-0004,/checkout/payment,page_view,2024-08-20 03:05:02,desktop,Chrome,facebook
SESS-009460,CUST-0229,/products/clothing,page_view,2024-10-26 01:47:40,tablet,Chrome,google
SESS-009461,CUST-0455,/returns,page_view,2024-06-15 20:04:04,mobile,Chrome,tiktok
SESS-009462,CUST-0101,/account/wishlist,video_play,2024-02-04 17:39:20,mobile,Edge,
SESS-009463,,/account/wishlist,begin_checkout,2024-12-18 01:57:58,bot,Bingbot,twitter
SESS-009464,CUST-0071,/products/electronics,video_play,2024-07-07 14:37:18,mobile,Safari,affiliate
SESS-009465,CUST-0044,/search,add_to_cart,2024-01-15 18:37:40,desktop,Safari,instagram
SESS-009466,,/contact,page_view,2024-06-19 18:06:42,desktop,Safari,affiliate
SESS-009467,CUST-0352,/blog,add_to_cart,2024-01-28 12:46:01,desktop,Chrome,bing
SESS-009468,CUST-0080,/returns,purchase,2024-03-31 18:04:57,desktop,Firefox,tiktok
SESS-009469,CUST-0438,/checkout,add_to_cart,2024-06-15 05:51:56,desktop,Chrome,affiliate
SESS-009470,CUST-0098,/products/books,page_view,2024-03-22 19:51:30,tablet,Samsung Internet,tiktok
SESS-009471,CUST-0397,/search,add_to_cart,2024-01-24 03:21:48,mobile,Chrome,affiliate
SESS-009472,,/products/home,begin_checkout,2024-09-10 10:58:33,mobile,Safari,
SESS-009473,CUST-0199,/products/books,page_view,2024-01-09 17:37:23,desktop,Edge,direct
SESS-009474,,/products,video_play,2024-09-16 05:45:50,mobile,Safari,google
SESS-009475,CUST-0110,/account,click,2024-02-17 03:28:42,desktop,Safari,tiktok
SESS-009476,CUST-0077,/products/electronics,page_view,2024-10-02 05:36:07,desktop,Chrome,direct
SESS-009477,CUST-0010,/products/books,click,2024-08-17 01:48:38,mobile,Firefox,affiliate
SESS-009478,CUST-0064,/about,page_view,2024-03-20 08:09:33,desktop,Chrome,facebook
SESS-009479,CUST-0131,/account/wishlist,purchase,2024-04-12 23:51:02,desktop,Chrome,google
SESS-009480,CUST-0059,/products/clothing,remove_from_cart,2024-08-17 11:09:04,desktop,Chrome,email_campaign
SESS-009481,,/account/wishlist,scroll,2024-12-03 17:12:25,tablet,Safari,email_campaign
SESS-009482,CUST-0235,/checkout/payment,click,2024-02-22 11:18:49,desktop,Safari,direct
SESS-009483,CUST-0045,/products/sports,begin_checkout,2024-07-23 18:45:13,desktop,Chrome,tiktok
SESS-009484,CUST-0197,/account/orders,begin_checkout,2024-03-10 11:20:29,desktop,Safari,instagram
SESS-009485,CUST-0165,/faq,click,2024-08-26 05:23:21,desktop,Chrome,direct
SESS-009486,CUST-0252,/checkout/payment,purchase,2024-07-10 12:27:40,mobile,Chrome,email_campaign
SESS-009487,CUST-0362,/account/wishlist,begin_checkout,2024-10-14 00:42:06,mobile,Safari,google
SESS-009488,CUST-0127,/about,remove_from_cart,2024-11-29 17:09:09,desktop,Samsung Internet,email_campaign
SESS-009489,CUST-0459,/account/wishlist,page_view,2024-09-28 01:27:35,mobile,Safari,
SESS-009490,CUST-0287,/products/sports,click,2024-01-11 21:12:28,desktop,Safari,affiliate
SESS-009491,,/checkout/payment,scroll,2024-04-20 21:33:12,desktop,Chrome,direct
SESS-009492,CUST-0169,/search,page_view,2024-12-07 00:18:38,tablet,Safari,facebook
SESS-009493,,/cart,purchase,2024-08-08 17:31:32,desktop,Edge,facebook
SESS-009494,CUST-0045,/faq,purchase,2024-01-04 05:20:28,tablet,Samsung Internet,email_campaign
SESS-009495,CUST-0092,/checkout/confirmation,scroll,2024-02-27 03:26:55,desktop,Edge,bing
SESS-009496,,/checkout,page_view,2024-11-14 01:33:05,desktop,Safari,
SESS-009497,CUST-0298,/products,video_play,2024-09-07 13:23:11,desktop,Edge,facebook
SESS-009498,CUST-0179,/products/electronics,video_play,2024-08-04 16:39:46,tablet,Firefox,twitter
SESS-009499,CUST-0319,/products/books,search,2024-02-10 23:01:42,desktop,Safari,facebook
SESS-009500,CUST-0448,/checkout/payment,page_view,2024-07-30 06:35:39,tablet,Chrome,tiktok
SESS-009501,CUST-0008,/about,video_play,2024-10-07 08:15:32,desktop,Chrome,google
SESS-009502,CUST-0160,/returns,page_view,2024-04-15 22:32:49,tablet,Chrome,email_campaign
SESS-009503,CUST-0010,/checkout/confirmation,page_view,2024-01-22 21:04:59,tablet,Samsung Internet,tiktok
SESS-009504,,/cart,add_to_cart,2024-08-16 05:48:39,mobile,Edge,facebook
SESS-009505,,/checkout/confirmation,begin_checkout,2024-02-07 07:05:56,tablet,Chrome,tiktok
SESS-009506,CUST-0401,/account/orders,page_view,2024-01-06 02:45:43,desktop,Safari,google
SESS-009507,CUST-0422,/checkout,search,2024-03-07 23:48:50,mobile,Safari,instagram
SESS-009508,CUST-0486,/checkout,page_view,2024-07-11 04:42:55,mobile,Chrome,affiliate
SESS-009509,,/products/books,video_play,2024-05-18 01:33:12,mobile,Safari,tiktok
SESS-009510,CUST-0485,/products/home,page_view,2024-03-26 14:21:06,mobile,Chrome,google
SESS-009511,CUST-0282,/returns,click,2024-11-08 09:48:30,tablet,Safari,direct
SESS-009512,,/products/clothing,page_view,2024-03-29 20:09:59,tablet,Safari,instagram
SESS-009513,CUST-0339,/products/clothing,begin_checkout,2024-08-17 02:29:02,tablet,Chrome,google
SESS-009514,,/,purchase,1970-01-01 00:00:00,tablet,Chrome,affiliate
SESS-009515,CUST-0313,/cart,page_view,2024-08-30 18:30:41,desktop,Chrome,google
SESS-009516,CUST-0140,/products/sports,page_view,2024-08-27 20:54:57,mobile,Chrome,google
SESS-009517,CUST-0099,/checkout,scroll,2024-11-27 17:50:16,mobile,Edge,facebook
SESS-009518,,/returns,click,2024-07-14 21:24:42,bot,Python-urllib,facebook
SESS-009519,CUST-0203,/products,page_view,2024-01-06 15:27:52,desktop,Chrome,affiliate
SESS-009520,CUST-0372,/,begin_checkout,2024-05-10 07:47:25,desktop,Chrome,direct
SESS-009521,CUST-0250,/products/home,video_play,2024-04-04 20:58:17,mobile,Chrome,google
SESS-009522,CUST-0013,/products/electronics,page_view,2024-05-14 16:38:51,mobile,Chrome,email_campaign
SESS-009523,,/contact,purchase,2024-01-07 20:37:33,mobile,Samsung Internet,google
SESS-009524,CUST-0228,/checkout,click,2024-05-12 10:40:48,mobile,Samsung Internet,
SESS-009525,CUST-0433,/returns,scroll,2024-10-30 18:30:15,tablet,Safari,email_campaign
SESS-009526,,/about,add_to_cart,2024-08-29 15:43:46,tablet,Firefox,tiktok
SESS-009527,CUST-0052,/cart,search,2024-01-22 23:57:43,tablet,Chrome,email_campaign
SESS-009528,,/checkout,click,2024-06-01 08:06:47,tablet,Chrome,twitter
SESS-009529,CUST-0382,/products/electronics,search,2024-01-11 22:25:43,tablet,Chrome,affiliate
SESS-009530,CUST-0468,/about,page_view,2024-06-13 06:01:18,desktop,Chrome,tiktok
SESS-009531,CUST-0154,/checkout,page_view,2024-02-06 11:27:14,mobile,Firefox,affiliate
SESS-009532,CUST-0108,/products,scroll,2024-02-25 18:52:49,desktop,Firefox,direct
SESS-009533,CUST-0202,/checkout/confirmation,begin_checkout,2024-05-22 12:42:29,mobile,Chrome,email_campaign
SESS-009534,CUST-0185,/contact,page_view,2024-07-17 07:27:46,bot,AhrefsBot,tiktok
SESS-009535,CUST-0158,/returns,click,2024-09-19 15:25:26,desktop,Samsung Internet,affiliate
SESS-009536,CUST-0193,/products/books,remove_from_cart,2024-12-22 16:20:32,tablet,Chrome,facebook
SESS-009537,CUST-0425,/products/clothing,page_view,2024-02-26 08:12:46,mobile,Chrome,affiliate
SESS-009538,CUST-0392,/products,video_play,2024-07-16 16:14:51,bot,AhrefsBot,affiliate
SESS-009539,CUST-0077,/products/sports,remove_from_cart,2024-11-06 01:57:45,desktop,Safari,google
SESS-009540,CUST-0456,/,purchase,2024-04-06 17:37:57,desktop,Chrome,direct
SESS-009541,CUST-0016,/contact,page_view,2024-08-29 20:19:30,mobile,Chrome,direct
SESS-009542,CUST-0455,/account/wishlist,video_play,2024-05-31 18:03:23,mobile,Chrome,
SESS-009543,CUST-0325,/account,video_play,2024-06-24 14:22:56,desktop,Safari,
SESS-009544,CUST-0128,/products/electronics,purchase,2024-10-14 13:36:23,tablet,Samsung Internet,email_campaign
SESS-009545,CUST-0180,/about,video_play,2024-10-01 01:54:27,desktop,Safari,tiktok
SESS-009546,CUST-0200,/checkout/confirmation,begin_checkout,2024-03-05 04:32:44,mobile,Safari,
SESS-009547,CUST-0437,/products/clothing,page_view,2024-04-22 10:17:23,desktop,Samsung Internet,tiktok
SESS-009548,,/contact,remove_from_cart,2024-02-28 08:14:14,mobile,Firefox,
SESS-009549,CUST-0057,/faq,begin_checkout,2024-07-22 19:53:57,tablet,Edge,twitter
SESS-009550,CUST-0015,/account/wishlist,purchase,2024-08-27 17:56:57,desktop,Safari,tiktok
SESS-009551,CUST-0172,/account,purchase,2024-06-10 00:30:26,mobile,Chrome,facebook
SESS-009552,CUST-0482,/returns,page_view,2024-08-26 18:15:03,mobile,Chrome,direct
SESS-009553,,/account/orders,add_to_cart,2024-06-14 13:10:35,tablet,Safari,twitter
SESS-009554,CUST-0485,/products/home,begin_checkout,2024-03-24 06:14:56,desktop,Firefox,affiliate
SESS-009555,CUST-0361,/products,search,2024-12-26 06:19:56,mobile,Safari,instagram
SESS-009556,CUST-0039,/products/sports,click,2024-08-29 16:27:00,desktop,Firefox,facebook
SESS-009557,CUST-0150,/products/electronics,video_play,2024-04-05 12:39:35,mobile,Chrome,twitter
SESS-009558,CUST-0160,/checkout,click,2024-02-14 17:01:27,tablet,Firefox,instagram
SESS-009559,CUST-0396,/checkout,page_view,2024-05-17 01:09:14,desktop,Chrome,affiliate
SESS-009560,CUST-0159,/search,remove_from_cart,2024-08-07 07:52:26,tablet,Firefox,twitter
SESS-009561,CUST-0483,/blog,purchase,2024-09-18 19:16:33,tablet,Safari,direct
SESS-009562,CUST-0328,/products/electronics,remove_from_cart,2024-01-05 16:56:33,mobile,Chrome,tiktok
SESS-009563,,/faq,click,2024-06-03 19:58:51,desktop,Samsung Internet,affiliate
SESS-009564,CUST-0072,/account/wishlist,remove_from_cart,2024-02-05 21:30:57,desktop,Safari,direct
SESS-009565,CUST-0411,/search,page_view,2024-01-09 20:49:33,bot,SemrushBot,affiliate
SESS-009566,CUST-0284,/faq,click,2024-09-02 01:23:27,tablet,Edge,affiliate
SESS-009567,CUST-0452,/faq,page_view,2024-07-06 01:54:49,desktop,Chrome,
SESS-009568,CUST-0243,/about,add_to_cart,2024-11-25 04:24:38,desktop,Edge,email_campaign
SESS-009569,,/faq,click,2024-03-12 20:51:09,mobile,Safari,tiktok
SESS-009570,CUST-0018,/about,begin_checkout,2024-12-25 10:18:55,desktop,Safari,bing
SESS-009571,CUST-0091,/products/clothing,page_view,2024-10-11 19:23:59,tablet,Firefox,email_campaign
SESS-009572,CUST-0422,/search,click,2024-03-30 18:45:42,bot,Bingbot,affiliate
SESS-009573,CUST-0160,/products/clothing,remove_from_cart,2024-04-02 17:10:56,desktop,Edge,direct
SESS-009574,CUST-0218,/products/home,video_play,2024-03-19 05:33:43,mobile,Safari,instagram
SESS-009575,CUST-0402,/products/clothing,video_play,2024-06-13 15:14:12,mobile,Edge,facebook
SESS-009576,CUST-0010,/cart,click,2024-01-31 13:02:52,tablet,Chrome,tiktok
SESS-009577,CUST-0388,/checkout/payment,scroll,2024-03-22 13:00:03,tablet,Firefox,facebook
SESS-009578,,/products/books,search,2024-01-26 00:55:07,mobile,Safari,facebook
SESS-009579,CUST-0375,/account/orders,search,2024-04-17 15:40:55,desktop,Chrome,instagram
SESS-009580,CUST-0081,/products/electronics,scroll,2024-06-10 19:15:34,tablet,Chrome,
SESS-009581,CUST-0304,/products/home,page_view,2024-10-13 00:46:03,tablet,Safari,twitter
SESS-009582,CUST-0436,/products/home,page_view,2024-02-14 06:40:05,desktop,Chrome,tiktok
SESS-009583,CUST-0490,/account,video_play,2024-09-13 20:49:56,desktop,Safari,google
SESS-009584,CUST-0415,/products/clothing,click,2024-02-13 14:24:57,desktop,Safari,affiliate
SESS-009585,CUST-0231,/about,click,2024-12-11 11:40:16,mobile,Safari,email_campaign
SESS-009586,CUST-0131,/checkout,purchase,2024-02-03 09:21:39,mobile,Samsung Internet,bing
SESS-009587,,/account/wishlist,page_view,2024-11-12 05:14:25,mobile,Chrome,email_campaign
SESS-009588,CUST-0313,/search,add_to_cart,2024-09-09 01:26:48,mobile,Chrome,direct
SESS-009589,,/,page_view,2024-01-25 09:55:51,mobile,Chrome,direct
SESS-009590,CUST-0037,/checkout/payment,add_to_cart,2024-11-08 08:23:38,mobile,Safari,facebook
SESS-009591,,/products/home,begin_checkout,2024-10-02 15:33:11,mobile,Chrome,google
SESS-009592,,/cart,page_view,2024-03-13 21:54:57,mobile,Safari,tiktok
SESS-009593,CUST-0391,/account/wishlist,video_play,2024-09-21 10:20:21,mobile,Safari,email_campaign
SESS-009594,,/about,video_play,2024-08-09 00:56:20,mobile,Chrome,bing
SESS-009595,CUST-0231,/,remove_from_cart,2024-12-26 17:07:55,tablet,Safari,facebook
SESS-009596,CUST-0010,/account/wishlist,purchase,2024-07-22 02:19:45,desktop,Safari,facebook
SESS-009597,,/contact,remove_from_cart,2024-11-19 07:19:54,desktop,Chrome,google
SESS-009598,CUST-0371,/contact,add_to_cart,2024-09-24 19:04:59,mobile,Firefox,email_campaign
SESS-009599,CUST-0245,/returns,video_play,2024-11-15 08:51:03,desktop,Chrome,direct
SESS-009600,CUST-0148,/products/sports,click,2024-02-10 04:19:17,mobile,Firefox,
SESS-009601,CUST-0309,/faq,scroll,2024-11-23 23:03:08,tablet,Safari,facebook
SESS-009602,CUST-0182,/checkout,begin_checkout,2024-12-12 03:10:31,mobile,Firefox,tiktok
SESS-009603,,/products/books,search,2024-06-16 22:23:05,desktop,Safari,direct
SESS-009604,,/account,click,2024-10-04 11:02:32,mobile,Safari,affiliate
SESS-009605,CUST-0230,/products/sports,scroll,2024-11-18 22:23:29,desktop,Edge,
SESS-009606,CUST-0491,/products/books,search,2024-12-27 09:26:09,tablet,Chrome,twitter
SESS-009607,CUST-0384,/account,add_to_cart,2024-12-05 10:49:34,mobile,Samsung Internet,google
SESS-009608,CUST-0092,/,scroll,2024-04-02 06:45:01,mobile,Safari,email_campaign
SESS-009609,CUST-0338,/checkout,begin_checkout,2024-02-08 20:36:42,mobile,Safari,affiliate
SESS-009610,CUST-0162,/returns,click,2024-02-10 23:41:21,tablet,Samsung Internet,facebook
SESS-009611,,/products/clothing,add_to_cart,2024-11-01 14:45:44,tablet,Chrome,affiliate
SESS-009612,,/account/wishlist,video_play,2024-11-25 22:22:59,mobile,Edge,affiliate
SESS-009613,,/account/wishlist,page_view,2030-11-06 12:00:00,tablet,Firefox,twitter
SESS-009614,CUST-0178,/products/clothing,purchase,2024-07-01 08:51:54,mobile,Safari,bing
SESS-009615,CUST-0314,/account,purchase,2024-12-10 17:15:52,tablet,Chrome,twitter
SESS-009616,CUST-0298,/blog,click,2024-09-03 20:30:44,tablet,Edge,twitter
SESS-009617,CUST-0248,/account,page_view,2024-09-02 01:07:53,desktop,Chrome,facebook
SESS-009618,,/account/wishlist,purchase,1970-01-01 00:00:00,mobile,Samsung Internet,instagram
SESS-009619,CUST-0314,/about,page_view,2024-03-01 14:01:27,mobile,Samsung Internet,facebook
SESS-009620,CUST-0070,/account/orders,purchase,2024-02-06 14:31:12,tablet,Edge,direct
SESS-009621,,/about,video_play,2024-08-03 10:09:51,mobile,Chrome,tiktok
SESS-009622,CUST-0059,/blog,click,2024-01-11 06:21:47,mobile,Safari,bing
SESS-009623,,/checkout/payment,remove_from_cart,2024-09-03 01:10:11,mobile,Firefox,bing
SESS-009624,CUST-0492,/products/clothing,page_view,2024-08-12 23:43:41,desktop,Firefox,
SESS-009625,,/contact,video_play,2024-05-31 16:08:55,mobile,Edge,facebook
SESS-009626,CUST-0241,/cart,begin_checkout,2024-03-08 05:18:17,desktop,Samsung Internet,twitter
SESS-009627,,/faq,click,2024-01-23 09:03:42,tablet,Chrome,
SESS-009628,CUST-0484,/products/electronics,scroll,2024-04-03 03:32:36,desktop,Chrome,facebook
SESS-009629,,/,page_view,2024-10-14 18:07:01,mobile,Chrome,bing
SESS-009630,,/contact,page_view,2024-09-03 22:56:13,mobile,Chrome,email_campaign
SESS-009631,,/blog,scroll,2024-05-13 06:18:14,tablet,Chrome,instagram
SESS-009632,CUST-0247,/products/sports,click,2024-01-03 19:52:59,tablet,Chrome,google
SESS-009633,CUST-0039,/,click,2024-08-11 19:23:41,mobile,Safari,tiktok
SESS-009634,,/products/electronics,click,2024-09-27 10:06:14,desktop,Chrome,affiliate
SESS-009635,CUST-0280,/account/orders,add_to_cart,2024-10-10 02:45:33,bot,AhrefsBot,affiliate
SESS-009636,CUST-0442,/products/home,video_play,2024-01-01 11:06:11,mobile,Samsung Internet,
SESS-009637,CUST-0378,/checkout/payment,video_play,2024-02-25 08:17:21,mobile,Edge,
SESS-009638,CUST-0041,/products/clothing,click,2024-04-10 01:33:55,desktop,Firefox,email_campaign
SESS-009639,,/returns,click,2024-02-20 11:20:07,mobile,Safari,email_campaign
SESS-009640,,/products/home,click,2024-12-30 12:56:41,mobile,Chrome,bing
SESS-009641,,/products/home,remove_from_cart,2024-06-27 19:37:07,desktop,Safari,twitter
SESS-009642,,/products/electronics,click,2024-12-14 12:18:06,desktop,Samsung Internet,
SESS-009643,CUST-0204,/faq,page_view,2024-06-08 22:06:08,desktop,Chrome,google
SESS-009644,,/blog,search,2024-02-18 01:02:53,mobile,Chrome,
SESS-009645,CUST-0153,/products,search,2024-02-28 00:42:58,mobile,Chrome,twitter
SESS-009646,,/cart,click,2024-01-25 01:51:55,mobile,Chrome,twitter
SESS-009647,,/account/wishlist,purchase,2024-07-19 05:44:15,desktop,Chrome,instagram
SESS-009648,CUST-0418,/about,page_view,2024-01-31 21:09:48,mobile,Safari,facebook
SESS-009649,CUST-0193,/account/wishlist,click,2024-03-17 22:19:59,mobile,Safari,affiliate
SESS-009650,CUST-0331,/account/orders,video_play,2024-03-22 02:26:58,tablet,Chrome,twitter
SESS-009651,CUST-0275,/account/wishlist,video_play,2024-03-03 15:27:52,bot,Googlebot,instagram
SESS-009652,CUST-0279,/products/home,click,2024-10-09 22:14:21,mobile,Chrome,bing
SESS-009653,CUST-0304,/products/home,begin_checkout,2024-10-20 08:04:43,desktop,Samsung Internet,
SESS-009654,CUST-0476,/cart,begin_checkout,2024-02-18 01:42:10,desktop,Safari,
SESS-009655,CUST-0413,/search,purchase,2024-06-05 01:53:29,mobile,Edge,
SESS-009656,,/contact,scroll,2024-10-10 18:49:48,desktop,Safari,direct
SESS-009657,CUST-0439,/contact,click,2024-10-13 03:55:52,desktop,Safari,twitter
SESS-009658,CUST-0189,/returns,page_view,2024-10-17 16:45:32,mobile,Samsung Internet,google
SESS-009659,CUST-0027,/checkout/confirmation,click,2024-05-24 01:00:44,mobile,Samsung Internet,email_campaign
SESS-009660,,/products/sports,remove_from_cart,2024-06-17 17:56:19,desktop,Firefox,
SESS-009661,CUST-0040,/blog,page_view,2024-01-29 04:01:32,desktop,Safari,email_campaign
SESS-009662,,/search,video_play,2024-06-08 06:50:51,desktop,Chrome,tiktok
SESS-009663,,/products/sports,search,2024-07-16 15:44:17,mobile,Firefox,instagram
SESS-009664,,/checkout/payment,click,2024-03-25 19:39:59,mobile,Chrome,bing
SESS-009665,CUST-0092,/products/home,scroll,2024-02-20 14:24:39,mobile,Firefox,direct
SESS-009666,,/products/books,search,2024-05-02 22:19:03,tablet,Firefox,facebook
SESS-009667,CUST-0377,/search,click,2024-04-11 17:38:06,desktop,Chrome,affiliate
SESS-009668,CUST-0276,/about,page_view,2024-03-30 00:08:55,mobile,Safari,instagram
SESS-009669,CUST-0421,/checkout/payment,click,2024-10-10 01:30:12,tablet,Firefox,bing
SESS-009670,CUST-0088,/checkout/confirmation,purchase,2024-04-15 00:27:33,mobile,Chrome,affiliate
SESS-009671,CUST-0493,/products/home,begin_checkout,2024-11-09 03:39:50,mobile,Safari,google
SESS-009672,CUST-0239,/contact,remove_from_cart,2024-07-29 04:31:56,mobile,Edge,tiktok
SESS-009673,,/,scroll,2024-07-22 06:30:27,mobile,Safari,
SESS-009674,CUST-0091,/account/wishlist,search,2024-11-26 06:36:59,tablet,Samsung Internet,direct
SESS-009675,CUST-0317,/products,begin_checkout,2024-04-12 08:27:02,mobile,Safari,facebook
SESS-009676,CUST-0105,/faq,purchase,2024-05-16 07:51:15,mobile,Safari,facebook
SESS-009677,CUST-0181,/search,click,2024-09-25 14:12:29,desktop,Edge,email_campaign
SESS-009678,,/checkout/confirmation,page_view,2024-02-05 17:05:38,tablet,Firefox,affiliate
SESS-009679,,/products/home,page_view,2024-10-18 08:56:06,mobile,Chrome,affiliate
SESS-009680,CUST-0258,/checkout,add_to_cart,2024-03-12 10:25:41,mobile,Samsung Internet,
SESS-009681,CUST-0405,/faq,remove_from_cart,2024-08-30 02:21:54,desktop,Chrome,
SESS-009682,,/,remove_from_cart,2024-11-29 08:02:02,tablet,Safari,
SESS-009683,,/products/electronics,add_to_cart,2024-04-28 21:25:06,mobile,Firefox,bing
SESS-009684,CUST-0315,/returns,purchase,2024-12-20 10:50:37,desktop,Samsung Internet,bing
SESS-009685,CUST-0474,/blog,begin_checkout,2024-09-07 20:39:54,desktop,Chrome,google
SESS-009686,CUST-0422,/products/home,page_view,2024-09-02 02:47:46,tablet,Edge,google
SESS-009687,CUST-0169,/cart,click,2024-01-18 06:08:26,mobile,Samsung Internet,google
SESS-009688,,/about,click,2024-01-08 09:36:59,tablet,Chrome,bing
SESS-009689,,/products/home,page_view,2024-06-15 15:33:48,desktop,Chrome,email_campaign
SESS-009690,,/search,begin_checkout,2024-10-27 05:26:23,mobile,Safari,facebook
SESS-009691,CUST-0427,/returns,scroll,2024-07-26 20:51:12,mobile,Chrome,affiliate
SESS-009692,,/products/clothing,purchase,2024-12-08 00:01:39,mobile,Chrome,bing
SESS-009693,CUST-0462,/about,page_view,2024-12-02 13:22:19,desktop,Chrome,affiliate
SESS-009694,,/products/clothing,begin_checkout,2024-02-07 12:43:16,mobile,Edge,affiliate
SESS-009695,CUST-0238,/products/books,scroll,2024-04-18 09:56:35,mobile,Chrome,twitter
SESS-009696,,/blog,page_view,2024-01-19 09:43:46,desktop,Samsung Internet,bing
SESS-009697,CUST-0165,/products/books,search,2024-09-07 04:28:21,mobile,Chrome,direct
SESS-009698,CUST-0314,/search,begin_checkout,2024-03-15 10:59:48,desktop,Chrome,google
SESS-009699,,/products/clothing,add_to_cart,2024-08-24 03:55:43,desktop,Chrome,instagram
SESS-009700,CUST-0071,/about,page_view,2024-11-14 02:01:41,mobile,Edge,facebook
SESS-009701,CUST-0346,/account/orders,search,2024-03-25 07:20:51,desktop,Samsung Internet,direct
SESS-009702,,/about,video_play,2024-06-21 23:38:17,desktop,Edge,affiliate
SESS-009703,,/checkout/confirmation,page_view,2024-06-24 03:27:07,desktop,Firefox,twitter
SESS-009704,CUST-0296,/contact,scroll,2024-11-26 11:26:56,mobile,Safari,direct
SESS-009705,CUST-0472,/checkout/payment,click,2024-06-22 09:27:28,tablet,Firefox,direct
SESS-009706,CUST-0057,/account/wishlist,page_view,2024-10-19 00:01:52,mobile,Edge,direct
SESS-009707,CUST-0180,/checkout,search,2024-05-04 14:51:26,desktop,Firefox,bing
SESS-009708,CUST-0092,/checkout/payment,page_view,2024-12-11 08:36:14,mobile,Samsung Internet,email_campaign
SESS-009709,CUST-0408,/products/sports,click,2024-07-28 17:45:15,tablet,Samsung Internet,google
SESS-009710,,/products/home,purchase,2024-05-01 12:41:44,desktop,Samsung Internet,facebook
SESS-009711,,/products,page_view,2024-10-20 00:29:31,mobile,Chrome,affiliate
SESS-009712,CUST-0414,/account/wishlist,click,2024-05-09 15:14:25,tablet,Chrome,email_campaign
SESS-009713,CUST-0239,/account/wishlist,click,2024-01-21 19:53:51,desktop,Samsung Internet,google
SESS-009714,,/account/wishlist,begin_checkout,2024-06-24 15:16:05,mobile,Safari,email_campaign
SESS-009715,CUST-0294,/products/sports,add_to_cart,2024-01-05 12:26:11,desktop,Samsung Internet,
SESS-009716,,/checkout,remove_from_cart,2024-06-25 00:25:22,mobile,Samsung Internet,affiliate
SESS-009717,CUST-0368,/contact,page_view,2024-06-23 20:28:39,desktop,Safari,twitter
SESS-009718,CUST-0494,/checkout/confirmation,add_to_cart,2024-01-23 11:07:42,desktop,Firefox,instagram
SESS-009719,,/returns,page_view,2024-11-24 12:15:31,mobile,Chrome,email_campaign
SESS-009720,,/account/wishlist,page_view,2024-07-03 08:11:01,desktop,Safari,tiktok
SESS-009721,CUST-0167,/about,remove_from_cart,2024-05-19 13:20:19,mobile,Firefox,affiliate
SESS-009722,CUST-0296,/products/books,scroll,2024-09-08 11:54:02,tablet,Safari,twitter
SESS-009723,CUST-0382,/checkout/payment,video_play,2024-03-03 15:37:14,mobile,Safari,bing
SESS-009724,,/products/home,search,2024-04-20 16:20:10,desktop,Safari,google
SESS-009725,CUST-0365,/products/electronics,page_view,2024-10-13 02:39:43,mobile,Edge,direct
SESS-009726,,/,page_view,2024-04-16 01:04:25,mobile,Firefox,instagram
SESS-009727,CUST-0473,/checkout/confirmation,page_view,2024-09-07 03:40:31,tablet,Edge,email_campaign
SESS-009728,CUST-0077,/faq,search,2024-04-02 18:55:16,mobile,Chrome,instagram
SESS-009729,,/account/wishlist,remove_from_cart,2024-09-09 16:04:11,tablet,Safari,direct
SESS-009730,CUST-0464,/search,video_play,2024-03-22 10:26:55,desktop,Edge,twitter
SESS-009731,CUST-0390,/,video_play,2024-04-11 16:46:56,desktop,Samsung Internet,facebook
SESS-009732,CUST-0245,/products/home,video_play,2024-11-03 11:38:23,mobile,Edge,tiktok
SESS-009733,CUST-0013,/checkout/payment,video_play,2024-09-30 12:11:11,mobile,Edge,email_campaign
SESS-009734,CUST-0427,/faq,video_play,2024-06-03 02:29:42,tablet,Chrome,instagram
SESS-009735,CUST-0219,/blog,video_play,2024-12-14 20:17:07,tablet,Edge,affiliate
SESS-009736,,/account,search,2024-05-16 21:08:37,desktop,Safari,direct
SESS-009737,CUST-0367,/products/electronics,click,2024-04-08 19:12:39,desktop,Edge,bing
SESS-009738,CUST-0354,/products/electronics,begin_checkout,2024-01-10 12:28:55,mobile,Safari,
SESS-009739,,/checkout,click,2024-10-02 11:27:58,tablet,Safari,affiliate
SESS-009740,CUST-0195,/account,video_play,2024-04-22 03:11:15,desktop,Chrome,instagram
SESS-009741,,/faq,page_view,2024-05-01 23:56:04,tablet,Samsung Internet,affiliate
SESS-009742,CUST-0021,/cart,click,2024-07-08 01:35:26,mobile,Safari,
SESS-009743,CUST-0212,/account,page_view,2024-04-15 19:56:21,tablet,Chrome,email_campaign
SESS-009744,CUST-0224,/products/clothing,search,2024-02-19 20:07:35,mobile,Firefox,direct
SESS-009745,CUST-0459,/search,purchase,2024-10-05 13:02:50,mobile,Safari,bing
SESS-009746,,/returns,video_play,2024-03-03 18:49:34,desktop,Chrome,direct
SESS-009747,CUST-0054,/products/electronics,click,2024-08-01 07:00:34,mobile,Edge,facebook
SESS-009748,CUST-0158,/checkout/payment,scroll,2024-04-12 00:34:12,mobile,Chrome,instagram
SESS-009749,,/returns,page_view,2024-11-28 11:29:57,tablet,Safari,bing
SESS-009750,CUST-0488,/,purchase,2024-07-10 20:21:09,tablet,Safari,tiktok
SESS-009751,,/account/orders,scroll,2024-03-30 03:20:45,desktop,Safari,bing
SESS-009752,,/products/books,click,2024-07-31 05:45:37,desktop,Chrome,direct
SESS-009753,CUST-0127,/faq,page_view,2024-05-03 15:35:47,mobile,Chrome,google
SESS-009754,,/,begin_checkout,2024-05-19 06:00:27,tablet,Samsung Internet,instagram
SESS-009755,CUST-0374,/blog,page_view,2024-04-23 16:50:05,desktop,Edge,
SESS-009756,CUST-0391,/checkout,scroll,2024-01-22 01:43:51,desktop,Safari,affiliate
SESS-009757,,/products/home,remove_from_cart,2024-02-20 16:06:10,desktop,Edge,affiliate
SESS-009758,CUST-0345,/returns,begin_checkout,2024-02-07 11:11:31,desktop,Chrome,affiliate
SESS-009759,CUST-0088,/faq,click,2024-09-01 21:28:45,tablet,Chrome,tiktok
SESS-009760,CUST-0419,/contact,click,2024-03-14 19:42:52,mobile,Safari,instagram
SESS-009761,,/products/sports,page_view,2024-06-02 19:45:03,mobile,Chrome,direct
SESS-009762,,/search,video_play,2024-01-25 21:21:25,desktop,Edge,facebook
SESS-009763,CUST-0097,/checkout/payment,click,2024-08-31 23:11:59,desktop,Edge,facebook
SESS-009764,CUST-0023,/faq,page_view,2024-03-07 18:47:16,desktop,Edge,google
SESS-009765,CUST-0242,/products/books,scroll,2024-01-21 20:56:26,tablet,Chrome,bing
SESS-009766,CUST-0226,/blog,click,2024-05-15 09:21:55,mobile,Chrome,email_campaign
SESS-009767,,/products,add_to_cart,2024-09-08 21:15:57,mobile,Edge,instagram
SESS-009768,CUST-0349,/products/electronics,add_to_cart,2024-04-12 11:25:12,tablet,Firefox,bing
SESS-009769,CUST-0196,/,page_view,2024-06-26 21:42:43,mobile,Firefox,google
SESS-009770,CUST-0263,/products/home,scroll,2024-02-17 19:54:37,mobile,Chrome,google
SESS-009771,CUST-0251,/account/wishlist,remove_from_cart,2024-02-22 15:50:30,desktop,Chrome,twitter
SESS-009772,,/returns,page_view,2024-03-11 17:59:58,desktop,Edge,bing
SESS-009773,CUST-0372,/products/sports,page_view,2024-02-09 08:24:09,mobile,Chrome,facebook
SESS-009774,CUST-0337,/returns,page_view,2024-05-22 23:45:54,desktop,Chrome,email_campaign
SESS-009775,CUST-0303,/products/electronics,page_view,2024-09-04 07:33:53,tablet,Chrome,tiktok
SESS-009776,CUST-0353,/blog,page_view,2024-09-14 21:00:33,desktop,Chrome,bing
SESS-009777,CUST-0430,/account/orders,begin_checkout,2024-06-19 07:42:39,desktop,Chrome,direct
SESS-009778,CUST-0026,/faq,remove_from_cart,2024-11-09 06:15:17,desktop,Chrome,direct
SESS-009779,CUST-0376,/products,add_to_cart,2024-10-21 08:10:14,mobile,Chrome,google
SESS-009780,CUST-0152,/account/wishlist,page_view,2024-01-20 13:15:40,desktop,Edge,tiktok
SESS-009781,CUST-0112,/products/sports,video_play,2024-07-04 00:23:33,mobile,Chrome,facebook
SESS-009782,CUST-0401,/checkout/payment,click,2024-08-13 10:44:51,mobile,Chrome,google
SESS-009783,CUST-0089,/products/sports,search,2024-05-30 07:43:52,desktop,Edge,google
SESS-009784,CUST-0250,/returns,page_view,2024-04-27 06:08:08,desktop,Safari,affiliate
SESS-009785,CUST-0157,/products/books,search,2024-05-15 14:10:25,desktop,Chrome,twitter
SESS-009786,,/search,begin_checkout,2024-07-22 19:10:47,desktop,Edge,tiktok
SESS-009787,,/products/sports,add_to_cart,2024-09-24 22:17:25,desktop,Chrome,direct
SESS-009788,CUST-0418,/products/electronics,remove_from_cart,2024-05-07 15:14:45,mobile,Chrome,email_campaign
SESS-009789,CUST-0130,/cart,page_view,2024-01-17 22:12:55,desktop,Chrome,email_campaign
SESS-009790,CUST-0478,/products,add_to_cart,2024-03-06 18:35:57,desktop,Chrome,facebook
SESS-009791,CUST-0004,/products,purchase,2024-08-12 08:58:30,mobile,Chrome,affiliate
SESS-009792,,/checkout/payment,search,2024-01-13 16:42:02,mobile,Safari,twitter
SESS-009793,,/returns,page_view,2024-05-03 00:49:34,desktop,Chrome,instagram
SESS-009794,,/products/clothing,click,2024-09-29 14:15:42,tablet,Chrome,twitter
SESS-009795,,/checkout/confirmation,search,2024-11-28 19:05:29,mobile,Chrome,tiktok
SESS-009796,CUST-0224,/search,begin_checkout,2024-04-03 01:12:53,tablet,Safari,
SESS-009797,CUST-0046,/checkout/payment,click,2024-03-16 22:42:25,desktop,Edge,affiliate
SESS-009798,CUST-0134,/products/electronics,begin_checkout,2024-09-22 16:05:40,tablet,Edge,instagram
SESS-009799,CUST-0096,/checkout,purchase,2024-08-03 19:14:12,desktop,Firefox,twitter
SESS-009800,CUST-0176,/account/wishlist,begin_checkout,2024-07-12 04:39:36,mobile,Chrome,facebook
SESS-009801,,/account/wishlist,page_view,2024-11-18 02:35:23,tablet,Firefox,
SESS-009802,CUST-0090,/products/sports,page_view,2024-01-04 01:26:32,desktop,Chrome,direct
SESS-009803,,/checkout,click,2024-01-22 22:22:52,desktop,Safari,direct
SESS-009804,CUST-0497,/about,remove_from_cart,2024-06-15 10:34:53,mobile,Chrome,affiliate
SESS-009805,,/account/wishlist,remove_from_cart,2024-06-05 13:49:06,mobile,Edge,tiktok
SESS-009806,,/account,click,2024-01-22 12:29:11,desktop,Safari,email_campaign
SESS-009807,,/cart,video_play,2024-01-17 11:29:24,desktop,Edge,direct
SESS-009808,CUST-0335,/checkout,add_to_cart,2024-12-26 02:10:54,desktop,Chrome,direct
SESS-009809,CUST-0362,/products/clothing,purchase,2024-03-25 02:26:07,desktop,Samsung Internet,email_campaign
SESS-009810,CUST-0342,/search,click,2024-08-13 20:34:40,desktop,Chrome,email_campaign
SESS-009811,CUST-0085,/faq,video_play,2024-05-23 08:36:00,mobile,Samsung Internet,
SESS-009812,CUST-0313,/products/clothing,page_view,2024-07-26 12:48:48,desktop,Edge,facebook
SESS-009813,CUST-0454,/products/clothing,page_view,2024-09-04 10:36:34,desktop,Chrome,direct
SESS-009814,CUST-0262,/products/books,video_play,2024-08-03 03:13:26,mobile,Chrome,google
SESS-009815,CUST-0002,/products/clothing,page_view,2024-07-22 19:24:12,desktop,Safari,direct
SESS-009816,CUST-0135,/products/electronics,click,2024-02-24 09:08:29,desktop,Edge,affiliate
SESS-009817,,/about,add_to_cart,2024-05-29 22:23:33,mobile,Safari,instagram
SESS-009818,CUST-0217,/products/sports,add_to_cart,2024-03-24 18:44:34,desktop,Chrome,facebook
SESS-009819,CUST-0224,/,purchase,2024-03-14 03:39:46,mobile,Firefox,google
SESS-009820,,/account/wishlist,remove_from_cart,2024-09-02 19:19:03,mobile,Chrome,affiliate
SESS-009821,CUST-0141,/account,video_play,2024-09-23 17:39:13,desktop,Chrome,twitter
SESS-009822,,/products/clothing,page_view,2024-07-04 01:33:01,mobile,Safari,facebook
SESS-009823,CUST-0193,/search,remove_from_cart,2024-12-05 21:27:01,tablet,Samsung Internet,email_campaign
SESS-009824,CUST-0118,/search,scroll,2024-03-08 20:51:34,desktop,Safari,email_campaign
SESS-009825,CUST-0058,/faq,search,2024-01-01 19:01:42,desktop,Safari,direct
SESS-009826,,/products/books,purchase,2024-10-04 16:23:20,mobile,Samsung Internet,twitter
SESS-009827,,/products/electronics,add_to_cart,2024-12-30 11:58:08,desktop,Chrome,bing
SESS-009828,CUST-0070,/account/wishlist,click,2024-04-08 01:27:40,tablet,Samsung Internet,
SESS-009829,CUST-0372,/returns,video_play,2024-03-19 22:32:11,tablet,Samsung Internet,tiktok
SESS-009830,CUST-0219,/,click,2024-01-16 04:40:44,mobile,Safari,tiktok
SESS-009831,,/checkout/confirmation,page_view,2024-03-24 16:11:01,mobile,Chrome,
SESS-009832,CUST-0049,/checkout/confirmation,page_view,2024-05-05 18:21:48,mobile,Chrome,instagram
SESS-009833,CUST-0024,/cart,page_view,2024-10-19 05:12:36,mobile,Chrome,tiktok
SESS-009834,CUST-0108,/products/clothing,purchase,2024-11-29 15:01:03,mobile,Chrome,email_campaign
SESS-009835,CUST-0017,/account/orders,page_view,2024-04-07 11:16:45,tablet,Chrome,instagram
SESS-009836,CUST-0069,/returns,begin_checkout,2024-06-01 07:55:30,mobile,Firefox,google
SESS-009837,CUST-0156,/products/clothing,click,2024-05-31 13:35:38,mobile,Firefox,email_campaign
SESS-009838,,/account,purchase,2024-08-29 09:32:59,mobile,Firefox,google
SESS-009839,CUST-0001,/blog,purchase,2024-01-06 18:12:53,desktop,Edge,twitter
SESS-009840,CUST-0213,/account/orders,scroll,2024-03-21 01:55:47,tablet,Chrome,google
SESS-009841,CUST-0424,/about,video_play,2024-09-09 00:43:49,mobile,Edge,google
SESS-009842,CUST-0388,/checkout/payment,click,2024-09-04 08:14:00,mobile,Samsung Internet,affiliate
SESS-009843,CUST-0330,/products/home,page_view,2024-03-16 12:53:57,tablet,Edge,google
SESS-009844,,/products/sports,click,2024-11-05 10:19:35,tablet,Edge,facebook
SESS-009845,CUST-0013,/products/clothing,video_play,2024-02-05 13:32:32,desktop,Samsung Internet,instagram
SESS-009846,CUST-0463,/account,scroll,2024-12-06 15:45:42,desktop,Safari,bing
SESS-009847,,/products/electronics,page_view,2024-06-25 22:34:24,mobile,Safari,twitter
SESS-009848,CUST-0220,/contact,video_play,2024-03-03 13:02:24,mobile,Safari,affiliate
SESS-009849,CUST-0397,/about,page_view,2024-03-04 05:15:21,tablet,Firefox,
SESS-009850,CUST-0452,/account,click,2024-01-07 23:05:51,desktop,Safari,email_campaign
SESS-009851,,/cart,click,2024-12-19 20:06:59,mobile,Safari,twitter
SESS-009852,CUST-0030,/blog,search,2024-03-02 20:03:00,desktop,Chrome,email_campaign
SESS-009853,CUST-0289,/about,begin_checkout,2024-02-24 12:01:45,desktop,Firefox,affiliate
SESS-009854,CUST-0272,/returns,scroll,2024-03-05 07:16:26,tablet,Edge,twitter
SESS-009855,CUST-0350,/blog,page_view,2024-03-23 11:23:28,desktop,Firefox,instagram
SESS-009856,,/,page_view,2024-02-15 02:37:01,desktop,Safari,instagram
SESS-009857,,/faq,click,2024-04-29 09:39:37,mobile,Safari,direct
SESS-009858,CUST-0080,/contact,video_play,2024-01-27 18:44:10,mobile,Edge,tiktok
SESS-009859,CUST-0180,/checkout/payment,page_view,2024-12-27 10:40:31,mobile,Safari,google
SESS-009860,CUST-0268,/checkout,search,2024-05-24 22:57:17,tablet,Safari,instagram
SESS-009861,CUST-0223,/products/clothing,click,2024-11-18 20:27:32,tablet,Safari,bing
SESS-009862,CUST-0053,/checkout/payment,page_view,2024-04-22 00:35:54,tablet,Safari,
SESS-009863,CUST-0056,/about,add_to_cart,2024-07-20 14:02:52,mobile,Samsung Internet,google
SESS-009864,CUST-0189,/cart,page_view,2024-09-20 07:03:50,tablet,Safari,email_campaign
SESS-009865,,/blog,page_view,2024-04-09 08:13:56,mobile,Safari,bing
SESS-009866,CUST-0353,/faq,click,2024-07-31 20:25:53,desktop,Safari,bing
SESS-009867,CUST-0183,/checkout,scroll,2024-04-08 23:04:46,mobile,Chrome,direct
SESS-009868,CUST-0133,/faq,click,2024-11-15 19:38:53,desktop,Firefox,
SESS-009869,CUST-0140,/blog,remove_from_cart,2024-10-20 04:24:56,mobile,Safari,affiliate
SESS-009870,,/faq,purchase,2024-08-02 11:41:45,mobile,Edge,facebook
SESS-009871,,/account/orders,click,2024-08-26 00:57:52,desktop,Chrome,direct
SESS-009872,,/checkout/payment,page_view,2024-09-06 00:05:33,desktop,Samsung Internet,affiliate
SESS-009873,,/products/electronics,purchase,2024-08-18 02:41:22,desktop,Firefox,facebook
SESS-009874,CUST-0436,/returns,purchase,2024-06-23 22:26:29,desktop,Chrome,instagram
SESS-009875,CUST-0140,/products,scroll,2024-09-27 05:40:56,tablet,Firefox,affiliate
SESS-009876,CUST-0312,/about,page_view,2024-04-12 21:51:09,tablet,Chrome,direct
SESS-009877,,/cart,page_view,2024-06-26 11:10:12,desktop,Safari,direct
SESS-009878,CUST-0294,/products/home,video_play,2024-08-08 03:44:21,mobile,Chrome,direct
SESS-009879,CUST-0094,/,remove_from_cart,2024-07-22 20:12:59,mobile,Firefox,
SESS-009880,CUST-0320,/cart,purchase,2024-09-22 11:20:06,mobile,Chrome,google
SESS-009881,CUST-0484,/contact,page_view,2024-07-11 22:40:32,desktop,Firefox,twitter
SESS-009882,CUST-0417,/products/books,click,2024-08-26 03:10:38,mobile,Safari,direct
SESS-009883,CUST-0008,/products,video_play,2024-01-14 22:36:08,mobile,Safari,affiliate
SESS-009884,CUST-0146,/cart,scroll,2024-03-14 10:23:25,tablet,Edge,direct
SESS-009885,CUST-0263,/products/clothing,purchase,2024-08-12 01:09:50,mobile,Safari,instagram
SESS-009886,CUST-0158,/products/sports,search,2024-08-20 20:27:51,tablet,Chrome,instagram
SESS-009887,CUST-0224,/contact,page_view,2024-09-29 02:06:24,mobile,Samsung Internet,twitter
SESS-009888,CUST-0067,/,page_view,2024-10-03 14:58:48,tablet,Samsung Internet,instagram
SESS-009889,CUST-0211,/about,remove_from_cart,2024-03-11 00:12:55,mobile,Chrome,tiktok
SESS-009890,,/account/orders,video_play,2024-02-08 19:56:05,tablet,Samsung Internet,bing
SESS-009891,CUST-0369,/products/clothing,click,2024-12-12 20:54:55,tablet,Chrome,google
SESS-009892,,/,click,2024-02-19 09:14:34,mobile,Safari,
SESS-009893,CUST-0160,/,purchase,2024-02-25 17:34:26,desktop,Chrome,
SESS-009894,CUST-0146,/,page_view,2024-06-15 20:06:16,desktop,Firefox,email_campaign
SESS-009895,,/account/orders,purchase,2024-12-15 01:01:17,mobile,Edge,facebook
SESS-009896,CUST-0110,/search,purchase,2024-09-23 20:04:32,mobile,Samsung Internet,direct
SESS-009897,CUST-0470,/products/clothing,click,2024-03-27 09:49:33,mobile,Chrome,facebook
SESS-009898,CUST-0089,/products/books,search,2024-08-09 13:41:59,mobile,Safari,affiliate
SESS-009899,,/search,video_play,2024-06-07 18:04:34,tablet,Safari,twitter
SESS-009900,CUST-0054,/faq,purchase,2024-08-14 03:14:27,desktop,Samsung Internet,email_campaign
SESS-009901,,/checkout,click,2024-08-07 17:11:32,mobile,Chrome,twitter
SESS-009902,CUST-0327,/products/clothing,page_view,2024-09-03 15:16:00,mobile,Chrome,email_campaign
SESS-009903,CUST-0157,/products,scroll,2024-03-25 06:57:03,tablet,Edge,instagram
SESS-009904,CUST-0053,/products/clothing,page_view,2024-12-24 02:02:36,mobile,Safari,direct
SESS-009905,CUST-0303,/contact,page_view,2024-07-14 23:04:22,tablet,Firefox,tiktok
SESS-009906,,/search,click,2024-10-10 14:54:33,desktop,Safari,
SESS-009907,,/search,add_to_cart,2024-05-06 05:28:36,mobile,Edge,instagram
SESS-009908,,/products/clothing,add_to_cart,2024-02-12 08:58:49,desktop,Samsung Internet,
SESS-009909,,/products/books,page_view,2024-06-23 17:38:24,mobile,Edge,bing
SESS-009910,CUST-0363,/search,page_view,2024-10-13 13:08:55,tablet,Chrome,tiktok
SESS-009911,CUST-0175,/checkout/payment,video_play,2024-12-20 07:16:25,mobile,Chrome,email_campaign
SESS-009912,,/returns,click,2024-10-21 12:33:35,tablet,Safari,direct
SESS-009913,,/returns,video_play,2024-08-12 04:45:20,desktop,Safari,bing
SESS-009914,CUST-0480,/products/books,remove_from_cart,2024-06-07 14:14:58,desktop,Firefox,bing
SESS-009915,CUST-0301,/products/electronics,purchase,2024-04-01 20:17:02,desktop,Chrome,email_campaign
SESS-009916,CUST-0146,/about,click,2024-01-19 10:01:27,mobile,Safari,twitter
SESS-009917,CUST-0149,/products/sports,remove_from_cart,2024-06-01 22:35:02,desktop,Firefox,google
SESS-009918,CUST-0405,/returns,purchase,2024-04-11 03:47:55,mobile,Chrome,instagram
SESS-009919,,/products/sports,remove_from_cart,2024-04-26 20:33:42,desktop,Chrome,email_campaign
SESS-009920,CUST-0381,/cart,scroll,2024-08-20 15:46:02,desktop,Firefox,email_campaign
SESS-009921,CUST-0431,/about,scroll,2024-12-08 19:43:50,mobile,Chrome,instagram
SESS-009922,CUST-0172,/,video_play,2024-07-03 05:44:20,tablet,Edge,google
SESS-009923,CUST-0143,/blog,purchase,2024-12-12 12:08:45,desktop,Chrome,twitter
SESS-009924,,/account/orders,page_view,2024-01-03 12:44:20,tablet,Chrome,tiktok
SESS-009925,CUST-0367,/products/sports,remove_from_cart,2024-03-28 08:19:25,mobile,Firefox,email_campaign
SESS-009926,,/products/electronics,scroll,2024-03-02 17:35:02,tablet,Safari,affiliate
SESS-009927,CUST-0229,/blog,add_to_cart,2024-09-30 13:18:13,desktop,Chrome,tiktok
SESS-009928,,/checkout/confirmation,remove_from_cart,2024-10-26 15:04:12,mobile,Edge,tiktok
SESS-009929,CUST-0063,/cart,page_view,2024-04-17 18:29:19,mobile,Firefox,facebook
SESS-009930,,/products,video_play,2024-03-30 07:16:55,desktop,Edge,bing
SESS-009931,,/faq,page_view,2024-09-30 18:29:39,tablet,Firefox,email_campaign
SESS-009932,,/faq,begin_checkout,2024-07-08 13:22:33,mobile,Edge,affiliate
SESS-009933,CUST-0022,/products,page_view,2024-05-05 10:03:32,mobile,Safari,instagram
SESS-009934,CUST-0314,/,scroll,2024-11-23 05:54:15,mobile,Firefox,
SESS-009935,CUST-0301,/products/home,begin_checkout,2024-09-29 20:52:11,mobile,Chrome,facebook
SESS-009936,,/account,add_to_cart,2024-09-27 20:42:57,mobile,Safari,twitter
SESS-009937,CUST-0300,/products/clothing,video_play,2024-08-13 13:17:48,desktop,Firefox,
SESS-009938,CUST-0123,/cart,purchase,2024-10-02 22:41:18,tablet,Edge,direct
SESS-009939,,/blog,page_view,2024-09-04 01:09:58,mobile,Edge,email_campaign
SESS-009940,CUST-0494,/cart,purchase,2024-07-02 13:03:53,desktop,Edge,tiktok
SESS-009941,CUST-0039,/account/wishlist,remove_from_cart,2024-03-25 11:03:05,tablet,Chrome,facebook
SESS-009942,,/cart,video_play,2024-02-02 22:12:48,desktop,Edge,instagram
SESS-009943,CUST-0464,/checkout,purchase,2024-04-20 16:14:16,tablet,Chrome,email_campaign
SESS-009944,CUST-0155,/cart,page_view,2024-05-19 02:50:38,tablet,Samsung Internet,affiliate
SESS-009945,CUST-0075,/products/sports,add_to_cart,2024-07-26 20:00:22,mobile,Edge,facebook
SESS-009946,,/account/wishlist,purchase,2024-01-06 13:27:21,tablet,Chrome,tiktok
SESS-009947,CUST-0276,/checkout,page_view,2024-07-01 07:01:58,desktop,Safari,affiliate
SESS-009948,CUST-0208,/checkout,search,2024-04-27 15:16:24,desktop,Chrome,twitter
SESS-009949,CUST-0026,/account/orders,page_view,2024-06-11 11:23:00,mobile,Safari,email_campaign
SESS-009950,CUST-0446,/account,purchase,2024-06-07 11:32:43,mobile,Safari,tiktok
SESS-009951,CUST-0222,/products/clothing,add_to_cart,2024-07-30 12:38:03,mobile,Firefox,facebook
SESS-009952,,/blog,begin_checkout,2024-02-27 23:12:07,mobile,Chrome,affiliate
SESS-009953,CUST-0402,/account/orders,page_view,2024-10-09 05:42:27,mobile,Chrome,bing
SESS-009954,CUST-0382,/products/home,video_play,2024-06-30 00:54:58,bot,Python-urllib,twitter
SESS-009955,,/returns,remove_from_cart,2024-04-29 18:13:26,tablet,Samsung Internet,email_campaign
SESS-009956,,/account/orders,remove_from_cart,2024-11-18 17:28:29,desktop,Chrome,tiktok
SESS-009957,,/products/sports,video_play,2024-04-11 17:56:43,tablet,Chrome,google
SESS-009958,CUST-0004,/about,page_view,2024-07-21 20:08:13,mobile,Chrome,bing
SESS-009959,CUST-0258,/,begin_checkout,2024-06-20 16:57:25,mobile,Chrome,bing
SESS-009960,CUST-0481,/cart,click,2024-07-08 01:48:07,mobile,Safari,affiliate
SESS-009961,,/products/electronics,video_play,2024-08-29 01:47:56,desktop,Chrome,direct
SESS-009962,,/contact,page_view,2024-05-19 01:30:13,mobile,Edge,facebook
SESS-009963,CUST-0499,/checkout,video_play,2024-03-16 09:42:48,desktop,Safari,facebook
SESS-009964,CUST-0183,/account/orders,scroll,2024-08-11 10:02:18,mobile,Chrome,direct
SESS-009965,,/search,search,2024-02-07 17:14:24,bot,AhrefsBot,instagram
SESS-009966,CUST-0377,/checkout,page_view,2024-11-03 17:46:03,mobile,Samsung Internet,tiktok
SESS-009967,CUST-0226,/about,page_view,2024-12-21 11:14:43,desktop,Chrome,tiktok
SESS-009968,CUST-0272,/account/wishlist,click,2024-03-30 08:53:09,mobile,Chrome,email_campaign
SESS-009969,,/products/home,search,2024-04-30 16:38:17,mobile,Safari,google
SESS-009970,,/account/wishlist,remove_from_cart,2024-06-03 10:26:21,desktop,Edge,affiliate
SESS-009971,,/products/sports,click,2024-12-12 21:55:25,desktop,Firefox,affiliate
SESS-009972,CUST-0053,/products,page_view,2024-07-16 16:09:23,tablet,Chrome,facebook
SESS-009973,CUST-0134,/products/books,search,2024-12-09 09:30:06,tablet,Chrome,affiliate
SESS-009974,,/products/electronics,purchase,2024-02-18 23:39:04,desktop,Chrome,bing
SESS-009975,CUST-0091,/about,purchase,2024-09-16 01:19:52,tablet,Safari,
SESS-009976,CUST-0234,/checkout/confirmation,page_view,2030-03-20 12:00:00,tablet,Safari,direct
SESS-009977,CUST-0387,/returns,page_view,2024-10-02 01:28:23,desktop,Safari,instagram
SESS-009978,CUST-0360,/checkout/confirmation,scroll,2024-08-30 08:48:47,mobile,Chrome,tiktok
SESS-009979,,/search,remove_from_cart,2024-12-03 16:17:39,desktop,Chrome,email_campaign
SESS-009980,CUST-0059,/checkout/payment,search,2024-08-17 11:50:09,tablet,Samsung Internet,tiktok
SESS-009981,CUST-0439,/returns,scroll,2024-04-23 21:15:07,tablet,Chrome,bing
SESS-009982,,/products,click,2024-01-16 23:26:18,desktop,Chrome,direct
SESS-009983,CUST-0321,/checkout/confirmation,click,2024-07-22 05:09:19,desktop,Safari,twitter
SESS-009984,CUST-0261,/returns,scroll,2024-02-21 17:24:16,desktop,Edge,google
SESS-009985,CUST-0278,/faq,remove_from_cart,2024-06-01 15:00:31,desktop,Chrome,bing
SESS-009986,CUST-0345,/,page_view,2024-11-06 16:02:12,desktop,Edge,affiliate
SESS-009987,,/products/clothing,search,2024-10-09 10:27:18,tablet,Chrome,email_campaign
SESS-009988,CUST-0322,/checkout/payment,remove_from_cart,2024-12-14 00:52:52,desktop,Firefox,
SESS-009989,,/about,add_to_cart,2024-01-04 12:02:36,mobile,Safari,affiliate
SESS-009990,,/checkout/payment,page_view,2024-12-14 06:47:54,bot,SemrushBot,instagram
SESS-009991,,/account,page_view,2024-02-26 16:58:57,desktop,Safari,instagram
SESS-009992,CUST-0326,/products/sports,add_to_cart,2024-03-19 16:11:29,mobile,Safari,google
SESS-009993,CUST-0195,/blog,page_view,2024-09-09 23:52:44,desktop,Chrome,direct
SESS-009994,,/blog,begin_checkout,2024-04-21 05:06:37,bot,Bingbot,instagram
SESS-009995,CUST-0131,/faq,purchase,2024-09-14 17:00:36,mobile,Edge,instagram
SESS-009996,,/about,add_to_cart,2024-02-12 00:50:22,mobile,Samsung Internet,
SESS-009997,CUST-0380,/about,video_play,2024-08-14 08:09:10,mobile,Firefox,twitter
SESS-009998,CUST-0365,/account/orders,search,2024-11-28 07:07:57,tablet,Samsung Internet,bing
SESS-009999,,/products/books,page_view,2024-08-28 03:06:41,desktop,Safari,facebook
SESS-010000,CUST-0372,/checkout,click,2024-07-16 02:52:50,mobile,Samsung Internet,instagram
